//! UI glyph atlases: Inter (Medium, SemiBold) and Atkinson Hyperlegible (Regular, Bold).
//!
//! Generated by scripts/fonts/generate.py from scripts/fonts/fonts.toml; do
//! not edit by hand. Glyph order follows src/charset.rs. Source fonts are not
//! distributed with this repository; see docs/licenses/FONT_NOTICES.md.

use super::{BitmapFont, Glyph};

// INTER_COMPACT_DETAIL: 11 px, cap 8, line height 16, gray 128, U+00AD as U+002D
pub static INTER_COMPACT_DETAIL: BitmapFont = BitmapFont {
    glyphs: &[
        Glyph::new(0, 0, 0, 3, 0, 0),
        Glyph::new(0, 1, 8, 3, 1, -8),
        Glyph::new(8, 3, 3, 5, 1, -8),
        Glyph::new(11, 7, 8, 7, 0, -8),
        Glyph::new(19, 6, 10, 7, 1, -9),
        Glyph::new(29, 9, 8, 11, 1, -8),
        Glyph::new(45, 6, 8, 7, 1, -8),
        Glyph::new(53, 1, 3, 3, 1, -8),
        Glyph::new(56, 2, 10, 4, 1, -9),
        Glyph::new(66, 2, 10, 4, 1, -9),
        Glyph::new(76, 4, 4, 6, 1, -8),
        Glyph::new(80, 5, 5, 7, 1, -6),
        Glyph::new(85, 1, 3, 3, 1, -1),
        Glyph::new(88, 4, 1, 5, 1, -4),
        Glyph::new(89, 1, 1, 3, 1, -1),
        Glyph::new(90, 4, 9, 4, 0, -8),
        Glyph::new(99, 6, 8, 7, 1, -8),
        Glyph::new(107, 3, 8, 5, 1, -8),
        Glyph::new(115, 5, 8, 7, 1, -8),
        Glyph::new(123, 5, 8, 7, 1, -8),
        Glyph::new(131, 6, 8, 7, 1, -8),
        Glyph::new(139, 5, 8, 7, 1, -8),
        Glyph::new(147, 6, 8, 7, 1, -8),
        Glyph::new(155, 5, 8, 6, 1, -8),
        Glyph::new(163, 5, 8, 7, 1, -8),
        Glyph::new(171, 6, 8, 7, 1, -8),
        Glyph::new(179, 1, 5, 3, 1, -5),
        Glyph::new(184, 1, 6, 3, 1, -5),
        Glyph::new(190, 5, 6, 7, 1, -6),
        Glyph::new(196, 5, 3, 7, 1, -4),
        Glyph::new(199, 5, 6, 7, 1, -6),
        Glyph::new(205, 5, 8, 6, 0, -8),
        Glyph::new(213, 10, 10, 11, 0, -8),
        Glyph::new(233, 6, 8, 8, 1, -8),
        Glyph::new(241, 6, 8, 7, 1, -8),
        Glyph::new(249, 6, 8, 8, 1, -8),
        Glyph::new(257, 6, 8, 8, 1, -8),
        Glyph::new(265, 5, 8, 7, 1, -8),
        Glyph::new(273, 5, 8, 6, 1, -8),
        Glyph::new(281, 7, 8, 8, 1, -8),
        Glyph::new(289, 6, 8, 8, 1, -8),
        Glyph::new(297, 1, 8, 3, 1, -8),
        Glyph::new(305, 5, 8, 6, 1, -8),
        Glyph::new(313, 6, 8, 8, 1, -8),
        Glyph::new(321, 5, 8, 6, 1, -8),
        Glyph::new(329, 8, 8, 10, 1, -8),
        Glyph::new(337, 6, 8, 8, 1, -8),
        Glyph::new(345, 7, 8, 8, 1, -8),
        Glyph::new(353, 5, 8, 7, 1, -8),
        Glyph::new(361, 7, 8, 8, 1, -8),
        Glyph::new(369, 5, 8, 7, 1, -8),
        Glyph::new(377, 6, 8, 7, 1, -8),
        Glyph::new(385, 6, 8, 7, 1, -8),
        Glyph::new(393, 6, 8, 8, 1, -8),
        Glyph::new(401, 7, 8, 8, 0, -8),
        Glyph::new(409, 11, 8, 11, 0, -8),
        Glyph::new(425, 6, 8, 8, 1, -8),
        Glyph::new(433, 7, 8, 8, 0, -8),
        Glyph::new(441, 6, 8, 7, 1, -8),
        Glyph::new(449, 2, 10, 4, 1, -8),
        Glyph::new(459, 4, 9, 4, 0, -8),
        Glyph::new(468, 2, 10, 4, 1, -8),
        Glyph::new(478, 4, 4, 5, 1, -8),
        Glyph::new(482, 5, 1, 5, 0, 0),
        Glyph::new(483, 1, 1, 4, 1, -8),
        Glyph::new(484, 5, 6, 6, 0, -6),
        Glyph::new(490, 5, 8, 7, 1, -8),
        Glyph::new(498, 5, 6, 6, 1, -6),
        Glyph::new(504, 5, 8, 7, 1, -8),
        Glyph::new(512, 5, 6, 6, 1, -6),
        Glyph::new(518, 3, 8, 4, 1, -8),
        Glyph::new(526, 5, 8, 7, 1, -6),
        Glyph::new(534, 5, 8, 7, 1, -8),
        Glyph::new(542, 1, 8, 3, 1, -8),
        Glyph::new(550, 2, 10, 3, 0, -8),
        Glyph::new(560, 5, 8, 6, 1, -8),
        Glyph::new(568, 1, 8, 3, 1, -8),
        Glyph::new(576, 7, 6, 10, 1, -6),
        Glyph::new(582, 5, 6, 7, 1, -6),
        Glyph::new(588, 5, 6, 7, 1, -6),
        Glyph::new(594, 5, 8, 7, 1, -6),
        Glyph::new(602, 5, 8, 7, 1, -6),
        Glyph::new(610, 3, 6, 4, 1, -6),
        Glyph::new(616, 5, 6, 6, 0, -6),
        Glyph::new(622, 3, 8, 4, 0, -8),
        Glyph::new(630, 5, 6, 7, 1, -6),
        Glyph::new(636, 6, 6, 6, 0, -6),
        Glyph::new(642, 9, 6, 9, 0, -6),
        Glyph::new(654, 4, 6, 6, 1, -6),
        Glyph::new(660, 6, 8, 6, 0, -6),
        Glyph::new(668, 5, 6, 6, 1, -6),
        Glyph::new(674, 3, 10, 5, 1, -8),
        Glyph::new(684, 1, 13, 4, 1, -10),
        Glyph::new(697, 3, 10, 5, 1, -8),
        Glyph::new(707, 5, 2, 7, 1, -4),
        Glyph::new(709, 0, 0, 3, 0, 0),
        Glyph::new(709, 1, 7, 3, 1, -6),
        Glyph::new(716, 5, 8, 6, 1, -8),
        Glyph::new(724, 6, 8, 7, 0, -8),
        Glyph::new(732, 6, 7, 8, 1, -7),
        Glyph::new(739, 5, 8, 6, 1, -8),
        Glyph::new(747, 1, 10, 3, 1, -8),
        Glyph::new(757, 5, 10, 6, 1, -8),
        Glyph::new(767, 3, 1, 7, 2, -8),
        Glyph::new(768, 8, 8, 10, 1, -8),
        Glyph::new(776, 4, 5, 5, 0, -8),
        Glyph::new(781, 5, 5, 7, 1, -6),
        Glyph::new(786, 5, 2, 7, 1, -4),
        Glyph::new(788, 4, 1, 5, 1, -4),
        Glyph::new(789, 6, 6, 7, 1, -8),
        Glyph::new(795, 3, 1, 5, 1, -8),
        Glyph::new(796, 3, 4, 5, 1, -8),
        Glyph::new(800, 5, 6, 7, 1, -6),
        Glyph::new(806, 3, 4, 5, 1, -9),
        Glyph::new(810, 3, 4, 5, 1, -9),
        Glyph::new(814, 1, 1, 4, 1, -8),
        Glyph::new(815, 6, 8, 7, 1, -6),
        Glyph::new(823, 5, 8, 7, 1, -8),
        Glyph::new(831, 1, 1, 3, 1, -4),
        Glyph::new(832, 2, 3, 3, 1, -1),
        Glyph::new(835, 2, 4, 3, 1, -9),
        Glyph::new(839, 5, 5, 5, 0, -8),
        Glyph::new(844, 5, 5, 7, 1, -6),
        Glyph::new(849, 9, 8, 9, 0, -8),
        Glyph::new(865, 8, 7, 9, 1, -7),
        Glyph::new(872, 9, 8, 10, 0, -8),
        Glyph::new(888, 5, 8, 6, 1, -6),
        Glyph::new(896, 6, 10, 8, 1, -10),
        Glyph::new(906, 6, 10, 8, 1, -10),
        Glyph::new(916, 6, 10, 8, 1, -10),
        Glyph::new(926, 6, 11, 8, 1, -11),
        Glyph::new(937, 6, 10, 8, 1, -10),
        Glyph::new(947, 6, 12, 8, 1, -12),
        Glyph::new(959, 10, 8, 11, 0, -8),
        Glyph::new(975, 6, 10, 8, 1, -8),
        Glyph::new(985, 5, 10, 7, 1, -10),
        Glyph::new(995, 5, 10, 7, 1, -10),
        Glyph::new(1005, 5, 10, 7, 1, -10),
        Glyph::new(1015, 5, 10, 7, 1, -10),
        Glyph::new(1025, 2, 10, 3, 0, -10),
        Glyph::new(1035, 1, 10, 3, 1, -10),
        Glyph::new(1045, 3, 10, 3, 0, -10),
        Glyph::new(1055, 3, 10, 3, 0, -10),
        Glyph::new(1065, 7, 8, 8, 0, -8),
        Glyph::new(1073, 6, 11, 8, 1, -11),
        Glyph::new(1084, 7, 10, 8, 1, -10),
        Glyph::new(1094, 7, 10, 8, 1, -10),
        Glyph::new(1104, 7, 10, 8, 1, -10),
        Glyph::new(1114, 7, 11, 8, 1, -11),
        Glyph::new(1125, 7, 10, 8, 1, -10),
        Glyph::new(1135, 5, 4, 7, 1, -5),
        Glyph::new(1139, 7, 8, 8, 1, -8),
        Glyph::new(1147, 6, 10, 8, 1, -10),
        Glyph::new(1157, 6, 10, 8, 1, -10),
        Glyph::new(1167, 6, 10, 8, 1, -10),
        Glyph::new(1177, 6, 10, 8, 1, -10),
        Glyph::new(1187, 7, 10, 8, 0, -10),
        Glyph::new(1197, 5, 8, 7, 1, -8),
        Glyph::new(1205, 5, 8, 7, 1, -8),
        Glyph::new(1213, 5, 8, 6, 0, -8),
        Glyph::new(1221, 5, 8, 6, 0, -8),
        Glyph::new(1229, 5, 9, 6, 0, -9),
        Glyph::new(1238, 5, 9, 6, 0, -9),
        Glyph::new(1247, 5, 8, 6, 0, -8),
        Glyph::new(1255, 5, 10, 6, 0, -10),
        Glyph::new(1265, 9, 6, 10, 1, -6),
        Glyph::new(1277, 5, 8, 6, 1, -6),
        Glyph::new(1285, 5, 8, 6, 1, -8),
        Glyph::new(1293, 5, 8, 6, 1, -8),
        Glyph::new(1301, 5, 8, 6, 1, -8),
        Glyph::new(1309, 5, 8, 6, 1, -8),
        Glyph::new(1317, 2, 8, 3, 0, -8),
        Glyph::new(1325, 1, 8, 3, 1, -8),
        Glyph::new(1333, 3, 8, 3, 0, -8),
        Glyph::new(1341, 3, 8, 3, 0, -8),
        Glyph::new(1349, 5, 9, 6, 1, -9),
        Glyph::new(1358, 5, 9, 7, 1, -9),
        Glyph::new(1367, 5, 6, 7, 1, -6),
        Glyph::new(1373, 5, 8, 7, 1, -8),
        Glyph::new(1381, 5, 8, 7, 1, -8),
        Glyph::new(1389, 5, 9, 7, 1, -9),
        Glyph::new(1398, 5, 8, 7, 1, -8),
        Glyph::new(1406, 5, 5, 7, 1, -6),
        Glyph::new(1411, 5, 6, 7, 1, -6),
        Glyph::new(1417, 5, 8, 7, 1, -8),
        Glyph::new(1425, 5, 8, 7, 1, -8),
        Glyph::new(1433, 5, 8, 7, 1, -8),
        Glyph::new(1441, 5, 8, 7, 1, -8),
        Glyph::new(1449, 6, 10, 6, 0, -8),
        Glyph::new(1459, 5, 10, 7, 1, -8),
        Glyph::new(1469, 6, 10, 6, 0, -8),
        Glyph::new(1479, 6, 1, 6, 0, -4),
        Glyph::new(1480, 11, 1, 11, 0, -4),
        Glyph::new(1482, 2, 3, 3, 1, -8),
        Glyph::new(1485, 1, 3, 3, 1, -8),
        Glyph::new(1488, 1, 3, 3, 1, -1),
        Glyph::new(1491, 4, 3, 5, 1, -8),
        Glyph::new(1494, 4, 3, 5, 1, -8),
        Glyph::new(1497, 3, 3, 5, 1, -1),
        Glyph::new(1500, 3, 3, 6, 1, -4),
        Glyph::new(1503, 9, 1, 10, 1, -1),
        Glyph::new(1505, 3, 5, 4, 1, -6),
        Glyph::new(1510, 3, 5, 4, 1, -6),
        Glyph::new(1515, 6, 8, 7, 1, -8),
        Glyph::new(1523, 6, 3, 7, 0, -8),
        Glyph::new(1526, 5, 1, 7, 1, -4),
    ],
    bitmap: &[
        0x80, 0x80, 0x80, 0x80, 0x80, 0x00, 0x00, 0x80, 0xA0, 0xA0, 0xA0, 0x24, 0x24, 0x7E, 0x20,
        0x08, 0xFC, 0x48, 0x48, 0x20, 0x78, 0xEC, 0xA0, 0xE0, 0x38, 0x24, 0xEC, 0x78, 0x20, 0xC2,
        0x00, 0xA4, 0x00, 0xA4, 0x00, 0xC8, 0x00, 0x13, 0x00, 0x04, 0x80, 0x24, 0x80, 0x47, 0x00,
        0x70, 0x40, 0x50, 0x60, 0x74, 0x9C, 0x9C, 0x7C, 0x80, 0x80, 0x80, 0x40, 0x40, 0x80, 0x80,
        0x80, 0x80, 0x80, 0x80, 0xC0, 0x40, 0x80, 0x80, 0xC0, 0x40, 0x40, 0x40, 0x40, 0xC0, 0x80,
        0x80, 0x20, 0xF0, 0x70, 0x20, 0x20, 0x20, 0xF8, 0x20, 0x20, 0x80, 0x80, 0x80, 0xF0, 0x80,
        0x10, 0x20, 0x20, 0x20, 0x40, 0x40, 0x40, 0x40, 0x80, 0x78, 0xC8, 0x84, 0x84, 0x84, 0x84,
        0xC8, 0x78, 0x60, 0xA0, 0x20, 0x20, 0x20, 0x20, 0x20, 0x20, 0x70, 0x98, 0x08, 0x18, 0x30,
        0x20, 0x40, 0xF8, 0x70, 0x88, 0x08, 0x30, 0x18, 0x08, 0x98, 0x70, 0x18, 0x38, 0x28, 0x48,
        0x88, 0xFC, 0x08, 0x08, 0xF8, 0x80, 0x80, 0xF0, 0x18, 0x08, 0x98, 0x70, 0x78, 0x4C, 0x80,
        0xB8, 0xCC, 0xC4, 0xCC, 0x78, 0xF8, 0x08, 0x10, 0x10, 0x20, 0x20, 0x40, 0x40, 0x70, 0x88,
        0x88, 0x70, 0x98, 0x88, 0x98, 0x70, 0x70, 0xC8, 0x8C, 0x8C, 0x74, 0x04, 0xC8, 0x70, 0x80,
        0x00, 0x00, 0x00, 0x80, 0x80, 0x00, 0x00, 0x00, 0x80, 0x80, 0x08, 0x30, 0xC0, 0xE0, 0x38,
        0x08, 0xF8, 0x00, 0xF8, 0x80, 0x60, 0x18, 0x38, 0xE0, 0x80, 0x70, 0xC8, 0x08, 0x18, 0x20,
        0x20, 0x00, 0x20, 0x1E, 0x00, 0x61, 0x80, 0xDE, 0x80, 0xA6, 0x40, 0xA2, 0x40, 0xA2, 0x40,
        0xA6, 0xC0, 0xDB, 0x80, 0x60, 0x00, 0x3E, 0x00, 0x30, 0x30, 0x78, 0x48, 0x48, 0xFC, 0x84,
        0x84, 0xF0, 0x88, 0x88, 0xF0, 0x8C, 0x84, 0x8C, 0xF8, 0x38, 0x44, 0x80, 0x80, 0x80, 0x80,
        0x44, 0x38, 0xF0, 0x88, 0x84, 0x84, 0x84, 0x84, 0x88, 0xF0, 0xF8, 0x80, 0x80, 0x80, 0xF8,
        0x80, 0x80, 0xF8, 0xF8, 0x80, 0x80, 0x80, 0xF0, 0x80, 0x80, 0x80, 0x38, 0x44, 0x80, 0x80,
        0x8E, 0x82, 0x46, 0x38, 0x84, 0x84, 0x84, 0xFC, 0x84, 0x84, 0x84, 0x84, 0x80, 0x80, 0x80,
        0x80, 0x80, 0x80, 0x80, 0x80, 0x08, 0x08, 0x08, 0x08, 0x08, 0x88, 0x98, 0x70, 0x8C, 0x98,
        0xB0, 0xA0, 0xF0, 0x90, 0x88, 0x8C, 0x80, 0x80, 0x80, 0x80, 0x80, 0x80, 0x80, 0xF8, 0xC3,
        0xC3, 0xE7, 0xA5, 0xA5, 0xB9, 0x99, 0x99, 0xC4, 0xC4, 0xE4, 0xA4, 0x94, 0x9C, 0x8C, 0x8C,
        0x38, 0x44, 0x82, 0x82, 0x82, 0x82, 0x44, 0x38, 0xF0, 0x98, 0x88, 0x98, 0xF0, 0x80, 0x80,
        0x80, 0x38, 0x44, 0x82, 0x82, 0x82, 0x86, 0x4C, 0x3C, 0xF0, 0x98, 0x88, 0x98, 0xF0, 0x90,
        0x98, 0x88, 0x78, 0x8C, 0x80, 0xE0, 0x18, 0x04, 0x8C, 0x78, 0xFC, 0x10, 0x10, 0x10, 0x10,
        0x10, 0x10, 0x10, 0x84, 0x84, 0x84, 0x84, 0x84, 0x84, 0xCC, 0x78, 0xC2, 0x42, 0x46, 0x24,
        0x24, 0x2C, 0x18, 0x18, 0xC4, 0x60, 0x4E, 0x40, 0x4E, 0x40, 0x4A, 0x40, 0x6A, 0xC0, 0x3B,
        0x80, 0x31, 0x80, 0x31, 0x80, 0x8C, 0x48, 0x78, 0x30, 0x30, 0x58, 0xC8, 0x84, 0xC6, 0x44,
        0x68, 0x38, 0x10, 0x10, 0x10, 0x10, 0xFC, 0x08, 0x18, 0x10, 0x20, 0x60, 0x40, 0xFC, 0xC0,
        0x80, 0x80, 0x80, 0x80, 0x80, 0x80, 0x80, 0x80, 0xC0, 0xC0, 0x40, 0x40, 0x40, 0x20, 0x20,
        0x20, 0x20, 0x10, 0xC0, 0x40, 0x40, 0x40, 0x40, 0x40, 0x40, 0x40, 0x40, 0xC0, 0x40, 0x60,
        0xA0, 0xB0, 0xF8, 0x80, 0x70, 0x98, 0x38, 0xC8, 0x98, 0xE8, 0x80, 0x80, 0xB0, 0xD8, 0x88,
        0x88, 0xD8, 0xB0, 0x70, 0xC8, 0x80, 0x80, 0xC8, 0x70, 0x08, 0x08, 0x78, 0xD8, 0x88, 0x88,
        0xD8, 0x68, 0x70, 0xC8, 0xF8, 0x80, 0xC8, 0x70, 0x60, 0x40, 0xE0, 0x40, 0x40, 0x40, 0x40,
        0x40, 0x68, 0xD8, 0x88, 0x88, 0xD8, 0x78, 0x08, 0x70, 0x80, 0x80, 0xF0, 0x98, 0x88, 0x88,
        0x88, 0x88, 0x80, 0x00, 0x80, 0x80, 0x80, 0x80, 0x80, 0x80, 0x40, 0x00, 0x40, 0x40, 0x40,
        0x40, 0x40, 0x40, 0x40, 0x80, 0x80, 0x80, 0x90, 0xB0, 0xE0, 0xE0, 0xB0, 0x98, 0x80, 0x80,
        0x80, 0x80, 0x80, 0x80, 0x80, 0x80, 0xEC, 0x92, 0x92, 0x92, 0x92, 0x92, 0xF0, 0x98, 0x88,
        0x88, 0x88, 0x88, 0x70, 0xD8, 0x88, 0x88, 0xD8, 0x70, 0xB0, 0xD8, 0x88, 0x88, 0xD8, 0xF0,
        0x80, 0x80, 0x68, 0xD8, 0x88, 0x88, 0xD8, 0x78, 0x08, 0x08, 0xE0, 0x80, 0x80, 0x80, 0x80,
        0x80, 0x70, 0x80, 0xC0, 0x18, 0x88, 0x70, 0x40, 0x40, 0xE0, 0x40, 0x40, 0x40, 0x40, 0x60,
        0x88, 0x88, 0x88, 0x88, 0x98, 0x68, 0xC4, 0x48, 0x48, 0x28, 0x30, 0x30, 0xC9, 0x80, 0x4D,
        0x00, 0x55, 0x00, 0x55, 0x00, 0x36, 0x00, 0x22, 0x00, 0x90, 0xD0, 0x60, 0x60, 0xD0, 0x90,
        0xC4, 0x48, 0x48, 0x28, 0x30, 0x30, 0x20, 0x60, 0xF8, 0x10, 0x30, 0x60, 0x40, 0xF8, 0x20,
        0x40, 0x40, 0x40, 0x80, 0x40, 0x40, 0x40, 0x40, 0x20, 0x80, 0x80, 0x80, 0x80, 0x80, 0x80,
        0x80, 0x80, 0x80, 0x80, 0x80, 0x80, 0x80, 0x80, 0x40, 0x40, 0x40, 0x60, 0x40, 0x40, 0x40,
        0x40, 0x80, 0x68, 0x98, 0x80, 0x00, 0x80, 0x80, 0x80, 0x80, 0x80, 0x20, 0x70, 0xE8, 0xA0,
        0xA0, 0xE8, 0x70, 0x20, 0x38, 0x4C, 0x40, 0x40, 0xF0, 0x40, 0x44, 0xF8, 0xFC, 0xCC, 0x84,
        0x84, 0x84, 0xCC, 0xFC, 0x88, 0x98, 0x50, 0x70, 0xF8, 0xF8, 0x20, 0x20, 0x80, 0x80, 0x80,
        0x80, 0x00, 0x00, 0x80, 0x80, 0x80, 0x80, 0x70, 0x48, 0x40, 0x70, 0xC8, 0x60, 0x38, 0x18,
        0x48, 0x70, 0xA0, 0x3C, 0x46, 0x9B, 0xA5, 0xA5, 0x9B, 0x46, 0x3C, 0x60, 0x10, 0x70, 0x90,
        0xF0, 0x68, 0xD0, 0xA0, 0xD0, 0x68, 0xF8, 0x08, 0xF0, 0x70, 0xFC, 0xA4, 0xB4, 0xFC, 0x70,
        0xE0, 0x60, 0xA0, 0xA0, 0x60, 0x20, 0xF8, 0x20, 0x20, 0x00, 0xF8, 0xE0, 0x20, 0x60, 0xE0,
        0xE0, 0x60, 0x20, 0xC0, 0x80, 0x88, 0x88, 0x88, 0x88, 0x98, 0xFC, 0x80, 0x80, 0x78, 0xE8,
        0xE8, 0xE8, 0x68, 0x08, 0x08, 0x08, 0x80, 0x80, 0x00, 0xC0, 0xC0, 0x40, 0x40, 0x40, 0x70,
        0x88, 0x88, 0x88, 0x70, 0xA0, 0x50, 0x68, 0x50, 0xA0, 0xC2, 0x00, 0x44, 0x00, 0x48, 0x00,
        0x4B, 0x00, 0x13, 0x00, 0x25, 0x00, 0x47, 0x80, 0x01, 0x00, 0xC4, 0x44, 0x48, 0x53, 0x21,
        0x22, 0x47, 0xC2, 0x00, 0xC4, 0x00, 0x48, 0x00, 0xCB, 0x00, 0x13, 0x00, 0x25, 0x00, 0x47,
        0x80, 0x01, 0x00, 0x20, 0x00, 0x20, 0x60, 0xC0, 0x80, 0x98, 0x70, 0x20, 0x00, 0x30, 0x30,
        0x78, 0x48, 0x48, 0xFC, 0x84, 0x84, 0x10, 0x00, 0x30, 0x30, 0x78, 0x48, 0x48, 0xFC, 0x84,
        0x84, 0x30, 0x00, 0x30, 0x30, 0x78, 0x48, 0x48, 0xFC, 0x84, 0x84, 0x20, 0x10, 0x00, 0x30,
        0x30, 0x78, 0x48, 0x48, 0xFC, 0x84, 0x84, 0x48, 0x00, 0x30, 0x30, 0x78, 0x48, 0x48, 0xFC,
        0x84, 0x84, 0x30, 0x10, 0x30, 0x00, 0x30, 0x30, 0x78, 0x48, 0x48, 0xFC, 0x84, 0x84, 0x1F,
        0xC0, 0x14, 0x00, 0x34, 0x00, 0x24, 0x00, 0x67, 0xC0, 0x7C, 0x00, 0xC4, 0x00, 0x87, 0xC0,
        0x38, 0x44, 0x80, 0x80, 0x80, 0x80, 0x44, 0x38, 0x10, 0x18, 0x40, 0x00, 0xF8, 0x80, 0x80,
        0x80, 0xF8, 0x80, 0x80, 0xF8, 0x20, 0x00, 0xF8, 0x80, 0x80, 0x80, 0xF8, 0x80, 0x80, 0xF8,
        0x50, 0x00, 0xF8, 0x80, 0x80, 0x80, 0xF8, 0x80, 0x80, 0xF8, 0x50, 0x00, 0xF8, 0x80, 0x80,
        0x80, 0xF8, 0x80, 0x80, 0xF8, 0x80, 0x00, 0x40, 0x40, 0x40, 0x40, 0x40, 0x40, 0x40, 0x40,
        0x80, 0x00, 0x80, 0x80, 0x80, 0x80, 0x80, 0x80, 0x80, 0x80, 0xA0, 0x00, 0x40, 0x40, 0x40,
        0x40, 0x40, 0x40, 0x40, 0x40, 0xA0, 0x00, 0x40, 0x40, 0x40, 0x40, 0x40, 0x40, 0x40, 0x40,
        0x78, 0x44, 0x42, 0x42, 0xF2, 0x42, 0x44, 0x78, 0x20, 0x10, 0x00, 0xC4, 0xC4, 0xE4, 0xA4,
        0x94, 0x9C, 0x8C, 0x8C, 0x20, 0x00, 0x38, 0x44, 0x82, 0x82, 0x82, 0x82, 0x44, 0x38, 0x10,
        0x00, 0x38, 0x44, 0x82, 0x82, 0x82, 0x82, 0x44, 0x38, 0x28, 0x00, 0x38, 0x44, 0x82, 0x82,
        0x82, 0x82, 0x44, 0x38, 0x28, 0x38, 0x00, 0x38, 0x44, 0x82, 0x82, 0x82, 0x82, 0x44, 0x38,
        0x28, 0x00, 0x38, 0x44, 0x82, 0x82, 0x82, 0x82, 0x44, 0x38, 0x58, 0x30, 0x70, 0xC8, 0x3C,
        0x4C, 0x8E, 0x92, 0x92, 0xA2, 0xC4, 0xF8, 0x20, 0x00, 0x84, 0x84, 0x84, 0x84, 0x84, 0x84,
        0xCC, 0x78, 0x10, 0x00, 0x84, 0x84, 0x84, 0x84, 0x84, 0x84, 0xCC, 0x78, 0x30, 0x00, 0x84,
        0x84, 0x84, 0x84, 0x84, 0x84, 0xCC, 0x78, 0x48, 0x00, 0x84, 0x84, 0x84, 0x84, 0x84, 0x84,
        0xCC, 0x78, 0x10, 0x00, 0xC6, 0x44, 0x68, 0x38, 0x10, 0x10, 0x10, 0x10, 0x80, 0x80, 0xF0,
        0x88, 0x88, 0xF0, 0x80, 0x80, 0x70, 0x88, 0x88, 0xB0, 0x98, 0x88, 0x98, 0xB0, 0x20, 0x00,
        0x70, 0x98, 0x38, 0xC8, 0x98, 0xE8, 0x30, 0x00, 0x70, 0x98, 0x38, 0xC8, 0x98, 0xE8, 0x20,
        0x50, 0x00, 0x70, 0x98, 0x38, 0xC8, 0x98, 0xE8, 0x70, 0x70, 0x00, 0x70, 0x98, 0x38, 0xC8,
        0x98, 0xE8, 0x48, 0x00, 0x70, 0x98, 0x38, 0xC8, 0x98, 0xE8, 0x20, 0x60, 0x30, 0x00, 0x70,
        0x98, 0x38, 0xC8, 0x98, 0xE8, 0x7F, 0x00, 0x19, 0x80, 0x7F, 0x80, 0x98, 0x00, 0x99, 0x00,
        0x67, 0x00, 0x70, 0xC8, 0x80, 0x80, 0xC8, 0x70, 0x20, 0x20, 0x20, 0x00, 0x70, 0xC8, 0xF8,
        0x80, 0xC8, 0x70, 0x30, 0x00, 0x70, 0xC8, 0xF8, 0x80, 0xC8, 0x70, 0x50, 0x00, 0x70, 0xC8,
        0xF8, 0x80, 0xC8, 0x70, 0x50, 0x00, 0x70, 0xC8, 0xF8, 0x80, 0xC8, 0x70, 0x80, 0x00, 0x40,
        0x40, 0x40, 0x40, 0x40, 0x40, 0x80, 0x00, 0x80, 0x80, 0x80, 0x80, 0x80, 0x80, 0xA0, 0x00,
        0x40, 0x40, 0x40, 0x40, 0x40, 0x40, 0xA0, 0x00, 0x40, 0x40, 0x40, 0x40, 0x40, 0x40, 0x40,
        0x70, 0x10, 0x70, 0xD8, 0x88, 0x88, 0xD8, 0x70, 0x50, 0x70, 0x00, 0xF0, 0x98, 0x88, 0x88,
        0x88, 0x88, 0x70, 0xD8, 0x88, 0x88, 0xD8, 0x70, 0x20, 0x00, 0x70, 0xD8, 0x88, 0x88, 0xD8,
        0x70, 0x50, 0x00, 0x70, 0xD8, 0x88, 0x88, 0xD8, 0x70, 0x50, 0x60, 0x00, 0x70, 0xD8, 0x88,
        0x88, 0xD8, 0x70, 0x50, 0x00, 0x70, 0xD8, 0x88, 0x88, 0xD8, 0x70, 0x20, 0x00, 0xF8, 0x00,
        0x20, 0x78, 0xD8, 0xA8, 0xC8, 0xD8, 0xF0, 0x40, 0x00, 0x88, 0x88, 0x88, 0x88, 0x98, 0x68,
        0x20, 0x00, 0x88, 0x88, 0x88, 0x88, 0x98, 0x68, 0x50, 0x00, 0x88, 0x88, 0x88, 0x88, 0x98,
        0x68, 0x50, 0x00, 0x88, 0x88, 0x88, 0x88, 0x98, 0x68, 0x10, 0x00, 0xC4, 0x48, 0x48, 0x28,
        0x30, 0x30, 0x20, 0x60, 0x80, 0x80, 0xB0, 0xD8, 0x88, 0x88, 0xD8, 0xF0, 0x80, 0x80, 0x08,
        0x00, 0xC4, 0x48, 0x48, 0x28, 0x30, 0x30, 0x20, 0x60, 0xFC, 0xFF, 0xE0, 0x40, 0x80, 0x80,
        0x80, 0x80, 0x80, 0x80, 0x80, 0x80, 0x50, 0xB0, 0xA0, 0xB0, 0xA0, 0xA0, 0xA0, 0xA0, 0xA0,
        0xE0, 0xE0, 0xE0, 0x88, 0x80, 0x60, 0xC0, 0x80, 0xC0, 0x60, 0x80, 0x40, 0x60, 0x40, 0x80,
        0x3C, 0x60, 0x40, 0xF8, 0xF0, 0x40, 0x60, 0x3C, 0xA4, 0xBC, 0xA4, 0xF8,
    ],
    line_height: 16,
};

// INTER_COMPACT_BODY: 13 px, cap 9, line height 18, gray 128, U+00AD as U+002D
pub static INTER_COMPACT_BODY: BitmapFont = BitmapFont {
    glyphs: &[
        Glyph::new(0, 0, 0, 3, 0, 0),
        Glyph::new(0, 1, 9, 4, 2, -9),
        Glyph::new(9, 3, 3, 6, 2, -9),
        Glyph::new(12, 8, 9, 8, 0, -9),
        Glyph::new(21, 6, 11, 8, 1, -10),
        Glyph::new(32, 10, 9, 13, 1, -9),
        Glyph::new(50, 7, 9, 8, 1, -9),
        Glyph::new(59, 1, 3, 4, 2, -9),
        Glyph::new(62, 2, 12, 5, 2, -10),
        Glyph::new(74, 3, 12, 5, 1, -10),
        Glyph::new(86, 5, 5, 7, 1, -9),
        Glyph::new(91, 7, 6, 9, 1, -7),
        Glyph::new(97, 2, 4, 4, 1, -1),
        Glyph::new(101, 4, 1, 6, 1, -4),
        Glyph::new(102, 1, 2, 4, 2, -2),
        Glyph::new(104, 4, 11, 5, 0, -10),
        Glyph::new(115, 7, 9, 8, 1, -9),
        Glyph::new(124, 4, 9, 5, 1, -9),
        Glyph::new(133, 6, 9, 8, 1, -9),
        Glyph::new(142, 6, 9, 8, 1, -9),
        Glyph::new(151, 7, 9, 9, 1, -9),
        Glyph::new(160, 6, 9, 8, 1, -9),
        Glyph::new(169, 6, 9, 8, 1, -9),
        Glyph::new(178, 6, 9, 7, 1, -9),
        Glyph::new(187, 6, 9, 8, 1, -9),
        Glyph::new(196, 6, 9, 8, 1, -9),
        Glyph::new(205, 1, 7, 4, 2, -7),
        Glyph::new(212, 2, 9, 4, 1, -6),
        Glyph::new(221, 6, 7, 9, 1, -7),
        Glyph::new(228, 6, 4, 9, 1, -6),
        Glyph::new(232, 6, 7, 9, 2, -7),
        Glyph::new(239, 6, 9, 7, 0, -9),
        Glyph::new(248, 11, 12, 13, 1, -9),
        Glyph::new(272, 9, 9, 9, 0, -9),
        Glyph::new(290, 6, 9, 9, 1, -9),
        Glyph::new(299, 8, 9, 10, 1, -9),
        Glyph::new(308, 7, 9, 9, 1, -9),
        Glyph::new(317, 6, 9, 8, 1, -9),
        Glyph::new(326, 6, 9, 8, 1, -9),
        Glyph::new(335, 8, 9, 10, 1, -9),
        Glyph::new(344, 7, 9, 10, 1, -9),
        Glyph::new(353, 1, 9, 4, 1, -9),
        Glyph::new(362, 5, 9, 7, 1, -9),
        Glyph::new(371, 7, 9, 9, 1, -9),
        Glyph::new(380, 5, 9, 7, 1, -9),
        Glyph::new(389, 9, 9, 12, 1, -9),
        Glyph::new(407, 7, 9, 10, 1, -9),
        Glyph::new(416, 8, 9, 10, 1, -9),
        Glyph::new(425, 6, 9, 8, 1, -9),
        Glyph::new(434, 8, 9, 10, 1, -9),
        Glyph::new(443, 6, 9, 8, 2, -9),
        Glyph::new(452, 6, 9, 8, 1, -9),
        Glyph::new(461, 7, 9, 8, 1, -9),
        Glyph::new(470, 7, 9, 10, 1, -9),
        Glyph::new(479, 8, 9, 9, 1, -9),
        Glyph::new(488, 13, 9, 13, 0, -9),
        Glyph::new(506, 7, 9, 9, 1, -9),
        Glyph::new(515, 7, 9, 9, 1, -9),
        Glyph::new(524, 7, 9, 8, 1, -9),
        Glyph::new(533, 3, 11, 5, 1, -9),
        Glyph::new(544, 4, 11, 5, 0, -10),
        Glyph::new(555, 3, 11, 5, 1, -9),
        Glyph::new(566, 4, 5, 6, 1, -10),
        Glyph::new(571, 6, 1, 6, 0, 0),
        Glyph::new(572, 2, 2, 4, 1, -10),
        Glyph::new(574, 6, 7, 7, 0, -7),
        Glyph::new(581, 6, 9, 8, 1, -9),
        Glyph::new(590, 6, 7, 8, 1, -7),
        Glyph::new(597, 6, 9, 8, 1, -9),
        Glyph::new(606, 6, 7, 8, 1, -7),
        Glyph::new(613, 5, 9, 5, 0, -9),
        Glyph::new(622, 6, 10, 8, 1, -7),
        Glyph::new(632, 6, 9, 8, 1, -9),
        Glyph::new(641, 1, 9, 3, 1, -9),
        Glyph::new(650, 2, 12, 3, 0, -9),
        Glyph::new(662, 6, 9, 7, 1, -9),
        Glyph::new(671, 1, 9, 3, 1, -9),
        Glyph::new(680, 9, 7, 12, 1, -7),
        Glyph::new(694, 6, 7, 8, 1, -7),
        Glyph::new(701, 6, 7, 8, 1, -7),
        Glyph::new(708, 6, 10, 8, 1, -7),
        Glyph::new(718, 6, 10, 8, 1, -7),
        Glyph::new(728, 4, 7, 5, 1, -7),
        Glyph::new(735, 5, 7, 7, 1, -7),
        Glyph::new(742, 4, 9, 4, 0, -9),
        Glyph::new(751, 6, 7, 8, 1, -7),
        Glyph::new(758, 7, 7, 7, 0, -7),
        Glyph::new(765, 9, 7, 11, 1, -7),
        Glyph::new(779, 5, 7, 7, 1, -7),
        Glyph::new(786, 7, 10, 7, 0, -7),
        Glyph::new(796, 6, 7, 7, 1, -7),
        Glyph::new(803, 5, 11, 6, 1, -9),
        Glyph::new(814, 1, 15, 4, 2, -12),
        Glyph::new(829, 4, 11, 6, 1, -9),
        Glyph::new(840, 6, 2, 9, 1, -5),
        Glyph::new(842, 0, 0, 3, 0, 0),
        Glyph::new(842, 1, 9, 4, 2, -7),
        Glyph::new(851, 7, 9, 8, 0, -9),
        Glyph::new(860, 7, 9, 8, 1, -9),
        Glyph::new(869, 7, 8, 10, 1, -8),
        Glyph::new(877, 7, 9, 7, 0, -9),
        Glyph::new(886, 1, 11, 4, 1, -9),
        Glyph::new(897, 6, 11, 7, 1, -9),
        Glyph::new(908, 4, 1, 8, 2, -9),
        Glyph::new(909, 9, 9, 12, 1, -9),
        Glyph::new(927, 5, 6, 6, 0, -10),
        Glyph::new(933, 6, 6, 8, 1, -7),
        Glyph::new(939, 5, 3, 9, 2, -5),
        Glyph::new(942, 4, 1, 6, 1, -4),
        Glyph::new(943, 7, 7, 9, 1, -9),
        Glyph::new(950, 4, 1, 6, 1, -9),
        Glyph::new(951, 4, 4, 6, 1, -9),
        Glyph::new(955, 6, 6, 9, 1, -7),
        Glyph::new(961, 4, 5, 6, 1, -11),
        Glyph::new(966, 4, 5, 6, 1, -11),
        Glyph::new(971, 2, 2, 4, 1, -10),
        Glyph::new(973, 7, 10, 8, 1, -7),
        Glyph::new(983, 6, 9, 8, 1, -9),
        Glyph::new(992, 1, 2, 4, 2, -5),
        Glyph::new(994, 2, 3, 4, 1, 0),
        Glyph::new(997, 2, 5, 4, 1, -11),
        Glyph::new(1002, 5, 6, 6, 1, -10),
        Glyph::new(1008, 6, 6, 8, 1, -7),
        Glyph::new(1014, 10, 9, 11, 0, -9),
        Glyph::new(1032, 10, 9, 11, 1, -9),
        Glyph::new(1050, 11, 10, 12, 0, -10),
        Glyph::new(1070, 5, 10, 7, 1, -7),
        Glyph::new(1080, 9, 12, 9, 0, -12),
        Glyph::new(1104, 9, 12, 9, 0, -12),
        Glyph::new(1128, 9, 12, 9, 0, -12),
        Glyph::new(1152, 9, 12, 9, 0, -12),
        Glyph::new(1176, 9, 12, 9, 0, -12),
        Glyph::new(1200, 9, 13, 9, 0, -13),
        Glyph::new(1226, 12, 9, 13, 0, -9),
        Glyph::new(1244, 8, 12, 10, 1, -9),
        Glyph::new(1256, 6, 12, 8, 1, -12),
        Glyph::new(1268, 6, 12, 8, 1, -12),
        Glyph::new(1280, 6, 12, 8, 1, -12),
        Glyph::new(1292, 6, 12, 8, 1, -12),
        Glyph::new(1304, 2, 12, 4, 0, -12),
        Glyph::new(1316, 2, 12, 4, 1, -12),
        Glyph::new(1328, 3, 12, 4, 0, -12),
        Glyph::new(1340, 4, 12, 4, 0, -12),
        Glyph::new(1352, 8, 9, 10, 1, -9),
        Glyph::new(1361, 7, 12, 10, 1, -12),
        Glyph::new(1373, 8, 12, 10, 1, -12),
        Glyph::new(1385, 8, 12, 10, 1, -12),
        Glyph::new(1397, 8, 12, 10, 1, -12),
        Glyph::new(1409, 8, 12, 10, 1, -12),
        Glyph::new(1421, 8, 12, 10, 1, -12),
        Glyph::new(1433, 5, 5, 9, 2, -6),
        Glyph::new(1438, 8, 9, 10, 1, -9),
        Glyph::new(1447, 7, 12, 10, 1, -12),
        Glyph::new(1459, 7, 12, 10, 1, -12),
        Glyph::new(1471, 7, 12, 10, 1, -12),
        Glyph::new(1483, 7, 12, 10, 1, -12),
        Glyph::new(1495, 7, 12, 9, 1, -12),
        Glyph::new(1507, 6, 9, 8, 1, -9),
        Glyph::new(1516, 6, 9, 8, 1, -9),
        Glyph::new(1525, 6, 10, 7, 0, -10),
        Glyph::new(1535, 6, 10, 7, 0, -10),
        Glyph::new(1545, 6, 10, 7, 0, -10),
        Glyph::new(1555, 6, 10, 7, 0, -10),
        Glyph::new(1565, 6, 9, 7, 0, -9),
        Glyph::new(1574, 6, 11, 7, 0, -11),
        Glyph::new(1585, 11, 7, 12, 0, -7),
        Glyph::new(1599, 6, 10, 8, 1, -7),
        Glyph::new(1609, 6, 10, 8, 1, -10),
        Glyph::new(1619, 6, 10, 8, 1, -10),
        Glyph::new(1629, 6, 10, 8, 1, -10),
        Glyph::new(1639, 6, 9, 8, 1, -9),
        Glyph::new(1648, 2, 10, 3, 0, -10),
        Glyph::new(1658, 2, 10, 3, 1, -10),
        Glyph::new(1668, 3, 10, 3, 0, -10),
        Glyph::new(1678, 4, 9, 3, 0, -9),
        Glyph::new(1687, 6, 10, 8, 1, -10),
        Glyph::new(1697, 6, 10, 8, 1, -10),
        Glyph::new(1707, 6, 10, 8, 1, -10),
        Glyph::new(1717, 6, 10, 8, 1, -10),
        Glyph::new(1727, 6, 10, 8, 1, -10),
        Glyph::new(1737, 6, 10, 8, 1, -10),
        Glyph::new(1747, 6, 9, 8, 1, -9),
        Glyph::new(1756, 6, 7, 9, 1, -7),
        Glyph::new(1763, 6, 7, 8, 1, -7),
        Glyph::new(1770, 6, 10, 8, 1, -10),
        Glyph::new(1780, 6, 10, 8, 1, -10),
        Glyph::new(1790, 6, 10, 8, 1, -10),
        Glyph::new(1800, 6, 9, 8, 1, -9),
        Glyph::new(1809, 7, 13, 7, 0, -10),
        Glyph::new(1822, 6, 12, 8, 1, -9),
        Glyph::new(1834, 6, 12, 7, 1, -9),
        Glyph::new(1846, 7, 1, 7, 0, -4),
        Glyph::new(1847, 13, 1, 13, 0, -4),
        Glyph::new(1849, 2, 3, 4, 1, -9),
        Glyph::new(1852, 2, 4, 4, 1, -10),
        Glyph::new(1856, 2, 4, 3, 1, -1),
        Glyph::new(1860, 5, 3, 6, 1, -9),
        Glyph::new(1863, 4, 4, 6, 1, -10),
        Glyph::new(1867, 4, 4, 6, 1, -1),
        Glyph::new(1871, 4, 4, 7, 1, -6),
        Glyph::new(1875, 9, 2, 12, 1, -2),
        Glyph::new(1879, 3, 6, 5, 1, -7),
        Glyph::new(1885, 3, 6, 5, 1, -7),
        Glyph::new(1891, 7, 9, 9, 1, -9),
        Glyph::new(1900, 6, 4, 8, 1, -10),
        Glyph::new(1904, 6, 1, 9, 1, -4),
    ],
    bitmap: &[
        0x80, 0x80, 0x80, 0x80, 0x80, 0x80, 0x00, 0x80, 0x80, 0xA0, 0xA0, 0xA0, 0x12, 0x32, 0x7F,
        0x26, 0x24, 0xFE, 0x64, 0x64, 0x44, 0x10, 0x78, 0xFC, 0x90, 0xF0, 0x78, 0x1C, 0x94, 0xFC,
        0x78, 0x10, 0xE1, 0x00, 0xB2, 0x00, 0x92, 0x00, 0xF4, 0x00, 0x08, 0x00, 0x0B, 0x80, 0x12,
        0x40, 0x22, 0xC0, 0x23, 0x80, 0x30, 0x58, 0x48, 0x70, 0x70, 0xDA, 0x8E, 0xCE, 0x7E, 0x80,
        0x80, 0x80, 0x40, 0x40, 0xC0, 0xC0, 0x80, 0x80, 0x80, 0x80, 0x80, 0xC0, 0x40, 0x40, 0xC0,
        0x40, 0x40, 0x60, 0x20, 0x20, 0x20, 0x20, 0x60, 0x60, 0x40, 0xC0, 0x20, 0xF8, 0x70, 0xF8,
        0x20, 0x10, 0x10, 0xFE, 0x10, 0x10, 0x10, 0xC0, 0x80, 0x80, 0x80, 0xF0, 0x80, 0x80, 0x10,
        0x10, 0x10, 0x30, 0x20, 0x20, 0x60, 0x40, 0x40, 0x40, 0xC0, 0x38, 0x4C, 0xC6, 0x82, 0x82,
        0x82, 0xC6, 0xC4, 0x38, 0x30, 0xF0, 0x10, 0x10, 0x10, 0x10, 0x10, 0x10, 0x10, 0x78, 0xCC,
        0x84, 0x0C, 0x08, 0x10, 0x20, 0x60, 0xFC, 0x78, 0xCC, 0x04, 0x0C, 0x38, 0x0C, 0x04, 0xCC,
        0x78, 0x0C, 0x1C, 0x14, 0x24, 0x64, 0x44, 0xFE, 0x04, 0x04, 0xFC, 0xC0, 0x80, 0xF8, 0xCC,
        0x04, 0x04, 0xCC, 0x78, 0x78, 0xCC, 0x80, 0xB8, 0xCC, 0x84, 0x84, 0xCC, 0x78, 0xFC, 0x0C,
        0x08, 0x18, 0x10, 0x30, 0x20, 0x60, 0x40, 0x78, 0xCC, 0x84, 0xCC, 0x78, 0xCC, 0x84, 0xCC,
        0x78, 0x78, 0xC8, 0x84, 0x84, 0xCC, 0x7C, 0x0C, 0xC8, 0x70, 0x80, 0x80, 0x00, 0x00, 0x00,
        0x80, 0x80, 0x40, 0x40, 0x00, 0x00, 0x00, 0x40, 0x40, 0x00, 0x80, 0x04, 0x1C, 0x60, 0xC0,
        0x70, 0x1C, 0x04, 0xFC, 0x00, 0x00, 0xFC, 0x80, 0xE0, 0x18, 0x0C, 0x38, 0xE0, 0x80, 0x78,
        0xCC, 0x04, 0x0C, 0x30, 0x20, 0x00, 0x20, 0x20, 0x1F, 0x00, 0x71, 0xC0, 0x40, 0x40, 0xCF,
        0x60, 0x9B, 0x20, 0x91, 0x20, 0x91, 0x20, 0x9B, 0x60, 0xCD, 0xC0, 0x40, 0x00, 0x70, 0x00,
        0x1F, 0x00, 0x1C, 0x00, 0x1C, 0x00, 0x14, 0x00, 0x36, 0x00, 0x22, 0x00, 0x7E, 0x00, 0x63,
        0x00, 0x41, 0x00, 0xC1, 0x80, 0xF8, 0x8C, 0x84, 0x8C, 0xF8, 0x8C, 0x84, 0x8C, 0xF8, 0x3C,
        0x66, 0xC3, 0x80, 0x80, 0x80, 0xC3, 0x66, 0x3C, 0xF8, 0x8C, 0x86, 0x82, 0x82, 0x82, 0x86,
        0x8C, 0xF8, 0xFC, 0x80, 0x80, 0x80, 0xF8, 0x80, 0x80, 0x80, 0xFC, 0xFC, 0x80, 0x80, 0x80,
        0xF8, 0x80, 0x80, 0x80, 0x80, 0x3C, 0x66, 0xC1, 0x80, 0x8F, 0x81, 0xC3, 0x66, 0x3C, 0x82,
        0x82, 0x82, 0x82, 0xFE, 0x82, 0x82, 0x82, 0x82, 0x80, 0x80, 0x80, 0x80, 0x80, 0x80, 0x80,
        0x80, 0x80, 0x08, 0x08, 0x08, 0x08, 0x08, 0x08, 0x88, 0xD8, 0x70, 0x86, 0x8C, 0x98, 0xB0,
        0xF0, 0xD8, 0x88, 0x8C, 0x86, 0x80, 0x80, 0x80, 0x80, 0x80, 0x80, 0x80, 0x80, 0xF8, 0xC1,
        0x80, 0xC3, 0x80, 0xE3, 0x80, 0xA2, 0x80, 0xB6, 0x80, 0xB4, 0x80, 0x94, 0x80, 0x9C, 0x80,
        0x88, 0x80, 0xC2, 0xC2, 0xE2, 0xB2, 0x92, 0x9A, 0x8E, 0x86, 0x86, 0x3C, 0x66, 0xC3, 0x81,
        0x81, 0x81, 0xC3, 0x66, 0x3C, 0xF8, 0x8C, 0x84, 0x84, 0x8C, 0xF8, 0x80, 0x80, 0x80, 0x3C,
        0x66, 0xC3, 0x81, 0x81, 0x81, 0xCB, 0x6E, 0x3E, 0xF8, 0x8C, 0x84, 0x8C, 0xF8, 0x98, 0x88,
        0x8C, 0x84, 0x78, 0xCC, 0x80, 0xC0, 0x78, 0x0C, 0x84, 0xCC, 0x78, 0xFE, 0x10, 0x10, 0x10,
        0x10, 0x10, 0x10, 0x10, 0x10, 0x82, 0x82, 0x82, 0x82, 0x82, 0x82, 0x82, 0xC6, 0x78, 0x83,
        0x82, 0xC6, 0x46, 0x64, 0x6C, 0x28, 0x38, 0x18, 0xC2, 0x18, 0x47, 0x10, 0x67, 0x10, 0x65,
        0x30, 0x25, 0xA0, 0x2D, 0xA0, 0x38, 0xE0, 0x38, 0xE0, 0x18, 0xC0, 0x86, 0x44, 0x6C, 0x38,
        0x38, 0x38, 0x6C, 0xC6, 0x82, 0x82, 0xC6, 0x4C, 0x68, 0x38, 0x10, 0x10, 0x10, 0x10, 0xFE,
        0x06, 0x0C, 0x18, 0x10, 0x30, 0x60, 0xC0, 0xFE, 0xE0, 0x80, 0x80, 0x80, 0x80, 0x80, 0x80,
        0x80, 0x80, 0x80, 0xE0, 0xC0, 0x40, 0x40, 0x40, 0x60, 0x20, 0x20, 0x30, 0x10, 0x10, 0x10,
        0xE0, 0x20, 0x20, 0x20, 0x20, 0x20, 0x20, 0x20, 0x20, 0x20, 0xE0, 0x60, 0x60, 0xD0, 0x90,
        0x90, 0xFC, 0xC0, 0x40, 0x78, 0xCC, 0x0C, 0x7C, 0x84, 0xCC, 0x74, 0x80, 0x80, 0xB8, 0xCC,
        0x84, 0x84, 0x84, 0xCC, 0xB8, 0x78, 0xCC, 0x80, 0x80, 0x80, 0xCC, 0x78, 0x04, 0x04, 0x74,
        0xCC, 0x84, 0x84, 0x84, 0xCC, 0x74, 0x78, 0xCC, 0x84, 0xFC, 0x80, 0xCC, 0x78, 0x38, 0x20,
        0xF8, 0x20, 0x20, 0x20, 0x20, 0x20, 0x20, 0x74, 0xCC, 0x84, 0x84, 0x84, 0xCC, 0x74, 0x04,
        0xCC, 0x78, 0x80, 0x80, 0xB8, 0xCC, 0x84, 0x84, 0x84, 0x84, 0x84, 0x80, 0x00, 0x80, 0x80,
        0x80, 0x80, 0x80, 0x80, 0x80, 0x40, 0x00, 0x40, 0x40, 0x40, 0x40, 0x40, 0x40, 0x40, 0x40,
        0xC0, 0x80, 0x80, 0x80, 0x88, 0x90, 0xA0, 0xE0, 0xB0, 0x98, 0x8C, 0x80, 0x80, 0x80, 0x80,
        0x80, 0x80, 0x80, 0x80, 0x80, 0xB3, 0x00, 0xDD, 0x80, 0x88, 0x80, 0x88, 0x80, 0x88, 0x80,
        0x88, 0x80, 0x88, 0x80, 0xF8, 0xCC, 0x84, 0x84, 0x84, 0x84, 0x84, 0x78, 0xCC, 0x84, 0x84,
        0x84, 0xCC, 0x78, 0xB8, 0xCC, 0x84, 0x84, 0x84, 0xCC, 0xB8, 0x80, 0x80, 0x80, 0x74, 0xCC,
        0x84, 0x84, 0x84, 0xCC, 0x74, 0x04, 0x04, 0x04, 0xB0, 0xC0, 0x80, 0x80, 0x80, 0x80, 0x80,
        0x70, 0xD8, 0x80, 0x70, 0x18, 0x98, 0x70, 0x40, 0x40, 0xF0, 0x40, 0x40, 0x40, 0x40, 0x40,
        0x70, 0x84, 0x84, 0x84, 0x84, 0x84, 0xCC, 0x74, 0xC6, 0x46, 0x64, 0x2C, 0x28, 0x38, 0x18,
        0x88, 0x80, 0x98, 0x80, 0xDD, 0x80, 0xD5, 0x00, 0x77, 0x00, 0x67, 0x00, 0x62, 0x00, 0x88,
        0xD8, 0x70, 0x70, 0x70, 0xD8, 0x88, 0xC2, 0x46, 0x64, 0x2C, 0x28, 0x38, 0x18, 0x10, 0x30,
        0x60, 0xFC, 0x0C, 0x18, 0x30, 0x60, 0x40, 0xFC, 0x18, 0x30, 0x20, 0x20, 0x20, 0xC0, 0x60,
        0x20, 0x20, 0x20, 0x18, 0x80, 0x80, 0x80, 0x80, 0x80, 0x80, 0x80, 0x80, 0x80, 0x80, 0x80,
        0x80, 0x80, 0x80, 0x80, 0xC0, 0x60, 0x20, 0x20, 0x20, 0x10, 0x30, 0x20, 0x20, 0x60, 0xC0,
        0x64, 0x9C, 0x80, 0x80, 0x00, 0x80, 0x80, 0x80, 0x80, 0x80, 0x80, 0x10, 0x78, 0xFC, 0x90,
        0x90, 0x90, 0xD6, 0x7C, 0x10, 0x38, 0x64, 0x40, 0x40, 0xF8, 0x40, 0x40, 0xC6, 0xFC, 0xFA,
        0xCE, 0xC6, 0x82, 0x82, 0xC6, 0xCE, 0xBA, 0xC6, 0x44, 0x6C, 0x38, 0x7C, 0x30, 0x7C, 0x10,
        0x10, 0x80, 0x80, 0x80, 0x80, 0x00, 0x00, 0x00, 0x80, 0x80, 0x80, 0x80, 0x70, 0x98, 0x80,
        0x60, 0x88, 0xC4, 0xEC, 0x38, 0x18, 0x98, 0x70, 0x90, 0x3C, 0x00, 0x63, 0x00, 0xDD, 0x80,
        0xB7, 0x80, 0xA0, 0x80, 0xB4, 0x80, 0xDD, 0x80, 0x63, 0x00, 0x3E, 0x00, 0x70, 0x18, 0x38,
        0xC8, 0x98, 0xF8, 0x2C, 0x48, 0xD0, 0xD0, 0x48, 0x2C, 0xF8, 0x08, 0x08, 0xF0, 0x38, 0xCC,
        0xF6, 0xBA, 0xEE, 0xEC, 0x78, 0xF0, 0x60, 0xB0, 0x90, 0xE0, 0x10, 0x10, 0xFC, 0x10, 0x00,
        0xFC, 0x60, 0x90, 0x30, 0x40, 0xF0, 0xE0, 0x10, 0x60, 0x10, 0xE0, 0x40, 0x80, 0x84, 0x84,
        0x84, 0x84, 0x84, 0xCC, 0xF6, 0x80, 0x80, 0x80, 0x7C, 0xF4, 0xF4, 0xF4, 0x74, 0x34, 0x04,
        0x04, 0x04, 0x80, 0x80, 0x80, 0xC0, 0xC0, 0xC0, 0x40, 0x40, 0x40, 0x40, 0x70, 0x98, 0x88,
        0x88, 0x98, 0x70, 0x90, 0x58, 0x2C, 0x2C, 0x58, 0x90, 0xC1, 0x00, 0x42, 0x00, 0x44, 0x00,
        0x4C, 0x00, 0x49, 0x80, 0x13, 0x80, 0x22, 0x80, 0x67, 0xC0, 0x40, 0x80, 0xC1, 0x00, 0x42,
        0x00, 0x44, 0x00, 0x4C, 0x00, 0x49, 0x80, 0x10, 0x40, 0x20, 0x80, 0x61, 0x00, 0x43, 0xC0,
        0x60, 0x80, 0xB1, 0x00, 0x33, 0x00, 0x62, 0x00, 0x34, 0x00, 0x64, 0xC0, 0x09, 0xC0, 0x11,
        0x40, 0x13, 0xE0, 0x20, 0x40, 0x20, 0x20, 0x00, 0x20, 0x60, 0xC0, 0x80, 0x88, 0xD8, 0x70,
        0x10, 0x00, 0x08, 0x00, 0x00, 0x00, 0x1C, 0x00, 0x1C, 0x00, 0x14, 0x00, 0x36, 0x00, 0x22,
        0x00, 0x7E, 0x00, 0x63, 0x00, 0x41, 0x00, 0xC1, 0x80, 0x04, 0x00, 0x08, 0x00, 0x00, 0x00,
        0x1C, 0x00, 0x1C, 0x00, 0x14, 0x00, 0x36, 0x00, 0x22, 0x00, 0x7E, 0x00, 0x63, 0x00, 0x41,
        0x00, 0xC1, 0x80, 0x1C, 0x00, 0x14, 0x00, 0x00, 0x00, 0x1C, 0x00, 0x1C, 0x00, 0x14, 0x00,
        0x36, 0x00, 0x22, 0x00, 0x7E, 0x00, 0x63, 0x00, 0x41, 0x00, 0xC1, 0x80, 0x1C, 0x00, 0x1C,
        0x00, 0x00, 0x00, 0x1C, 0x00, 0x1C, 0x00, 0x14, 0x00, 0x36, 0x00, 0x22, 0x00, 0x3E, 0x00,
        0x63, 0x00, 0x41, 0x00, 0xC1, 0x80, 0x14, 0x00, 0x00, 0x00, 0x00, 0x00, 0x08, 0x00, 0x1C,
        0x00, 0x14, 0x00, 0x34, 0x00, 0x22, 0x00, 0x3E, 0x00, 0x63, 0x00, 0x41, 0x00, 0xC1, 0x80,
        0x1C, 0x00, 0x1C, 0x00, 0x1C, 0x00, 0x00, 0x00, 0x08, 0x00, 0x18, 0x00, 0x14, 0x00, 0x34,
        0x00, 0x22, 0x00, 0x3E, 0x00, 0x63, 0x00, 0x41, 0x00, 0xC1, 0x80, 0x0F, 0xF0, 0x1A, 0x00,
        0x12, 0x00, 0x32, 0x00, 0x23, 0xE0, 0x7E, 0x00, 0x62, 0x00, 0xC2, 0x00, 0xC3, 0xF0, 0x3C,
        0x66, 0xC3, 0x80, 0x80, 0x80, 0xC3, 0x66, 0x3C, 0x08, 0x0C, 0x08, 0x60, 0x20, 0x00, 0xFC,
        0x80, 0x80, 0x80, 0xF8, 0x80, 0x80, 0x80, 0xFC, 0x10, 0x20, 0x00, 0xFC, 0x80, 0x80, 0x80,
        0xF8, 0x80, 0x80, 0x80, 0xFC, 0x30, 0x50, 0x00, 0xFC, 0x80, 0x80, 0x80, 0xF8, 0x80, 0x80,
        0x80, 0xFC, 0x48, 0x00, 0x00, 0xFC, 0x80, 0x80, 0x80, 0xFC, 0x80, 0x80, 0x80, 0xFC, 0x80,
        0x40, 0x00, 0x40, 0x40, 0x40, 0x40, 0x40, 0x40, 0x40, 0x40, 0x40, 0xC0, 0x80, 0x00, 0x80,
        0x80, 0x80, 0x80, 0x80, 0x80, 0x80, 0x80, 0x80, 0xC0, 0xA0, 0x00, 0x40, 0x40, 0x40, 0x40,
        0x40, 0x40, 0x40, 0x40, 0x40, 0x90, 0x00, 0x00, 0x40, 0x40, 0x40, 0x40, 0x40, 0x40, 0x40,
        0x40, 0x40, 0x7C, 0x46, 0x43, 0x41, 0xF1, 0x41, 0x43, 0x46, 0x7C, 0x38, 0x38, 0x00, 0xC2,
        0xC2, 0xE2, 0xB2, 0x92, 0x9A, 0x8E, 0x86, 0x86, 0x10, 0x10, 0x00, 0x3C, 0x66, 0xC3, 0x81,
        0x81, 0x81, 0xC3, 0x66, 0x3C, 0x08, 0x08, 0x00, 0x3C, 0x66, 0xC3, 0x81, 0x81, 0x81, 0xC3,
        0x66, 0x3C, 0x18, 0x00, 0x00, 0x3C, 0x66, 0xC3, 0x81, 0x81, 0x81, 0xC3, 0x66, 0x3C, 0x34,
        0x28, 0x00, 0x3C, 0x66, 0xC3, 0x81, 0x81, 0x81, 0xC3, 0x66, 0x3C, 0x24, 0x00, 0x00, 0x3C,
        0x66, 0xC3, 0x81, 0x81, 0x81, 0xC3, 0x66, 0x3C, 0x98, 0x70, 0x70, 0xF0, 0x88, 0x3E, 0x66,
        0xC7, 0x89, 0x99, 0x91, 0xE3, 0x66, 0xFC, 0x20, 0x10, 0x00, 0x82, 0x82, 0x82, 0x82, 0x82,
        0x82, 0x82, 0xC6, 0x78, 0x18, 0x10, 0x00, 0x82, 0x82, 0x82, 0x82, 0x82, 0x82, 0x82, 0xC6,
        0x78, 0x38, 0x00, 0x00, 0x82, 0x82, 0x82, 0x82, 0x82, 0x82, 0x86, 0xCE, 0x78, 0x28, 0x00,
        0x00, 0x82, 0x82, 0x82, 0x82, 0x82, 0x82, 0x82, 0xC6, 0x78, 0x18, 0x10, 0x00, 0x82, 0xC6,
        0x4C, 0x68, 0x38, 0x10, 0x10, 0x10, 0x10, 0x80, 0x80, 0xF8, 0x8C, 0x84, 0x8C, 0xF8, 0x80,
        0x80, 0x70, 0xD8, 0x88, 0x98, 0xB0, 0x8C, 0x84, 0x8C, 0xB8, 0x60, 0x20, 0x00, 0x78, 0xCC,
        0x0C, 0x7C, 0x84, 0xCC, 0x74, 0x18, 0x10, 0x00, 0x78, 0xCC, 0x0C, 0x7C, 0x84, 0xCC, 0x74,
        0x30, 0x48, 0x00, 0x78, 0xCC, 0x0C, 0x7C, 0x84, 0xCC, 0x74, 0x68, 0x58, 0x00, 0x78, 0xCC,
        0x0C, 0x7C, 0x84, 0xCC, 0x74, 0x48, 0x00, 0x78, 0xCC, 0x0C, 0x7C, 0x84, 0xCC, 0x74, 0x38,
        0x58, 0x30, 0x00, 0x78, 0xCC, 0x0C, 0x7C, 0x84, 0xCC, 0x74, 0x7F, 0x80, 0xCE, 0x40, 0x0C,
        0x60, 0x7F, 0xE0, 0xCE, 0x00, 0x8E, 0x40, 0x73, 0xC0, 0x78, 0xCC, 0x80, 0x80, 0x80, 0xCC,
        0x78, 0x10, 0x08, 0x10, 0x20, 0x20, 0x00, 0x78, 0xCC, 0x84, 0xFC, 0x80, 0xCC, 0x78, 0x10,
        0x10, 0x00, 0x78, 0xCC, 0x84, 0xFC, 0x80, 0xCC, 0x78, 0x30, 0x58, 0x00, 0x78, 0xCC, 0x84,
        0xFC, 0x80, 0xCC, 0x78, 0x48, 0x00, 0x78, 0xCC, 0x84, 0xFC, 0x80, 0xCC, 0x78, 0x80, 0x40,
        0x00, 0x40, 0x40, 0x40, 0x40, 0x40, 0x40, 0x40, 0x40, 0x80, 0x00, 0x80, 0x80, 0x80, 0x80,
        0x80, 0x80, 0x80, 0x40, 0xA0, 0x00, 0x40, 0x40, 0x40, 0x40, 0x40, 0x40, 0x40, 0x90, 0x00,
        0x40, 0x40, 0x40, 0x40, 0x40, 0x40, 0x40, 0x68, 0x30, 0x18, 0x78, 0xCC, 0x8C, 0x84, 0x84,
        0xCC, 0x78, 0x68, 0x58, 0x00, 0xF8, 0xCC, 0x84, 0x84, 0x84, 0x84, 0x84, 0x20, 0x20, 0x00,
        0x78, 0xCC, 0x84, 0x84, 0x84, 0xCC, 0x78, 0x10, 0x10, 0x00, 0x78, 0xCC, 0x84, 0x84, 0x84,
        0xCC, 0x78, 0x30, 0x58, 0x00, 0x78, 0xCC, 0x84, 0x84, 0x84, 0xCC, 0x78, 0x68, 0x50, 0x00,
        0x78, 0xCC, 0x84, 0x84, 0x84, 0xCC, 0x78, 0x48, 0x00, 0x78, 0xCC, 0x84, 0x84, 0x84, 0xCC,
        0x78, 0x10, 0x10, 0x00, 0xFC, 0x00, 0x10, 0x10, 0x7C, 0xCC, 0x9C, 0xA4, 0xE4, 0xCC, 0xF8,
        0x60, 0x20, 0x00, 0x84, 0x84, 0x84, 0x84, 0x84, 0xCC, 0x74, 0x10, 0x10, 0x00, 0x84, 0x84,
        0x84, 0x84, 0x84, 0xCC, 0x74, 0x30, 0x48, 0x00, 0x84, 0x84, 0x84, 0x84, 0x84, 0xCC, 0x74,
        0x48, 0x00, 0x84, 0x84, 0x84, 0x84, 0x84, 0xCC, 0x74, 0x08, 0x18, 0x00, 0xC2, 0x46, 0x64,
        0x2C, 0x28, 0x38, 0x18, 0x10, 0x30, 0x60, 0x80, 0x80, 0xB8, 0xCC, 0x84, 0x84, 0x84, 0xCC,
        0xB8, 0x80, 0x80, 0x80, 0x48, 0x00, 0x84, 0x8C, 0xC8, 0x48, 0x78, 0x70, 0x30, 0x30, 0x60,
        0xC0, 0xFE, 0xFF, 0xF8, 0x40, 0x40, 0xC0, 0x40, 0xC0, 0x80, 0x80, 0xC0, 0x80, 0x80, 0x80,
        0x58, 0x50, 0xD0, 0x50, 0xD0, 0x90, 0x90, 0xD0, 0x90, 0xB0, 0xA0, 0x60, 0xF0, 0xF0, 0x60,
        0x88, 0x80, 0x88, 0x80, 0x20, 0x40, 0xC0, 0xC0, 0x40, 0x20, 0x80, 0x40, 0x20, 0x20, 0x40,
        0x80, 0x1E, 0x22, 0x60, 0xFC, 0x40, 0xF8, 0x60, 0x22, 0x1E, 0x24, 0xB4, 0xBC, 0xAC, 0xFC,
    ],
    line_height: 18,
};

// INTER_COMPACT_HEADING: 18 px, cap 13, line height 24, gray 128, U+00AD as U+002D
pub static INTER_COMPACT_HEADING: BitmapFont = BitmapFont {
    glyphs: &[
        Glyph::new(0, 0, 0, 5, 0, 0),
        Glyph::new(0, 2, 13, 6, 2, -13),
        Glyph::new(13, 6, 5, 9, 2, -13),
        Glyph::new(18, 11, 13, 12, 0, -13),
        Glyph::new(44, 9, 16, 12, 1, -15),
        Glyph::new(76, 15, 13, 18, 2, -13),
        Glyph::new(102, 11, 13, 12, 1, -13),
        Glyph::new(128, 2, 5, 6, 2, -13),
        Glyph::new(133, 4, 16, 7, 2, -14),
        Glyph::new(149, 4, 16, 7, 1, -14),
        Glyph::new(165, 6, 7, 10, 2, -13),
        Glyph::new(172, 10, 9, 12, 1, -10),
        Glyph::new(190, 3, 5, 6, 1, -1),
        Glyph::new(195, 6, 2, 8, 1, -7),
        Glyph::new(197, 2, 3, 6, 2, -3),
        Glyph::new(200, 6, 16, 7, 0, -14),
        Glyph::new(216, 10, 13, 12, 1, -13),
        Glyph::new(242, 5, 13, 8, 1, -13),
        Glyph::new(255, 9, 13, 11, 1, -13),
        Glyph::new(281, 10, 13, 11, 1, -13),
        Glyph::new(307, 10, 13, 12, 1, -13),
        Glyph::new(333, 9, 13, 11, 1, -13),
        Glyph::new(359, 10, 13, 12, 1, -13),
        Glyph::new(385, 9, 13, 10, 1, -13),
        Glyph::new(411, 10, 13, 12, 1, -13),
        Glyph::new(437, 10, 13, 12, 1, -13),
        Glyph::new(463, 2, 10, 6, 2, -10),
        Glyph::new(473, 3, 13, 6, 1, -9),
        Glyph::new(486, 9, 9, 12, 1, -10),
        Glyph::new(504, 8, 6, 12, 2, -8),
        Glyph::new(510, 9, 10, 12, 2, -10),
        Glyph::new(530, 8, 13, 10, 1, -13),
        Glyph::new(543, 16, 17, 18, 1, -13),
        Glyph::new(577, 11, 13, 13, 1, -13),
        Glyph::new(603, 10, 13, 12, 1, -13),
        Glyph::new(629, 11, 13, 13, 1, -13),
        Glyph::new(655, 11, 13, 13, 1, -13),
        Glyph::new(681, 9, 13, 11, 1, -13),
        Glyph::new(707, 9, 13, 11, 1, -13),
        Glyph::new(733, 11, 13, 13, 1, -13),
        Glyph::new(759, 11, 13, 13, 1, -13),
        Glyph::new(785, 2, 13, 5, 2, -13),
        Glyph::new(798, 8, 13, 10, 1, -13),
        Glyph::new(811, 11, 13, 13, 1, -13),
        Glyph::new(837, 8, 13, 10, 1, -13),
        Glyph::new(850, 14, 13, 17, 1, -13),
        Glyph::new(876, 11, 13, 14, 1, -13),
        Glyph::new(902, 12, 13, 14, 1, -13),
        Glyph::new(928, 9, 13, 12, 2, -13),
        Glyph::new(954, 12, 14, 14, 1, -13),
        Glyph::new(982, 10, 13, 12, 1, -13),
        Glyph::new(1008, 9, 13, 12, 1, -13),
        Glyph::new(1034, 10, 13, 12, 1, -13),
        Glyph::new(1060, 10, 13, 13, 2, -13),
        Glyph::new(1086, 11, 13, 13, 1, -13),
        Glyph::new(1112, 17, 13, 18, 1, -13),
        Glyph::new(1151, 11, 13, 13, 1, -13),
        Glyph::new(1177, 12, 13, 13, 0, -13),
        Glyph::new(1203, 10, 13, 12, 1, -13),
        Glyph::new(1229, 4, 17, 7, 2, -15),
        Glyph::new(1246, 6, 16, 7, 0, -14),
        Glyph::new(1262, 4, 17, 7, 1, -15),
        Glyph::new(1279, 7, 6, 9, 1, -13),
        Glyph::new(1285, 8, 2, 8, 0, 0),
        Glyph::new(1287, 3, 3, 6, 2, -14),
        Glyph::new(1290, 8, 10, 10, 1, -10),
        Glyph::new(1300, 9, 13, 11, 1, -13),
        Glyph::new(1326, 9, 10, 10, 1, -10),
        Glyph::new(1346, 9, 13, 11, 1, -13),
        Glyph::new(1372, 9, 10, 11, 1, -10),
        Glyph::new(1392, 7, 13, 7, 0, -13),
        Glyph::new(1405, 9, 14, 11, 1, -10),
        Glyph::new(1433, 8, 13, 11, 2, -13),
        Glyph::new(1446, 2, 14, 5, 1, -14),
        Glyph::new(1460, 4, 18, 5, 0, -14),
        Glyph::new(1478, 9, 13, 10, 1, -13),
        Glyph::new(1504, 2, 13, 5, 1, -13),
        Glyph::new(1517, 14, 10, 16, 1, -10),
        Glyph::new(1537, 8, 10, 11, 2, -10),
        Glyph::new(1547, 9, 10, 11, 1, -10),
        Glyph::new(1567, 9, 14, 11, 1, -10),
        Glyph::new(1595, 9, 14, 11, 1, -10),
        Glyph::new(1623, 6, 10, 7, 1, -10),
        Glyph::new(1633, 8, 10, 10, 1, -10),
        Glyph::new(1643, 6, 13, 6, 0, -13),
        Glyph::new(1656, 8, 10, 11, 2, -10),
        Glyph::new(1666, 9, 10, 11, 1, -10),
        Glyph::new(1686, 14, 10, 15, 1, -10),
        Glyph::new(1706, 8, 10, 10, 1, -10),
        Glyph::new(1716, 9, 14, 11, 1, -10),
        Glyph::new(1744, 8, 10, 10, 1, -10),
        Glyph::new(1754, 6, 16, 8, 1, -13),
        Glyph::new(1770, 2, 22, 6, 2, -18),
        Glyph::new(1792, 7, 16, 8, 0, -13),
        Glyph::new(1808, 9, 4, 12, 2, -7),
        Glyph::new(1816, 0, 0, 5, 0, 0),
        Glyph::new(1816, 2, 13, 6, 2, -10),
        Glyph::new(1829, 8, 13, 10, 1, -13),
        Glyph::new(1842, 10, 13, 11, 1, -13),
        Glyph::new(1868, 11, 11, 13, 1, -11),
        Glyph::new(1890, 9, 13, 10, 1, -13),
        Glyph::new(1916, 2, 16, 6, 2, -13),
        Glyph::new(1932, 8, 16, 10, 1, -13),
        Glyph::new(1948, 6, 2, 11, 3, -13),
        Glyph::new(1950, 14, 14, 16, 1, -14),
        Glyph::new(1978, 7, 8, 8, 0, -14),
        Glyph::new(1986, 9, 8, 11, 1, -10),
        Glyph::new(2002, 8, 5, 12, 2, -7),
        Glyph::new(2007, 6, 2, 8, 1, -7),
        Glyph::new(2009, 10, 11, 12, 1, -14),
        Glyph::new(2031, 5, 2, 8, 2, -14),
        Glyph::new(2033, 6, 6, 8, 1, -13),
        Glyph::new(2039, 9, 10, 12, 2, -10),
        Glyph::new(2059, 6, 8, 8, 1, -16),
        Glyph::new(2067, 6, 8, 8, 1, -16),
        Glyph::new(2075, 3, 3, 6, 2, -14),
        Glyph::new(2078, 9, 14, 11, 2, -10),
        Glyph::new(2106, 9, 13, 11, 1, -13),
        Glyph::new(2132, 2, 3, 6, 2, -8),
        Glyph::new(2135, 3, 4, 6, 2, 0),
        Glyph::new(2139, 4, 8, 6, 1, -16),
        Glyph::new(2147, 8, 8, 9, 0, -14),
        Glyph::new(2155, 9, 8, 11, 1, -10),
        Glyph::new(2171, 13, 13, 15, 1, -13),
        Glyph::new(2197, 13, 13, 16, 1, -13),
        Glyph::new(2223, 15, 14, 16, 1, -14),
        Glyph::new(2251, 8, 14, 10, 1, -10),
        Glyph::new(2265, 11, 17, 13, 1, -17),
        Glyph::new(2299, 11, 17, 13, 1, -17),
        Glyph::new(2333, 11, 17, 13, 1, -17),
        Glyph::new(2367, 11, 17, 13, 1, -17),
        Glyph::new(2401, 11, 17, 13, 1, -17),
        Glyph::new(2435, 12, 18, 13, 1, -18),
        Glyph::new(2471, 17, 13, 18, 0, -13),
        Glyph::new(2510, 11, 17, 13, 1, -13),
        Glyph::new(2544, 9, 17, 11, 1, -17),
        Glyph::new(2578, 9, 17, 11, 1, -17),
        Glyph::new(2612, 9, 17, 11, 1, -17),
        Glyph::new(2646, 9, 17, 11, 1, -17),
        Glyph::new(2680, 3, 17, 5, 0, -17),
        Glyph::new(2697, 3, 17, 5, 2, -17),
        Glyph::new(2714, 5, 17, 5, 0, -17),
        Glyph::new(2731, 6, 17, 5, 0, -17),
        Glyph::new(2748, 13, 13, 14, 0, -13),
        Glyph::new(2774, 11, 17, 14, 1, -17),
        Glyph::new(2808, 12, 17, 14, 1, -17),
        Glyph::new(2842, 12, 17, 14, 1, -17),
        Glyph::new(2876, 12, 17, 14, 1, -17),
        Glyph::new(2910, 12, 17, 14, 1, -17),
        Glyph::new(2944, 12, 17, 14, 1, -17),
        Glyph::new(2978, 8, 8, 12, 2, -9),
        Glyph::new(2986, 12, 13, 14, 1, -13),
        Glyph::new(3012, 10, 17, 13, 2, -17),
        Glyph::new(3046, 10, 17, 13, 2, -17),
        Glyph::new(3080, 10, 18, 13, 2, -18),
        Glyph::new(3116, 10, 17, 13, 2, -17),
        Glyph::new(3150, 12, 17, 13, 0, -17),
        Glyph::new(3184, 9, 13, 12, 1, -13),
        Glyph::new(3210, 9, 13, 12, 2, -13),
        Glyph::new(3236, 8, 14, 10, 1, -14),
        Glyph::new(3250, 8, 14, 10, 1, -14),
        Glyph::new(3264, 8, 14, 10, 1, -14),
        Glyph::new(3278, 8, 13, 10, 1, -13),
        Glyph::new(3291, 8, 13, 10, 1, -13),
        Glyph::new(3304, 8, 15, 10, 1, -15),
        Glyph::new(3319, 15, 10, 16, 1, -10),
        Glyph::new(3339, 9, 13, 10, 1, -10),
        Glyph::new(3365, 9, 14, 11, 1, -14),
        Glyph::new(3393, 9, 14, 11, 1, -14),
        Glyph::new(3421, 9, 14, 11, 1, -14),
        Glyph::new(3449, 9, 13, 11, 1, -13),
        Glyph::new(3475, 3, 14, 5, 0, -14),
        Glyph::new(3489, 3, 14, 5, 2, -14),
        Glyph::new(3503, 6, 14, 5, -1, -14),
        Glyph::new(3517, 6, 13, 5, -1, -13),
        Glyph::new(3530, 9, 14, 11, 1, -14),
        Glyph::new(3558, 8, 13, 11, 2, -13),
        Glyph::new(3571, 9, 14, 11, 1, -14),
        Glyph::new(3599, 9, 14, 11, 1, -14),
        Glyph::new(3627, 9, 14, 11, 1, -14),
        Glyph::new(3655, 9, 13, 11, 1, -13),
        Glyph::new(3681, 9, 13, 11, 1, -13),
        Glyph::new(3707, 9, 10, 12, 2, -10),
        Glyph::new(3727, 9, 10, 11, 1, -10),
        Glyph::new(3747, 8, 14, 11, 2, -14),
        Glyph::new(3761, 8, 14, 11, 2, -14),
        Glyph::new(3775, 8, 14, 11, 2, -14),
        Glyph::new(3789, 8, 13, 11, 2, -13),
        Glyph::new(3802, 9, 18, 11, 1, -14),
        Glyph::new(3838, 9, 17, 11, 1, -13),
        Glyph::new(3872, 10, 17, 11, 0, -13),
        Glyph::new(3906, 9, 2, 9, 0, -7),
        Glyph::new(3910, 18, 2, 18, 0, -7),
        Glyph::new(3916, 2, 5, 5, 2, -13),
        Glyph::new(3921, 2, 5, 5, 2, -13),
        Glyph::new(3926, 3, 5, 5, 1, -1),
        Glyph::new(3931, 6, 5, 9, 2, -13),
        Glyph::new(3936, 6, 5, 9, 2, -13),
        Glyph::new(3941, 7, 5, 9, 1, -1),
        Glyph::new(3946, 6, 6, 9, 2, -8),
        Glyph::new(3952, 14, 3, 17, 2, -3),
        Glyph::new(3958, 5, 8, 7, 1, -10),
        Glyph::new(3966, 5, 8, 7, 1, -10),
        Glyph::new(3974, 10, 13, 12, 1, -13),
        Glyph::new(4000, 9, 5, 11, 1, -13),
        Glyph::new(4010, 9, 2, 12, 2, -6),
    ],
    bitmap: &[
        0xC0, 0xC0, 0xC0, 0xC0, 0xC0, 0xC0, 0xC0, 0xC0, 0xC0, 0x00, 0xC0, 0xC0, 0xC0, 0xCC, 0xCC,
        0xCC, 0xCC, 0xCC, 0x08, 0xC0, 0x18, 0xC0, 0x18, 0xC0, 0x7F, 0xE0, 0x7F, 0xE0, 0x19, 0x80,
        0x11, 0x80, 0x31, 0x80, 0xFF, 0xE0, 0xFF, 0xC0, 0x31, 0x00, 0x33, 0x00, 0x23, 0x00, 0x08,
        0x00, 0x08, 0x00, 0x3E, 0x00, 0x7F, 0x00, 0xEB, 0x80, 0xC9, 0x80, 0xE8, 0x00, 0x78, 0x00,
        0x3F, 0x00, 0x0F, 0x80, 0x09, 0x80, 0xC9, 0x80, 0xEB, 0x80, 0xFF, 0x00, 0x3E, 0x00, 0x08,
        0x00, 0x78, 0x10, 0xFC, 0x30, 0xCC, 0x60, 0xCC, 0x40, 0xF8, 0xC0, 0x71, 0x80, 0x01, 0x00,
        0x03, 0x3C, 0x06, 0x6E, 0x0C, 0x66, 0x08, 0x66, 0x18, 0x7E, 0x30, 0x3C, 0x1C, 0x00, 0x3F,
        0x00, 0x77, 0x00, 0x63, 0x00, 0x76, 0x00, 0x3E, 0x00, 0x3C, 0x00, 0x7C, 0xC0, 0xEF, 0xC0,
        0xC7, 0xC0, 0xE3, 0x80, 0x7F, 0xC0, 0x3E, 0xE0, 0xC0, 0xC0, 0xC0, 0xC0, 0xC0, 0x30, 0x70,
        0x60, 0x60, 0x60, 0xE0, 0xE0, 0xC0, 0xC0, 0xC0, 0xE0, 0xE0, 0x60, 0x60, 0x70, 0x30, 0xC0,
        0x60, 0x60, 0x70, 0x70, 0x30, 0x30, 0x30, 0x30, 0x30, 0x30, 0x30, 0x70, 0x60, 0x60, 0xC0,
        0x10, 0x14, 0xFC, 0x38, 0xFC, 0x14, 0x10, 0x0C, 0x00, 0x0C, 0x00, 0x0C, 0x00, 0x7F, 0x80,
        0xFF, 0xC0, 0x0C, 0x00, 0x0C, 0x00, 0x0C, 0x00, 0x0C, 0x00, 0x60, 0x60, 0xC0, 0xC0, 0xC0,
        0xFC, 0xFC, 0x40, 0xC0, 0xC0, 0x0C, 0x0C, 0x0C, 0x0C, 0x18, 0x18, 0x18, 0x18, 0x30, 0x30,
        0x30, 0x60, 0x60, 0x60, 0x60, 0xC0, 0x1E, 0x00, 0x3F, 0x00, 0x73, 0x80, 0xE1, 0xC0, 0xE1,
        0xC0, 0xC0, 0xC0, 0xC0, 0xC0, 0xC0, 0xC0, 0xE1, 0xC0, 0xE1, 0xC0, 0x73, 0x80, 0x3F, 0x00,
        0x1E, 0x00, 0x38, 0x78, 0xD8, 0x98, 0x18, 0x18, 0x18, 0x18, 0x18, 0x18, 0x18, 0x18, 0x18,
        0x3E, 0x00, 0x7F, 0x00, 0xE3, 0x80, 0xC1, 0x80, 0x01, 0x80, 0x03, 0x80, 0x07, 0x00, 0x0E,
        0x00, 0x1C, 0x00, 0x38, 0x00, 0x70, 0x00, 0xFF, 0x80, 0xFF, 0x80, 0x3E, 0x00, 0x7F, 0x80,
        0xE1, 0x80, 0x01, 0x80, 0x03, 0x80, 0x0F, 0x00, 0x1F, 0x00, 0x01, 0x80, 0x00, 0xC0, 0xC0,
        0xC0, 0xE1, 0xC0, 0x7F, 0x80, 0x3F, 0x00, 0x07, 0x00, 0x0F, 0x00, 0x0F, 0x00, 0x1F, 0x00,
        0x1B, 0x00, 0x33, 0x00, 0x33, 0x00, 0x63, 0x00, 0xE3, 0x00, 0xFF, 0xC0, 0xFF, 0xC0, 0x03,
        0x00, 0x03, 0x00, 0x7F, 0x80, 0x7F, 0x80, 0x60, 0x00, 0x60, 0x00, 0xEE, 0x00, 0xFF, 0x00,
        0x63, 0x80, 0x01, 0x80, 0x01, 0x80, 0xC1, 0x80, 0xE3, 0x80, 0x7F, 0x00, 0x3E, 0x00, 0x1F,
        0x00, 0x3F, 0x80, 0x71, 0xC0, 0x60, 0x00, 0xCE, 0x00, 0xFF, 0x80, 0xF1, 0xC0, 0xE1, 0xC0,
        0xE0, 0xC0, 0xE1, 0xC0, 0x71, 0xC0, 0x7F, 0x80, 0x1E, 0x00, 0xFF, 0x80, 0xFF, 0x80, 0x03,
        0x80, 0x03, 0x00, 0x07, 0x00, 0x06, 0x00, 0x0E, 0x00, 0x0C, 0x00, 0x1C, 0x00, 0x18, 0x00,
        0x38, 0x00, 0x30, 0x00, 0x70, 0x00, 0x1E, 0x00, 0x7F, 0x80, 0x61, 0x80, 0x61, 0x80, 0x61,
        0x80, 0x3F, 0x00, 0x3F, 0x00, 0x61, 0x80, 0xC0, 0xC0, 0xC0, 0xC0, 0xE1, 0xC0, 0x7F, 0x80,
        0x3F, 0x00, 0x1E, 0x00, 0x7F, 0x00, 0xE1, 0x80, 0xC1, 0xC0, 0xC1, 0xC0, 0xE1, 0xC0, 0x7F,
        0xC0, 0x3C, 0xC0, 0x01, 0xC0, 0xE1, 0x80, 0x63, 0x80, 0x7F, 0x00, 0x1E, 0x00, 0x40, 0xC0,
        0xC0, 0x00, 0x00, 0x00, 0x00, 0x40, 0xC0, 0xC0, 0x20, 0x60, 0x60, 0x00, 0x00, 0x00, 0x00,
        0x00, 0x60, 0x60, 0x40, 0x40, 0xC0, 0x01, 0x00, 0x07, 0x80, 0x1F, 0x00, 0x78, 0x00, 0xE0,
        0x00, 0xF0, 0x00, 0x3C, 0x00, 0x0F, 0x00, 0x03, 0x80, 0xFF, 0xFF, 0x00, 0x00, 0xFF, 0xFF,
        0x80, 0x00, 0xF0, 0x00, 0x7C, 0x00, 0x1F, 0x00, 0x07, 0x80, 0x07, 0x00, 0x3E, 0x00, 0xF8,
        0x00, 0xE0, 0x00, 0x80, 0x00, 0x3C, 0x7F, 0xE3, 0xC3, 0x03, 0x0E, 0x1C, 0x18, 0x18, 0x00,
        0x18, 0x18, 0x18, 0x07, 0xE0, 0x1F, 0xF8, 0x38, 0x1C, 0x70, 0x06, 0x63, 0xB7, 0xE7, 0xF3,
        0xEE, 0x73, 0xCC, 0x33, 0xCC, 0x33, 0xCC, 0x33, 0xEE, 0x73, 0xEF, 0xFE, 0x63, 0x9C, 0x70,
        0x00, 0x3C, 0x00, 0x1F, 0xF0, 0x07, 0xF0, 0x0E, 0x00, 0x1E, 0x00, 0x1F, 0x00, 0x1B, 0x00,
        0x3B, 0x80, 0x33, 0x80, 0x31, 0x80, 0x71, 0xC0, 0x7F, 0xC0, 0x7F, 0xC0, 0xE0, 0xE0, 0xC0,
        0x60, 0xC0, 0x60, 0xFF, 0x00, 0xFF, 0x80, 0xC1, 0x80, 0xC1, 0x80, 0xC3, 0x80, 0xFF, 0x00,
        0xFF, 0x80, 0xC1, 0xC0, 0xC0, 0xC0, 0xC0, 0xC0, 0xC1, 0xC0, 0xFF, 0x80, 0xFF, 0x00, 0x0F,
        0x00, 0x3F, 0xC0, 0x70, 0xE0, 0x60, 0x60, 0xE0, 0x00, 0xC0, 0x00, 0xC0, 0x00, 0xC0, 0x00,
        0xE0, 0x00, 0x60, 0x60, 0x70, 0xE0, 0x3F, 0xC0, 0x0F, 0x00, 0xFE, 0x00, 0xFF, 0x80, 0xC1,
        0xC0, 0xC0, 0xC0, 0xC0, 0xE0, 0xC0, 0x60, 0xC0, 0x60, 0xC0, 0x60, 0xC0, 0xE0, 0xC0, 0xC0,
        0xC1, 0xC0, 0xFF, 0x80, 0xFE, 0x00, 0xFF, 0x80, 0xFF, 0x00, 0xC0, 0x00, 0xC0, 0x00, 0xC0,
        0x00, 0xFF, 0x00, 0xFF, 0x00, 0xC0, 0x00, 0xC0, 0x00, 0xC0, 0x00, 0xC0, 0x00, 0xFF, 0x00,
        0xFF, 0x80, 0xFF, 0x80, 0xFF, 0x00, 0xC0, 0x00, 0xC0, 0x00, 0xC0, 0x00, 0xC0, 0x00, 0xFF,
        0x00, 0xFF, 0x00, 0xC0, 0x00, 0xC0, 0x00, 0xC0, 0x00, 0xC0, 0x00, 0xC0, 0x00, 0x0F, 0x00,
        0x3F, 0xC0, 0x70, 0xE0, 0x60, 0x60, 0xE0, 0x00, 0xC0, 0x00, 0xC3, 0xE0, 0xC3, 0xE0, 0xE0,
        0x60, 0x60, 0x60, 0x70, 0xE0, 0x3F, 0xC0, 0x1F, 0x00, 0xC0, 0x60, 0xC0, 0x60, 0xC0, 0x60,
        0xC0, 0x60, 0xC0, 0x60, 0xFF, 0xE0, 0xFF, 0xE0, 0xC0, 0x60, 0xC0, 0x60, 0xC0, 0x60, 0xC0,
        0x60, 0xC0, 0x60, 0xC0, 0x60, 0xC0, 0xC0, 0xC0, 0xC0, 0xC0, 0xC0, 0xC0, 0xC0, 0xC0, 0xC0,
        0xC0, 0xC0, 0xC0, 0x03, 0x03, 0x03, 0x03, 0x03, 0x03, 0x03, 0x03, 0xC3, 0xC3, 0xE3, 0x7F,
        0x3C, 0xC1, 0xC0, 0xC1, 0x80, 0xC3, 0x80, 0xC7, 0x00, 0xCE, 0x00, 0xDC, 0x00, 0xFC, 0x00,
        0xFE, 0x00, 0xE7, 0x00, 0xC3, 0x00, 0xC3, 0x80, 0xC1, 0xC0, 0xC0, 0xE0, 0xC0, 0xC0, 0xC0,
        0xC0, 0xC0, 0xC0, 0xC0, 0xC0, 0xC0, 0xC0, 0xC0, 0xFF, 0xFF, 0xF0, 0x3C, 0xF0, 0x3C, 0xF8,
        0x7C, 0xF8, 0x7C, 0xD8, 0x6C, 0xDC, 0xEC, 0xCC, 0xCC, 0xCC, 0xCC, 0xCF, 0xCC, 0xC7, 0x8C,
        0xC7, 0x8C, 0xC7, 0x8C, 0xC3, 0x0C, 0xE0, 0x60, 0xF0, 0x60, 0xF0, 0x60, 0xF8, 0x60, 0xD8,
        0x60, 0xCC, 0x60, 0xCE, 0x60, 0xC6, 0x60, 0xC3, 0x60, 0xC3, 0xE0, 0xC1, 0xE0, 0xC1, 0xE0,
        0xC0, 0xE0, 0x0F, 0x00, 0x3F, 0xC0, 0x70, 0xE0, 0x60, 0x60, 0xE0, 0x70, 0xC0, 0x30, 0xC0,
        0x30, 0xC0, 0x30, 0xE0, 0x70, 0x60, 0x60, 0x70, 0xE0, 0x3F, 0xC0, 0x0F, 0x00, 0xFE, 0x00,
        0xFF, 0x00, 0xC3, 0x80, 0xC1, 0x80, 0xC1, 0x80, 0xC1, 0x80, 0xC3, 0x80, 0xFF, 0x00, 0xFE,
        0x00, 0xC0, 0x00, 0xC0, 0x00, 0xC0, 0x00, 0xC0, 0x00, 0x0F, 0x00, 0x3F, 0xC0, 0x70, 0xE0,
        0x60, 0x60, 0xE0, 0x70, 0xC0, 0x30, 0xC0, 0x30, 0xC0, 0x30, 0xE2, 0x70, 0x63, 0x60, 0x71,
        0xE0, 0x3F, 0xC0, 0x0F, 0xE0, 0x00, 0x60, 0xFE, 0x00, 0xFF, 0x00, 0xC3, 0x80, 0xC1, 0x80,
        0xC1, 0x80, 0xC3, 0x80, 0xFF, 0x00, 0xFE, 0x00, 0xC6, 0x00, 0xC7, 0x00, 0xC3, 0x80, 0xC3,
        0x80, 0xC1, 0xC0, 0x3E, 0x00, 0x7F, 0x00, 0xE3, 0x80, 0xC1, 0x80, 0xE0, 0x00, 0x78, 0x00,
        0x3F, 0x00, 0x07, 0x80, 0x01, 0x80, 0xC1, 0x80, 0xE3, 0x80, 0xFF, 0x00, 0x3E, 0x00, 0xFF,
        0xC0, 0xFF, 0xC0, 0x0C, 0x00, 0x0C, 0x00, 0x0C, 0x00, 0x0C, 0x00, 0x0C, 0x00, 0x0C, 0x00,
        0x0C, 0x00, 0x0C, 0x00, 0x0C, 0x00, 0x0C, 0x00, 0x0C, 0x00, 0xC0, 0xC0, 0xC0, 0xC0, 0xC0,
        0xC0, 0xC0, 0xC0, 0xC0, 0xC0, 0xC0, 0xC0, 0xC0, 0xC0, 0xC0, 0xC0, 0xC0, 0xC0, 0xE0, 0xC0,
        0x61, 0xC0, 0x7F, 0x80, 0x1F, 0x00, 0xC0, 0x60, 0xE0, 0x60, 0xE0, 0xE0, 0x60, 0xC0, 0x70,
        0xC0, 0x71, 0xC0, 0x31, 0x80, 0x39, 0x80, 0x3B, 0x80, 0x1B, 0x00, 0x1F, 0x00, 0x0F, 0x00,
        0x0E, 0x00, 0xC1, 0xC3, 0x80, 0xC1, 0xC3, 0x80, 0xE3, 0xC3, 0x00, 0xE3, 0xC3, 0x00, 0x63,
        0xE7, 0x00, 0x63, 0x66, 0x00, 0x76, 0x66, 0x00, 0x76, 0x66, 0x00, 0x36, 0x7E, 0x00, 0x3E,
        0x3C, 0x00, 0x3C, 0x3C, 0x00, 0x1C, 0x3C, 0x00, 0x1C, 0x1C, 0x00, 0xE0, 0xE0, 0x70, 0xC0,
        0x31, 0xC0, 0x3B, 0x80, 0x1F, 0x00, 0x0F, 0x00, 0x0E, 0x00, 0x0F, 0x00, 0x1B, 0x80, 0x39,
        0x80, 0x71, 0xC0, 0x60, 0xE0, 0xE0, 0x60, 0xE0, 0x70, 0x70, 0x60, 0x30, 0xE0, 0x39, 0xC0,
        0x19, 0x80, 0x1F, 0x80, 0x0F, 0x00, 0x07, 0x00, 0x06, 0x00, 0x06, 0x00, 0x06, 0x00, 0x06,
        0x00, 0x06, 0x00, 0xFF, 0xC0, 0xFF, 0xC0, 0x01, 0x80, 0x03, 0x00, 0x07, 0x00, 0x0E, 0x00,
        0x0C, 0x00, 0x1C, 0x00, 0x38, 0x00, 0x30, 0x00, 0x60, 0x00, 0xFF, 0xC0, 0xFF, 0xC0, 0xF0,
        0xF0, 0xC0, 0xC0, 0xC0, 0xC0, 0xC0, 0xC0, 0xC0, 0xC0, 0xC0, 0xC0, 0xC0, 0xC0, 0xC0, 0xF0,
        0xF0, 0xC0, 0x60, 0x60, 0x60, 0x60, 0x30, 0x30, 0x30, 0x18, 0x18, 0x18, 0x18, 0x0C, 0x0C,
        0x0C, 0x0C, 0xF0, 0xF0, 0x30, 0x30, 0x30, 0x30, 0x30, 0x30, 0x30, 0x30, 0x30, 0x30, 0x30,
        0x30, 0x30, 0xF0, 0xF0, 0x38, 0x38, 0x68, 0x6C, 0xC4, 0xC6, 0xFF, 0xFF, 0xC0, 0xC0, 0x60,
        0x3E, 0x7F, 0x63, 0x03, 0x3F, 0x7B, 0xC3, 0xE7, 0xFF, 0x7B, 0xC0, 0x00, 0xC0, 0x00, 0xC0,
        0x00, 0xCE, 0x00, 0xFF, 0x00, 0xE3, 0x80, 0xE1, 0x80, 0xC1, 0x80, 0xC1, 0x80, 0xE1, 0x80,
        0xE3, 0x80, 0xFF, 0x00, 0xCE, 0x00, 0x1E, 0x00, 0x7F, 0x00, 0x63, 0x80, 0xE0, 0x00, 0xC0,
        0x00, 0xC0, 0x00, 0xE0, 0x00, 0x63, 0x80, 0x7F, 0x00, 0x1E, 0x00, 0x01, 0x80, 0x01, 0x80,
        0x01, 0x80, 0x3D, 0x80, 0x7F, 0x80, 0xE3, 0x80, 0xE1, 0x80, 0xC1, 0x80, 0xC1, 0x80, 0xE1,
        0x80, 0xE3, 0x80, 0x7F, 0x80, 0x3D, 0x80, 0x1E, 0x00, 0x7F, 0x00, 0x63, 0x80, 0xC1, 0x80,
        0xFF, 0x80, 0xFF, 0x80, 0xE0, 0x00, 0x61, 0x80, 0x7F, 0x80, 0x1E, 0x00, 0x1E, 0x38, 0x30,
        0xFE, 0xFC, 0x30, 0x30, 0x30, 0x30, 0x30, 0x30, 0x30, 0x30, 0x3D, 0x80, 0x7F, 0x80, 0x63,
        0x80, 0xE1, 0x80, 0xC1, 0x80, 0xC1, 0x80, 0xE1, 0x80, 0xE3, 0x80, 0x7F, 0x80, 0x3D, 0x80,
        0x01, 0x80, 0x63, 0x80, 0x7F, 0x00, 0x3E, 0x00, 0xC0, 0xC0, 0xC0, 0xCE, 0xFF, 0xE7, 0xC3,
        0xC3, 0xC3, 0xC3, 0xC3, 0xC3, 0xC3, 0x40, 0xC0, 0xC0, 0x00, 0xC0, 0xC0, 0xC0, 0xC0, 0xC0,
        0xC0, 0xC0, 0xC0, 0xC0, 0xC0, 0x10, 0x30, 0x30, 0x00, 0x30, 0x30, 0x30, 0x30, 0x30, 0x30,
        0x30, 0x30, 0x30, 0x30, 0x30, 0x30, 0x70, 0xE0, 0xC0, 0x00, 0xC0, 0x00, 0xC0, 0x00, 0xC3,
        0x00, 0xC6, 0x00, 0xCE, 0x00, 0xDC, 0x00, 0xF8, 0x00, 0xFC, 0x00, 0xEC, 0x00, 0xCE, 0x00,
        0xC7, 0x00, 0xC3, 0x80, 0xC0, 0xC0, 0xC0, 0xC0, 0xC0, 0xC0, 0xC0, 0xC0, 0xC0, 0xC0, 0xC0,
        0xC0, 0xC0, 0xDC, 0x70, 0xFE, 0xF8, 0xE7, 0x1C, 0xC3, 0x1C, 0xC3, 0x1C, 0xC3, 0x1C, 0xC3,
        0x1C, 0xC3, 0x1C, 0xC3, 0x1C, 0xC3, 0x1C, 0xDE, 0xFF, 0xE7, 0xC3, 0xC3, 0xC3, 0xC3, 0xC3,
        0xC3, 0xC3, 0x1E, 0x00, 0x7F, 0x00, 0x63, 0x80, 0xE1, 0x80, 0xC1, 0x80, 0xC1, 0x80, 0xE1,
        0x80, 0x63, 0x80, 0x7F, 0x00, 0x1E, 0x00, 0xCE, 0x00, 0xFF, 0x00, 0xE3, 0x80, 0xE1, 0x80,
        0xC1, 0x80, 0xC1, 0x80, 0xE1, 0x80, 0xE3, 0x80, 0xFF, 0x00, 0xDE, 0x00, 0xC0, 0x00, 0xC0,
        0x00, 0xC0, 0x00, 0xC0, 0x00, 0x3D, 0x80, 0x7F, 0x80, 0xE3, 0x80, 0xE1, 0x80, 0xC1, 0x80,
        0xC1, 0x80, 0xE1, 0x80, 0xE3, 0x80, 0x7F, 0x80, 0x3D, 0x80, 0x01, 0x80, 0x01, 0x80, 0x01,
        0x80, 0x01, 0x80, 0xDC, 0xF8, 0xE0, 0xC0, 0xC0, 0xC0, 0xC0, 0xC0, 0xC0, 0xC0, 0x3C, 0xFE,
        0xE6, 0xE0, 0x7C, 0x1E, 0x07, 0xC7, 0xFE, 0x3C, 0x30, 0x30, 0x30, 0xFC, 0x7C, 0x30, 0x30,
        0x30, 0x30, 0x30, 0x30, 0x3C, 0x1C, 0xC3, 0xC3, 0xC3, 0xC3, 0xC3, 0xC3, 0xC3, 0xE7, 0x7F,
        0x7B, 0xC1, 0x80, 0xC3, 0x80, 0xE3, 0x00, 0x63, 0x00, 0x67, 0x00, 0x76, 0x00, 0x36, 0x00,
        0x3C, 0x00, 0x3C, 0x00, 0x1C, 0x00, 0xC7, 0x1C, 0xC7, 0x18, 0xC7, 0x18, 0xE7, 0xB8, 0x6D,
        0xB0, 0x6D, 0xB0, 0x6D, 0xB0, 0x38, 0xF0, 0x38, 0xE0, 0x38, 0xE0, 0xC7, 0xE6, 0x6E, 0x3C,
        0x38, 0x38, 0x7C, 0x6E, 0xC6, 0xC3, 0xC1, 0x80, 0xC3, 0x80, 0xE3, 0x00, 0x63, 0x00, 0x67,
        0x00, 0x76, 0x00, 0x36, 0x00, 0x3C, 0x00, 0x3C, 0x00, 0x1C, 0x00, 0x18, 0x00, 0x18, 0x00,
        0xF0, 0x00, 0xE0, 0x00, 0xFF, 0xFF, 0x06, 0x0E, 0x1C, 0x38, 0x30, 0x70, 0xFF, 0xFF, 0x1C,
        0x38, 0x30, 0x30, 0x30, 0x30, 0x70, 0xE0, 0xF0, 0x30, 0x30, 0x30, 0x30, 0x38, 0x3C, 0x1C,
        0xC0, 0xC0, 0xC0, 0xC0, 0xC0, 0xC0, 0xC0, 0xC0, 0xC0, 0xC0, 0xC0, 0xC0, 0xC0, 0xC0, 0xC0,
        0xC0, 0xC0, 0xC0, 0xC0, 0xC0, 0xC0, 0xC0, 0xE0, 0x70, 0x30, 0x30, 0x30, 0x30, 0x38, 0x0E,
        0x3E, 0x38, 0x30, 0x30, 0x30, 0x30, 0xF0, 0xE0, 0x71, 0x80, 0xF9, 0x80, 0xEF, 0x80, 0xC7,
        0x00, 0xC0, 0xC0, 0xC0, 0x00, 0xC0, 0xC0, 0xC0, 0xC0, 0xC0, 0xC0, 0xC0, 0xC0, 0xC0, 0x08,
        0x1C, 0x7F, 0x7B, 0xE9, 0xC8, 0xC8, 0xC8, 0xE9, 0x6B, 0x7F, 0x1C, 0x08, 0x0F, 0x00, 0x1F,
        0xC0, 0x38, 0xC0, 0x30, 0x00, 0x30, 0x00, 0x7F, 0x00, 0xFF, 0x00, 0x30, 0x00, 0x30, 0x00,
        0x30, 0x00, 0x30, 0xC0, 0xFF, 0xC0, 0xFF, 0xC0, 0xDF, 0x60, 0xFF, 0xE0, 0x61, 0xC0, 0xC0,
        0xC0, 0xC0, 0x60, 0xC0, 0x60, 0xC0, 0x60, 0xC0, 0xC0, 0x61, 0xC0, 0xFF, 0xE0, 0x1F, 0x00,
        0xC3, 0x80, 0xC3, 0x00, 0x67, 0x00, 0x66, 0x00, 0x36, 0x00, 0x3C, 0x00, 0xFF, 0x00, 0xFF,
        0x00, 0x18, 0x00, 0xFF, 0x00, 0xFF, 0x00, 0x18, 0x00, 0x18, 0x00, 0xC0, 0xC0, 0xC0, 0xC0,
        0xC0, 0xC0, 0x00, 0x00, 0x00, 0x00, 0xC0, 0xC0, 0xC0, 0xC0, 0xC0, 0xC0, 0x3C, 0xFE, 0xE6,
        0xC0, 0xE0, 0x7C, 0xDE, 0x87, 0xC3, 0xF7, 0x3C, 0x0E, 0x06, 0xC6, 0xFE, 0x7C, 0xCC, 0xCC,
        0x07, 0x80, 0x1F, 0xE0, 0x38, 0x70, 0x77, 0x38, 0x6F, 0xD8, 0xFC, 0xDC, 0xD8, 0x0C, 0xD8,
        0x0C, 0xFC, 0xDC, 0xEF, 0xDC, 0x77, 0xB8, 0x38, 0x70, 0x1F, 0xE0, 0x0F, 0xC0, 0x3C, 0x6E,
        0x06, 0x3E, 0xF6, 0xC6, 0xEE, 0x76, 0x19, 0x80, 0x3B, 0x00, 0x77, 0x00, 0xEE, 0x00, 0xEE,
        0x00, 0x77, 0x00, 0x3B, 0x00, 0x19, 0x80, 0xFF, 0xFF, 0x03, 0x03, 0x03, 0xFC, 0xFC, 0x1E,
        0x00, 0x3F, 0x00, 0x61, 0x80, 0xDC, 0xC0, 0x92, 0x40, 0x92, 0x40, 0x9E, 0x40, 0xD2, 0xC0,
        0x61, 0x80, 0x7F, 0x00, 0x1E, 0x00, 0xF8, 0xF8, 0x78, 0xFC, 0xCC, 0xCC, 0xFC, 0x78, 0x18,
        0x00, 0x18, 0x00, 0xFF, 0x80, 0xFF, 0x80, 0x18, 0x00, 0x18, 0x00, 0x18, 0x00, 0x00, 0x00,
        0xFF, 0x80, 0xFF, 0x80, 0x78, 0xFC, 0x0C, 0x0C, 0x18, 0x70, 0xE0, 0xFC, 0x78, 0xDC, 0x0C,
        0x38, 0x1C, 0x0C, 0xDC, 0x78, 0x60, 0xC0, 0x80, 0xC3, 0x00, 0xC3, 0x00, 0xC3, 0x00, 0xC3,
        0x00, 0xC3, 0x00, 0xC3, 0x00, 0xC3, 0x00, 0xE7, 0x00, 0xFF, 0x80, 0xFD, 0x80, 0xC0, 0x00,
        0xC0, 0x00, 0xC0, 0x00, 0xC0, 0x00, 0x3F, 0x80, 0x7F, 0x80, 0xF9, 0x80, 0xF9, 0x80, 0xF9,
        0x80, 0xF9, 0x80, 0x79, 0x80, 0x39, 0x80, 0x01, 0x80, 0x01, 0x80, 0x01, 0x80, 0x01, 0x80,
        0x01, 0x80, 0x40, 0xC0, 0xC0, 0x40, 0x60, 0x20, 0xE0, 0x70, 0xF0, 0xB0, 0x30, 0x30, 0x30,
        0x30, 0x30, 0x3C, 0x7E, 0xC3, 0xC3, 0xC3, 0xC3, 0x7E, 0x3C, 0xEE, 0x00, 0x66, 0x00, 0x33,
        0x00, 0x19, 0x80, 0x19, 0x80, 0x33, 0x00, 0x66, 0x00, 0xEE, 0x00, 0xE0, 0x60, 0xE0, 0xC0,
        0x61, 0x80, 0x61, 0x80, 0x63, 0x00, 0x66, 0x00, 0x66, 0x70, 0x0C, 0x70, 0x18, 0xF0, 0x18,
        0xB0, 0x31, 0xF8, 0x61, 0xF8, 0x60, 0x30, 0x60, 0x40, 0xE0, 0xC0, 0x61, 0x80, 0x61, 0x00,
        0x63, 0x00, 0x66, 0x00, 0x64, 0x70, 0x0C, 0xD8, 0x18, 0x18, 0x18, 0x30, 0x30, 0x60, 0x60,
        0xF8, 0x60, 0xF8, 0x70, 0x18, 0xF8, 0x30, 0xC8, 0x30, 0x08, 0x60, 0x38, 0xC0, 0x0C, 0xC0,
        0x8D, 0x80, 0xFD, 0x1C, 0x03, 0x1C, 0x06, 0x3C, 0x04, 0x2C, 0x0C, 0x7E, 0x18, 0x7E, 0x10,
        0x0C, 0x18, 0x18, 0x18, 0x00, 0x18, 0x18, 0x38, 0x70, 0xE0, 0xE0, 0xC3, 0xE7, 0x7F, 0x3C,
        0x18, 0x00, 0x0C, 0x00, 0x0C, 0x00, 0x00, 0x00, 0x0E, 0x00, 0x1E, 0x00, 0x1F, 0x00, 0x1B,
        0x00, 0x3B, 0x80, 0x33, 0x80, 0x31, 0x80, 0x71, 0xC0, 0x7F, 0xC0, 0x7F, 0xC0, 0xE0, 0xE0,
        0xC0, 0x60, 0xC0, 0x60, 0x03, 0x00, 0x06, 0x00, 0x04, 0x00, 0x00, 0x00, 0x0E, 0x00, 0x1E,
        0x00, 0x1F, 0x00, 0x1B, 0x00, 0x3B, 0x80, 0x33, 0x80, 0x31, 0x80, 0x71, 0xC0, 0x7F, 0xC0,
        0x7F, 0xC0, 0xE0, 0xE0, 0xC0, 0x60, 0xC0, 0x60, 0x0E, 0x00, 0x1B, 0x00, 0x11, 0x00, 0x00,
        0x00, 0x0E, 0x00, 0x1E, 0x00, 0x1F, 0x00, 0x1B, 0x00, 0x3B, 0x80, 0x33, 0x80, 0x31, 0x80,
        0x71, 0xC0, 0x7F, 0xC0, 0x7F, 0xC0, 0xE0, 0xE0, 0xC0, 0x60, 0xC0, 0x60, 0x1D, 0x00, 0x17,
        0x00, 0x00, 0x00, 0x00, 0x00, 0x0E, 0x00, 0x1E, 0x00, 0x1F, 0x00, 0x1B, 0x00, 0x3B, 0x80,
        0x33, 0x80, 0x31, 0x80, 0x71, 0xC0, 0x7F, 0xC0, 0x7F, 0xC0, 0xE0, 0xE0, 0xC0, 0x60, 0xC0,
        0x60, 0x1B, 0x00, 0x1B, 0x00, 0x00, 0x00, 0x00, 0x00, 0x0E, 0x00, 0x0E, 0x00, 0x1F, 0x00,
        0x1B, 0x00, 0x1B, 0x00, 0x31, 0x80, 0x31, 0x80, 0x71, 0xC0, 0x7F, 0xC0, 0x7F, 0xC0, 0xE0,
        0xE0, 0xC0, 0x60, 0xC0, 0x60, 0x07, 0x00, 0x08, 0x80, 0x08, 0x80, 0x07, 0x00, 0x00, 0x00,
        0x0F, 0x00, 0x0F, 0x80, 0x0F, 0x80, 0x1D, 0x80, 0x1D, 0xC0, 0x19, 0xC0, 0x38, 0xC0, 0x38,
        0xE0, 0x3F, 0xE0, 0x7F, 0xE0, 0x70, 0x70, 0x60, 0x30, 0xE0, 0x30, 0x07, 0xFF, 0x80, 0x07,
        0xFF, 0x00, 0x06, 0xC0, 0x00, 0x0C, 0xC0, 0x00, 0x0C, 0xC0, 0x00, 0x1C, 0xFF, 0x00, 0x18,
        0xFF, 0x00, 0x38, 0xC0, 0x00, 0x3F, 0xC0, 0x00, 0x7F, 0xC0, 0x00, 0x70, 0xC0, 0x00, 0x60,
        0xFF, 0x00, 0xE0, 0xFF, 0x80, 0x0F, 0x00, 0x3F, 0xC0, 0x70, 0xE0, 0x60, 0x60, 0xE0, 0x00,
        0xC0, 0x00, 0xC0, 0x00, 0xC0, 0x00, 0xE0, 0x00, 0x60, 0x60, 0x70, 0xE0, 0x3F, 0xC0, 0x0F,
        0x00, 0x06, 0x00, 0x03, 0x00, 0x01, 0x00, 0x07, 0x00, 0x30, 0x00, 0x18, 0x00, 0x18, 0x00,
        0x00, 0x00, 0xFF, 0x80, 0xFF, 0x00, 0xC0, 0x00, 0xC0, 0x00, 0xC0, 0x00, 0xFF, 0x00, 0xFF,
        0x00, 0xC0, 0x00, 0xC0, 0x00, 0xC0, 0x00, 0xC0, 0x00, 0xFF, 0x00, 0xFF, 0x80, 0x0C, 0x00,
        0x0C, 0x00, 0x08, 0x00, 0x00, 0x00, 0xFF, 0x80, 0xFF, 0x00, 0xC0, 0x00, 0xC0, 0x00, 0xC0,
        0x00, 0xFF, 0x00, 0xFF, 0x00, 0xC0, 0x00, 0xC0, 0x00, 0xC0, 0x00, 0xC0, 0x00, 0xFF, 0x00,
        0xFF, 0x80, 0x1C, 0x00, 0x36, 0x00, 0x22, 0x00, 0x00, 0x00, 0xFF, 0x80, 0xFF, 0x00, 0xC0,
        0x00, 0xC0, 0x00, 0xC0, 0x00, 0xFF, 0x00, 0xFF, 0x00, 0xC0, 0x00, 0xC0, 0x00, 0xC0, 0x00,
        0xC0, 0x00, 0xFF, 0x00, 0xFF, 0x80, 0x66, 0x00, 0x66, 0x00, 0x00, 0x00, 0x00, 0x00, 0xFF,
        0x80, 0xFF, 0x00, 0xC0, 0x00, 0xC0, 0x00, 0xC0, 0x00, 0xFF, 0x00, 0xFF, 0x00, 0xC0, 0x00,
        0xC0, 0x00, 0xC0, 0x00, 0xC0, 0x00, 0xFF, 0x00, 0xFF, 0x80, 0xC0, 0x40, 0x60, 0x00, 0x60,
        0x60, 0x60, 0x60, 0x60, 0x60, 0x60, 0x60, 0x60, 0x60, 0x60, 0x60, 0x60, 0x60, 0x60, 0x40,
        0x00, 0xC0, 0xC0, 0xC0, 0xC0, 0xC0, 0xC0, 0xC0, 0xC0, 0xC0, 0xC0, 0xC0, 0xC0, 0xC0, 0x70,
        0xD8, 0x00, 0x00, 0x60, 0x60, 0x60, 0x60, 0x60, 0x60, 0x60, 0x60, 0x60, 0x60, 0x60, 0x60,
        0x60, 0xCC, 0xCC, 0x00, 0x00, 0x30, 0x30, 0x30, 0x30, 0x30, 0x30, 0x30, 0x30, 0x30, 0x30,
        0x30, 0x30, 0x30, 0x3F, 0x80, 0x3F, 0xE0, 0x30, 0x70, 0x30, 0x30, 0x30, 0x38, 0x7E, 0x18,
        0xFE, 0x18, 0x30, 0x18, 0x30, 0x38, 0x30, 0x30, 0x30, 0x70, 0x3F, 0xE0, 0x3F, 0x80, 0x1D,
        0x00, 0x17, 0x00, 0x00, 0x00, 0x00, 0x00, 0xE0, 0x60, 0xF0, 0x60, 0xF0, 0x60, 0xF8, 0x60,
        0xDC, 0x60, 0xCC, 0x60, 0xCE, 0x60, 0xC6, 0x60, 0xC3, 0x60, 0xC3, 0xE0, 0xC1, 0xE0, 0xC1,
        0xE0, 0xC0, 0xE0, 0x0C, 0x00, 0x0C, 0x00, 0x06, 0x00, 0x00, 0x00, 0x0F, 0x00, 0x3F, 0xC0,
        0x70, 0xE0, 0x60, 0x60, 0xE0, 0x70, 0xC0, 0x30, 0xC0, 0x30, 0xC0, 0x30, 0xE0, 0x70, 0x60,
        0x60, 0x70, 0xE0, 0x3F, 0xC0, 0x0F, 0x00, 0x03, 0x00, 0x03, 0x00, 0x06, 0x00, 0x00, 0x00,
        0x0F, 0x00, 0x3F, 0xC0, 0x70, 0xE0, 0x60, 0x60, 0xE0, 0x70, 0xC0, 0x30, 0xC0, 0x30, 0xC0,
        0x30, 0xE0, 0x70, 0x60, 0x60, 0x70, 0xE0, 0x3F, 0xC0, 0x0F, 0x00, 0x0F, 0x00, 0x19, 0x80,
        0x00, 0x00, 0x00, 0x00, 0x0F, 0x00, 0x3F, 0xC0, 0x70, 0xE0, 0x60, 0x60, 0xE0, 0x70, 0xC0,
        0x30, 0xC0, 0x30, 0xC0, 0x30, 0xE0, 0x70, 0x60, 0x60, 0x70, 0xE0, 0x3F, 0xC0, 0x0F, 0x00,
        0x0D, 0x80, 0x1B, 0x00, 0x00, 0x00, 0x00, 0x00, 0x0F, 0x00, 0x3F, 0xC0, 0x70, 0xE0, 0x60,
        0x60, 0xE0, 0x70, 0xC0, 0x30, 0xC0, 0x30, 0xC0, 0x30, 0xE0, 0x70, 0x60, 0x60, 0x70, 0xE0,
        0x3F, 0xC0, 0x0F, 0x00, 0x19, 0x80, 0x19, 0x80, 0x00, 0x00, 0x00, 0x00, 0x0F, 0x00, 0x3F,
        0xC0, 0x70, 0xE0, 0x60, 0x60, 0xE0, 0x70, 0xC0, 0x30, 0xC0, 0x30, 0xC0, 0x30, 0xE0, 0x70,
        0x60, 0x60, 0x70, 0xE0, 0x3F, 0xC0, 0x0F, 0x00, 0xC3, 0xE7, 0x7E, 0x3C, 0x3C, 0x7E, 0xE7,
        0xC3, 0x0F, 0x60, 0x3F, 0xE0, 0x70, 0xE0, 0x61, 0xE0, 0xE1, 0x70, 0xC3, 0x30, 0xC6, 0x30,
        0xCC, 0x30, 0xEC, 0x70, 0x78, 0x60, 0x70, 0xE0, 0x7F, 0xC0, 0x6F, 0x00, 0x18, 0x00, 0x08,
        0x00, 0x0C, 0x00, 0x00, 0x00, 0xC0, 0xC0, 0xC0, 0xC0, 0xC0, 0xC0, 0xC0, 0xC0, 0xC0, 0xC0,
        0xC0, 0xC0, 0xC0, 0xC0, 0xC0, 0xC0, 0xC0, 0xC0, 0xE0, 0xC0, 0x61, 0xC0, 0x7F, 0x80, 0x1F,
        0x00, 0x06, 0x00, 0x06, 0x00, 0x04, 0x00, 0x00, 0x00, 0xC0, 0xC0, 0xC0, 0xC0, 0xC0, 0xC0,
        0xC0, 0xC0, 0xC0, 0xC0, 0xC0, 0xC0, 0xC0, 0xC0, 0xC0, 0xC0, 0xC0, 0xC0, 0xE0, 0xC0, 0x61,
        0xC0, 0x7F, 0x80, 0x1F, 0x00, 0x04, 0x00, 0x1E, 0x00, 0x1B, 0x00, 0x00, 0x00, 0x00, 0x00,
        0xC0, 0xC0, 0xC0, 0xC0, 0xC0, 0xC0, 0xC0, 0xC0, 0xC0, 0xC0, 0xC0, 0xC0, 0xC0, 0xC0, 0xC0,
        0xC0, 0xC0, 0xC0, 0xE0, 0xC0, 0x71, 0xC0, 0x7F, 0x80, 0x1F, 0x00, 0x33, 0x00, 0x33, 0x00,
        0x00, 0x00, 0x00, 0x00, 0xC0, 0xC0, 0xC0, 0xC0, 0xC0, 0xC0, 0xC0, 0xC0, 0xC0, 0xC0, 0xC0,
        0xC0, 0xC0, 0xC0, 0xC0, 0xC0, 0xC0, 0xC0, 0xE0, 0xC0, 0x61, 0xC0, 0x7F, 0x80, 0x1F, 0x00,
        0x03, 0x00, 0x03, 0x00, 0x02, 0x00, 0x00, 0x00, 0xE0, 0x70, 0x70, 0x60, 0x30, 0xE0, 0x39,
        0xC0, 0x19, 0x80, 0x1F, 0x80, 0x0F, 0x00, 0x07, 0x00, 0x06, 0x00, 0x06, 0x00, 0x06, 0x00,
        0x06, 0x00, 0x06, 0x00, 0xC0, 0x00, 0xC0, 0x00, 0xFE, 0x00, 0xFF, 0x00, 0xC3, 0x80, 0xC1,
        0x80, 0xC1, 0x80, 0xC3, 0x80, 0xFF, 0x00, 0xFE, 0x00, 0xC0, 0x00, 0xC0, 0x00, 0xC0, 0x00,
        0x3C, 0x00, 0x7F, 0x00, 0xE3, 0x00, 0xC3, 0x00, 0xC3, 0x00, 0xCE, 0x00, 0xCF, 0x00, 0xC3,
        0x80, 0xC1, 0x80, 0xC1, 0x80, 0xC3, 0x80, 0xCF, 0x80, 0xCE, 0x00, 0x30, 0x18, 0x18, 0x00,
        0x3E, 0x7F, 0x63, 0x03, 0x3F, 0x7B, 0xC3, 0xE7, 0xFF, 0x7B, 0x0E, 0x0C, 0x08, 0x00, 0x3E,
        0x7F, 0x63, 0x03, 0x3F, 0x7B, 0xC3, 0xE7, 0xFF, 0x7B, 0x1C, 0x36, 0x22, 0x00, 0x3E, 0x7F,
        0x63, 0x03, 0x3F, 0x7B, 0xC3, 0xE7, 0xFF, 0x7B, 0x3E, 0x2E, 0x00, 0x3E, 0x7F, 0x63, 0x03,
        0x3F, 0x7B, 0xC3, 0xE7, 0xFF, 0x7B, 0x36, 0x00, 0x00, 0x3E, 0x7F, 0x63, 0x03, 0x3F, 0x7B,
        0xC3, 0xE7, 0xFF, 0x7B, 0x1C, 0x22, 0x22, 0x1C, 0x00, 0x3E, 0x7F, 0x63, 0x03, 0x3F, 0x7B,
        0xC3, 0xE7, 0xFF, 0x7B, 0x3E, 0x78, 0x7F, 0xFC, 0x63, 0x8C, 0x03, 0x06, 0x3F, 0xFE, 0x7F,
        0xFE, 0xE3, 0x00, 0xE3, 0x8E, 0xFF, 0xFC, 0x7C, 0x78, 0x1E, 0x00, 0x7F, 0x00, 0x63, 0x80,
        0xE0, 0x00, 0xC0, 0x00, 0xC0, 0x00, 0xE0, 0x00, 0x63, 0x80, 0x7F, 0x00, 0x1E, 0x00, 0x08,
        0x00, 0x0E, 0x00, 0x0E, 0x00, 0x30, 0x00, 0x18, 0x00, 0x08, 0x00, 0x00, 0x00, 0x1E, 0x00,
        0x7F, 0x00, 0x63, 0x80, 0xC1, 0x80, 0xFF, 0x80, 0xFF, 0x80, 0xE0, 0x00, 0x61, 0x80, 0x7F,
        0x80, 0x1E, 0x00, 0x06, 0x00, 0x0C, 0x00, 0x0C, 0x00, 0x00, 0x00, 0x1E, 0x00, 0x7F, 0x00,
        0x63, 0x80, 0xC1, 0x80, 0xFF, 0x80, 0xFF, 0x80, 0xE0, 0x00, 0x61, 0x80, 0x7F, 0x80, 0x1E,
        0x00, 0x1C, 0x00, 0x36, 0x00, 0x22, 0x00, 0x00, 0x00, 0x1E, 0x00, 0x7F, 0x00, 0x63, 0x80,
        0xC1, 0x80, 0xFF, 0x80, 0xFF, 0x80, 0xE0, 0x00, 0x61, 0x80, 0x7F, 0x80, 0x1E, 0x00, 0x36,
        0x00, 0x00, 0x00, 0x00, 0x00, 0x1E, 0x00, 0x7F, 0x00, 0x63, 0x80, 0xC1, 0x80, 0xFF, 0x80,
        0xFF, 0x80, 0xE0, 0x00, 0x61, 0x80, 0x7F, 0x80, 0x1E, 0x00, 0xC0, 0xC0, 0x60, 0x00, 0x60,
        0x60, 0x60, 0x60, 0x60, 0x60, 0x60, 0x60, 0x60, 0x60, 0x60, 0x60, 0xC0, 0x00, 0xC0, 0xC0,
        0xC0, 0xC0, 0xC0, 0xC0, 0xC0, 0xC0, 0xC0, 0xC0, 0x38, 0x78, 0xCC, 0x00, 0x30, 0x30, 0x30,
        0x30, 0x30, 0x30, 0x30, 0x30, 0x30, 0x30, 0xCC, 0x00, 0x00, 0x30, 0x30, 0x30, 0x30, 0x30,
        0x30, 0x30, 0x30, 0x30, 0x30, 0x3B, 0x00, 0x1E, 0x00, 0x3E, 0x00, 0x27, 0x00, 0x3B, 0x00,
        0x7F, 0x80, 0x63, 0x80, 0xE1, 0x80, 0xC1, 0x80, 0xC1, 0x80, 0xE1, 0x80, 0x63, 0x80, 0x7F,
        0x00, 0x1E, 0x00, 0x3E, 0x2C, 0x00, 0xDE, 0xFF, 0xE7, 0xC3, 0xC3, 0xC3, 0xC3, 0xC3, 0xC3,
        0xC3, 0x38, 0x00, 0x18, 0x00, 0x08, 0x00, 0x00, 0x00, 0x1E, 0x00, 0x7F, 0x00, 0x63, 0x80,
        0xE1, 0x80, 0xC1, 0x80, 0xC1, 0x80, 0xE1, 0x80, 0x63, 0x80, 0x7F, 0x00, 0x1E, 0x00, 0x06,
        0x00, 0x0C, 0x00, 0x0C, 0x00, 0x00, 0x00, 0x1E, 0x00, 0x7F, 0x00, 0x63, 0x80, 0xE1, 0x80,
        0xC1, 0x80, 0xC1, 0x80, 0xE1, 0x80, 0x63, 0x80, 0x7F, 0x00, 0x1E, 0x00, 0x1C, 0x00, 0x36,
        0x00, 0x22, 0x00, 0x00, 0x00, 0x1E, 0x00, 0x7F, 0x00, 0x63, 0x80, 0xE1, 0x80, 0xC1, 0x80,
        0xC1, 0x80, 0xE1, 0x80, 0x63, 0x80, 0x7F, 0x00, 0x1E, 0x00, 0x3A, 0x00, 0x3E, 0x00, 0x00,
        0x00, 0x1E, 0x00, 0x7F, 0x00, 0x63, 0x80, 0xE1, 0x80, 0xC1, 0x80, 0xC1, 0x80, 0xE1, 0x80,
        0x63, 0x80, 0x7F, 0x00, 0x1E, 0x00, 0x33, 0x00, 0x00, 0x00, 0x00, 0x00, 0x1E, 0x00, 0x7F,
        0x00, 0x63, 0x80, 0xE1, 0x80, 0xC1, 0x80, 0xC1, 0x80, 0xE1, 0x80, 0x63, 0x80, 0x7F, 0x00,
        0x1E, 0x00, 0x18, 0x00, 0x18, 0x00, 0x08, 0x00, 0x00, 0x00, 0xFF, 0x80, 0xFF, 0x80, 0x00,
        0x00, 0x08, 0x00, 0x18, 0x00, 0x18, 0x00, 0x1E, 0x80, 0x7F, 0x80, 0x63, 0x80, 0xE7, 0x80,
        0xCD, 0x80, 0xD9, 0x80, 0xF1, 0x80, 0x73, 0x80, 0x7F, 0x00, 0xDE, 0x00, 0x30, 0x10, 0x18,
        0x00, 0xC3, 0xC3, 0xC3, 0xC3, 0xC3, 0xC3, 0xC3, 0xE7, 0x7F, 0x7B, 0x0C, 0x0C, 0x08, 0x00,
        0xC3, 0xC3, 0xC3, 0xC3, 0xC3, 0xC3, 0xC3, 0xE7, 0x7F, 0x7B, 0x18, 0x34, 0x20, 0x00, 0xC3,
        0xC3, 0xC3, 0xC3, 0xC3, 0xC3, 0xC3, 0xE7, 0x7F, 0x7B, 0x66, 0x00, 0x00, 0xC3, 0xC3, 0xC3,
        0xC3, 0xC3, 0xC3, 0xC3, 0xE7, 0x7F, 0x7B, 0x06, 0x00, 0x0C, 0x00, 0x08, 0x00, 0x00, 0x00,
        0xC1, 0x80, 0xC3, 0x80, 0xE3, 0x00, 0x63, 0x00, 0x67, 0x00, 0x76, 0x00, 0x36, 0x00, 0x3C,
        0x00, 0x3C, 0x00, 0x1C, 0x00, 0x18, 0x00, 0x18, 0x00, 0xF0, 0x00, 0xE0, 0x00, 0xC0, 0x00,
        0xC0, 0x00, 0xC0, 0x00, 0xCE, 0x00, 0xFF, 0x00, 0xE3, 0x80, 0xE1, 0x80, 0xC1, 0x80, 0xC1,
        0x80, 0xE1, 0x80, 0xE3, 0x80, 0xFF, 0x00, 0xDE, 0x00, 0xC0, 0x00, 0xC0, 0x00, 0xC0, 0x00,
        0xC0, 0x00, 0x33, 0x00, 0x00, 0x00, 0x00, 0x00, 0xE0, 0xC0, 0x61, 0xC0, 0x61, 0x80, 0x71,
        0x80, 0x33, 0x00, 0x33, 0x00, 0x3F, 0x00, 0x1E, 0x00, 0x1E, 0x00, 0x0E, 0x00, 0x0C, 0x00,
        0x1C, 0x00, 0x78, 0x00, 0x70, 0x00, 0xFF, 0x80, 0xFF, 0x80, 0xFF, 0xFF, 0xC0, 0xFF, 0xFF,
        0xC0, 0x40, 0x40, 0xC0, 0xC0, 0xC0, 0xC0, 0xC0, 0xC0, 0xC0, 0x80, 0x60, 0x60, 0xC0, 0xC0,
        0xC0, 0x44, 0x4C, 0xCC, 0xCC, 0xDC, 0xCC, 0xCC, 0xCC, 0xD8, 0x98, 0x6E, 0x6C, 0xCC, 0xCC,
        0xCC, 0x78, 0xFC, 0xFC, 0xFC, 0xFC, 0x78, 0x43, 0x04, 0xC3, 0x0C, 0xC3, 0x0C, 0x18, 0x38,
        0x70, 0xE0, 0xE0, 0x70, 0x38, 0x18, 0xE0, 0x60, 0x30, 0x18, 0x18, 0x30, 0x60, 0xE0, 0x0F,
        0x80, 0x1F, 0xC0, 0x38, 0x00, 0x30, 0x00, 0xFF, 0x00, 0xFF, 0x00, 0x60, 0x00, 0xFE, 0x00,
        0xFE, 0x00, 0x30, 0x00, 0x38, 0x00, 0x1F, 0xC0, 0x0F, 0x80, 0xE8, 0x80, 0x4D, 0x80, 0x4D,
        0x80, 0x4A, 0x80, 0x4A, 0x80, 0xFF, 0x80, 0xFF, 0x80,
    ],
    line_height: 24,
};

// INTER_COMPACT_LARGE: 22 px, cap 16, line height 29, gray 128, U+00AD as U+002D
pub static INTER_COMPACT_LARGE: BitmapFont = BitmapFont {
    glyphs: &[
        Glyph::new(0, 0, 0, 6, 0, 0),
        Glyph::new(0, 4, 16, 7, 2, -16),
        Glyph::new(16, 7, 6, 12, 2, -16),
        Glyph::new(22, 14, 16, 14, 0, -16),
        Glyph::new(54, 12, 20, 14, 1, -18),
        Glyph::new(94, 18, 16, 22, 2, -16),
        Glyph::new(142, 13, 16, 15, 1, -16),
        Glyph::new(174, 3, 6, 7, 2, -16),
        Glyph::new(180, 5, 20, 8, 2, -17),
        Glyph::new(200, 5, 20, 8, 1, -17),
        Glyph::new(220, 8, 9, 12, 2, -16),
        Glyph::new(229, 11, 11, 15, 2, -12),
        Glyph::new(251, 4, 6, 7, 1, -2),
        Glyph::new(257, 7, 2, 10, 2, -7),
        Glyph::new(259, 3, 3, 7, 2, -3),
        Glyph::new(262, 8, 19, 8, 0, -17),
        Glyph::new(281, 12, 16, 15, 1, -16),
        Glyph::new(313, 7, 16, 9, 1, -16),
        Glyph::new(329, 11, 16, 14, 1, -16),
        Glyph::new(361, 12, 16, 14, 1, -16),
        Glyph::new(393, 13, 16, 15, 1, -16),
        Glyph::new(425, 11, 16, 13, 1, -16),
        Glyph::new(457, 12, 16, 14, 1, -16),
        Glyph::new(489, 11, 16, 13, 1, -16),
        Glyph::new(521, 12, 16, 14, 1, -16),
        Glyph::new(553, 12, 16, 14, 1, -16),
        Glyph::new(585, 3, 11, 7, 2, -11),
        Glyph::new(596, 4, 15, 7, 1, -11),
        Glyph::new(611, 11, 11, 15, 2, -12),
        Glyph::new(633, 10, 7, 15, 2, -10),
        Glyph::new(647, 11, 11, 15, 2, -12),
        Glyph::new(669, 10, 16, 12, 1, -16),
        Glyph::new(701, 20, 20, 22, 1, -16),
        Glyph::new(761, 14, 16, 16, 1, -16),
        Glyph::new(793, 12, 16, 15, 2, -16),
        Glyph::new(825, 14, 16, 16, 1, -16),
        Glyph::new(857, 13, 16, 16, 2, -16),
        Glyph::new(889, 11, 16, 13, 1, -16),
        Glyph::new(921, 11, 16, 13, 1, -16),
        Glyph::new(953, 14, 16, 16, 1, -16),
        Glyph::new(985, 13, 16, 16, 2, -16),
        Glyph::new(1017, 3, 16, 6, 2, -16),
        Glyph::new(1033, 10, 16, 13, 1, -16),
        Glyph::new(1065, 13, 16, 15, 2, -16),
        Glyph::new(1097, 10, 16, 12, 2, -16),
        Glyph::new(1129, 17, 16, 20, 2, -16),
        Glyph::new(1177, 14, 16, 17, 1, -16),
        Glyph::new(1209, 15, 16, 17, 1, -16),
        Glyph::new(1241, 12, 16, 14, 1, -16),
        Glyph::new(1273, 15, 17, 17, 1, -16),
        Glyph::new(1307, 12, 16, 14, 2, -16),
        Glyph::new(1339, 12, 16, 14, 1, -16),
        Glyph::new(1371, 13, 16, 15, 1, -16),
        Glyph::new(1403, 13, 16, 16, 2, -16),
        Glyph::new(1435, 14, 16, 16, 1, -16),
        Glyph::new(1467, 21, 16, 22, 1, -16),
        Glyph::new(1515, 14, 16, 16, 1, -16),
        Glyph::new(1547, 14, 16, 16, 1, -16),
        Glyph::new(1579, 12, 16, 14, 1, -16),
        Glyph::new(1611, 5, 20, 8, 2, -17),
        Glyph::new(1631, 8, 19, 8, 0, -17),
        Glyph::new(1650, 5, 20, 8, 1, -17),
        Glyph::new(1670, 8, 6, 11, 1, -15),
        Glyph::new(1676, 10, 2, 10, 0, 0),
        Glyph::new(1680, 4, 3, 8, 2, -16),
        Glyph::new(1683, 10, 12, 13, 1, -12),
        Glyph::new(1707, 11, 16, 14, 2, -16),
        Glyph::new(1739, 11, 12, 13, 1, -12),
        Glyph::new(1763, 11, 16, 14, 1, -16),
        Glyph::new(1795, 11, 12, 13, 1, -12),
        Glyph::new(1819, 8, 17, 9, 0, -17),
        Glyph::new(1836, 11, 16, 14, 1, -12),
        Glyph::new(1868, 11, 16, 13, 1, -16),
        Glyph::new(1900, 3, 17, 6, 1, -17),
        Glyph::new(1917, 5, 21, 6, 0, -17),
        Glyph::new(1938, 11, 16, 13, 1, -16),
        Glyph::new(1970, 3, 16, 6, 1, -16),
        Glyph::new(1986, 17, 12, 20, 1, -12),
        Glyph::new(2022, 11, 12, 13, 1, -12),
        Glyph::new(2046, 12, 12, 13, 1, -12),
        Glyph::new(2070, 11, 16, 14, 2, -12),
        Glyph::new(2102, 11, 16, 14, 1, -12),
        Glyph::new(2134, 7, 12, 9, 1, -12),
        Glyph::new(2146, 10, 12, 12, 1, -12),
        Glyph::new(2170, 7, 15, 8, 0, -15),
        Glyph::new(2185, 11, 12, 13, 1, -12),
        Glyph::new(2209, 11, 12, 13, 1, -12),
        Glyph::new(2233, 17, 12, 18, 1, -12),
        Glyph::new(2269, 10, 12, 13, 1, -12),
        Glyph::new(2293, 11, 16, 13, 1, -12),
        Glyph::new(2325, 10, 12, 12, 1, -12),
        Glyph::new(2349, 8, 20, 10, 1, -17),
        Glyph::new(2369, 3, 26, 8, 2, -21),
        Glyph::new(2395, 8, 20, 10, 1, -17),
        Glyph::new(2415, 12, 4, 15, 1, -8),
        Glyph::new(2423, 0, 0, 6, 0, 0),
        Glyph::new(2423, 4, 16, 7, 2, -12),
        Glyph::new(2439, 10, 16, 13, 1, -16),
        Glyph::new(2471, 12, 16, 14, 1, -16),
        Glyph::new(2503, 13, 13, 16, 2, -13),
        Glyph::new(2529, 11, 16, 12, 1, -16),
        Glyph::new(2561, 3, 18, 7, 2, -16),
        Glyph::new(2579, 11, 19, 13, 1, -16),
        Glyph::new(2617, 8, 3, 13, 3, -17),
        Glyph::new(2620, 17, 16, 20, 2, -16),
        Glyph::new(2668, 8, 10, 10, 1, -17),
        Glyph::new(2678, 12, 10, 14, 1, -12),
        Glyph::new(2698, 10, 5, 15, 2, -8),
        Glyph::new(2708, 7, 2, 10, 2, -7),
        Glyph::new(2710, 13, 13, 15, 1, -17),
        Glyph::new(2736, 6, 2, 10, 2, -16),
        Glyph::new(2738, 7, 7, 10, 2, -16),
        Glyph::new(2745, 11, 11, 15, 2, -12),
        Glyph::new(2767, 7, 9, 10, 2, -19),
        Glyph::new(2776, 7, 9, 10, 2, -19),
        Glyph::new(2785, 4, 3, 8, 2, -16),
        Glyph::new(2788, 12, 16, 14, 1, -12),
        Glyph::new(2820, 11, 16, 13, 1, -16),
        Glyph::new(2852, 3, 3, 7, 2, -9),
        Glyph::new(2855, 4, 5, 7, 2, -1),
        Glyph::new(2860, 5, 9, 7, 1, -19),
        Glyph::new(2869, 9, 10, 11, 1, -17),
        Glyph::new(2889, 12, 10, 14, 1, -12),
        Glyph::new(2909, 17, 16, 18, 1, -16),
        Glyph::new(2957, 17, 16, 19, 1, -16),
        Glyph::new(3005, 19, 16, 20, 1, -16),
        Glyph::new(3053, 10, 16, 12, 1, -12),
        Glyph::new(3085, 14, 20, 16, 1, -20),
        Glyph::new(3125, 14, 20, 16, 1, -20),
        Glyph::new(3165, 14, 21, 16, 1, -21),
        Glyph::new(3207, 14, 21, 16, 1, -21),
        Glyph::new(3249, 14, 20, 16, 1, -20),
        Glyph::new(3289, 14, 22, 16, 1, -22),
        Glyph::new(3333, 21, 16, 22, 0, -16),
        Glyph::new(3381, 14, 20, 16, 1, -16),
        Glyph::new(3421, 11, 20, 13, 1, -20),
        Glyph::new(3461, 11, 20, 13, 1, -20),
        Glyph::new(3501, 11, 21, 13, 1, -21),
        Glyph::new(3543, 11, 20, 13, 1, -20),
        Glyph::new(3583, 4, 20, 6, 0, -20),
        Glyph::new(3603, 4, 20, 6, 2, -20),
        Glyph::new(3623, 6, 21, 6, 0, -21),
        Glyph::new(3644, 8, 20, 6, -1, -20),
        Glyph::new(3664, 15, 16, 17, 0, -16),
        Glyph::new(3696, 14, 21, 17, 1, -21),
        Glyph::new(3738, 15, 21, 17, 1, -21),
        Glyph::new(3780, 15, 21, 17, 1, -21),
        Glyph::new(3822, 15, 21, 17, 1, -21),
        Glyph::new(3864, 15, 21, 17, 1, -21),
        Glyph::new(3906, 15, 21, 17, 1, -21),
        Glyph::new(3948, 11, 10, 15, 2, -11),
        Glyph::new(3968, 15, 16, 17, 1, -16),
        Glyph::new(4000, 13, 21, 16, 2, -21),
        Glyph::new(4042, 13, 21, 16, 2, -21),
        Glyph::new(4084, 13, 21, 16, 2, -21),
        Glyph::new(4126, 13, 21, 16, 2, -21),
        Glyph::new(4168, 14, 20, 16, 1, -20),
        Glyph::new(4208, 11, 16, 14, 2, -16),
        Glyph::new(4240, 12, 16, 14, 1, -16),
        Glyph::new(4272, 10, 17, 13, 1, -17),
        Glyph::new(4306, 10, 17, 13, 1, -17),
        Glyph::new(4340, 10, 17, 13, 1, -17),
        Glyph::new(4374, 10, 17, 13, 1, -17),
        Glyph::new(4408, 10, 17, 13, 1, -17),
        Glyph::new(4442, 10, 18, 13, 1, -18),
        Glyph::new(4478, 18, 12, 20, 1, -12),
        Glyph::new(4514, 11, 16, 13, 1, -12),
        Glyph::new(4546, 11, 17, 13, 1, -17),
        Glyph::new(4580, 11, 17, 13, 1, -17),
        Glyph::new(4614, 11, 17, 13, 1, -17),
        Glyph::new(4648, 11, 17, 13, 1, -17),
        Glyph::new(4682, 4, 16, 6, 0, -16),
        Glyph::new(4698, 4, 16, 6, 2, -16),
        Glyph::new(4714, 7, 17, 6, -1, -17),
        Glyph::new(4731, 8, 17, 6, -1, -17),
        Glyph::new(4748, 11, 17, 13, 1, -17),
        Glyph::new(4782, 11, 17, 13, 1, -17),
        Glyph::new(4816, 12, 17, 13, 1, -17),
        Glyph::new(4850, 12, 17, 13, 1, -17),
        Glyph::new(4884, 12, 17, 13, 1, -17),
        Glyph::new(4918, 12, 17, 13, 1, -17),
        Glyph::new(4952, 12, 17, 13, 1, -17),
        Glyph::new(4986, 11, 12, 15, 2, -12),
        Glyph::new(5010, 12, 12, 13, 1, -12),
        Glyph::new(5034, 11, 17, 13, 1, -17),
        Glyph::new(5068, 11, 17, 13, 1, -17),
        Glyph::new(5102, 11, 17, 13, 1, -17),
        Glyph::new(5136, 11, 17, 13, 1, -17),
        Glyph::new(5170, 11, 21, 13, 1, -17),
        Glyph::new(5212, 11, 20, 14, 2, -16),
        Glyph::new(5252, 12, 21, 13, 1, -17),
        Glyph::new(5294, 11, 2, 11, 0, -7),
        Glyph::new(5298, 22, 2, 22, 0, -7),
        Glyph::new(5304, 4, 6, 6, 2, -16),
        Glyph::new(5310, 3, 6, 6, 2, -15),
        Glyph::new(5316, 4, 6, 6, 1, -2),
        Glyph::new(5322, 8, 6, 11, 2, -16),
        Glyph::new(5328, 8, 6, 11, 2, -15),
        Glyph::new(5334, 9, 6, 11, 1, -2),
        Glyph::new(5346, 7, 7, 11, 2, -10),
        Glyph::new(5353, 17, 3, 21, 2, -3),
        Glyph::new(5362, 7, 10, 9, 1, -12),
        Glyph::new(5372, 7, 10, 9, 1, -12),
        Glyph::new(5382, 13, 16, 15, 1, -16),
        Glyph::new(5414, 12, 6, 14, 1, -16),
        Glyph::new(5426, 11, 2, 15, 2, -7),
    ],
    bitmap: &[
        0xE0, 0xE0, 0xE0, 0xE0, 0xE0, 0xE0, 0xE0, 0xE0, 0xE0, 0xE0, 0xE0, 0x00, 0x00, 0x60, 0xF0,
        0x60, 0xEE, 0xEE, 0xEE, 0xEE, 0xEE, 0xEE, 0x0E, 0x30, 0x0C, 0x30, 0x0C, 0x30, 0x0C, 0x30,
        0x7F, 0xFC, 0x7F, 0xFC, 0x1C, 0x60, 0x18, 0x60, 0x18, 0x60, 0x18, 0xE0, 0x7F, 0xF8, 0xFF,
        0xF8, 0x38, 0xC0, 0x30, 0xC0, 0x30, 0xC0, 0x30, 0xC0, 0x04, 0x00, 0x04, 0x00, 0x1F, 0x80,
        0x7F, 0xC0, 0x7D, 0xE0, 0xE4, 0xF0, 0xE4, 0x00, 0xE4, 0x00, 0xFC, 0x00, 0x7F, 0x80, 0x1F,
        0xE0, 0x05, 0xE0, 0x04, 0x70, 0xC4, 0x70, 0xE4, 0x70, 0xFD, 0xE0, 0x7F, 0xC0, 0x1F, 0x80,
        0x04, 0x00, 0x04, 0x00, 0x38, 0x06, 0x00, 0xFE, 0x0E, 0x00, 0xEE, 0x0C, 0x00, 0xC6, 0x18,
        0x00, 0xEE, 0x30, 0x00, 0xFE, 0x30, 0x00, 0x38, 0x60, 0x00, 0x00, 0xC0, 0x00, 0x01, 0xC7,
        0x00, 0x01, 0x8F, 0x80, 0x03, 0x18, 0xC0, 0x07, 0x18, 0xC0, 0x06, 0x18, 0xC0, 0x0C, 0x1D,
        0xC0, 0x1C, 0x0F, 0x80, 0x18, 0x07, 0x00, 0x1F, 0x00, 0x3F, 0x80, 0x7B, 0xC0, 0x71, 0xC0,
        0x71, 0xC0, 0x3B, 0x80, 0x3F, 0x00, 0x1E, 0x00, 0x3E, 0x38, 0x7F, 0x38, 0xE7, 0xF8, 0xE3,
        0xF0, 0xE1, 0xF0, 0xF1, 0xF0, 0x7F, 0xF0, 0x1F, 0x38, 0xE0, 0xE0, 0xE0, 0xE0, 0xE0, 0xE0,
        0x18, 0x38, 0x30, 0x70, 0x70, 0x70, 0xE0, 0xE0, 0xE0, 0xE0, 0xE0, 0xE0, 0xE0, 0xE0, 0x60,
        0x70, 0x70, 0x30, 0x38, 0x18, 0xC0, 0xE0, 0xE0, 0x70, 0x70, 0x70, 0x30, 0x38, 0x38, 0x38,
        0x38, 0x38, 0x38, 0x38, 0x70, 0x70, 0x70, 0xE0, 0xE0, 0xC0, 0x18, 0x18, 0xDB, 0xFF, 0x3C,
        0xFF, 0xDB, 0x18, 0x18, 0x0E, 0x00, 0x0E, 0x00, 0x0E, 0x00, 0x0E, 0x00, 0xFF, 0xE0, 0xFF,
        0xE0, 0x0E, 0x00, 0x0E, 0x00, 0x0E, 0x00, 0x0E, 0x00, 0x0C, 0x00, 0x70, 0x70, 0x60, 0x60,
        0x60, 0xC0, 0xFE, 0xFE, 0xC0, 0xE0, 0xC0, 0x07, 0x07, 0x06, 0x06, 0x0E, 0x0C, 0x0C, 0x1C,
        0x1C, 0x18, 0x18, 0x38, 0x38, 0x30, 0x30, 0x70, 0x60, 0x60, 0xE0, 0x0F, 0x00, 0x3F, 0xC0,
        0x79, 0xE0, 0x70, 0xE0, 0xE0, 0x60, 0xE0, 0x70, 0xE0, 0x70, 0xE0, 0x70, 0xE0, 0x70, 0xE0,
        0x70, 0xE0, 0x70, 0xE0, 0x70, 0x70, 0xE0, 0x79, 0xE0, 0x3F, 0xC0, 0x0F, 0x00, 0x1E, 0x7E,
        0xFE, 0xEE, 0x8E, 0x0E, 0x0E, 0x0E, 0x0E, 0x0E, 0x0E, 0x0E, 0x0E, 0x0E, 0x0E, 0x0E, 0x1F,
        0x00, 0x7F, 0x80, 0x71, 0xC0, 0xE0, 0xE0, 0xE0, 0xE0, 0x00, 0xE0, 0x01, 0xC0, 0x01, 0xC0,
        0x03, 0x80, 0x07, 0x00, 0x0E, 0x00, 0x1C, 0x00, 0x38, 0x00, 0x78, 0x00, 0xFF, 0xE0, 0xFF,
        0xE0, 0x1F, 0x00, 0x3F, 0xC0, 0x71, 0xE0, 0xE0, 0xE0, 0x00, 0xE0, 0x00, 0xE0, 0x01, 0xC0,
        0x0F, 0x80, 0x0F, 0xC0, 0x00, 0xE0, 0x00, 0x70, 0x00, 0x70, 0xE0, 0x70, 0x79, 0xE0, 0x7F,
        0xC0, 0x1F, 0x80, 0x01, 0xE0, 0x03, 0xE0, 0x03, 0xE0, 0x07, 0xE0, 0x0E, 0xE0, 0x0C, 0xE0,
        0x1C, 0xE0, 0x18, 0xE0, 0x38, 0xE0, 0x70, 0xE0, 0x70, 0xE0, 0xFF, 0xF8, 0xFF, 0xF8, 0x00,
        0xE0, 0x00, 0xE0, 0x00, 0xE0, 0x7F, 0xC0, 0x7F, 0xC0, 0x70, 0x00, 0x60, 0x00, 0x60, 0x00,
        0x6F, 0x00, 0xFF, 0xC0, 0xF3, 0xC0, 0x00, 0xE0, 0x00, 0xE0, 0x00, 0xE0, 0xC0, 0xE0, 0xE0,
        0xE0, 0x73, 0xC0, 0x7F, 0x80, 0x1F, 0x00, 0x0F, 0x80, 0x3F, 0xC0, 0x39, 0xE0, 0x70, 0x70,
        0x60, 0x00, 0xE7, 0x80, 0xEF, 0xC0, 0xF9, 0xE0, 0xF0, 0xF0, 0xE0, 0x70, 0xE0, 0x70, 0xE0,
        0x70, 0x70, 0xE0, 0x79, 0xE0, 0x3F, 0xC0, 0x0F, 0x80, 0xFF, 0xE0, 0xFF, 0xE0, 0x00, 0xE0,
        0x01, 0xC0, 0x01, 0xC0, 0x03, 0x80, 0x03, 0x80, 0x07, 0x00, 0x07, 0x00, 0x0E, 0x00, 0x0E,
        0x00, 0x1C, 0x00, 0x1C, 0x00, 0x38, 0x00, 0x38, 0x00, 0x70, 0x00, 0x1F, 0x00, 0x7F, 0xC0,
        0x71, 0xE0, 0xE0, 0xE0, 0xE0, 0xE0, 0xE0, 0xE0, 0x71, 0xC0, 0x3F, 0x80, 0x3F, 0xC0, 0x70,
        0xE0, 0xE0, 0x70, 0xE0, 0x70, 0xE0, 0x70, 0x71, 0xE0, 0x7F, 0xC0, 0x1F, 0x80, 0x1F, 0x00,
        0x3F, 0xC0, 0x79, 0xE0, 0xE0, 0xE0, 0xE0, 0x60, 0xE0, 0x70, 0xE0, 0xF0, 0x71, 0xF0, 0x7F,
        0x70, 0x3E, 0x70, 0x00, 0x70, 0x00, 0xE0, 0xE0, 0xE0, 0x79, 0xC0, 0x3F, 0x80, 0x1F, 0x00,
        0xC0, 0xE0, 0xC0, 0x00, 0x00, 0x00, 0x00, 0x00, 0xC0, 0xE0, 0xC0, 0x60, 0x70, 0x60, 0x00,
        0x00, 0x00, 0x00, 0x00, 0x00, 0x60, 0x60, 0x60, 0x60, 0x40, 0xC0, 0x00, 0x60, 0x01, 0xE0,
        0x07, 0xC0, 0x3F, 0x00, 0xFC, 0x00, 0xF0, 0x00, 0xF8, 0x00, 0x7E, 0x00, 0x0F, 0x80, 0x03,
        0xE0, 0x00, 0xE0, 0xFF, 0xC0, 0xFF, 0xC0, 0x00, 0x00, 0x00, 0x00, 0x00, 0x00, 0xFF, 0xC0,
        0xFF, 0xC0, 0xC0, 0x00, 0xF0, 0x00, 0xFC, 0x00, 0x3F, 0x00, 0x07, 0xC0, 0x01, 0xE0, 0x03,
        0xC0, 0x1F, 0x80, 0x7E, 0x00, 0xF8, 0x00, 0xE0, 0x00, 0x1E, 0x00, 0x7F, 0x80, 0xF3, 0xC0,
        0xE1, 0xC0, 0x01, 0xC0, 0x01, 0xC0, 0x03, 0x80, 0x0F, 0x80, 0x0E, 0x00, 0x1C, 0x00, 0x1C,
        0x00, 0x00, 0x00, 0x00, 0x00, 0x0C, 0x00, 0x1E, 0x00, 0x0C, 0x00, 0x01, 0xFC, 0x00, 0x0F,
        0xFF, 0x00, 0x1F, 0x0F, 0x80, 0x3C, 0x01, 0xC0, 0x78, 0x00, 0xE0, 0x71, 0xEC, 0xE0, 0x63,
        0xFC, 0x70, 0xE7, 0x1C, 0x70, 0xE6, 0x0C, 0x70, 0xE6, 0x0C, 0x70, 0xE6, 0x0C, 0x70, 0xE6,
        0x0C, 0x70, 0xE6, 0x0C, 0x70, 0xE7, 0x1E, 0xE0, 0x73, 0xFF, 0xE0, 0x79, 0xE3, 0xC0, 0x3C,
        0x00, 0x00, 0x1F, 0x04, 0x00, 0x0F, 0xFE, 0x00, 0x03, 0xF8, 0x00, 0x07, 0x80, 0x07, 0x80,
        0x0F, 0xC0, 0x0F, 0xC0, 0x0C, 0xC0, 0x1C, 0xE0, 0x1C, 0xE0, 0x1C, 0xE0, 0x38, 0x70, 0x38,
        0x70, 0x3F, 0xF0, 0x7F, 0xF8, 0x70, 0x38, 0x70, 0x38, 0xE0, 0x1C, 0xE0, 0x1C, 0xFF, 0x80,
        0xFF, 0xC0, 0xE1, 0xE0, 0xE0, 0xE0, 0xE0, 0xE0, 0xE0, 0xE0, 0xE1, 0xC0, 0xFF, 0x80, 0xFF,
        0xC0, 0xE0, 0xE0, 0xE0, 0x70, 0xE0, 0x70, 0xE0, 0x70, 0xE0, 0xE0, 0xFF, 0xE0, 0xFF, 0x80,
        0x07, 0xC0, 0x1F, 0xF0, 0x3C, 0x78, 0x70, 0x38, 0x70, 0x1C, 0xE0, 0x00, 0xE0, 0x00, 0xE0,
        0x00, 0xE0, 0x00, 0xE0, 0x00, 0xE0, 0x00, 0x70, 0x1C, 0x70, 0x38, 0x3C, 0x78, 0x1F, 0xF0,
        0x07, 0xC0, 0xFF, 0x00, 0xFF, 0xC0, 0xE1, 0xE0, 0xE0, 0x70, 0xE0, 0x70, 0xE0, 0x38, 0xE0,
        0x38, 0xE0, 0x38, 0xE0, 0x38, 0xE0, 0x38, 0xE0, 0x38, 0xE0, 0x70, 0xE0, 0x70, 0xE1, 0xE0,
        0xFF, 0xC0, 0xFF, 0x00, 0xFF, 0xE0, 0xFF, 0xE0, 0xE0, 0x00, 0xE0, 0x00, 0xE0, 0x00, 0xE0,
        0x00, 0xE0, 0x00, 0xFF, 0xC0, 0xFF, 0xC0, 0xE0, 0x00, 0xE0, 0x00, 0xE0, 0x00, 0xE0, 0x00,
        0xE0, 0x00, 0xFF, 0xE0, 0xFF, 0xE0, 0xFF, 0xE0, 0xFF, 0xE0, 0xE0, 0x00, 0xE0, 0x00, 0xE0,
        0x00, 0xE0, 0x00, 0xE0, 0x00, 0xE0, 0x00, 0xFF, 0xC0, 0xFF, 0xC0, 0xE0, 0x00, 0xE0, 0x00,
        0xE0, 0x00, 0xE0, 0x00, 0xE0, 0x00, 0xE0, 0x00, 0x07, 0xC0, 0x1F, 0xF0, 0x3C, 0x78, 0x70,
        0x38, 0x70, 0x1C, 0xE0, 0x00, 0xE0, 0x00, 0xE0, 0x00, 0xE0, 0xFC, 0xE0, 0xFC, 0xE0, 0x1C,
        0x70, 0x1C, 0x70, 0x38, 0x3C, 0x78, 0x1F, 0xF0, 0x07, 0xC0, 0xE0, 0x38, 0xE0, 0x38, 0xE0,
        0x38, 0xE0, 0x38, 0xE0, 0x38, 0xE0, 0x38, 0xE0, 0x38, 0xFF, 0xF8, 0xFF, 0xF8, 0xE0, 0x38,
        0xE0, 0x38, 0xE0, 0x38, 0xE0, 0x38, 0xE0, 0x38, 0xE0, 0x38, 0xE0, 0x38, 0xE0, 0xE0, 0xE0,
        0xE0, 0xE0, 0xE0, 0xE0, 0xE0, 0xE0, 0xE0, 0xE0, 0xE0, 0xE0, 0xE0, 0xE0, 0xE0, 0x01, 0xC0,
        0x01, 0xC0, 0x01, 0xC0, 0x01, 0xC0, 0x01, 0xC0, 0x01, 0xC0, 0x01, 0xC0, 0x01, 0xC0, 0x01,
        0xC0, 0x01, 0xC0, 0xE1, 0xC0, 0xE1, 0xC0, 0xE1, 0xC0, 0xF3, 0x80, 0x7F, 0x80, 0x1E, 0x00,
        0xE0, 0x78, 0xE0, 0xF0, 0xE1, 0xE0, 0xE1, 0xC0, 0xE3, 0x80, 0xE7, 0x00, 0xEE, 0x00, 0xFE,
        0x00, 0xFF, 0x00, 0xF3, 0x80, 0xF3, 0xC0, 0xE1, 0xC0, 0xE0, 0xE0, 0xE0, 0xF0, 0xE0, 0x70,
        0xE0, 0x38, 0xE0, 0x00, 0xE0, 0x00, 0xE0, 0x00, 0xE0, 0x00, 0xE0, 0x00, 0xE0, 0x00, 0xE0,
        0x00, 0xE0, 0x00, 0xE0, 0x00, 0xE0, 0x00, 0xE0, 0x00, 0xE0, 0x00, 0xE0, 0x00, 0xE0, 0x00,
        0xFF, 0xC0, 0xFF, 0xC0, 0xF8, 0x0F, 0x80, 0xF8, 0x0F, 0x80, 0xF8, 0x0F, 0x80, 0xFC, 0x1F,
        0x80, 0xFC, 0x1F, 0x80, 0xEC, 0x1B, 0x80, 0xEE, 0x3B, 0x80, 0xEE, 0x3B, 0x80, 0xE6, 0x33,
        0x80, 0xE7, 0x73, 0x80, 0xE7, 0x73, 0x80, 0xE3, 0x63, 0x80, 0xE3, 0xE3, 0x80, 0xE3, 0xE3,
        0x80, 0xE1, 0xC3, 0x80, 0xE1, 0xC3, 0x80, 0xF0, 0x1C, 0xF0, 0x1C, 0xF8, 0x1C, 0xFC, 0x1C,
        0xFC, 0x1C, 0xEE, 0x1C, 0xEF, 0x1C, 0xE7, 0x1C, 0xE3, 0x9C, 0xE3, 0xDC, 0xE1, 0xDC, 0xE0,
        0xFC, 0xE0, 0xFC, 0xE0, 0x7C, 0xE0, 0x3C, 0xE0, 0x3C, 0x07, 0xC0, 0x1F, 0xF0, 0x3C, 0x78,
        0x70, 0x3C, 0x70, 0x1C, 0xE0, 0x0E, 0xE0, 0x0E, 0xE0, 0x0E, 0xE0, 0x0E, 0xE0, 0x0E, 0xE0,
        0x0E, 0x70, 0x1C, 0x70, 0x3C, 0x3C, 0x78, 0x1F, 0xF0, 0x07, 0xC0, 0xFF, 0x80, 0xFF, 0xC0,
        0xE1, 0xE0, 0xE0, 0x70, 0xE0, 0x70, 0xE0, 0x70, 0xE0, 0x70, 0xE0, 0xE0, 0xFF, 0xE0, 0xFF,
        0x80, 0xE0, 0x00, 0xE0, 0x00, 0xE0, 0x00, 0xE0, 0x00, 0xE0, 0x00, 0xE0, 0x00, 0x07, 0xC0,
        0x1F, 0xF0, 0x3C, 0x78, 0x70, 0x3C, 0x70, 0x1C, 0xE0, 0x0E, 0xE0, 0x0E, 0xE0, 0x0E, 0xE0,
        0x0E, 0xE0, 0x0E, 0xE1, 0x8E, 0x71, 0xDC, 0x78, 0xFC, 0x3F, 0xF8, 0x1F, 0xF8, 0x07, 0xF8,
        0x00, 0x1C, 0xFF, 0x80, 0xFF, 0xC0, 0xE1, 0xE0, 0xE0, 0x70, 0xE0, 0x70, 0xE0, 0x70, 0xE0,
        0x70, 0xE0, 0xE0, 0xFF, 0xE0, 0xFF, 0x80, 0xE3, 0x80, 0xE1, 0xC0, 0xE1, 0xC0, 0xE0, 0xE0,
        0xE0, 0xF0, 0xE0, 0x70, 0x1F, 0x80, 0x7F, 0xC0, 0x71, 0xE0, 0xE0, 0x70, 0xE0, 0x00, 0xE0,
        0x00, 0xFC, 0x00, 0x7F, 0x80, 0x1F, 0xE0, 0x01, 0xE0, 0x00, 0x70, 0xC0, 0x70, 0xE0, 0x70,
        0xF1, 0xE0, 0x7F, 0xC0, 0x1F, 0x80, 0xFF, 0xF8, 0xFF, 0xF8, 0x07, 0x00, 0x07, 0x00, 0x07,
        0x00, 0x07, 0x00, 0x07, 0x00, 0x07, 0x00, 0x07, 0x00, 0x07, 0x00, 0x07, 0x00, 0x07, 0x00,
        0x07, 0x00, 0x07, 0x00, 0x07, 0x00, 0x07, 0x00, 0xE0, 0x38, 0xE0, 0x38, 0xE0, 0x38, 0xE0,
        0x38, 0xE0, 0x38, 0xE0, 0x38, 0xE0, 0x38, 0xE0, 0x38, 0xE0, 0x38, 0xE0, 0x38, 0xE0, 0x38,
        0xE0, 0x38, 0xF0, 0x78, 0x78, 0xF0, 0x3F, 0xE0, 0x0F, 0x80, 0xE0, 0x1C, 0xE0, 0x1C, 0xF0,
        0x1C, 0x70, 0x38, 0x70, 0x38, 0x78, 0x38, 0x38, 0x70, 0x38, 0x70, 0x1C, 0x70, 0x1C, 0xE0,
        0x1C, 0xE0, 0x0C, 0xC0, 0x0F, 0xC0, 0x0F, 0xC0, 0x07, 0x80, 0x07, 0x80, 0xE0, 0x70, 0x38,
        0xE0, 0xF0, 0x70, 0xE0, 0xF0, 0x70, 0xE0, 0xF8, 0x70, 0x70, 0xF8, 0x70, 0x71, 0xD8, 0xE0,
        0x71, 0xD8, 0xE0, 0x31, 0x9C, 0xE0, 0x39, 0x9C, 0xE0, 0x3B, 0x8C, 0xC0, 0x3B, 0x8D, 0xC0,
        0x1B, 0x0F, 0xC0, 0x1F, 0x0F, 0xC0, 0x1F, 0x07, 0x80, 0x1F, 0x07, 0x80, 0x0E, 0x07, 0x80,
        0xF0, 0x3C, 0x70, 0x38, 0x38, 0x70, 0x3C, 0xF0, 0x1C, 0xE0, 0x0F, 0xC0, 0x0F, 0xC0, 0x07,
        0x80, 0x07, 0x80, 0x0F, 0xC0, 0x1F, 0xE0, 0x1C, 0xE0, 0x38, 0x70, 0x78, 0x78, 0x70, 0x38,
        0xE0, 0x1C, 0xF0, 0x1C, 0x70, 0x1C, 0x38, 0x38, 0x38, 0x78, 0x1C, 0x70, 0x1E, 0xE0, 0x0E,
        0xE0, 0x07, 0xC0, 0x07, 0xC0, 0x03, 0x80, 0x03, 0x80, 0x03, 0x80, 0x03, 0x80, 0x03, 0x80,
        0x03, 0x80, 0x03, 0x80, 0xFF, 0xF0, 0xFF, 0xF0, 0x00, 0xE0, 0x00, 0xE0, 0x01, 0xC0, 0x03,
        0x80, 0x07, 0x80, 0x07, 0x00, 0x0E, 0x00, 0x1E, 0x00, 0x1C, 0x00, 0x38, 0x00, 0x70, 0x00,
        0x70, 0x00, 0xFF, 0xF0, 0xFF, 0xF0, 0xF8, 0xF8, 0xE0, 0xE0, 0xE0, 0xE0, 0xE0, 0xE0, 0xE0,
        0xE0, 0xE0, 0xE0, 0xE0, 0xE0, 0xE0, 0xE0, 0xE0, 0xE0, 0xF8, 0xF8, 0xE0, 0x60, 0x60, 0x70,
        0x30, 0x30, 0x38, 0x38, 0x18, 0x18, 0x1C, 0x1C, 0x0C, 0x0C, 0x0E, 0x06, 0x06, 0x07, 0x07,
        0xF8, 0xF8, 0x38, 0x38, 0x38, 0x38, 0x38, 0x38, 0x38, 0x38, 0x38, 0x38, 0x38, 0x38, 0x38,
        0x38, 0x38, 0x38, 0xF8, 0xF8, 0x1C, 0x3C, 0x36, 0x66, 0x63, 0xE3, 0xFF, 0xC0, 0xFF, 0xC0,
        0xE0, 0x60, 0x70, 0x1F, 0x00, 0x7F, 0x80, 0x73, 0xC0, 0x21, 0xC0, 0x01, 0xC0, 0x3F, 0xC0,
        0x7D, 0xC0, 0xE1, 0xC0, 0xE1, 0xC0, 0xF3, 0xC0, 0x7F, 0xC0, 0x3D, 0xC0, 0xE0, 0x00, 0xE0,
        0x00, 0xE0, 0x00, 0xE0, 0x00, 0xEF, 0x00, 0xFF, 0xC0, 0xF1, 0xC0, 0xE0, 0xE0, 0xE0, 0xE0,
        0xE0, 0xE0, 0xE0, 0xE0, 0xE0, 0xE0, 0xE0, 0xE0, 0xF1, 0xC0, 0xFF, 0xC0, 0xEF, 0x00, 0x1F,
        0x00, 0x3F, 0xC0, 0x79, 0xC0, 0xF0, 0xE0, 0xE0, 0x00, 0xE0, 0x00, 0xE0, 0x00, 0xE0, 0x00,
        0xE0, 0xE0, 0x79, 0xC0, 0x3F, 0xC0, 0x1F, 0x00, 0x00, 0xE0, 0x00, 0xE0, 0x00, 0xE0, 0x00,
        0xE0, 0x1E, 0xE0, 0x7F, 0xE0, 0x71, 0xE0, 0xE0, 0xE0, 0xE0, 0xE0, 0xE0, 0xE0, 0xE0, 0xE0,
        0xE0, 0xE0, 0xE0, 0xE0, 0x71, 0xE0, 0x7F, 0xE0, 0x1E, 0xE0, 0x1F, 0x00, 0x3F, 0x80, 0x71,
        0xC0, 0xE0, 0xE0, 0xE0, 0xE0, 0xFF, 0xE0, 0xFF, 0xE0, 0xE0, 0x00, 0xE0, 0x00, 0x79, 0xE0,
        0x3F, 0xC0, 0x1F, 0x00, 0x0F, 0x1F, 0x38, 0x38, 0x38, 0xFF, 0xFF, 0x38, 0x38, 0x38, 0x38,
        0x38, 0x38, 0x38, 0x38, 0x38, 0x38, 0x1E, 0xE0, 0x7F, 0xE0, 0x71, 0xE0, 0xE0, 0xE0, 0xE0,
        0xE0, 0xE0, 0xE0, 0xE0, 0xE0, 0xE0, 0xE0, 0xE0, 0xE0, 0x71, 0xE0, 0x7F, 0xE0, 0x1E, 0xE0,
        0x00, 0xE0, 0x71, 0xE0, 0x7F, 0xC0, 0x1F, 0x00, 0xE0, 0x00, 0xE0, 0x00, 0xE0, 0x00, 0xE0,
        0x00, 0xE7, 0x80, 0xFF, 0xC0, 0xF1, 0xC0, 0xE0, 0xE0, 0xE0, 0xE0, 0xE0, 0xE0, 0xE0, 0xE0,
        0xE0, 0xE0, 0xE0, 0xE0, 0xE0, 0xE0, 0xE0, 0xE0, 0xE0, 0xE0, 0xC0, 0xE0, 0xC0, 0x00, 0x00,
        0xE0, 0xE0, 0xE0, 0xE0, 0xE0, 0xE0, 0xE0, 0xE0, 0xE0, 0xE0, 0xE0, 0xE0, 0x30, 0x38, 0x30,
        0x00, 0x00, 0x38, 0x38, 0x38, 0x38, 0x38, 0x38, 0x38, 0x38, 0x38, 0x38, 0x38, 0x38, 0x38,
        0x78, 0xF0, 0xE0, 0xE0, 0x00, 0xE0, 0x00, 0xE0, 0x00, 0xE0, 0x00, 0xE1, 0xC0, 0xE3, 0xC0,
        0xE7, 0x80, 0xE7, 0x00, 0xEE, 0x00, 0xFC, 0x00, 0xFE, 0x00, 0xFF, 0x00, 0xE7, 0x80, 0xE3,
        0x80, 0xE1, 0xC0, 0xE1, 0xE0, 0xE0, 0xE0, 0xE0, 0xE0, 0xE0, 0xE0, 0xE0, 0xE0, 0xE0, 0xE0,
        0xE0, 0xE0, 0xE0, 0xE0, 0xE0, 0xE0, 0xEF, 0x1E, 0x00, 0xFF, 0xBF, 0x00, 0xF3, 0xE7, 0x80,
        0xE1, 0xC3, 0x80, 0xE1, 0xC3, 0x80, 0xE1, 0xC3, 0x80, 0xE1, 0xC3, 0x80, 0xE1, 0xC3, 0x80,
        0xE1, 0xC3, 0x80, 0xE1, 0xC3, 0x80, 0xE1, 0xC3, 0x80, 0xE1, 0xC3, 0x80, 0xE7, 0x80, 0xFF,
        0xC0, 0xF1, 0xC0, 0xE0, 0xE0, 0xE0, 0xE0, 0xE0, 0xE0, 0xE0, 0xE0, 0xE0, 0xE0, 0xE0, 0xE0,
        0xE0, 0xE0, 0xE0, 0xE0, 0xE0, 0xE0, 0x1F, 0x00, 0x3F, 0xC0, 0x79, 0xE0, 0xF0, 0xE0, 0xE0,
        0x70, 0xE0, 0x70, 0xE0, 0x70, 0xE0, 0x70, 0xF0, 0xE0, 0x79, 0xE0, 0x3F, 0xC0, 0x1F, 0x00,
        0xEF, 0x00, 0xFF, 0xC0, 0xF1, 0xC0, 0xE0, 0xE0, 0xE0, 0xE0, 0xE0, 0xE0, 0xE0, 0xE0, 0xE0,
        0xE0, 0xE0, 0xE0, 0xF1, 0xC0, 0xFF, 0xC0, 0xEF, 0x00, 0xE0, 0x00, 0xE0, 0x00, 0xE0, 0x00,
        0xE0, 0x00, 0x1E, 0xE0, 0x7F, 0xE0, 0x71, 0xE0, 0xE0, 0xE0, 0xE0, 0xE0, 0xE0, 0xE0, 0xE0,
        0xE0, 0xE0, 0xE0, 0xE0, 0xE0, 0x71, 0xE0, 0x7F, 0xE0, 0x1E, 0xE0, 0x00, 0xE0, 0x00, 0xE0,
        0x00, 0xE0, 0x00, 0xE0, 0xEE, 0xFE, 0xF0, 0xE0, 0xE0, 0xE0, 0xE0, 0xE0, 0xE0, 0xE0, 0xE0,
        0xE0, 0x3E, 0x00, 0x7F, 0x80, 0xF3, 0x80, 0xE1, 0x00, 0xE0, 0x00, 0x7E, 0x00, 0x1F, 0x80,
        0x03, 0xC0, 0xC1, 0xC0, 0xE3, 0xC0, 0x7F, 0x80, 0x3E, 0x00, 0x38, 0x38, 0x38, 0xFE, 0xFE,
        0x38, 0x38, 0x38, 0x38, 0x38, 0x38, 0x38, 0x38, 0x3E, 0x0E, 0xE0, 0xE0, 0xE0, 0xE0, 0xE0,
        0xE0, 0xE0, 0xE0, 0xE0, 0xE0, 0xE0, 0xE0, 0xE0, 0xE0, 0xE0, 0xE0, 0xE0, 0xE0, 0xF1, 0xE0,
        0x7E, 0xE0, 0x3C, 0xE0, 0xE0, 0xE0, 0xE0, 0xE0, 0xE0, 0xE0, 0x71, 0xC0, 0x71, 0xC0, 0x71,
        0x80, 0x3B, 0x80, 0x3B, 0x80, 0x1B, 0x00, 0x1F, 0x00, 0x1F, 0x00, 0x0E, 0x00, 0xE1, 0xC3,
        0x80, 0xE1, 0xC3, 0x80, 0xE3, 0xC7, 0x00, 0x63, 0xC7, 0x00, 0x73, 0x67, 0x00, 0x73, 0x66,
        0x00, 0x76, 0x6E, 0x00, 0x36, 0x6E, 0x00, 0x3E, 0x3C, 0x00, 0x3E, 0x3C, 0x00, 0x1C, 0x3C,
        0x00, 0x1C, 0x3C, 0x00, 0xE1, 0xC0, 0x71, 0xC0, 0x73, 0x80, 0x3F, 0x00, 0x3F, 0x00, 0x1E,
        0x00, 0x1E, 0x00, 0x3F, 0x00, 0x33, 0x00, 0x73, 0x80, 0xE1, 0xC0, 0xE1, 0xC0, 0xE0, 0xE0,
        0xE0, 0xE0, 0xE0, 0xE0, 0x71, 0xC0, 0x71, 0xC0, 0x31, 0x80, 0x3B, 0x80, 0x3B, 0x80, 0x1F,
        0x00, 0x1F, 0x00, 0x0E, 0x00, 0x0E, 0x00, 0x0E, 0x00, 0x1C, 0x00, 0x7C, 0x00, 0x70, 0x00,
        0xFF, 0xC0, 0xFF, 0xC0, 0x03, 0x80, 0x07, 0x80, 0x07, 0x00, 0x0E, 0x00, 0x1C, 0x00, 0x3C,
        0x00, 0x78, 0x00, 0x70, 0x00, 0xFF, 0xC0, 0xFF, 0xC0, 0x0E, 0x1F, 0x3C, 0x38, 0x38, 0x38,
        0x38, 0x38, 0xF0, 0xE0, 0xF0, 0x78, 0x38, 0x38, 0x38, 0x38, 0x38, 0x3C, 0x1F, 0x0E, 0xE0,
        0xE0, 0xE0, 0xE0, 0xE0, 0xE0, 0xE0, 0xE0, 0xE0, 0xE0, 0xE0, 0xE0, 0xE0, 0xE0, 0xE0, 0xE0,
        0xE0, 0xE0, 0xE0, 0xE0, 0xE0, 0xE0, 0xE0, 0xE0, 0xE0, 0xE0, 0x70, 0xF8, 0x3C, 0x1C, 0x1C,
        0x1C, 0x1C, 0x1C, 0x0F, 0x07, 0x0F, 0x1E, 0x1C, 0x1C, 0x1C, 0x1C, 0x1C, 0x3C, 0xF8, 0x70,
        0x78, 0x70, 0xFE, 0xF0, 0xE7, 0xE0, 0xE1, 0xC0, 0x60, 0xF0, 0x60, 0x00, 0x00, 0xE0, 0xE0,
        0xE0, 0xE0, 0xE0, 0xE0, 0xE0, 0xE0, 0xE0, 0xE0, 0xE0, 0x04, 0x00, 0x04, 0x00, 0x1F, 0x00,
        0x3F, 0x80, 0x7D, 0xC0, 0xE4, 0xC0, 0xE4, 0x00, 0xE4, 0x00, 0xE4, 0x00, 0xE4, 0x00, 0xE4,
        0xC0, 0x75, 0xC0, 0x3F, 0xC0, 0x1F, 0x00, 0x04, 0x00, 0x04, 0x00, 0x07, 0x80, 0x1F, 0xE0,
        0x1C, 0xE0, 0x38, 0x70, 0x38, 0x00, 0x38, 0x00, 0x38, 0x00, 0xFF, 0x80, 0xFF, 0x80, 0x38,
        0x00, 0x38, 0x00, 0x38, 0x00, 0x38, 0x70, 0x70, 0x70, 0xFF, 0xF0, 0xFF, 0xE0, 0xCF, 0x98,
        0xFF, 0xF8, 0x70, 0x70, 0x60, 0x30, 0xC0, 0x18, 0xC0, 0x18, 0xC0, 0x18, 0xC0, 0x18, 0xC0,
        0x38, 0x60, 0x30, 0x78, 0xF8, 0xFF, 0xF8, 0x0F, 0x80, 0xE0, 0xE0, 0xE0, 0xE0, 0x71, 0xC0,
        0x71, 0xC0, 0x33, 0x80, 0x3B, 0x80, 0x1F, 0x00, 0x1F, 0x00, 0xFF, 0xC0, 0x7F, 0xC0, 0x0E,
        0x00, 0xFF, 0xC0, 0xFF, 0xC0, 0x0E, 0x00, 0x0E, 0x00, 0x0E, 0x00, 0xE0, 0xE0, 0xE0, 0xE0,
        0xE0, 0xE0, 0xE0, 0x00, 0x00, 0x00, 0x00, 0xE0, 0xE0, 0xE0, 0xE0, 0xE0, 0xE0, 0xE0, 0x1F,
        0x00, 0x3F, 0x80, 0x7B, 0x80, 0x71, 0x80, 0x70, 0x00, 0x38, 0x00, 0x1F, 0x00, 0x7F, 0x80,
        0xE3, 0xC0, 0xE0, 0xE0, 0xF0, 0xE0, 0x7C, 0xC0, 0x1F, 0x00, 0x07, 0x80, 0x03, 0xC0, 0x21,
        0xC0, 0x71, 0xC0, 0x7F, 0x80, 0x3F, 0x00, 0x42, 0xE7, 0xC6, 0x07, 0xF0, 0x00, 0x1F, 0xFC,
        0x00, 0x3C, 0x1E, 0x00, 0x7B, 0xCE, 0x00, 0x77, 0xE7, 0x00, 0xEE, 0x77, 0x00, 0xEC, 0x33,
        0x80, 0xEC, 0x03, 0x80, 0xEC, 0x03, 0x80, 0xEE, 0x33, 0x80, 0xE7, 0xF7, 0x00, 0x73, 0xE7,
        0x00, 0x38, 0x0E, 0x00, 0x3E, 0x3C, 0x00, 0x0F, 0xF8, 0x00, 0x03, 0xE0, 0x00, 0x3C, 0x7F,
        0x63, 0x03, 0x3F, 0xFB, 0xE3, 0xC7, 0xFF, 0x7B, 0x0E, 0x70, 0x1C, 0xE0, 0x39, 0xC0, 0x73,
        0x80, 0xF7, 0x00, 0xF7, 0x00, 0x73, 0x80, 0x39, 0xC0, 0x1C, 0xE0, 0x0E, 0x70, 0xFF, 0xC0,
        0xFF, 0xC0, 0x01, 0xC0, 0x01, 0xC0, 0x01, 0xC0, 0xFE, 0xFE, 0x0F, 0x00, 0x1F, 0xC0, 0x30,
        0xE0, 0x60, 0x30, 0xCF, 0x30, 0xC9, 0x98, 0xC9, 0x98, 0xCF, 0x18, 0xC9, 0x18, 0x69, 0xB0,
        0x70, 0x60, 0x3F, 0xC0, 0x0F, 0x80, 0xFC, 0xFC, 0x7C, 0x7C, 0xC6, 0xC6, 0xEE, 0x7C, 0x38,
        0x0E, 0x00, 0x0E, 0x00, 0x0E, 0x00, 0xFF, 0xE0, 0xFF, 0xE0, 0x0E, 0x00, 0x0E, 0x00, 0x0E,
        0x00, 0x00, 0x00, 0xFF, 0xE0, 0xFF, 0xE0, 0x3C, 0xFE, 0xC6, 0x06, 0x0E, 0x1C, 0x70, 0xFE,
        0xFE, 0x7C, 0xFE, 0x06, 0x3E, 0x3C, 0x06, 0xC6, 0xFE, 0x7C, 0x70, 0x60, 0xC0, 0xE0, 0xE0,
        0xE0, 0xE0, 0xE0, 0xE0, 0xE0, 0xE0, 0xE0, 0xE0, 0xE0, 0xE0, 0xE0, 0xE0, 0xE0, 0xE0, 0xE0,
        0xE0, 0xF1, 0xE0, 0xFF, 0xF0, 0xEE, 0x70, 0xE0, 0x00, 0xE0, 0x00, 0xE0, 0x00, 0xE0, 0x00,
        0x1F, 0xE0, 0x7F, 0xE0, 0x7C, 0xE0, 0xFC, 0xE0, 0xFC, 0xE0, 0xFC, 0xE0, 0xFC, 0xE0, 0x7C,
        0xE0, 0x7C, 0xE0, 0x1C, 0xE0, 0x00, 0xE0, 0x00, 0xE0, 0x00, 0xE0, 0x00, 0xE0, 0x00, 0xE0,
        0x00, 0xE0, 0xC0, 0xE0, 0xC0, 0xC0, 0xE0, 0x30, 0x30, 0xE0, 0x38, 0x78, 0xD8, 0x18, 0x18,
        0x18, 0x18, 0x18, 0x18, 0x1E, 0x00, 0x7F, 0x00, 0x63, 0x80, 0xE1, 0x80, 0xC1, 0x80, 0xC1,
        0x80, 0xE1, 0x80, 0x63, 0x80, 0x7F, 0x00, 0x1E, 0x00, 0xE7, 0x00, 0x73, 0x80, 0x39, 0xC0,
        0x1C, 0xE0, 0x0E, 0xF0, 0x0E, 0xF0, 0x1C, 0xE0, 0x39, 0xC0, 0x73, 0x80, 0xE7, 0x00, 0x70,
        0x0C, 0x00, 0xF0, 0x0C, 0x00, 0xB0, 0x18, 0x00, 0x30, 0x30, 0x00, 0x30, 0x70, 0x00, 0x30,
        0x60, 0x00, 0x30, 0xC0, 0x00, 0x31, 0x82, 0x00, 0x31, 0x87, 0x00, 0x03, 0x0F, 0x00, 0x06,
        0x1F, 0x00, 0x06, 0x1B, 0x00, 0x0C, 0x33, 0x00, 0x18, 0x3F, 0x80, 0x18, 0x3F, 0x80, 0x30,
        0x03, 0x00, 0x70, 0x0C, 0x00, 0xF0, 0x18, 0x00, 0xB0, 0x30, 0x00, 0x30, 0x30, 0x00, 0x30,
        0x60, 0x00, 0x30, 0xC0, 0x00, 0x30, 0xC0, 0x00, 0x31, 0x86, 0x00, 0x33, 0x1F, 0x80, 0x03,
        0x19, 0x80, 0x06, 0x01, 0x80, 0x0C, 0x03, 0x00, 0x0C, 0x06, 0x00, 0x18, 0x0C, 0x00, 0x30,
        0x1F, 0x80, 0x30, 0x1F, 0x80, 0x3C, 0x03, 0x00, 0x7E, 0x03, 0x00, 0xE6, 0x06, 0x00, 0x06,
        0x0C, 0x00, 0x1C, 0x1C, 0x00, 0x0E, 0x18, 0x00, 0x06, 0x30, 0x00, 0xEE, 0x70, 0x00, 0x7C,
        0x61, 0xC0, 0x00, 0xC3, 0xC0, 0x01, 0x87, 0xC0, 0x01, 0x86, 0xC0, 0x03, 0x0C, 0xC0, 0x06,
        0x0F, 0xE0, 0x0E, 0x0F, 0xE0, 0x0C, 0x00, 0xC0, 0x0C, 0x00, 0x1E, 0x00, 0x0C, 0x00, 0x00,
        0x00, 0x00, 0x00, 0x0E, 0x00, 0x0E, 0x00, 0x1C, 0x00, 0x3C, 0x00, 0x70, 0x00, 0xE0, 0x00,
        0xE0, 0x00, 0xE1, 0xC0, 0xF3, 0xC0, 0x7F, 0x80, 0x1E, 0x00, 0x0E, 0x00, 0x06, 0x00, 0x03,
        0x00, 0x00, 0x00, 0x07, 0x80, 0x07, 0x80, 0x0F, 0xC0, 0x0F, 0xC0, 0x0C, 0xC0, 0x1C, 0xE0,
        0x1C, 0xE0, 0x1C, 0xE0, 0x38, 0x70, 0x38, 0x70, 0x3F, 0xF0, 0x7F, 0xF8, 0x70, 0x38, 0x70,
        0x38, 0xE0, 0x1C, 0xE0, 0x1C, 0x01, 0xC0, 0x01, 0x80, 0x03, 0x00, 0x00, 0x00, 0x07, 0x80,
        0x07, 0x80, 0x0F, 0xC0, 0x0F, 0xC0, 0x0C, 0xC0, 0x1C, 0xE0, 0x1C, 0xE0, 0x1C, 0xE0, 0x38,
        0x70, 0x38, 0x70, 0x3F, 0xF0, 0x7F, 0xF8, 0x70, 0x38, 0x70, 0x38, 0xE0, 0x1C, 0xE0, 0x1C,
        0x03, 0x00, 0x07, 0x80, 0x0C, 0xC0, 0x08, 0x40, 0x00, 0x00, 0x07, 0x80, 0x07, 0x80, 0x0F,
        0xC0, 0x0F, 0xC0, 0x0C, 0xC0, 0x1C, 0xE0, 0x1C, 0xE0, 0x1C, 0xE0, 0x38, 0x70, 0x38, 0x70,
        0x3F, 0xF0, 0x7F, 0xF8, 0x70, 0x38, 0x70, 0x38, 0xE0, 0x1C, 0xE0, 0x1C, 0x06, 0x40, 0x0F,
        0xC0, 0x09, 0x80, 0x00, 0x00, 0x00, 0x00, 0x07, 0x80, 0x07, 0x80, 0x0F, 0xC0, 0x0F, 0xC0,
        0x0C, 0xC0, 0x1C, 0xE0, 0x1C, 0xE0, 0x1C, 0xE0, 0x38, 0x70, 0x38, 0x70, 0x3F, 0xF0, 0x7F,
        0xF8, 0x70, 0x38, 0x70, 0x38, 0xE0, 0x1C, 0xE0, 0x1C, 0x0C, 0x60, 0x1C, 0xE0, 0x08, 0x40,
        0x00, 0x00, 0x07, 0x80, 0x07, 0xC0, 0x0F, 0xC0, 0x0F, 0xC0, 0x0D, 0xE0, 0x1C, 0xE0, 0x1C,
        0xE0, 0x1C, 0xE0, 0x38, 0x70, 0x38, 0x70, 0x3F, 0xF0, 0x7F, 0xF8, 0x70, 0x38, 0x70, 0x38,
        0xE0, 0x1C, 0xE0, 0x1C, 0x07, 0x80, 0x0C, 0xC0, 0x0C, 0xC0, 0x0C, 0xC0, 0x07, 0x80, 0x00,
        0x00, 0x07, 0x80, 0x07, 0x80, 0x0F, 0xC0, 0x0F, 0xC0, 0x0C, 0xC0, 0x1C, 0xE0, 0x1C, 0xE0,
        0x1C, 0xE0, 0x38, 0x70, 0x38, 0x70, 0x3F, 0xF0, 0x7F, 0xF8, 0x70, 0x38, 0x70, 0x38, 0xE0,
        0x1C, 0xE0, 0x1C, 0x01, 0xFF, 0xF8, 0x03, 0xFF, 0xF8, 0x03, 0xB8, 0x00, 0x07, 0x38, 0x00,
        0x07, 0x38, 0x00, 0x0E, 0x38, 0x00, 0x0E, 0x38, 0x00, 0x0E, 0x3F, 0xF0, 0x1C, 0x3F, 0xF0,
        0x1C, 0x38, 0x00, 0x3F, 0xF8, 0x00, 0x3F, 0xF8, 0x00, 0x70, 0x38, 0x00, 0x70, 0x38, 0x00,
        0xF0, 0x3F, 0xF8, 0xE0, 0x3F, 0xF8, 0x07, 0xC0, 0x1F, 0xF0, 0x3C, 0x78, 0x70, 0x3C, 0x70,
        0x1C, 0xE0, 0x00, 0xE0, 0x00, 0xE0, 0x00, 0xE0, 0x00, 0xE0, 0x00, 0xE0, 0x00, 0x70, 0x1C,
        0x70, 0x3C, 0x3C, 0x78, 0x1F, 0xF0, 0x07, 0xC0, 0x03, 0x00, 0x01, 0xC0, 0x00, 0xC0, 0x03,
        0xC0, 0x38, 0x00, 0x1C, 0x00, 0x0C, 0x00, 0x00, 0x00, 0xFF, 0xE0, 0xFF, 0xE0, 0xE0, 0x00,
        0xE0, 0x00, 0xE0, 0x00, 0xE0, 0x00, 0xE0, 0x00, 0xFF, 0xC0, 0xFF, 0xC0, 0xE0, 0x00, 0xE0,
        0x00, 0xE0, 0x00, 0xE0, 0x00, 0xE0, 0x00, 0xFF, 0xE0, 0xFF, 0xE0, 0x07, 0x00, 0x06, 0x00,
        0x0E, 0x00, 0x00, 0x00, 0xFF, 0xE0, 0xFF, 0xE0, 0xE0, 0x00, 0xE0, 0x00, 0xE0, 0x00, 0xE0,
        0x00, 0xE0, 0x00, 0xFF, 0xC0, 0xFF, 0xC0, 0xE0, 0x00, 0xE0, 0x00, 0xE0, 0x00, 0xE0, 0x00,
        0xE0, 0x00, 0xFF, 0xE0, 0xFF, 0xE0, 0x04, 0x00, 0x1E, 0x00, 0x3B, 0x00, 0x21, 0x00, 0x00,
        0x00, 0xFF, 0xE0, 0xFF, 0xE0, 0xE0, 0x00, 0xE0, 0x00, 0xE0, 0x00, 0xE0, 0x00, 0xE0, 0x00,
        0xFF, 0xC0, 0xFF, 0xC0, 0xE0, 0x00, 0xE0, 0x00, 0xE0, 0x00, 0xE0, 0x00, 0xE0, 0x00, 0xFF,
        0xE0, 0xFF, 0xE0, 0x31, 0x80, 0x73, 0x80, 0x21, 0x00, 0x00, 0x00, 0xFF, 0xE0, 0xFF, 0xE0,
        0xE0, 0x00, 0xE0, 0x00, 0xE0, 0x00, 0xE0, 0x00, 0xE0, 0x00, 0xFF, 0xC0, 0xFF, 0xC0, 0xE0,
        0x00, 0xE0, 0x00, 0xE0, 0x00, 0xE0, 0x00, 0xE0, 0x00, 0xFF, 0xE0, 0xFF, 0xE0, 0xC0, 0xE0,
        0x60, 0x00, 0x70, 0x70, 0x70, 0x70, 0x70, 0x70, 0x70, 0x70, 0x70, 0x70, 0x70, 0x70, 0x70,
        0x70, 0x70, 0x70, 0x30, 0x60, 0x60, 0x00, 0xE0, 0xE0, 0xE0, 0xE0, 0xE0, 0xE0, 0xE0, 0xE0,
        0xE0, 0xE0, 0xE0, 0xE0, 0xE0, 0xE0, 0xE0, 0xE0, 0x10, 0x7C, 0xEC, 0x84, 0x00, 0x38, 0x38,
        0x38, 0x38, 0x38, 0x38, 0x38, 0x38, 0x38, 0x38, 0x38, 0x38, 0x38, 0x38, 0x38, 0x38, 0xC6,
        0xE7, 0x42, 0x00, 0x38, 0x38, 0x38, 0x38, 0x38, 0x38, 0x38, 0x38, 0x38, 0x38, 0x38, 0x38,
        0x38, 0x38, 0x38, 0x38, 0x3F, 0xC0, 0x3F, 0xF0, 0x38, 0x78, 0x38, 0x1C, 0x38, 0x1C, 0x38,
        0x0E, 0x38, 0x0E, 0xFF, 0x0E, 0xFF, 0x0E, 0x38, 0x0E, 0x38, 0x0E, 0x38, 0x1C, 0x38, 0x1C,
        0x38, 0x78, 0x3F, 0xF0, 0x3F, 0xC0, 0x0E, 0x40, 0x0F, 0xC0, 0x19, 0xC0, 0x00, 0x00, 0x00,
        0x00, 0xF0, 0x1C, 0xF0, 0x1C, 0xF8, 0x1C, 0xFC, 0x1C, 0xFC, 0x1C, 0xEE, 0x1C, 0xEF, 0x1C,
        0xE7, 0x1C, 0xE3, 0x9C, 0xE3, 0xDC, 0xE1, 0xDC, 0xE0, 0xFC, 0xE0, 0xFC, 0xE0, 0x7C, 0xE0,
        0x3C, 0xE0, 0x3C, 0x06, 0x00, 0x07, 0x00, 0x03, 0x00, 0x00, 0x00, 0x00, 0x00, 0x07, 0xC0,
        0x1F, 0xF0, 0x3C, 0x78, 0x70, 0x3C, 0x70, 0x1C, 0xE0, 0x0E, 0xE0, 0x0E, 0xE0, 0x0E, 0xE0,
        0x0E, 0xE0, 0x0E, 0xE0, 0x0E, 0x70, 0x1C, 0x70, 0x3C, 0x3C, 0x78, 0x1F, 0xF0, 0x07, 0xC0,
        0x00, 0xC0, 0x01, 0xC0, 0x01, 0x80, 0x00, 0x00, 0x00, 0x00, 0x07, 0xC0, 0x1F, 0xF0, 0x3C,
        0x78, 0x70, 0x3C, 0x70, 0x1C, 0xE0, 0x0E, 0xE0, 0x0E, 0xE0, 0x0E, 0xE0, 0x0E, 0xE0, 0x0E,
        0xE0, 0x0E, 0x70, 0x1C, 0x70, 0x3C, 0x3C, 0x78, 0x1F, 0xF0, 0x07, 0xC0, 0x03, 0x80, 0x07,
        0xC0, 0x0E, 0xE0, 0x08, 0x60, 0x00, 0x00, 0x07, 0xC0, 0x1F, 0xF0, 0x3C, 0x78, 0x70, 0x3C,
        0x70, 0x1C, 0xE0, 0x0E, 0xE0, 0x0E, 0xE0, 0x0E, 0xE0, 0x0E, 0xE0, 0x0E, 0xE0, 0x0E, 0x70,
        0x1C, 0x70, 0x3C, 0x3C, 0x78, 0x1F, 0xF0, 0x07, 0xC0, 0x06, 0x60, 0x0F, 0xE0, 0x08, 0xC0,
        0x00, 0x00, 0x00, 0x00, 0x07, 0xC0, 0x1F, 0xF0, 0x3C, 0x78, 0x70, 0x3C, 0x70, 0x1C, 0xE0,
        0x0E, 0xE0, 0x0E, 0xE0, 0x0E, 0xE0, 0x0E, 0xE0, 0x0E, 0xE0, 0x0E, 0x70, 0x1C, 0x70, 0x3C,
        0x3C, 0x78, 0x1F, 0xF0, 0x07, 0xC0, 0x04, 0x40, 0x0E, 0xE0, 0x0C, 0x60, 0x00, 0x00, 0x00,
        0x00, 0x07, 0xC0, 0x1F, 0xF0, 0x3C, 0x78, 0x70, 0x3C, 0x70, 0x1C, 0xE0, 0x0E, 0xE0, 0x0E,
        0xE0, 0x0E, 0xE0, 0x0E, 0xE0, 0x0E, 0xE0, 0x0E, 0x70, 0x1C, 0x70, 0x3C, 0x3C, 0x78, 0x1F,
        0xF0, 0x07, 0xC0, 0x60, 0xC0, 0xF1, 0xC0, 0x7B, 0x80, 0x3F, 0x00, 0x1F, 0x00, 0x1F, 0x00,
        0x3F, 0x80, 0x73, 0xC0, 0xE1, 0xE0, 0x40, 0xC0, 0x07, 0xCC, 0x1F, 0xF8, 0x3C, 0x78, 0x70,
        0x3C, 0x70, 0x7C, 0xE0, 0xCE, 0xE1, 0xCE, 0xE1, 0x8E, 0xE3, 0x0E, 0xE6, 0x0E, 0xE6, 0x0E,
        0x7C, 0x1C, 0x78, 0x3C, 0x3C, 0x78, 0x3F, 0xF0, 0x67, 0xC0, 0x0C, 0x00, 0x0E, 0x00, 0x06,
        0x00, 0x00, 0x00, 0x00, 0x00, 0xE0, 0x38, 0xE0, 0x38, 0xE0, 0x38, 0xE0, 0x38, 0xE0, 0x38,
        0xE0, 0x38, 0xE0, 0x38, 0xE0, 0x38, 0xE0, 0x38, 0xE0, 0x38, 0xE0, 0x38, 0xE0, 0x38, 0xF0,
        0x78, 0x78, 0xF0, 0x3F, 0xE0, 0x0F, 0x80, 0x01, 0x80, 0x03, 0x80, 0x03, 0x00, 0x00, 0x00,
        0x00, 0x00, 0xE0, 0x38, 0xE0, 0x38, 0xE0, 0x38, 0xE0, 0x38, 0xE0, 0x38, 0xE0, 0x38, 0xE0,
        0x38, 0xE0, 0x38, 0xE0, 0x38, 0xE0, 0x38, 0xE0, 0x38, 0xE0, 0x38, 0xF0, 0x78, 0x78, 0xF0,
        0x3F, 0xE0, 0x0F, 0x80, 0x07, 0x00, 0x0F, 0x80, 0x1D, 0xC0, 0x10, 0x40, 0x00, 0x00, 0xE0,
        0x38, 0xE0, 0x38, 0xE0, 0x38, 0xE0, 0x38, 0xE0, 0x38, 0xE0, 0x38, 0xE0, 0x38, 0xE0, 0x38,
        0xE0, 0x38, 0xE0, 0x38, 0xE0, 0x38, 0xE0, 0x38, 0xF0, 0x78, 0x7F, 0xF0, 0x3F, 0xE0, 0x0F,
        0x80, 0x08, 0x80, 0x1D, 0xC0, 0x18, 0xC0, 0x00, 0x00, 0x00, 0x00, 0xE0, 0x38, 0xE0, 0x38,
        0xE0, 0x38, 0xE0, 0x38, 0xE0, 0x38, 0xE0, 0x38, 0xE0, 0x38, 0xE0, 0x38, 0xE0, 0x38, 0xE0,
        0x38, 0xE0, 0x38, 0xE0, 0x38, 0xF0, 0x78, 0x78, 0xF0, 0x3F, 0xE0, 0x0F, 0x80, 0x00, 0xC0,
        0x01, 0x80, 0x01, 0x80, 0x00, 0x00, 0xF0, 0x1C, 0x70, 0x1C, 0x38, 0x38, 0x38, 0x78, 0x1C,
        0x70, 0x1E, 0xE0, 0x0E, 0xE0, 0x07, 0xC0, 0x07, 0xC0, 0x03, 0x80, 0x03, 0x80, 0x03, 0x80,
        0x03, 0x80, 0x03, 0x80, 0x03, 0x80, 0x03, 0x80, 0xE0, 0x00, 0xE0, 0x00, 0xE0, 0x00, 0xFF,
        0x00, 0xFF, 0xC0, 0xE1, 0xC0, 0xE0, 0xE0, 0xE0, 0xE0, 0xE0, 0xE0, 0xE0, 0xE0, 0xE1, 0xC0,
        0xFF, 0xC0, 0xFF, 0x00, 0xE0, 0x00, 0xE0, 0x00, 0xE0, 0x00, 0x1F, 0x00, 0x7F, 0xC0, 0xF1,
        0xC0, 0xE0, 0xE0, 0xE0, 0xE0, 0xE0, 0xE0, 0xE1, 0xC0, 0xE7, 0x80, 0xE7, 0xC0, 0xE0, 0xE0,
        0xE0, 0x70, 0xE0, 0x70, 0xE0, 0x70, 0xE0, 0xE0, 0xE7, 0xE0, 0xE7, 0x80, 0x18, 0x00, 0x1C,
        0x00, 0x0C, 0x00, 0x00, 0x00, 0x00, 0x00, 0x1F, 0x00, 0x7F, 0x80, 0x73, 0xC0, 0x21, 0xC0,
        0x01, 0xC0, 0x3F, 0xC0, 0x7D, 0xC0, 0xE1, 0xC0, 0xE1, 0xC0, 0xF3, 0xC0, 0x7F, 0xC0, 0x3D,
        0xC0, 0x07, 0x00, 0x06, 0x00, 0x04, 0x00, 0x00, 0x00, 0x00, 0x00, 0x1F, 0x00, 0x7F, 0x80,
        0x73, 0xC0, 0x21, 0xC0, 0x01, 0xC0, 0x3F, 0xC0, 0x7D, 0xC0, 0xE1, 0xC0, 0xE1, 0xC0, 0xF3,
        0xC0, 0x7F, 0xC0, 0x3D, 0xC0, 0x0E, 0x00, 0x1F, 0x00, 0x33, 0x80, 0x00, 0x00, 0x00, 0x00,
        0x1F, 0x00, 0x7F, 0x80, 0x73, 0xC0, 0x21, 0xC0, 0x01, 0xC0, 0x3F, 0xC0, 0x7D, 0xC0, 0xE1,
        0xC0, 0xE1, 0xC0, 0xF3, 0xC0, 0x7F, 0xC0, 0x3D, 0xC0, 0x19, 0x00, 0x3F, 0x00, 0x23, 0x00,
        0x00, 0x00, 0x00, 0x00, 0x1F, 0x00, 0x7F, 0x80, 0x73, 0xC0, 0x21, 0xC0, 0x01, 0xC0, 0x3F,
        0xC0, 0x7D, 0xC0, 0xE1, 0xC0, 0xE1, 0xC0, 0xF3, 0xC0, 0x7F, 0xC0, 0x3D, 0xC0, 0x31, 0x80,
        0x3B, 0x80, 0x11, 0x00, 0x00, 0x00, 0x00, 0x00, 0x1F, 0x00, 0x7F, 0x80, 0x73, 0xC0, 0x21,
        0xC0, 0x01, 0xC0, 0x3F, 0xC0, 0x7D, 0xC0, 0xE1, 0xC0, 0xE1, 0xC0, 0xF3, 0xC0, 0x7F, 0xC0,
        0x3D, 0xC0, 0x1F, 0x00, 0x31, 0x80, 0x31, 0x80, 0x1B, 0x00, 0x0E, 0x00, 0x00, 0x00, 0x1F,
        0x00, 0x7F, 0x80, 0x73, 0xC0, 0x21, 0xC0, 0x01, 0xC0, 0x3F, 0xC0, 0x7D, 0xC0, 0xE1, 0xC0,
        0xE1, 0xC0, 0xF3, 0xC0, 0x7F, 0xC0, 0x3D, 0xC0, 0x1E, 0x3E, 0x00, 0x7F, 0xFF, 0x80, 0x73,
        0xE3, 0xC0, 0x01, 0xC1, 0xC0, 0x01, 0xC1, 0xC0, 0x3F, 0xFF, 0xC0, 0x7F, 0xFF, 0xC0, 0xE1,
        0xC0, 0x00, 0xE1, 0xC0, 0x80, 0xF3, 0xE3, 0xC0, 0x7F, 0x7F, 0x80, 0x3C, 0x3F, 0x00, 0x1F,
        0x00, 0x3F, 0xC0, 0x79, 0xE0, 0xF0, 0xE0, 0xE0, 0x00, 0xE0, 0x00, 0xE0, 0x00, 0xE0, 0x00,
        0xF0, 0xE0, 0x79, 0xE0, 0x3F, 0xC0, 0x1F, 0x00, 0x06, 0x00, 0x07, 0x80, 0x01, 0x80, 0x07,
        0x00, 0x18, 0x00, 0x0C, 0x00, 0x0C, 0x00, 0x00, 0x00, 0x00, 0x00, 0x1F, 0x00, 0x3F, 0x80,
        0x71, 0xC0, 0xE0, 0xE0, 0xE0, 0xE0, 0xFF, 0xE0, 0xFF, 0xE0, 0xE0, 0x00, 0xE0, 0x00, 0x79,
        0xE0, 0x3F, 0xC0, 0x1F, 0x00, 0x03, 0x00, 0x06, 0x00, 0x06, 0x00, 0x00, 0x00, 0x00, 0x00,
        0x1F, 0x00, 0x3F, 0x80, 0x71, 0xC0, 0xE0, 0xE0, 0xE0, 0xE0, 0xFF, 0xE0, 0xFF, 0xE0, 0xE0,
        0x00, 0xE0, 0x00, 0x79, 0xE0, 0x3F, 0xC0, 0x1F, 0x00, 0x0E, 0x00, 0x1F, 0x00, 0x31, 0x80,
        0x00, 0x00, 0x00, 0x00, 0x1F, 0x00, 0x3F, 0x80, 0x71, 0xC0, 0xE0, 0xE0, 0xE0, 0xE0, 0xFF,
        0xE0, 0xFF, 0xE0, 0xE0, 0x00, 0xE0, 0x00, 0x79, 0xE0, 0x3F, 0xC0, 0x1F, 0x00, 0x31, 0x80,
        0x3B, 0x80, 0x11, 0x00, 0x00, 0x00, 0x00, 0x00, 0x1F, 0x00, 0x3F, 0x80, 0x71, 0xC0, 0xE0,
        0xE0, 0xE0, 0xE0, 0xFF, 0xE0, 0xFF, 0xE0, 0xE0, 0x00, 0xE0, 0x00, 0x79, 0xE0, 0x3F, 0xC0,
        0x1F, 0x00, 0xC0, 0xE0, 0x60, 0x00, 0x70, 0x70, 0x70, 0x70, 0x70, 0x70, 0x70, 0x70, 0x70,
        0x70, 0x70, 0x70, 0x30, 0x70, 0x60, 0x00, 0xE0, 0xE0, 0xE0, 0xE0, 0xE0, 0xE0, 0xE0, 0xE0,
        0xE0, 0xE0, 0xE0, 0xE0, 0x10, 0x7C, 0xEE, 0x84, 0x00, 0x38, 0x38, 0x38, 0x38, 0x38, 0x38,
        0x38, 0x38, 0x38, 0x38, 0x38, 0x38, 0xC6, 0xE7, 0x42, 0x00, 0x00, 0x38, 0x38, 0x38, 0x38,
        0x38, 0x38, 0x38, 0x38, 0x38, 0x38, 0x38, 0x38, 0x10, 0x00, 0x3D, 0x80, 0x0F, 0x00, 0x1F,
        0x00, 0x33, 0x80, 0x01, 0xC0, 0x3F, 0xC0, 0x7F, 0xC0, 0x71, 0xE0, 0xE0, 0xE0, 0xE0, 0xE0,
        0xE0, 0xE0, 0xE0, 0xE0, 0xE0, 0xE0, 0x71, 0xC0, 0x3F, 0x80, 0x1F, 0x00, 0x19, 0x80, 0x3F,
        0x80, 0x23, 0x00, 0x00, 0x00, 0x00, 0x00, 0xE7, 0x80, 0xFF, 0xC0, 0xF1, 0xC0, 0xE0, 0xE0,
        0xE0, 0xE0, 0xE0, 0xE0, 0xE0, 0xE0, 0xE0, 0xE0, 0xE0, 0xE0, 0xE0, 0xE0, 0xE0, 0xE0, 0xE0,
        0xE0, 0x1C, 0x00, 0x0C, 0x00, 0x0E, 0x00, 0x00, 0x00, 0x00, 0x00, 0x1F, 0x00, 0x3F, 0xC0,
        0x79, 0xE0, 0xF0, 0xE0, 0xE0, 0x70, 0xE0, 0x70, 0xE0, 0x70, 0xE0, 0x70, 0xF0, 0xE0, 0x79,
        0xE0, 0x3F, 0xC0, 0x1F, 0x00, 0x03, 0x80, 0x03, 0x00, 0x06, 0x00, 0x00, 0x00, 0x00, 0x00,
        0x1F, 0x00, 0x3F, 0xC0, 0x79, 0xE0, 0xF0, 0xE0, 0xE0, 0x70, 0xE0, 0x70, 0xE0, 0x70, 0xE0,
        0x70, 0xF0, 0xE0, 0x79, 0xE0, 0x3F, 0xC0, 0x1F, 0x00, 0x0F, 0x00, 0x1F, 0x80, 0x39, 0xC0,
        0x00, 0x00, 0x00, 0x00, 0x1F, 0x00, 0x3F, 0xC0, 0x79, 0xE0, 0xF0, 0xE0, 0xE0, 0x70, 0xE0,
        0x70, 0xE0, 0x70, 0xE0, 0x70, 0xF0, 0xE0, 0x79, 0xE0, 0x3F, 0xC0, 0x1F, 0x00, 0x1C, 0x80,
        0x3F, 0x80, 0x33, 0x00, 0x00, 0x00, 0x00, 0x00, 0x1F, 0x00, 0x3F, 0xC0, 0x79, 0xE0, 0xF0,
        0xE0, 0xE0, 0x70, 0xE0, 0x70, 0xE0, 0x70, 0xE0, 0x70, 0xF0, 0xE0, 0x79, 0xE0, 0x3F, 0xC0,
        0x1F, 0x00, 0x31, 0x80, 0x39, 0xC0, 0x10, 0x80, 0x00, 0x00, 0x00, 0x00, 0x1F, 0x00, 0x3F,
        0xC0, 0x79, 0xE0, 0xF0, 0xE0, 0xE0, 0x70, 0xE0, 0x70, 0xE0, 0x70, 0xE0, 0x70, 0xF0, 0xE0,
        0x79, 0xE0, 0x3F, 0xC0, 0x1F, 0x00, 0x0C, 0x00, 0x0E, 0x00, 0x0C, 0x00, 0x00, 0x00, 0x00,
        0x00, 0xFF, 0xE0, 0xFF, 0xE0, 0x00, 0x00, 0x00, 0x00, 0x0C, 0x00, 0x0E, 0x00, 0x0C, 0x00,
        0x1F, 0x30, 0x3F, 0xE0, 0x79, 0xE0, 0xF1, 0xE0, 0xE3, 0xF0, 0xE3, 0x70, 0xE6, 0x70, 0xEC,
        0x70, 0xF8, 0xE0, 0x79, 0xE0, 0x7F, 0xC0, 0x5F, 0x00, 0x38, 0x00, 0x1C, 0x00, 0x0C, 0x00,
        0x00, 0x00, 0x00, 0x00, 0xE0, 0xE0, 0xE0, 0xE0, 0xE0, 0xE0, 0xE0, 0xE0, 0xE0, 0xE0, 0xE0,
        0xE0, 0xE0, 0xE0, 0xE0, 0xE0, 0xE0, 0xE0, 0xF1, 0xE0, 0x7E, 0xE0, 0x3C, 0xE0, 0x03, 0x00,
        0x07, 0x00, 0x06, 0x00, 0x00, 0x00, 0x00, 0x00, 0xE0, 0xE0, 0xE0, 0xE0, 0xE0, 0xE0, 0xE0,
        0xE0, 0xE0, 0xE0, 0xE0, 0xE0, 0xE0, 0xE0, 0xE0, 0xE0, 0xE0, 0xE0, 0xF1, 0xE0, 0x7E, 0xE0,
        0x3C, 0xE0, 0x0E, 0x00, 0x1F, 0x00, 0x3B, 0x80, 0x20, 0x80, 0x00, 0x00, 0xE0, 0xE0, 0xE0,
        0xE0, 0xE0, 0xE0, 0xE0, 0xE0, 0xE0, 0xE0, 0xE0, 0xE0, 0xE0, 0xE0, 0xE0, 0xE0, 0xE0, 0xE0,
        0xF3, 0xE0, 0x7E, 0xE0, 0x3C, 0xE0, 0x31, 0x80, 0x73, 0x80, 0x21, 0x00, 0x00, 0x00, 0x00,
        0x00, 0xE0, 0xE0, 0xE0, 0xE0, 0xE0, 0xE0, 0xE0, 0xE0, 0xE0, 0xE0, 0xE0, 0xE0, 0xE0, 0xE0,
        0xE0, 0xE0, 0xE0, 0xE0, 0xF1, 0xE0, 0x7E, 0xE0, 0x3C, 0xE0, 0x03, 0x00, 0x07, 0x00, 0x06,
        0x00, 0x00, 0x00, 0x00, 0x00, 0xE0, 0xE0, 0xE0, 0xE0, 0xE0, 0xE0, 0x71, 0xC0, 0x71, 0xC0,
        0x31, 0x80, 0x3B, 0x80, 0x3B, 0x80, 0x1F, 0x00, 0x1F, 0x00, 0x0E, 0x00, 0x0E, 0x00, 0x0E,
        0x00, 0x1C, 0x00, 0x7C, 0x00, 0x70, 0x00, 0xE0, 0x00, 0xE0, 0x00, 0xE0, 0x00, 0xE0, 0x00,
        0xEF, 0x00, 0xFF, 0xC0, 0xF1, 0xC0, 0xE0, 0xE0, 0xE0, 0xE0, 0xE0, 0xE0, 0xE0, 0xE0, 0xE0,
        0xE0, 0xE0, 0xE0, 0xF1, 0xC0, 0xFF, 0xC0, 0xEF, 0x00, 0xE0, 0x00, 0xE0, 0x00, 0xE0, 0x00,
        0xE0, 0x00, 0x31, 0x80, 0x39, 0xC0, 0x10, 0x80, 0x00, 0x00, 0x00, 0x00, 0xE0, 0x70, 0xE0,
        0x60, 0x70, 0xE0, 0x70, 0xE0, 0x71, 0xC0, 0x39, 0xC0, 0x39, 0x80, 0x1B, 0x80, 0x1F, 0x80,
        0x1F, 0x00, 0x0F, 0x00, 0x0E, 0x00, 0x0E, 0x00, 0x1E, 0x00, 0x7C, 0x00, 0x78, 0x00, 0xFF,
        0xE0, 0xFF, 0xE0, 0xFF, 0xFF, 0xFC, 0xFF, 0xFF, 0xFC, 0x70, 0x60, 0x60, 0x60, 0xE0, 0xE0,
        0x60, 0xE0, 0xE0, 0xC0, 0xC0, 0xC0, 0x70, 0x70, 0x60, 0x60, 0x60, 0xC0, 0x73, 0x63, 0x63,
        0x67, 0xE7, 0xE6, 0x67, 0xE7, 0xE6, 0xC6, 0xC6, 0xCC, 0x73, 0x80, 0x73, 0x00, 0x67, 0x00,
        0x67, 0x00, 0x66, 0x00, 0xC6, 0x00, 0x38, 0x7C, 0xFE, 0xFE, 0xFE, 0x7C, 0x38, 0xC0, 0xC1,
        0x80, 0xE1, 0xC3, 0x80, 0xC0, 0xC1, 0x80, 0x0E, 0x1C, 0x38, 0x70, 0xF0, 0xF0, 0x70, 0x38,
        0x1C, 0x0E, 0xE0, 0x70, 0x38, 0x1C, 0x0E, 0x0E, 0x1C, 0x38, 0x70, 0xE0, 0x03, 0xF0, 0x07,
        0xF8, 0x0F, 0x30, 0x1C, 0x00, 0x1C, 0x00, 0xFF, 0xE0, 0xFF, 0xE0, 0x38, 0x00, 0xFF, 0x80,
        0xFF, 0x80, 0x38, 0x00, 0x18, 0x00, 0x1C, 0x00, 0x0F, 0x30, 0x07, 0xF8, 0x03, 0xF0, 0xFB,
        0x30, 0x23, 0x30, 0x23, 0x30, 0x22, 0xD0, 0x22, 0xD0, 0x22, 0x10, 0xFF, 0xE0, 0xFF, 0xE0,
    ],
    line_height: 29,
};

// INTER_STANDARD_DETAIL: 12 px, cap 9, line height 17, gray 128, U+00AD as U+002D
pub static INTER_STANDARD_DETAIL: BitmapFont = BitmapFont {
    glyphs: &[
        Glyph::new(0, 0, 0, 3, 0, 0),
        Glyph::new(0, 1, 9, 4, 1, -9),
        Glyph::new(9, 3, 3, 6, 1, -9),
        Glyph::new(12, 7, 9, 8, 0, -9),
        Glyph::new(21, 6, 11, 8, 1, -10),
        Glyph::new(32, 9, 9, 12, 1, -9),
        Glyph::new(50, 6, 9, 8, 1, -9),
        Glyph::new(59, 1, 3, 4, 1, -9),
        Glyph::new(62, 2, 11, 4, 2, -9),
        Glyph::new(73, 2, 11, 4, 1, -9),
        Glyph::new(84, 5, 5, 6, 1, -9),
        Glyph::new(89, 6, 6, 8, 1, -7),
        Glyph::new(95, 2, 4, 4, 1, -1),
        Glyph::new(99, 4, 1, 6, 1, -4),
        Glyph::new(100, 1, 2, 4, 1, -2),
        Glyph::new(102, 4, 11, 4, 0, -10),
        Glyph::new(113, 6, 9, 8, 1, -9),
        Glyph::new(122, 3, 9, 5, 1, -9),
        Glyph::new(131, 6, 9, 7, 1, -9),
        Glyph::new(140, 6, 9, 8, 1, -9),
        Glyph::new(149, 6, 9, 8, 1, -9),
        Glyph::new(158, 6, 9, 7, 1, -9),
        Glyph::new(167, 6, 9, 8, 1, -9),
        Glyph::new(176, 6, 9, 7, 0, -9),
        Glyph::new(185, 6, 9, 8, 1, -9),
        Glyph::new(194, 6, 9, 8, 1, -9),
        Glyph::new(203, 1, 7, 4, 1, -7),
        Glyph::new(210, 2, 9, 4, 1, -6),
        Glyph::new(219, 5, 6, 8, 1, -7),
        Glyph::new(225, 5, 4, 8, 2, -6),
        Glyph::new(229, 5, 7, 8, 2, -7),
        Glyph::new(236, 5, 9, 6, 1, -9),
        Glyph::new(245, 10, 12, 12, 1, -9),
        Glyph::new(269, 9, 9, 9, 0, -9),
        Glyph::new(287, 6, 9, 8, 1, -9),
        Glyph::new(296, 7, 9, 9, 1, -9),
        Glyph::new(305, 7, 9, 9, 1, -9),
        Glyph::new(314, 5, 9, 7, 1, -9),
        Glyph::new(323, 5, 9, 7, 1, -9),
        Glyph::new(332, 7, 9, 9, 1, -9),
        Glyph::new(341, 7, 9, 9, 1, -9),
        Glyph::new(350, 1, 9, 3, 1, -9),
        Glyph::new(359, 5, 9, 7, 1, -9),
        Glyph::new(368, 6, 9, 8, 1, -9),
        Glyph::new(377, 5, 9, 7, 1, -9),
        Glyph::new(386, 9, 9, 11, 1, -9),
        Glyph::new(404, 7, 9, 9, 1, -9),
        Glyph::new(413, 8, 9, 9, 1, -9),
        Glyph::new(422, 6, 9, 8, 1, -9),
        Glyph::new(431, 8, 9, 9, 1, -9),
        Glyph::new(440, 6, 9, 8, 1, -9),
        Glyph::new(449, 6, 9, 8, 1, -9),
        Glyph::new(458, 7, 9, 8, 0, -9),
        Glyph::new(467, 7, 9, 9, 1, -9),
        Glyph::new(476, 8, 9, 9, 0, -9),
        Glyph::new(485, 12, 9, 12, 0, -9),
        Glyph::new(503, 7, 9, 8, 1, -9),
        Glyph::new(512, 7, 9, 8, 1, -9),
        Glyph::new(521, 6, 9, 8, 1, -9),
        Glyph::new(530, 2, 11, 4, 2, -9),
        Glyph::new(541, 4, 11, 4, 0, -10),
        Glyph::new(552, 3, 11, 4, 0, -9),
        Glyph::new(563, 4, 5, 6, 1, -10),
        Glyph::new(568, 6, 1, 6, 0, 0),
        Glyph::new(569, 2, 2, 4, 1, -10),
        Glyph::new(571, 5, 7, 7, 1, -7),
        Glyph::new(578, 6, 9, 7, 1, -9),
        Glyph::new(587, 5, 7, 7, 1, -7),
        Glyph::new(594, 6, 9, 7, 1, -9),
        Glyph::new(603, 6, 7, 7, 1, -7),
        Glyph::new(610, 4, 9, 5, 0, -9),
        Glyph::new(619, 6, 10, 7, 1, -7),
        Glyph::new(629, 5, 9, 7, 1, -9),
        Glyph::new(638, 1, 9, 3, 1, -9),
        Glyph::new(647, 2, 12, 3, 0, -9),
        Glyph::new(659, 5, 9, 7, 1, -9),
        Glyph::new(668, 1, 9, 3, 1, -9),
        Glyph::new(677, 9, 7, 11, 1, -7),
        Glyph::new(691, 5, 7, 7, 1, -7),
        Glyph::new(698, 6, 7, 7, 1, -7),
        Glyph::new(705, 6, 10, 7, 1, -7),
        Glyph::new(715, 6, 10, 7, 1, -7),
        Glyph::new(725, 3, 7, 5, 1, -7),
        Glyph::new(732, 5, 7, 6, 1, -7),
        Glyph::new(739, 3, 9, 4, 0, -9),
        Glyph::new(748, 5, 7, 7, 1, -7),
        Glyph::new(755, 6, 7, 7, 0, -7),
        Glyph::new(762, 9, 7, 10, 0, -7),
        Glyph::new(776, 5, 7, 7, 1, -7),
        Glyph::new(783, 6, 10, 7, 0, -7),
        Glyph::new(793, 5, 7, 7, 1, -7),
        Glyph::new(800, 5, 11, 5, 0, -9),
        Glyph::new(811, 1, 15, 4, 2, -12),
        Glyph::new(826, 4, 11, 5, 1, -9),
        Glyph::new(837, 6, 2, 8, 1, -5),
        Glyph::new(839, 0, 0, 3, 0, 0),
        Glyph::new(839, 1, 9, 4, 1, -7),
        Glyph::new(848, 5, 9, 7, 1, -9),
        Glyph::new(857, 6, 9, 7, 1, -9),
        Glyph::new(866, 7, 8, 9, 1, -8),
        Glyph::new(874, 6, 9, 7, 0, -9),
        Glyph::new(883, 1, 11, 4, 1, -9),
        Glyph::new(894, 5, 11, 7, 1, -9),
        Glyph::new(905, 4, 1, 7, 2, -9),
        Glyph::new(906, 9, 9, 11, 1, -9),
        Glyph::new(924, 5, 5, 5, 0, -9),
        Glyph::new(929, 5, 6, 7, 1, -7),
        Glyph::new(935, 5, 3, 8, 1, -5),
        Glyph::new(938, 4, 1, 6, 1, -4),
        Glyph::new(939, 7, 7, 8, 0, -9),
        Glyph::new(946, 3, 1, 6, 1, -9),
        Glyph::new(947, 4, 4, 5, 1, -9),
        Glyph::new(951, 6, 6, 8, 1, -7),
        Glyph::new(957, 4, 5, 5, 1, -10),
        Glyph::new(962, 4, 5, 5, 1, -10),
        Glyph::new(967, 2, 2, 4, 1, -10),
        Glyph::new(969, 6, 10, 7, 1, -7),
        Glyph::new(979, 6, 9, 7, 0, -9),
        Glyph::new(988, 1, 2, 4, 1, -5),
        Glyph::new(990, 2, 3, 4, 1, 0),
        Glyph::new(993, 2, 5, 4, 1, -10),
        Glyph::new(998, 5, 5, 6, 0, -9),
        Glyph::new(1003, 5, 6, 7, 1, -7),
        Glyph::new(1009, 9, 9, 10, 0, -9),
        Glyph::new(1027, 9, 9, 10, 1, -9),
        Glyph::new(1045, 10, 9, 11, 0, -9),
        Glyph::new(1063, 5, 10, 6, 1, -7),
        Glyph::new(1073, 9, 12, 9, 0, -12),
        Glyph::new(1097, 9, 12, 9, 0, -12),
        Glyph::new(1121, 9, 12, 9, 0, -12),
        Glyph::new(1145, 9, 12, 9, 0, -12),
        Glyph::new(1169, 7, 12, 9, 1, -12),
        Glyph::new(1181, 7, 13, 9, 1, -13),
        Glyph::new(1194, 11, 9, 12, 0, -9),
        Glyph::new(1212, 7, 12, 9, 1, -9),
        Glyph::new(1224, 5, 12, 7, 1, -12),
        Glyph::new(1236, 5, 12, 7, 1, -12),
        Glyph::new(1248, 5, 12, 7, 1, -12),
        Glyph::new(1260, 5, 12, 7, 1, -12),
        Glyph::new(1272, 2, 12, 3, 0, -12),
        Glyph::new(1284, 2, 12, 3, 1, -12),
        Glyph::new(1296, 3, 12, 3, 0, -12),
        Glyph::new(1308, 4, 12, 3, 0, -12),
        Glyph::new(1320, 8, 9, 9, 0, -9),
        Glyph::new(1329, 7, 12, 9, 1, -12),
        Glyph::new(1341, 8, 12, 9, 1, -12),
        Glyph::new(1353, 8, 12, 9, 1, -12),
        Glyph::new(1365, 8, 12, 9, 1, -12),
        Glyph::new(1377, 8, 12, 9, 1, -12),
        Glyph::new(1389, 8, 12, 9, 1, -12),
        Glyph::new(1401, 6, 5, 8, 1, -6),
        Glyph::new(1406, 8, 9, 9, 1, -9),
        Glyph::new(1415, 7, 12, 9, 1, -12),
        Glyph::new(1427, 7, 12, 9, 1, -12),
        Glyph::new(1439, 7, 12, 9, 1, -12),
        Glyph::new(1451, 7, 12, 9, 1, -12),
        Glyph::new(1463, 7, 12, 8, 1, -12),
        Glyph::new(1475, 6, 9, 8, 1, -9),
        Glyph::new(1484, 6, 9, 8, 1, -9),
        Glyph::new(1493, 5, 10, 7, 1, -10),
        Glyph::new(1503, 5, 10, 7, 1, -10),
        Glyph::new(1513, 5, 10, 7, 1, -10),
        Glyph::new(1523, 5, 10, 7, 1, -10),
        Glyph::new(1533, 5, 9, 7, 1, -9),
        Glyph::new(1542, 5, 11, 7, 1, -11),
        Glyph::new(1553, 10, 7, 11, 1, -7),
        Glyph::new(1567, 5, 10, 7, 1, -7),
        Glyph::new(1577, 6, 10, 7, 1, -10),
        Glyph::new(1587, 6, 10, 7, 1, -10),
        Glyph::new(1597, 6, 10, 7, 1, -10),
        Glyph::new(1607, 6, 9, 7, 1, -9),
        Glyph::new(1616, 2, 10, 3, 0, -10),
        Glyph::new(1626, 2, 10, 3, 1, -10),
        Glyph::new(1636, 3, 9, 3, 0, -9),
        Glyph::new(1645, 4, 9, 3, 0, -9),
        Glyph::new(1654, 6, 10, 7, 1, -10),
        Glyph::new(1664, 5, 10, 7, 1, -10),
        Glyph::new(1674, 6, 10, 7, 1, -10),
        Glyph::new(1684, 6, 10, 7, 1, -10),
        Glyph::new(1694, 6, 10, 7, 1, -10),
        Glyph::new(1704, 6, 10, 7, 1, -10),
        Glyph::new(1714, 6, 9, 7, 1, -9),
        Glyph::new(1723, 6, 7, 8, 1, -7),
        Glyph::new(1730, 6, 7, 7, 1, -7),
        Glyph::new(1737, 5, 10, 7, 1, -10),
        Glyph::new(1747, 5, 10, 7, 1, -10),
        Glyph::new(1757, 5, 9, 7, 1, -9),
        Glyph::new(1766, 5, 9, 7, 1, -9),
        Glyph::new(1775, 6, 13, 7, 0, -10),
        Glyph::new(1788, 6, 12, 7, 1, -9),
        Glyph::new(1800, 6, 12, 7, 0, -9),
        Glyph::new(1812, 6, 1, 6, 0, -4),
        Glyph::new(1813, 12, 1, 12, 0, -4),
        Glyph::new(1815, 2, 3, 3, 1, -9),
        Glyph::new(1818, 2, 4, 3, 1, -10),
        Glyph::new(1822, 1, 4, 3, 1, -1),
        Glyph::new(1826, 4, 3, 6, 1, -9),
        Glyph::new(1829, 4, 4, 6, 1, -10),
        Glyph::new(1833, 4, 4, 5, 1, -1),
        Glyph::new(1837, 4, 4, 6, 1, -6),
        Glyph::new(1841, 9, 2, 11, 1, -2),
        Glyph::new(1845, 3, 6, 5, 1, -7),
        Glyph::new(1851, 3, 6, 5, 1, -7),
        Glyph::new(1857, 6, 9, 8, 1, -9),
        Glyph::new(1866, 6, 3, 7, 1, -9),
        Glyph::new(1869, 6, 1, 8, 1, -4),
    ],
    bitmap: &[
        0x80, 0x80, 0x80, 0x80, 0x80, 0x80, 0x00, 0x80, 0x80, 0xA0, 0xA0, 0xA0, 0x26, 0x24, 0x7E,
        0x24, 0x24, 0xFE, 0x6C, 0x48, 0x48, 0x20, 0x78, 0xEC, 0xA0, 0xE0, 0x78, 0x2C, 0xA4, 0xEC,
        0x78, 0x20, 0xC0, 0x00, 0xE0, 0x00, 0xA0, 0x00, 0xE0, 0x00, 0x00, 0x00, 0x03, 0x00, 0x02,
        0x80, 0x03, 0x80, 0x03, 0x80, 0x30, 0x58, 0x48, 0x70, 0x60, 0xD4, 0x9C, 0xCC, 0x74, 0x80,
        0x80, 0x80, 0x40, 0x40, 0xC0, 0x80, 0x80, 0x80, 0x80, 0x80, 0xC0, 0x40, 0x40, 0x80, 0x80,
        0xC0, 0xC0, 0x40, 0x40, 0x40, 0x40, 0xC0, 0x80, 0x80, 0x20, 0xF8, 0x70, 0xF8, 0x20, 0x10,
        0x10, 0xFC, 0x10, 0x10, 0x10, 0xC0, 0x80, 0x80, 0x80, 0xF0, 0x80, 0x80, 0x10, 0x10, 0x30,
        0x20, 0x20, 0x20, 0x60, 0x40, 0x40, 0x40, 0xC0, 0x70, 0xC8, 0x8C, 0x84, 0x84, 0x84, 0x8C,
        0xC8, 0x70, 0x60, 0xE0, 0x20, 0x20, 0x20, 0x20, 0x20, 0x20, 0x20, 0x78, 0xCC, 0x84, 0x0C,
        0x08, 0x10, 0x20, 0x60, 0xFC, 0x78, 0x4C, 0x04, 0x0C, 0x38, 0x0C, 0x04, 0xCC, 0x78, 0x18,
        0x38, 0x28, 0x48, 0x48, 0x88, 0xFC, 0x08, 0x08, 0x7C, 0x40, 0x40, 0xF8, 0x4C, 0x04, 0x04,
        0xCC, 0x78, 0x78, 0x4C, 0x80, 0xB8, 0xCC, 0x84, 0x84, 0xCC, 0x78, 0xFC, 0x0C, 0x08, 0x18,
        0x10, 0x30, 0x20, 0x60, 0x40, 0x78, 0xCC, 0x84, 0xCC, 0x78, 0xCC, 0x84, 0xCC, 0x78, 0x70,
        0xC8, 0x84, 0x84, 0xCC, 0x7C, 0x0C, 0xC8, 0x70, 0x80, 0x80, 0x00, 0x00, 0x00, 0x80, 0x80,
        0x40, 0x40, 0x00, 0x00, 0x00, 0x40, 0x40, 0x00, 0x80, 0x08, 0x18, 0x60, 0xC0, 0x70, 0x18,
        0xF8, 0x00, 0x00, 0xF8, 0x80, 0xE0, 0x38, 0x08, 0x30, 0xC0, 0x80, 0x70, 0xD8, 0x08, 0x18,
        0x30, 0x20, 0x00, 0x20, 0x20, 0x1E, 0x00, 0x61, 0x80, 0x40, 0x80, 0xDE, 0xC0, 0xB6, 0x40,
        0xA2, 0x40, 0xA2, 0x40, 0xB6, 0xC0, 0x9B, 0x80, 0x40, 0x00, 0x60, 0x00, 0x1E, 0x00, 0x1C,
        0x00, 0x1C, 0x00, 0x14, 0x00, 0x36, 0x00, 0x22, 0x00, 0x3E, 0x00, 0x63, 0x00, 0x41, 0x00,
        0xC1, 0x80, 0xF8, 0x8C, 0x84, 0x8C, 0xF8, 0x8C, 0x84, 0x8C, 0xF8, 0x3C, 0x66, 0xC2, 0x80,
        0x80, 0x80, 0xC2, 0x46, 0x3C, 0xF8, 0x8C, 0x86, 0x82, 0x82, 0x82, 0x86, 0x8C, 0xF8, 0xF8,
        0x80, 0x80, 0x80, 0xF8, 0x80, 0x80, 0x80, 0xF8, 0xF8, 0x80, 0x80, 0x80, 0xF8, 0x80, 0x80,
        0x80, 0x80, 0x38, 0x44, 0x82, 0x80, 0x8E, 0x82, 0x86, 0x44, 0x38, 0x82, 0x82, 0x82, 0x82,
        0xFE, 0x82, 0x82, 0x82, 0x82, 0x80, 0x80, 0x80, 0x80, 0x80, 0x80, 0x80, 0x80, 0x80, 0x08,
        0x08, 0x08, 0x08, 0x08, 0x08, 0x88, 0xD8, 0x70, 0x84, 0x88, 0x90, 0xB0, 0xF0, 0xD0, 0x98,
        0x8C, 0x84, 0x80, 0x80, 0x80, 0x80, 0x80, 0x80, 0x80, 0x80, 0xF8, 0xC1, 0x80, 0xC3, 0x80,
        0xE3, 0x80, 0xA2, 0x80, 0xA6, 0x80, 0xB4, 0x80, 0x94, 0x80, 0x9C, 0x80, 0x88, 0x80, 0xC2,
        0xC2, 0xA2, 0xA2, 0x92, 0x9A, 0x8E, 0x86, 0x86, 0x3C, 0x66, 0xC3, 0x81, 0x81, 0x81, 0xC3,
        0x66, 0x3C, 0xF8, 0x8C, 0x84, 0x84, 0x8C, 0xF8, 0x80, 0x80, 0x80, 0x3C, 0x66, 0xC3, 0x81,
        0x81, 0x81, 0xCB, 0x6E, 0x3E, 0xF8, 0x8C, 0x84, 0x8C, 0xF8, 0x98, 0x88, 0x8C, 0x84, 0x78,
        0xCC, 0x80, 0xC0, 0x78, 0x0C, 0x84, 0xCC, 0x78, 0xFE, 0x10, 0x10, 0x10, 0x10, 0x10, 0x10,
        0x10, 0x10, 0x82, 0x82, 0x82, 0x82, 0x82, 0x82, 0x82, 0xC6, 0x78, 0xC1, 0x43, 0x62, 0x22,
        0x26, 0x34, 0x14, 0x1C, 0x18, 0xC6, 0x30, 0x46, 0x20, 0x46, 0x20, 0x6F, 0x60, 0x69, 0x60,
        0x29, 0x40, 0x39, 0xC0, 0x39, 0xC0, 0x10, 0x80, 0xC6, 0x44, 0x6C, 0x38, 0x38, 0x38, 0x6C,
        0x44, 0x82, 0x86, 0xC4, 0x6C, 0x28, 0x38, 0x10, 0x10, 0x10, 0x10, 0xFC, 0x0C, 0x08, 0x10,
        0x30, 0x20, 0x40, 0xC0, 0xFC, 0xC0, 0x80, 0x80, 0x80, 0x80, 0x80, 0x80, 0x80, 0x80, 0x80,
        0xC0, 0xC0, 0x40, 0x40, 0x40, 0x60, 0x20, 0x20, 0x20, 0x30, 0x10, 0x10, 0xE0, 0x20, 0x20,
        0x20, 0x20, 0x20, 0x20, 0x20, 0x20, 0x20, 0xE0, 0x60, 0x60, 0xA0, 0x90, 0x90, 0xFC, 0x80,
        0x40, 0x70, 0xC8, 0x08, 0x78, 0x88, 0x98, 0x68, 0x80, 0x80, 0xB8, 0xCC, 0x84, 0x84, 0x84,
        0xCC, 0xB8, 0x70, 0xC8, 0x80, 0x80, 0x80, 0xC8, 0x70, 0x04, 0x04, 0x74, 0xCC, 0x84, 0x84,
        0x84, 0xCC, 0x74, 0x78, 0xCC, 0x84, 0xFC, 0x80, 0xCC, 0x78, 0x70, 0x40, 0xF0, 0x40, 0x40,
        0x40, 0x40, 0x40, 0x40, 0x74, 0xCC, 0x84, 0x84, 0x84, 0xCC, 0x74, 0x04, 0xCC, 0x78, 0x80,
        0x80, 0xB0, 0xD8, 0x88, 0x88, 0x88, 0x88, 0x88, 0x80, 0x00, 0x80, 0x80, 0x80, 0x80, 0x80,
        0x80, 0x80, 0x40, 0x00, 0x40, 0x40, 0x40, 0x40, 0x40, 0x40, 0x40, 0x40, 0xC0, 0x80, 0x80,
        0x80, 0x98, 0xB0, 0xA0, 0xE0, 0xB0, 0x90, 0x88, 0x80, 0x80, 0x80, 0x80, 0x80, 0x80, 0x80,
        0x80, 0x80, 0xB3, 0x00, 0xDD, 0x80, 0x88, 0x80, 0x88, 0x80, 0x88, 0x80, 0x88, 0x80, 0x88,
        0x80, 0xF0, 0xD8, 0x88, 0x88, 0x88, 0x88, 0x88, 0x78, 0xCC, 0x84, 0x84, 0x84, 0xCC, 0x78,
        0xB8, 0xCC, 0x84, 0x84, 0x84, 0xCC, 0xB8, 0x80, 0x80, 0x80, 0x74, 0xCC, 0x84, 0x84, 0x84,
        0xCC, 0x74, 0x04, 0x04, 0x04, 0xA0, 0xC0, 0x80, 0x80, 0x80, 0x80, 0x80, 0x70, 0x98, 0x80,
        0x70, 0x18, 0x98, 0x70, 0x40, 0x40, 0xE0, 0x40, 0x40, 0x40, 0x40, 0x40, 0x60, 0x88, 0x88,
        0x88, 0x88, 0x88, 0xD8, 0x68, 0xC4, 0x44, 0x4C, 0x28, 0x28, 0x38, 0x10, 0xCC, 0x80, 0x4C,
        0x80, 0x4C, 0x80, 0x7D, 0x80, 0x33, 0x00, 0x33, 0x00, 0x33, 0x00, 0x88, 0xD8, 0x70, 0x70,
        0x70, 0xD8, 0x88, 0xC4, 0x44, 0x4C, 0x68, 0x28, 0x38, 0x30, 0x10, 0x30, 0x60, 0xF8, 0x18,
        0x10, 0x20, 0x60, 0xC0, 0xF8, 0x18, 0x30, 0x20, 0x20, 0x20, 0xC0, 0x60, 0x20, 0x20, 0x20,
        0x18, 0x80, 0x80, 0x80, 0x80, 0x80, 0x80, 0x80, 0x80, 0x80, 0x80, 0x80, 0x80, 0x80, 0x80,
        0x80, 0xC0, 0x60, 0x20, 0x20, 0x20, 0x10, 0x30, 0x20, 0x20, 0x60, 0xC0, 0x64, 0x9C, 0x80,
        0x80, 0x00, 0x80, 0x80, 0x80, 0x80, 0x80, 0x80, 0x20, 0x70, 0xE8, 0xE0, 0xA0, 0xA0, 0xE8,
        0x78, 0x20, 0x38, 0x6C, 0x40, 0x40, 0xF8, 0x40, 0x40, 0xC4, 0xFC, 0xFA, 0xCE, 0x86, 0x82,
        0x82, 0x86, 0xCE, 0xBA, 0xC4, 0x4C, 0x68, 0x38, 0x7C, 0x10, 0x7C, 0x10, 0x10, 0x80, 0x80,
        0x80, 0x80, 0x00, 0x00, 0x00, 0x80, 0x80, 0x80, 0x80, 0x70, 0x98, 0x80, 0x60, 0x90, 0x88,
        0xF8, 0x30, 0x18, 0x88, 0x70, 0x90, 0x3C, 0x00, 0x63, 0x00, 0xDD, 0x80, 0xB6, 0x80, 0xA0,
        0x80, 0xA6, 0x80, 0xDD, 0x80, 0x63, 0x00, 0x3E, 0x00, 0x70, 0x08, 0x78, 0xC8, 0x78, 0x28,
        0x58, 0xB0, 0xB0, 0x58, 0x28, 0xF8, 0x08, 0x08, 0xF0, 0x38, 0x4C, 0xF6, 0xBA, 0xEA, 0xEC,
        0x78, 0xE0, 0x60, 0xB0, 0x90, 0xE0, 0x20, 0x20, 0xFC, 0x20, 0x00, 0xFC, 0x60, 0x90, 0x30,
        0x40, 0xF0, 0x60, 0x10, 0x20, 0x10, 0xE0, 0x40, 0x80, 0x88, 0x88, 0x88, 0x88, 0x88, 0xD8,
        0xFC, 0x80, 0x80, 0x80, 0x7C, 0xE4, 0xE4, 0xE4, 0xE4, 0x24, 0x04, 0x04, 0x04, 0x80, 0x80,
        0x80, 0x40, 0xC0, 0xC0, 0x40, 0x40, 0x40, 0x40, 0x70, 0x88, 0x88, 0x88, 0x70, 0xB0, 0x58,
        0x68, 0x68, 0x58, 0xB0, 0xC2, 0x00, 0x44, 0x00, 0x44, 0x00, 0x48, 0x00, 0x53, 0x00, 0x13,
        0x00, 0x25, 0x00, 0x47, 0x80, 0x41, 0x00, 0xC2, 0x00, 0x44, 0x00, 0x44, 0x00, 0x48, 0x00,
        0x53, 0x00, 0x10, 0x80, 0x21, 0x00, 0x62, 0x00, 0x43, 0x80, 0xE1, 0x00, 0x22, 0x00, 0x62,
        0x00, 0x24, 0x00, 0xE9, 0x80, 0x09, 0x80, 0x12, 0x80, 0x23, 0xC0, 0x20, 0x80, 0x20, 0x20,
        0x00, 0x20, 0x20, 0x40, 0x80, 0x88, 0xD8, 0x70, 0x10, 0x00, 0x08, 0x00, 0x00, 0x00, 0x1C,
        0x00, 0x1C, 0x00, 0x14, 0x00, 0x36, 0x00, 0x22, 0x00, 0x3E, 0x00, 0x63, 0x00, 0x41, 0x00,
        0xC1, 0x80, 0x04, 0x00, 0x08, 0x00, 0x00, 0x00, 0x1C, 0x00, 0x1C, 0x00, 0x14, 0x00, 0x36,
        0x00, 0x22, 0x00, 0x3E, 0x00, 0x63, 0x00, 0x41, 0x00, 0xC1, 0x80, 0x1C, 0x00, 0x14, 0x00,
        0x00, 0x00, 0x1C, 0x00, 0x1C, 0x00, 0x14, 0x00, 0x36, 0x00, 0x22, 0x00, 0x3E, 0x00, 0x63,
        0x00, 0x41, 0x00, 0xC1, 0x80, 0x1C, 0x00, 0x1C, 0x00, 0x00, 0x00, 0x1C, 0x00, 0x1C, 0x00,
        0x14, 0x00, 0x36, 0x00, 0x22, 0x00, 0x3E, 0x00, 0x63, 0x00, 0x41, 0x00, 0xC1, 0x80, 0x28,
        0x00, 0x00, 0x10, 0x38, 0x28, 0x68, 0x44, 0x7C, 0xC6, 0x82, 0x82, 0x38, 0x38, 0x38, 0x00,
        0x10, 0x38, 0x28, 0x68, 0x44, 0x7C, 0xC6, 0x82, 0x82, 0x0F, 0xE0, 0x0A, 0x00, 0x1A, 0x00,
        0x12, 0x00, 0x33, 0xE0, 0x3E, 0x00, 0x62, 0x00, 0x42, 0x00, 0xC3, 0xE0, 0x3C, 0x66, 0xC2,
        0x80, 0x80, 0x80, 0xC2, 0x66, 0x3C, 0x10, 0x08, 0x18, 0x40, 0x20, 0x00, 0xF8, 0x80, 0x80,
        0x80, 0xF8, 0x80, 0x80, 0x80, 0xF8, 0x10, 0x20, 0x00, 0xF8, 0x80, 0x80, 0x80, 0xF8, 0x80,
        0x80, 0x80, 0xF8, 0x20, 0x50, 0x00, 0xF8, 0x80, 0x80, 0x80, 0xF8, 0x80, 0x80, 0x80, 0xF8,
        0x50, 0x00, 0x00, 0xF8, 0x80, 0x80, 0x80, 0xF0, 0x80, 0x80, 0x80, 0xF8, 0x80, 0x40, 0x00,
        0x40, 0x40, 0x40, 0x40, 0x40, 0x40, 0x40, 0x40, 0x40, 0xC0, 0x80, 0x00, 0x80, 0x80, 0x80,
        0x80, 0x80, 0x80, 0x80, 0x80, 0x80, 0xC0, 0xA0, 0x00, 0x40, 0x40, 0x40, 0x40, 0x40, 0x40,
        0x40, 0x40, 0x40, 0x90, 0x00, 0x00, 0x40, 0x40, 0x40, 0x40, 0x40, 0x40, 0x40, 0x40, 0x40,
        0x7C, 0x46, 0x43, 0x41, 0xF1, 0x41, 0x43, 0x46, 0x7C, 0x38, 0x38, 0x00, 0xC2, 0xC2, 0xA2,
        0xA2, 0x92, 0x9A, 0x8E, 0x86, 0x86, 0x30, 0x10, 0x00, 0x3C, 0x66, 0xC3, 0x81, 0x81, 0x81,
        0xC3, 0x66, 0x3C, 0x08, 0x08, 0x00, 0x3C, 0x66, 0xC3, 0x81, 0x81, 0x81, 0xC3, 0x66, 0x3C,
        0x18, 0x00, 0x00, 0x3C, 0x66, 0xC3, 0x81, 0x81, 0x81, 0xC3, 0x66, 0x3C, 0x34, 0x28, 0x00,
        0x3C, 0x66, 0xC3, 0x81, 0x81, 0x81, 0xC3, 0x66, 0x3C, 0x24, 0x00, 0x00, 0x3C, 0x66, 0xC3,
        0x81, 0x81, 0x81, 0xC3, 0x66, 0x3C, 0xCC, 0x78, 0x30, 0x78, 0xCC, 0x3E, 0x66, 0xC7, 0x89,
        0x99, 0x91, 0xE3, 0x66, 0xFC, 0x20, 0x10, 0x00, 0x82, 0x82, 0x82, 0x82, 0x82, 0x82, 0x82,
        0xC6, 0x78, 0x18, 0x10, 0x00, 0x82, 0x82, 0x82, 0x82, 0x82, 0x82, 0x82, 0xC6, 0x78, 0x38,
        0x00, 0x00, 0x82, 0x82, 0x82, 0x82, 0x82, 0x82, 0x82, 0xCE, 0x78, 0x28, 0x00, 0x00, 0x82,
        0x82, 0x82, 0x82, 0x82, 0x82, 0x82, 0xC6, 0x78, 0x18, 0x10, 0x00, 0x86, 0xC4, 0x6C, 0x28,
        0x38, 0x10, 0x10, 0x10, 0x10, 0x80, 0x80, 0xF8, 0x8C, 0x84, 0x8C, 0xF8, 0x80, 0x80, 0x70,
        0xD8, 0x88, 0x98, 0xB0, 0x8C, 0x84, 0x8C, 0xB8, 0x40, 0x20, 0x00, 0x70, 0xC8, 0x08, 0x78,
        0x88, 0x98, 0x68, 0x10, 0x20, 0x00, 0x70, 0xC8, 0x08, 0x78, 0x88, 0x98, 0x68, 0x20, 0x50,
        0x00, 0x70, 0xC8, 0x08, 0x78, 0x88, 0x98, 0x68, 0x70, 0x70, 0x00, 0x70, 0xC8, 0x08, 0x78,
        0x88, 0x98, 0x68, 0x50, 0x00, 0x70, 0xC8, 0x08, 0x78, 0x88, 0x98, 0x68, 0x70, 0x70, 0x30,
        0x00, 0x70, 0xC8, 0x08, 0x78, 0x88, 0x98, 0x68, 0x7F, 0x00, 0xDC, 0x80, 0x18, 0xC0, 0x7F,
        0xC0, 0xD8, 0x00, 0x9C, 0x80, 0xE7, 0x80, 0x70, 0xC8, 0x80, 0x80, 0x80, 0xC8, 0x70, 0x20,
        0x10, 0x30, 0x20, 0x20, 0x00, 0x78, 0xCC, 0x84, 0xFC, 0x80, 0xCC, 0x78, 0x10, 0x10, 0x00,
        0x78, 0xCC, 0x84, 0xFC, 0x80, 0xCC, 0x78, 0x30, 0x58, 0x00, 0x78, 0xCC, 0x84, 0xFC, 0x80,
        0xCC, 0x78, 0x48, 0x00, 0x78, 0xCC, 0x84, 0xFC, 0x80, 0xCC, 0x78, 0x80, 0x40, 0x00, 0x40,
        0x40, 0x40, 0x40, 0x40, 0x40, 0x40, 0x40, 0x80, 0x00, 0x80, 0x80, 0x80, 0x80, 0x80, 0x80,
        0x80, 0xA0, 0x00, 0x40, 0x40, 0x40, 0x40, 0x40, 0x40, 0x40, 0x90, 0x00, 0x40, 0x40, 0x40,
        0x40, 0x40, 0x40, 0x40, 0x68, 0x30, 0x18, 0x78, 0xCC, 0x84, 0x84, 0x84, 0xCC, 0x78, 0x50,
        0x70, 0x00, 0xF0, 0xD8, 0x88, 0x88, 0x88, 0x88, 0x88, 0x20, 0x20, 0x00, 0x78, 0xCC, 0x84,
        0x84, 0x84, 0xCC, 0x78, 0x10, 0x10, 0x00, 0x78, 0xCC, 0x84, 0x84, 0x84, 0xCC, 0x78, 0x30,
        0x58, 0x00, 0x78, 0xCC, 0x84, 0x84, 0x84, 0xCC, 0x78, 0x68, 0x50, 0x00, 0x78, 0xCC, 0x84,
        0x84, 0x84, 0xCC, 0x78, 0x48, 0x00, 0x78, 0xCC, 0x84, 0x84, 0x84, 0xCC, 0x78, 0x20, 0x20,
        0x00, 0xFC, 0x00, 0x20, 0x20, 0x7C, 0xCC, 0x9C, 0xB4, 0xE4, 0xCC, 0xF8, 0x40, 0x20, 0x00,
        0x88, 0x88, 0x88, 0x88, 0x88, 0xD8, 0x68, 0x10, 0x20, 0x00, 0x88, 0x88, 0x88, 0x88, 0x88,
        0xD8, 0x68, 0x50, 0x00, 0x88, 0x88, 0x88, 0x88, 0x88, 0xD8, 0x68, 0x50, 0x00, 0x88, 0x88,
        0x88, 0x88, 0x88, 0xD8, 0x68, 0x08, 0x10, 0x00, 0xC4, 0x44, 0x4C, 0x68, 0x28, 0x38, 0x30,
        0x10, 0x30, 0x60, 0x80, 0x80, 0xB8, 0xCC, 0x84, 0x84, 0x84, 0xCC, 0xB8, 0x80, 0x80, 0x80,
        0x48, 0x00, 0x84, 0x8C, 0xC8, 0x48, 0x78, 0x70, 0x30, 0x30, 0x60, 0xC0, 0xFC, 0xFF, 0xF0,
        0x40, 0xC0, 0x80, 0xC0, 0x80, 0x80, 0x80, 0x80, 0x80, 0x80, 0x80, 0x50, 0xD0, 0xB0, 0xD0,
        0x90, 0xB0, 0xA0, 0xB0, 0xB0, 0xA0, 0xA0, 0x60, 0xF0, 0xF0, 0x60, 0x88, 0x80, 0x88, 0x80,
        0x20, 0x40, 0x80, 0x80, 0x40, 0x20, 0x80, 0x40, 0x60, 0x60, 0x40, 0x80, 0x1C, 0x20, 0x40,
        0xF8, 0x40, 0xF8, 0x60, 0x20, 0x1C, 0xE4, 0xBC, 0xAC, 0xFC,
    ],
    line_height: 17,
};

// INTER_STANDARD_BODY: 15 px, cap 11, line height 20, gray 128, U+00AD as U+002D
pub static INTER_STANDARD_BODY: BitmapFont = BitmapFont {
    glyphs: &[
        Glyph::new(0, 0, 0, 4, 0, 0),
        Glyph::new(0, 2, 11, 5, 1, -11),
        Glyph::new(11, 4, 4, 7, 2, -11),
        Glyph::new(15, 9, 11, 10, 0, -11),
        Glyph::new(37, 8, 13, 10, 1, -12),
        Glyph::new(50, 12, 11, 15, 1, -11),
        Glyph::new(72, 9, 11, 10, 1, -11),
        Glyph::new(94, 2, 4, 5, 1, -11),
        Glyph::new(98, 3, 13, 6, 2, -11),
        Glyph::new(111, 4, 13, 6, 0, -11),
        Glyph::new(124, 6, 6, 8, 1, -11),
        Glyph::new(130, 8, 7, 10, 1, -8),
        Glyph::new(137, 2, 4, 5, 1, -1),
        Glyph::new(141, 5, 1, 7, 1, -5),
        Glyph::new(142, 1, 2, 5, 2, -2),
        Glyph::new(144, 5, 13, 6, 0, -11),
        Glyph::new(157, 8, 11, 10, 1, -11),
        Glyph::new(168, 5, 11, 6, 0, -11),
        Glyph::new(179, 7, 11, 9, 1, -11),
        Glyph::new(190, 7, 11, 9, 1, -11),
        Glyph::new(201, 8, 11, 10, 1, -11),
        Glyph::new(212, 8, 11, 9, 1, -11),
        Glyph::new(223, 8, 11, 9, 1, -11),
        Glyph::new(234, 7, 11, 9, 1, -11),
        Glyph::new(245, 8, 11, 9, 1, -11),
        Glyph::new(256, 8, 11, 9, 1, -11),
        Glyph::new(267, 1, 8, 5, 2, -8),
        Glyph::new(275, 1, 10, 5, 2, -7),
        Glyph::new(285, 7, 8, 10, 1, -8),
        Glyph::new(293, 7, 4, 10, 2, -6),
        Glyph::new(297, 7, 8, 10, 2, -8),
        Glyph::new(305, 7, 11, 8, 0, -11),
        Glyph::new(316, 13, 14, 15, 1, -11),
        Glyph::new(344, 10, 11, 11, 0, -11),
        Glyph::new(366, 8, 11, 10, 1, -11),
        Glyph::new(377, 9, 11, 11, 1, -11),
        Glyph::new(399, 9, 11, 11, 1, -11),
        Glyph::new(421, 7, 11, 9, 1, -11),
        Glyph::new(432, 7, 11, 9, 1, -11),
        Glyph::new(443, 10, 11, 11, 1, -11),
        Glyph::new(465, 9, 11, 11, 1, -11),
        Glyph::new(487, 2, 11, 4, 1, -11),
        Glyph::new(498, 7, 11, 9, 1, -11),
        Glyph::new(509, 8, 11, 10, 2, -11),
        Glyph::new(520, 7, 11, 8, 1, -11),
        Glyph::new(531, 12, 11, 14, 1, -11),
        Glyph::new(553, 9, 11, 11, 1, -11),
        Glyph::new(575, 10, 11, 11, 1, -11),
        Glyph::new(597, 8, 11, 10, 1, -11),
        Glyph::new(608, 10, 12, 12, 1, -11),
        Glyph::new(632, 8, 11, 10, 1, -11),
        Glyph::new(643, 8, 11, 10, 1, -11),
        Glyph::new(654, 8, 11, 10, 1, -11),
        Glyph::new(665, 9, 11, 11, 1, -11),
        Glyph::new(687, 9, 11, 11, 1, -11),
        Glyph::new(709, 14, 11, 15, 1, -11),
        Glyph::new(731, 9, 11, 11, 1, -11),
        Glyph::new(753, 9, 11, 10, 1, -11),
        Glyph::new(775, 8, 11, 10, 1, -11),
        Glyph::new(786, 3, 13, 6, 2, -11),
        Glyph::new(799, 4, 12, 6, 1, -10),
        Glyph::new(811, 4, 13, 6, 0, -11),
        Glyph::new(824, 5, 5, 7, 1, -11),
        Glyph::new(829, 7, 1, 7, 0, 0),
        Glyph::new(830, 2, 2, 5, 1, -11),
        Glyph::new(832, 7, 8, 9, 1, -8),
        Glyph::new(840, 8, 11, 9, 1, -11),
        Glyph::new(851, 7, 8, 9, 1, -8),
        Glyph::new(859, 8, 11, 9, 0, -11),
        Glyph::new(870, 8, 8, 9, 0, -8),
        Glyph::new(878, 6, 11, 6, 0, -11),
        Glyph::new(889, 8, 11, 9, 0, -8),
        Glyph::new(900, 7, 11, 9, 1, -11),
        Glyph::new(911, 2, 11, 4, 1, -11),
        Glyph::new(922, 3, 14, 4, 0, -11),
        Glyph::new(936, 7, 11, 8, 1, -11),
        Glyph::new(947, 2, 11, 4, 1, -11),
        Glyph::new(958, 12, 8, 13, 1, -8),
        Glyph::new(974, 7, 8, 9, 1, -8),
        Glyph::new(982, 8, 8, 9, 1, -8),
        Glyph::new(990, 8, 11, 9, 1, -8),
        Glyph::new(1001, 8, 11, 9, 0, -8),
        Glyph::new(1012, 4, 8, 6, 1, -8),
        Glyph::new(1020, 7, 8, 8, 1, -8),
        Glyph::new(1028, 4, 10, 5, 0, -10),
        Glyph::new(1038, 7, 8, 9, 1, -8),
        Glyph::new(1046, 7, 8, 9, 1, -8),
        Glyph::new(1054, 11, 8, 12, 1, -8),
        Glyph::new(1070, 7, 8, 8, 1, -8),
        Glyph::new(1078, 7, 11, 9, 1, -8),
        Glyph::new(1089, 6, 8, 8, 1, -8),
        Glyph::new(1097, 5, 13, 7, 1, -11),
        Glyph::new(1110, 2, 18, 5, 2, -15),
        Glyph::new(1128, 5, 13, 7, 1, -11),
        Glyph::new(1141, 7, 3, 10, 2, -6),
        Glyph::new(1144, 0, 0, 4, 0, 0),
        Glyph::new(1144, 2, 11, 5, 1, -8),
        Glyph::new(1155, 7, 11, 9, 1, -11),
        Glyph::new(1166, 7, 11, 9, 1, -11),
        Glyph::new(1177, 9, 9, 11, 1, -9),
        Glyph::new(1195, 8, 11, 8, 0, -11),
        Glyph::new(1206, 2, 13, 4, 1, -11),
        Glyph::new(1219, 7, 13, 9, 1, -11),
        Glyph::new(1232, 5, 1, 9, 2, -11),
        Glyph::new(1233, 12, 11, 14, 1, -11),
        Glyph::new(1255, 5, 6, 7, 1, -11),
        Glyph::new(1261, 7, 7, 9, 1, -8),
        Glyph::new(1268, 7, 3, 10, 1, -5),
        Glyph::new(1271, 5, 1, 7, 1, -5),
        Glyph::new(1272, 9, 8, 10, 1, -11),
        Glyph::new(1288, 4, 1, 7, 2, -11),
        Glyph::new(1289, 5, 5, 7, 1, -11),
        Glyph::new(1294, 7, 7, 10, 2, -8),
        Glyph::new(1301, 5, 6, 7, 1, -12),
        Glyph::new(1307, 5, 6, 7, 1, -12),
        Glyph::new(1313, 3, 2, 5, 1, -11),
        Glyph::new(1315, 8, 11, 9, 1, -8),
        Glyph::new(1326, 7, 11, 9, 1, -11),
        Glyph::new(1337, 1, 2, 5, 2, -6),
        Glyph::new(1339, 3, 3, 5, 1, 0),
        Glyph::new(1342, 3, 6, 5, 1, -12),
        Glyph::new(1348, 6, 6, 7, 1, -11),
        Glyph::new(1354, 7, 7, 9, 1, -8),
        Glyph::new(1361, 11, 11, 12, 1, -11),
        Glyph::new(1383, 11, 11, 13, 1, -11),
        Glyph::new(1405, 12, 11, 13, 1, -11),
        Glyph::new(1427, 6, 11, 8, 1, -8),
        Glyph::new(1438, 10, 14, 11, 0, -14),
        Glyph::new(1466, 10, 14, 11, 0, -14),
        Glyph::new(1494, 10, 14, 11, 0, -14),
        Glyph::new(1522, 10, 14, 11, 0, -14),
        Glyph::new(1550, 10, 13, 11, 0, -13),
        Glyph::new(1576, 10, 16, 11, 0, -16),
        Glyph::new(1608, 14, 11, 15, 0, -11),
        Glyph::new(1630, 9, 14, 11, 1, -11),
        Glyph::new(1658, 7, 14, 9, 1, -14),
        Glyph::new(1672, 7, 14, 9, 1, -14),
        Glyph::new(1686, 7, 14, 9, 1, -14),
        Glyph::new(1700, 7, 13, 9, 1, -13),
        Glyph::new(1713, 3, 14, 4, 0, -14),
        Glyph::new(1727, 2, 14, 4, 2, -14),
        Glyph::new(1741, 4, 14, 4, 0, -14),
        Glyph::new(1755, 5, 13, 4, 0, -13),
        Glyph::new(1768, 10, 11, 11, 0, -11),
        Glyph::new(1790, 9, 14, 11, 1, -14),
        Glyph::new(1818, 10, 14, 11, 1, -14),
        Glyph::new(1846, 10, 14, 11, 1, -14),
        Glyph::new(1874, 10, 14, 11, 1, -14),
        Glyph::new(1902, 10, 14, 11, 1, -14),
        Glyph::new(1930, 10, 13, 11, 1, -13),
        Glyph::new(1956, 6, 6, 10, 2, -7),
        Glyph::new(1962, 10, 11, 11, 1, -11),
        Glyph::new(1984, 9, 14, 11, 1, -14),
        Glyph::new(2012, 9, 14, 11, 1, -14),
        Glyph::new(2040, 9, 14, 11, 1, -14),
        Glyph::new(2068, 9, 13, 11, 1, -13),
        Glyph::new(2094, 9, 14, 10, 1, -14),
        Glyph::new(2122, 8, 11, 10, 1, -11),
        Glyph::new(2133, 8, 11, 9, 1, -11),
        Glyph::new(2144, 7, 11, 9, 1, -11),
        Glyph::new(2155, 7, 11, 9, 1, -11),
        Glyph::new(2166, 7, 11, 9, 1, -11),
        Glyph::new(2177, 7, 11, 9, 1, -11),
        Glyph::new(2188, 7, 11, 9, 1, -11),
        Glyph::new(2199, 7, 12, 9, 1, -12),
        Glyph::new(2211, 12, 8, 14, 1, -8),
        Glyph::new(2227, 7, 11, 9, 1, -8),
        Glyph::new(2238, 8, 11, 9, 0, -11),
        Glyph::new(2249, 8, 11, 9, 0, -11),
        Glyph::new(2260, 8, 11, 9, 0, -11),
        Glyph::new(2271, 8, 11, 9, 0, -11),
        Glyph::new(2282, 3, 11, 4, 0, -11),
        Glyph::new(2293, 2, 11, 4, 2, -11),
        Glyph::new(2304, 4, 11, 4, 0, -11),
        Glyph::new(2315, 5, 11, 4, -1, -11),
        Glyph::new(2326, 8, 12, 9, 0, -12),
        Glyph::new(2338, 7, 11, 9, 1, -11),
        Glyph::new(2349, 8, 11, 9, 1, -11),
        Glyph::new(2360, 8, 11, 9, 1, -11),
        Glyph::new(2371, 8, 11, 9, 1, -11),
        Glyph::new(2382, 8, 11, 9, 1, -11),
        Glyph::new(2393, 8, 11, 9, 1, -11),
        Glyph::new(2404, 7, 7, 10, 2, -8),
        Glyph::new(2411, 8, 8, 9, 1, -8),
        Glyph::new(2419, 7, 11, 9, 1, -11),
        Glyph::new(2430, 7, 11, 9, 1, -11),
        Glyph::new(2441, 7, 11, 9, 1, -11),
        Glyph::new(2452, 7, 11, 9, 1, -11),
        Glyph::new(2463, 7, 14, 9, 1, -11),
        Glyph::new(2477, 8, 14, 9, 1, -11),
        Glyph::new(2491, 7, 14, 9, 1, -11),
        Glyph::new(2505, 8, 1, 8, 0, -5),
        Glyph::new(2506, 15, 1, 15, 0, -5),
        Glyph::new(2508, 2, 4, 4, 1, -11),
        Glyph::new(2512, 2, 4, 4, 1, -10),
        Glyph::new(2516, 2, 4, 4, 1, -1),
        Glyph::new(2520, 5, 4, 7, 1, -11),
        Glyph::new(2524, 5, 4, 7, 1, -10),
        Glyph::new(2528, 5, 4, 7, 1, -1),
        Glyph::new(2532, 5, 5, 8, 1, -7),
        Glyph::new(2537, 11, 2, 14, 1, -2),
        Glyph::new(2541, 4, 7, 6, 1, -8),
        Glyph::new(2548, 4, 7, 6, 1, -8),
        Glyph::new(2555, 8, 11, 10, 1, -11),
        Glyph::new(2566, 8, 4, 9, 1, -11),
        Glyph::new(2570, 7, 1, 10, 2, -5),
    ],
    bitmap: &[
        0xC0, 0xC0, 0xC0, 0xC0, 0xC0, 0xC0, 0xC0, 0x00, 0x00, 0xC0, 0xC0, 0xF0, 0xF0, 0xF0, 0xF0,
        0x11, 0x00, 0x11, 0x00, 0x11, 0x00, 0x7F, 0x80, 0x33, 0x00, 0x32, 0x00, 0x22, 0x00, 0xFF,
        0x80, 0x66, 0x00, 0x26, 0x00, 0x66, 0x00, 0x10, 0x3C, 0x76, 0xD3, 0xD0, 0xF0, 0x3C, 0x17,
        0x13, 0xD3, 0xF6, 0x7C, 0x10, 0x70, 0x40, 0xD0, 0x80, 0xD9, 0x00, 0xD9, 0x00, 0x72, 0x00,
        0x04, 0x00, 0x04, 0xE0, 0x09, 0xB0, 0x11, 0xB0, 0x11, 0xB0, 0x20, 0xE0, 0x3C, 0x00, 0x6C,
        0x00, 0x66, 0x00, 0x6C, 0x00, 0x38, 0x00, 0x38, 0x00, 0x79, 0x80, 0xCF, 0x00, 0xC7, 0x00,
        0xEF, 0x00, 0x3D, 0x80, 0xC0, 0xC0, 0xC0, 0xC0, 0x20, 0x60, 0x40, 0xC0, 0xC0, 0xC0, 0xC0,
        0xC0, 0xC0, 0xC0, 0x40, 0x60, 0x20, 0xC0, 0x60, 0x60, 0x60, 0x20, 0x30, 0x30, 0x30, 0x20,
        0x20, 0x60, 0x60, 0xC0, 0x30, 0xB4, 0x78, 0x78, 0xB4, 0x30, 0x18, 0x18, 0x18, 0xFF, 0x18,
        0x18, 0x18, 0xC0, 0xC0, 0xC0, 0x80, 0xF8, 0x80, 0x80, 0x08, 0x08, 0x18, 0x10, 0x10, 0x30,
        0x30, 0x20, 0x20, 0x60, 0x40, 0x40, 0xC0, 0x3C, 0x66, 0x42, 0xC3, 0xC3, 0xC3, 0xC3, 0xC3,
        0x42, 0x66, 0x3C, 0x38, 0x78, 0xD8, 0x18, 0x18, 0x18, 0x18, 0x18, 0x18, 0x18, 0x18, 0x38,
        0x6C, 0xC6, 0x06, 0x06, 0x0C, 0x18, 0x30, 0x60, 0xE0, 0xFE, 0x78, 0xCC, 0x86, 0x06, 0x0C,
        0x38, 0x0C, 0x06, 0x86, 0xCE, 0x78, 0x0E, 0x0E, 0x16, 0x16, 0x26, 0x66, 0x46, 0xC6, 0xFF,
        0x06, 0x06, 0x7E, 0x60, 0x40, 0x40, 0x7C, 0x66, 0x03, 0x03, 0xC2, 0x66, 0x3C, 0x3C, 0x66,
        0x42, 0xC0, 0xDC, 0xE6, 0xC3, 0xC3, 0xC2, 0x66, 0x3C, 0xFE, 0x06, 0x04, 0x0C, 0x08, 0x18,
        0x18, 0x30, 0x30, 0x60, 0x60, 0x3C, 0x66, 0xC3, 0xC3, 0x66, 0x3C, 0x66, 0xC3, 0xC3, 0xE6,
        0x3C, 0x3C, 0x66, 0xC3, 0xC3, 0xC3, 0xE7, 0x7F, 0x03, 0xC2, 0x66, 0x3C, 0x80, 0x80, 0x00,
        0x00, 0x00, 0x00, 0x80, 0x80, 0x80, 0x80, 0x00, 0x00, 0x00, 0x00, 0x80, 0x80, 0x80, 0x80,
        0x02, 0x0E, 0x38, 0xE0, 0xE0, 0x3C, 0x0E, 0x02, 0xFE, 0x00, 0x00, 0xFE, 0x80, 0xE0, 0x38,
        0x0E, 0x0E, 0x78, 0xE0, 0x80, 0x78, 0xEC, 0xC6, 0x06, 0x0C, 0x18, 0x30, 0x20, 0x00, 0x20,
        0x20, 0x0F, 0x80, 0x38, 0xE0, 0x60, 0x30, 0x60, 0x10, 0xCF, 0xD8, 0xDD, 0xD8, 0xD8, 0xD8,
        0xD8, 0xD8, 0xD8, 0xD8, 0xDD, 0xD0, 0x6E, 0x70, 0x60, 0x00, 0x38, 0x40, 0x0F, 0xC0, 0x0C,
        0x00, 0x1E, 0x00, 0x1E, 0x00, 0x12, 0x00, 0x33, 0x00, 0x33, 0x00, 0x21, 0x00, 0x7F, 0x80,
        0x61, 0x80, 0xC0, 0xC0, 0xC0, 0xC0, 0xFC, 0xC6, 0xC3, 0xC3, 0xC6, 0xFC, 0xC6, 0xC3, 0xC3,
        0xC7, 0xFE, 0x1E, 0x00, 0x73, 0x00, 0x61, 0x80, 0xC0, 0x80, 0xC0, 0x00, 0xC0, 0x00, 0xC0,
        0x00, 0xC0, 0x80, 0x61, 0x80, 0x73, 0x00, 0x1E, 0x00, 0xFC, 0x00, 0xC6, 0x00, 0xC3, 0x00,
        0xC1, 0x00, 0xC1, 0x80, 0xC1, 0x80, 0xC1, 0x80, 0xC1, 0x00, 0xC3, 0x00, 0xC6, 0x00, 0xFC,
        0x00, 0xFE, 0xC0, 0xC0, 0xC0, 0xC0, 0xFC, 0xC0, 0xC0, 0xC0, 0xC0, 0xFE, 0xFE, 0xC0, 0xC0,
        0xC0, 0xC0, 0xFC, 0xC0, 0xC0, 0xC0, 0xC0, 0xC0, 0x1E, 0x00, 0x73, 0x00, 0x61, 0x80, 0xC0,
        0x80, 0xC0, 0x00, 0xC0, 0x00, 0xC7, 0xC0, 0xC0, 0xC0, 0x60, 0x80, 0x73, 0x80, 0x1E, 0x00,
        0xC1, 0x80, 0xC1, 0x80, 0xC1, 0x80, 0xC1, 0x80, 0xC1, 0x80, 0xFF, 0x80, 0xC1, 0x80, 0xC1,
        0x80, 0xC1, 0x80, 0xC1, 0x80, 0xC1, 0x80, 0xC0, 0xC0, 0xC0, 0xC0, 0xC0, 0xC0, 0xC0, 0xC0,
        0xC0, 0xC0, 0xC0, 0x06, 0x06, 0x06, 0x06, 0x06, 0x06, 0x06, 0xC6, 0xC6, 0xEC, 0x78, 0xC3,
        0xC6, 0xCC, 0xDC, 0xD8, 0xF8, 0xEC, 0xCC, 0xC6, 0xC3, 0xC3, 0xC0, 0xC0, 0xC0, 0xC0, 0xC0,
        0xC0, 0xC0, 0xC0, 0xC0, 0xC0, 0xFE, 0xE0, 0x70, 0xE0, 0xF0, 0xF0, 0xF0, 0xF0, 0xF0, 0xF1,
        0xB0, 0xD9, 0xB0, 0xD9, 0x30, 0xCB, 0x30, 0xCF, 0x30, 0xCE, 0x30, 0xC6, 0x30, 0xC1, 0x80,
        0xE1, 0x80, 0xF1, 0x80, 0xF1, 0x80, 0xD9, 0x80, 0xDD, 0x80, 0xCD, 0x80, 0xC7, 0x80, 0xC7,
        0x80, 0xC3, 0x80, 0xC1, 0x80, 0x1E, 0x00, 0x73, 0x80, 0x61, 0x80, 0xC0, 0xC0, 0xC0, 0xC0,
        0xC0, 0xC0, 0xC0, 0xC0, 0xC0, 0xC0, 0x61, 0x80, 0x73, 0x80, 0x1E, 0x00, 0xFC, 0xC6, 0xC2,
        0xC3, 0xC3, 0xC6, 0xFC, 0xC0, 0xC0, 0xC0, 0xC0, 0x1E, 0x00, 0x73, 0x80, 0x61, 0x80, 0xC0,
        0xC0, 0xC0, 0xC0, 0xC0, 0xC0, 0xC0, 0xC0, 0xC4, 0xC0, 0x67, 0x80, 0x7F, 0x80, 0x1F, 0x00,
        0x00, 0x80, 0xFC, 0xC6, 0xC2, 0xC3, 0xC3, 0xC6, 0xFC, 0xCC, 0xC6, 0xC6, 0xC3, 0x3C, 0x66,
        0xC3, 0xC0, 0xF0, 0x3C, 0x07, 0x03, 0xC3, 0xE6, 0x7C, 0xFF, 0x18, 0x18, 0x18, 0x18, 0x18,
        0x18, 0x18, 0x18, 0x18, 0x18, 0xC1, 0x80, 0xC1, 0x80, 0xC1, 0x80, 0xC1, 0x80, 0xC1, 0x80,
        0xC1, 0x80, 0xC1, 0x80, 0xC1, 0x80, 0xC1, 0x00, 0x67, 0x00, 0x3E, 0x00, 0x81, 0x80, 0xC1,
        0x80, 0xC1, 0x00, 0x43, 0x00, 0x63, 0x00, 0x62, 0x00, 0x26, 0x00, 0x36, 0x00, 0x34, 0x00,
        0x1C, 0x00, 0x1C, 0x00, 0x87, 0x0C, 0x87, 0x08, 0xC7, 0x18, 0xC5, 0x18, 0x4D, 0x90, 0x4D,
        0x90, 0x68, 0xB0, 0x68, 0xB0, 0x38, 0xE0, 0x38, 0xE0, 0x30, 0x60, 0xC1, 0x80, 0x63, 0x00,
        0x26, 0x00, 0x36, 0x00, 0x1C, 0x00, 0x1C, 0x00, 0x1C, 0x00, 0x36, 0x00, 0x63, 0x00, 0x63,
        0x00, 0xC1, 0x80, 0xC1, 0x80, 0x61, 0x80, 0x23, 0x00, 0x33, 0x00, 0x16, 0x00, 0x1C, 0x00,
        0x0C, 0x00, 0x0C, 0x00, 0x0C, 0x00, 0x0C, 0x00, 0x0C, 0x00, 0xFF, 0x03, 0x06, 0x0C, 0x0C,
        0x18, 0x30, 0x30, 0x60, 0xC0, 0xFF, 0xE0, 0xC0, 0xC0, 0xC0, 0xC0, 0xC0, 0xC0, 0xC0, 0xC0,
        0xC0, 0xC0, 0xC0, 0xE0, 0x80, 0x80, 0xC0, 0xC0, 0x40, 0x40, 0x60, 0x20, 0x20, 0x30, 0x30,
        0x10, 0xF0, 0x30, 0x30, 0x30, 0x30, 0x30, 0x30, 0x30, 0x30, 0x30, 0x30, 0x30, 0xF0, 0x70,
        0x70, 0x58, 0xC8, 0x88, 0xFE, 0x80, 0xC0, 0x3C, 0x6E, 0x06, 0x1E, 0xE6, 0xC6, 0xCE, 0x7E,
        0xC0, 0xC0, 0xC0, 0xDC, 0xE6, 0xC2, 0xC3, 0xC3, 0xC2, 0xE6, 0xDC, 0x3C, 0x66, 0xC0, 0xC0,
        0xC0, 0xC2, 0x66, 0x3C, 0x03, 0x03, 0x03, 0x3B, 0x67, 0xC3, 0xC3, 0xC3, 0xC3, 0x67, 0x3B,
        0x3C, 0x66, 0xC2, 0xFF, 0xC0, 0xC0, 0x66, 0x3C, 0x1C, 0x30, 0x30, 0xF8, 0x30, 0x30, 0x30,
        0x30, 0x30, 0x30, 0x30, 0x3B, 0x67, 0xC3, 0xC3, 0xC3, 0xC3, 0x67, 0x3B, 0x03, 0x66, 0x3C,
        0xC0, 0xC0, 0xC0, 0xDC, 0xEE, 0xC6, 0xC6, 0xC6, 0xC6, 0xC6, 0xC6, 0x80, 0x00, 0x00, 0xC0,
        0xC0, 0xC0, 0xC0, 0xC0, 0xC0, 0xC0, 0xC0, 0x40, 0x00, 0x00, 0x60, 0x60, 0x60, 0x60, 0x60,
        0x60, 0x60, 0x60, 0x60, 0xC0, 0xC0, 0xC0, 0xC0, 0xC0, 0xCC, 0xD8, 0xF0, 0xF0, 0xD8, 0xD8,
        0xCC, 0xC6, 0xC0, 0xC0, 0xC0, 0xC0, 0xC0, 0xC0, 0xC0, 0xC0, 0xC0, 0xC0, 0xC0, 0xD9, 0xE0,
        0xEF, 0x60, 0xC6, 0x30, 0xC6, 0x30, 0xC6, 0x30, 0xC6, 0x30, 0xC6, 0x30, 0xC6, 0x30, 0xDC,
        0xEE, 0xC6, 0xC6, 0xC6, 0xC6, 0xC6, 0xC6, 0x3C, 0x66, 0xC2, 0xC3, 0xC3, 0xC2, 0x66, 0x3C,
        0xDC, 0xE6, 0xC2, 0xC3, 0xC3, 0xC2, 0xE6, 0xFC, 0xC0, 0xC0, 0xC0, 0x3B, 0x67, 0xC3, 0xC3,
        0xC3, 0xC3, 0x67, 0x3B, 0x03, 0x03, 0x03, 0xF0, 0xE0, 0xC0, 0xC0, 0xC0, 0xC0, 0xC0, 0xC0,
        0x78, 0xCC, 0xC0, 0x70, 0x1C, 0x06, 0xCC, 0x78, 0x60, 0x60, 0xF0, 0x60, 0x60, 0x60, 0x60,
        0x60, 0x60, 0x30, 0xC6, 0xC6, 0xC6, 0xC6, 0xC6, 0xC6, 0xEE, 0x76, 0x86, 0xC6, 0xC4, 0x4C,
        0x6C, 0x68, 0x38, 0x30, 0x8C, 0x60, 0xCC, 0x60, 0xCE, 0x40, 0xDA, 0xC0, 0x5A, 0xC0, 0x73,
        0x80, 0x73, 0x80, 0x31, 0x80, 0xC6, 0x6C, 0x28, 0x38, 0x38, 0x68, 0x6C, 0xC6, 0x86, 0xC6,
        0xC4, 0x4C, 0x6C, 0x68, 0x38, 0x30, 0x30, 0x20, 0xE0, 0xFC, 0x0C, 0x18, 0x10, 0x30, 0x60,
        0xE0, 0xFC, 0x10, 0x30, 0x20, 0x20, 0x20, 0x60, 0xC0, 0xE0, 0x20, 0x20, 0x20, 0x20, 0x38,
        0x80, 0xC0, 0xC0, 0xC0, 0xC0, 0xC0, 0xC0, 0xC0, 0xC0, 0xC0, 0xC0, 0xC0, 0xC0, 0xC0, 0xC0,
        0xC0, 0xC0, 0xC0, 0x60, 0x60, 0x30, 0x30, 0x30, 0x30, 0x18, 0x38, 0x30, 0x30, 0x30, 0x20,
        0xE0, 0x62, 0xD2, 0x8E, 0xC0, 0xC0, 0x00, 0x00, 0xC0, 0xC0, 0xC0, 0xC0, 0xC0, 0xC0, 0xC0,
        0x10, 0x10, 0x3C, 0x76, 0xD0, 0xD0, 0xD0, 0xD0, 0x76, 0x7C, 0x10, 0x1C, 0x36, 0x62, 0x60,
        0x60, 0xFC, 0x60, 0x60, 0x60, 0xC2, 0xFE, 0xBF, 0x80, 0xE7, 0x00, 0xC1, 0x80, 0x81, 0x80,
        0x81, 0x80, 0x81, 0x80, 0xC1, 0x00, 0xE7, 0x80, 0xBE, 0x80, 0xC3, 0x46, 0x66, 0x64, 0x2C,
        0x38, 0x7E, 0x18, 0x7E, 0x18, 0x18, 0xC0, 0xC0, 0xC0, 0xC0, 0xC0, 0x00, 0x00, 0x00, 0xC0,
        0xC0, 0xC0, 0xC0, 0xC0, 0x38, 0x6C, 0xC4, 0x60, 0x78, 0xDC, 0xC6, 0x66, 0x3C, 0x0C, 0x06,
        0xC6, 0x7C, 0x88, 0x1F, 0x00, 0x39, 0xC0, 0x60, 0x60, 0xCE, 0x60, 0xD9, 0x30, 0xF0, 0x30,
        0xF0, 0x30, 0xD9, 0x20, 0x6F, 0x60, 0x30, 0xC0, 0x1F, 0x80, 0x70, 0x88, 0x38, 0xC8, 0x98,
        0xF8, 0x36, 0x64, 0x48, 0xD8, 0x48, 0x64, 0x36, 0xFE, 0x06, 0x06, 0xF8, 0x3E, 0x00, 0x63,
        0x00, 0xDD, 0x80, 0x94, 0x80, 0x9C, 0x80, 0xD5, 0x80, 0x63, 0x00, 0x3E, 0x00, 0xF0, 0x70,
        0xD8, 0x88, 0xD8, 0x70, 0x18, 0x18, 0xFE, 0x18, 0x18, 0x00, 0xFE, 0x70, 0x98, 0x18, 0x30,
        0x60, 0xF8, 0x70, 0x98, 0x30, 0x18, 0x98, 0x70, 0x60, 0xC0, 0xC6, 0xC6, 0xC6, 0xC6, 0xC6,
        0xC6, 0xEE, 0xFB, 0xC0, 0xC0, 0xC0, 0x3E, 0x76, 0xF6, 0xF6, 0xF6, 0x76, 0x36, 0x06, 0x06,
        0x06, 0x06, 0x80, 0x80, 0x40, 0x60, 0xE0, 0x60, 0xE0, 0x20, 0x20, 0x20, 0x20, 0x78, 0xCC,
        0x84, 0x84, 0xCC, 0x78, 0xD8, 0x6C, 0x26, 0x36, 0x26, 0x6C, 0xD8, 0xE1, 0x80, 0x61, 0x00,
        0x62, 0x00, 0x66, 0x00, 0x64, 0x00, 0x6C, 0xC0, 0x19, 0xC0, 0x11, 0xC0, 0x32, 0xC0, 0x63,
        0xE0, 0x40, 0xC0, 0xE0, 0x80, 0xE1, 0x00, 0x63, 0x00, 0x62, 0x00, 0x64, 0x00, 0x6C, 0xC0,
        0x09, 0x20, 0x10, 0x20, 0x30, 0x40, 0x20, 0x80, 0x41, 0xE0, 0x60, 0x40, 0x90, 0xC0, 0x10,
        0x80, 0x71, 0x00, 0x3B, 0x00, 0xF2, 0x70, 0x04, 0x70, 0x0C, 0xB0, 0x18, 0xB0, 0x11, 0xF0,
        0x20, 0x30, 0x08, 0x08, 0x00, 0x08, 0x18, 0x30, 0x60, 0xC0, 0xC4, 0xEC, 0x78, 0x18, 0x00,
        0x08, 0x00, 0x00, 0x00, 0x0C, 0x00, 0x1E, 0x00, 0x1E, 0x00, 0x12, 0x00, 0x33, 0x00, 0x33,
        0x00, 0x21, 0x00, 0x7F, 0x80, 0x61, 0x80, 0xC0, 0xC0, 0xC0, 0xC0, 0x06, 0x00, 0x04, 0x00,
        0x00, 0x00, 0x0C, 0x00, 0x1E, 0x00, 0x1E, 0x00, 0x12, 0x00, 0x33, 0x00, 0x33, 0x00, 0x21,
        0x00, 0x7F, 0x80, 0x61, 0x80, 0xC0, 0xC0, 0xC0, 0xC0, 0x0C, 0x00, 0x12, 0x00, 0x00, 0x00,
        0x0C, 0x00, 0x1E, 0x00, 0x1E, 0x00, 0x12, 0x00, 0x33, 0x00, 0x33, 0x00, 0x21, 0x00, 0x7F,
        0x80, 0x61, 0x80, 0xC0, 0xC0, 0xC0, 0xC0, 0x1A, 0x00, 0x16, 0x00, 0x00, 0x00, 0x0C, 0x00,
        0x1E, 0x00, 0x1E, 0x00, 0x12, 0x00, 0x33, 0x00, 0x33, 0x00, 0x21, 0x00, 0x7F, 0x80, 0x61,
        0x80, 0xC0, 0xC0, 0xC0, 0xC0, 0x12, 0x00, 0x00, 0x00, 0x1C, 0x00, 0x1C, 0x00, 0x16, 0x00,
        0x36, 0x00, 0x32, 0x00, 0x23, 0x00, 0x63, 0x00, 0x7F, 0x80, 0x61, 0x80, 0xC0, 0xC0, 0xC0,
        0xC0, 0x0C, 0x00, 0x12, 0x00, 0x12, 0x00, 0x0C, 0x00, 0x00, 0x00, 0x0C, 0x00, 0x1E, 0x00,
        0x1E, 0x00, 0x12, 0x00, 0x33, 0x00, 0x33, 0x00, 0x21, 0x00, 0x7F, 0x80, 0x61, 0x80, 0xC0,
        0xC0, 0xC0, 0xC0, 0x07, 0xFC, 0x0D, 0x80, 0x0D, 0x80, 0x09, 0x80, 0x19, 0x80, 0x11, 0xF8,
        0x31, 0x80, 0x3F, 0x80, 0x61, 0x80, 0x61, 0x80, 0xC1, 0xFC, 0x1E, 0x00, 0x73, 0x00, 0x61,
        0x80, 0xC0, 0x80, 0xC0, 0x00, 0xC0, 0x00, 0xC0, 0x00, 0xC0, 0x80, 0x61, 0x80, 0x73, 0x00,
        0x1E, 0x00, 0x08, 0x00, 0x04, 0x00, 0x0C, 0x00, 0x20, 0x30, 0x00, 0xFE, 0xC0, 0xC0, 0xC0,
        0xC0, 0xFC, 0xC0, 0xC0, 0xC0, 0xC0, 0xFE, 0x08, 0x10, 0x00, 0xFE, 0xC0, 0xC0, 0xC0, 0xC0,
        0xFC, 0xC0, 0xC0, 0xC0, 0xC0, 0xFE, 0x38, 0x6C, 0x00, 0xFE, 0xC0, 0xC0, 0xC0, 0xC0, 0xFC,
        0xC0, 0xC0, 0xC0, 0xC0, 0xFE, 0x44, 0x00, 0xFE, 0xC0, 0xC0, 0xC0, 0xC0, 0xFE, 0xC0, 0xC0,
        0xC0, 0xC0, 0xFE, 0xC0, 0x40, 0x00, 0x60, 0x60, 0x60, 0x60, 0x60, 0x60, 0x60, 0x60, 0x60,
        0x60, 0x60, 0x40, 0xC0, 0x00, 0xC0, 0xC0, 0xC0, 0xC0, 0xC0, 0xC0, 0xC0, 0xC0, 0xC0, 0xC0,
        0xC0, 0x60, 0xB0, 0x00, 0x60, 0x60, 0x60, 0x60, 0x60, 0x60, 0x60, 0x60, 0x60, 0x60, 0x60,
        0xC8, 0x00, 0x30, 0x30, 0x30, 0x30, 0x30, 0x30, 0x30, 0x30, 0x30, 0x30, 0x30, 0x7E, 0x00,
        0x63, 0x00, 0x61, 0x80, 0x60, 0x80, 0x60, 0xC0, 0xF8, 0xC0, 0x60, 0xC0, 0x60, 0x80, 0x61,
        0x80, 0x63, 0x00, 0x7E, 0x00, 0x1A, 0x00, 0x3C, 0x00, 0x00, 0x00, 0xC1, 0x80, 0xE1, 0x80,
        0xF1, 0x80, 0xF1, 0x80, 0xD9, 0x80, 0xDD, 0x80, 0xCD, 0x80, 0xC7, 0x80, 0xC7, 0x80, 0xC3,
        0x80, 0xC1, 0x80, 0x18, 0x00, 0x08, 0x00, 0x00, 0x00, 0x1E, 0x00, 0x73, 0x80, 0x61, 0x80,
        0xC0, 0xC0, 0xC0, 0xC0, 0xC0, 0xC0, 0xC0, 0xC0, 0xC0, 0xC0, 0x61, 0x80, 0x73, 0x80, 0x1E,
        0x00, 0x06, 0x00, 0x04, 0x00, 0x00, 0x00, 0x1E, 0x00, 0x73, 0x80, 0x61, 0x80, 0xC0, 0xC0,
        0xC0, 0xC0, 0xC0, 0xC0, 0xC0, 0xC0, 0xC0, 0xC0, 0x61, 0x80, 0x73, 0x80, 0x1E, 0x00, 0x0C,
        0x00, 0x12, 0x00, 0x00, 0x00, 0x1E, 0x00, 0x73, 0x80, 0x61, 0x80, 0xC0, 0xC0, 0xC0, 0xC0,
        0xC0, 0xC0, 0xC0, 0xC0, 0xC0, 0xC0, 0x61, 0x80, 0x73, 0x80, 0x1E, 0x00, 0x1A, 0x00, 0x16,
        0x00, 0x00, 0x00, 0x1E, 0x00, 0x73, 0x80, 0x61, 0x80, 0xC0, 0xC0, 0xC0, 0xC0, 0xC0, 0xC0,
        0xC0, 0xC0, 0xC0, 0xC0, 0x61, 0x80, 0x73, 0x80, 0x1E, 0x00, 0x12, 0x00, 0x00, 0x00, 0x1E,
        0x00, 0x73, 0x80, 0x61, 0x80, 0xC0, 0xC0, 0xC0, 0xC0, 0xC0, 0xC0, 0xC0, 0xC0, 0xC0, 0xC0,
        0x61, 0x80, 0x73, 0x80, 0x1E, 0x00, 0xCC, 0x78, 0x30, 0x78, 0xCC, 0x84, 0x1E, 0x80, 0x73,
        0x80, 0x63, 0x80, 0xC2, 0xC0, 0xC4, 0xC0, 0xCC, 0xC0, 0xC8, 0xC0, 0xD0, 0xC0, 0x71, 0x80,
        0x73, 0x80, 0x7E, 0x00, 0x10, 0x00, 0x18, 0x00, 0x00, 0x00, 0xC1, 0x80, 0xC1, 0x80, 0xC1,
        0x80, 0xC1, 0x80, 0xC1, 0x80, 0xC1, 0x80, 0xC1, 0x80, 0xC1, 0x80, 0xC1, 0x00, 0x67, 0x00,
        0x3E, 0x00, 0x0C, 0x00, 0x08, 0x00, 0x00, 0x00, 0xC1, 0x80, 0xC1, 0x80, 0xC1, 0x80, 0xC1,
        0x80, 0xC1, 0x80, 0xC1, 0x80, 0xC1, 0x80, 0xC1, 0x80, 0xC1, 0x00, 0x67, 0x00, 0x3E, 0x00,
        0x18, 0x00, 0x34, 0x00, 0x00, 0x00, 0xC1, 0x80, 0xC1, 0x80, 0xC1, 0x80, 0xC1, 0x80, 0xC1,
        0x80, 0xC1, 0x80, 0xC1, 0x80, 0xC1, 0x80, 0xC1, 0x00, 0x77, 0x00, 0x3E, 0x00, 0x24, 0x00,
        0x00, 0x00, 0xC1, 0x80, 0xC1, 0x80, 0xC1, 0x80, 0xC1, 0x80, 0xC1, 0x80, 0xC1, 0x80, 0xC1,
        0x80, 0xC1, 0x80, 0xC1, 0x00, 0x67, 0x00, 0x3E, 0x00, 0x04, 0x00, 0x0C, 0x00, 0x00, 0x00,
        0xC1, 0x80, 0x61, 0x80, 0x23, 0x00, 0x33, 0x00, 0x16, 0x00, 0x1C, 0x00, 0x0C, 0x00, 0x0C,
        0x00, 0x0C, 0x00, 0x0C, 0x00, 0x0C, 0x00, 0xC0, 0xC0, 0xC0, 0xFC, 0xC6, 0xC3, 0xC6, 0xFE,
        0xC0, 0xC0, 0xC0, 0x78, 0xEC, 0xC6, 0xC6, 0xCC, 0xDC, 0xC6, 0xC3, 0xC3, 0xC6, 0xDC, 0x30,
        0x10, 0x00, 0x3C, 0x6E, 0x06, 0x1E, 0xE6, 0xC6, 0xCE, 0x7E, 0x08, 0x18, 0x00, 0x3C, 0x6E,
        0x06, 0x1E, 0xE6, 0xC6, 0xCE, 0x7E, 0x38, 0x6C, 0x00, 0x3C, 0x6E, 0x06, 0x1E, 0xE6, 0xC6,
        0xCE, 0x7E, 0x34, 0x7C, 0x00, 0x3C, 0x6E, 0x06, 0x1E, 0xE6, 0xC6, 0xCE, 0x7E, 0x44, 0x00,
        0x00, 0x3C, 0x6E, 0x06, 0x3E, 0xE6, 0xC6, 0xCE, 0x76, 0x38, 0x38, 0x10, 0x00, 0x3C, 0x66,
        0x02, 0x1E, 0x66, 0xC6, 0xCE, 0x76, 0x7B, 0xE0, 0x6F, 0x30, 0x06, 0x10, 0x7F, 0xF0, 0xEC,
        0x00, 0xCE, 0x00, 0xCF, 0x30, 0x71, 0xE0, 0x3C, 0x66, 0xC0, 0xC0, 0xC0, 0xC2, 0x66, 0x3C,
        0x18, 0x08, 0x18, 0x30, 0x10, 0x00, 0x3C, 0x66, 0xC2, 0xFF, 0xC0, 0xC0, 0x66, 0x3C, 0x08,
        0x18, 0x00, 0x3C, 0x66, 0xC2, 0xFF, 0xC0, 0xC0, 0x66, 0x3C, 0x18, 0x2C, 0x00, 0x3C, 0x66,
        0xC2, 0xFF, 0xC0, 0xC0, 0x66, 0x3C, 0x24, 0x00, 0x00, 0x3C, 0x66, 0xC2, 0xFF, 0xC0, 0xC0,
        0x66, 0x3C, 0xC0, 0x40, 0x00, 0x60, 0x60, 0x60, 0x60, 0x60, 0x60, 0x60, 0x60, 0x40, 0xC0,
        0x00, 0xC0, 0xC0, 0xC0, 0xC0, 0xC0, 0xC0, 0xC0, 0xC0, 0x60, 0xB0, 0x00, 0x60, 0x60, 0x60,
        0x60, 0x60, 0x60, 0x60, 0x60, 0xC8, 0x00, 0x00, 0x30, 0x30, 0x30, 0x30, 0x30, 0x30, 0x30,
        0x30, 0x20, 0x3C, 0x38, 0x04, 0x3E, 0x66, 0xC3, 0xC3, 0xC3, 0xC2, 0x66, 0x3C, 0x34, 0x78,
        0x00, 0xDC, 0xEE, 0xC6, 0xC6, 0xC6, 0xC6, 0xC6, 0xC6, 0x30, 0x10, 0x00, 0x3C, 0x66, 0xC2,
        0xC3, 0xC3, 0xC2, 0x66, 0x3C, 0x08, 0x18, 0x00, 0x3C, 0x66, 0xC2, 0xC3, 0xC3, 0xC2, 0x66,
        0x3C, 0x18, 0x2C, 0x00, 0x3C, 0x66, 0xC2, 0xC3, 0xC3, 0xC2, 0x66, 0x3C, 0x34, 0x2C, 0x00,
        0x3C, 0x66, 0xC2, 0xC3, 0xC3, 0xC2, 0x66, 0x3C, 0x24, 0x00, 0x00, 0x3C, 0x66, 0xC2, 0xC3,
        0xC3, 0xC2, 0x66, 0x3C, 0x08, 0x08, 0x00, 0xFE, 0x00, 0x08, 0x08, 0x3E, 0x66, 0xC6, 0xCB,
        0xD3, 0xE2, 0x66, 0xFC, 0x20, 0x10, 0x00, 0xC6, 0xC6, 0xC6, 0xC6, 0xC6, 0xC6, 0xEE, 0x76,
        0x08, 0x10, 0x00, 0xC6, 0xC6, 0xC6, 0xC6, 0xC6, 0xC6, 0xEE, 0x76, 0x38, 0x6C, 0x00, 0xC6,
        0xC6, 0xC6, 0xC6, 0xC6, 0xC6, 0xEE, 0x76, 0x44, 0x00, 0x00, 0xC6, 0xC6, 0xC6, 0xC6, 0xC6,
        0xC6, 0xEE, 0x76, 0x18, 0x10, 0x00, 0x86, 0xC6, 0xC4, 0x4C, 0x6C, 0x68, 0x38, 0x30, 0x30,
        0x20, 0xE0, 0xC0, 0xC0, 0xC0, 0xDC, 0xE6, 0xC2, 0xC3, 0xC3, 0xC2, 0xE6, 0xFC, 0xC0, 0xC0,
        0xC0, 0x44, 0x00, 0x00, 0x82, 0xC6, 0xC4, 0x6C, 0x6C, 0x38, 0x38, 0x38, 0x30, 0x30, 0xE0,
        0xFF, 0xFF, 0xFE, 0x40, 0x40, 0x40, 0xC0, 0x40, 0x40, 0xC0, 0xC0, 0xC0, 0xC0, 0xC0, 0x80,
        0x48, 0x48, 0x48, 0xD8, 0x48, 0x58, 0xD8, 0xD0, 0xD8, 0xD8, 0xD0, 0x90, 0x70, 0xF8, 0xF8,
        0xF8, 0x70, 0x84, 0x20, 0x84, 0x20, 0x30, 0x60, 0x40, 0xC0, 0x40, 0x60, 0x30, 0xC0, 0x60,
        0x20, 0x30, 0x20, 0x60, 0xC0, 0x0F, 0x3B, 0x20, 0x60, 0xFE, 0x60, 0xFC, 0x60, 0x20, 0x39,
        0x0F, 0xE9, 0x4B, 0x4F, 0x49, 0xFE,
    ],
    line_height: 20,
};

// INTER_STANDARD_HEADING: 20 px, cap 14, line height 26, gray 128, U+00AD as U+002D
pub static INTER_STANDARD_HEADING: BitmapFont = BitmapFont {
    glyphs: &[
        Glyph::new(0, 0, 0, 5, 0, 0),
        Glyph::new(0, 3, 14, 6, 2, -14),
        Glyph::new(14, 7, 6, 10, 2, -14),
        Glyph::new(20, 13, 14, 13, 0, -14),
        Glyph::new(48, 11, 18, 13, 1, -16),
        Glyph::new(84, 16, 14, 20, 2, -14),
        Glyph::new(112, 12, 14, 13, 1, -14),
        Glyph::new(140, 3, 6, 7, 2, -14),
        Glyph::new(146, 5, 18, 7, 2, -15),
        Glyph::new(164, 5, 18, 7, 1, -15),
        Glyph::new(182, 8, 8, 11, 1, -14),
        Glyph::new(190, 10, 10, 13, 2, -11),
        Glyph::new(210, 4, 6, 6, 1, -2),
        Glyph::new(216, 7, 2, 9, 1, -7),
        Glyph::new(218, 3, 3, 6, 2, -3),
        Glyph::new(221, 7, 18, 8, 0, -16),
        Glyph::new(239, 11, 14, 13, 1, -14),
        Glyph::new(267, 7, 14, 8, 1, -14),
        Glyph::new(281, 10, 14, 12, 1, -14),
        Glyph::new(309, 11, 14, 13, 1, -14),
        Glyph::new(337, 12, 14, 13, 1, -14),
        Glyph::new(365, 10, 14, 12, 1, -14),
        Glyph::new(393, 11, 14, 13, 1, -14),
        Glyph::new(421, 10, 14, 12, 1, -14),
        Glyph::new(449, 11, 14, 13, 1, -14),
        Glyph::new(477, 11, 14, 13, 1, -14),
        Glyph::new(505, 3, 10, 6, 2, -10),
        Glyph::new(515, 4, 14, 7, 1, -10),
        Glyph::new(529, 10, 10, 13, 2, -11),
        Glyph::new(549, 9, 7, 13, 2, -9),
        Glyph::new(563, 10, 11, 13, 2, -11),
        Glyph::new(585, 9, 14, 11, 1, -14),
        Glyph::new(613, 18, 18, 20, 1, -14),
        Glyph::new(667, 14, 14, 15, 0, -14),
        Glyph::new(695, 11, 14, 13, 1, -14),
        Glyph::new(723, 12, 14, 15, 1, -14),
        Glyph::new(751, 12, 14, 14, 1, -14),
        Glyph::new(779, 10, 14, 12, 1, -14),
        Glyph::new(807, 10, 14, 12, 1, -14),
        Glyph::new(835, 13, 14, 15, 1, -14),
        Glyph::new(863, 12, 14, 15, 1, -14),
        Glyph::new(891, 3, 14, 6, 1, -14),
        Glyph::new(905, 10, 14, 12, 0, -14),
        Glyph::new(933, 12, 14, 14, 2, -14),
        Glyph::new(961, 9, 14, 11, 1, -14),
        Glyph::new(989, 16, 14, 18, 1, -14),
        Glyph::new(1017, 12, 14, 15, 2, -14),
        Glyph::new(1045, 14, 14, 15, 1, -14),
        Glyph::new(1073, 11, 14, 13, 1, -14),
        Glyph::new(1101, 14, 15, 15, 1, -14),
        Glyph::new(1131, 11, 14, 13, 2, -14),
        Glyph::new(1159, 11, 14, 13, 1, -14),
        Glyph::new(1187, 12, 14, 13, 1, -14),
        Glyph::new(1215, 12, 14, 15, 1, -14),
        Glyph::new(1243, 13, 14, 15, 1, -14),
        Glyph::new(1271, 19, 14, 20, 1, -14),
        Glyph::new(1313, 13, 14, 14, 1, -14),
        Glyph::new(1341, 13, 14, 14, 1, -14),
        Glyph::new(1369, 11, 14, 13, 1, -14),
        Glyph::new(1397, 5, 18, 7, 2, -15),
        Glyph::new(1415, 6, 18, 8, 1, -16),
        Glyph::new(1433, 5, 18, 7, 1, -15),
        Glyph::new(1451, 8, 6, 10, 1, -14),
        Glyph::new(1457, 9, 2, 9, 0, 0),
        Glyph::new(1461, 3, 3, 7, 2, -15),
        Glyph::new(1464, 10, 11, 11, 0, -11),
        Glyph::new(1486, 10, 14, 12, 2, -14),
        Glyph::new(1514, 10, 11, 12, 1, -11),
        Glyph::new(1536, 10, 14, 12, 1, -14),
        Glyph::new(1564, 10, 11, 12, 1, -11),
        Glyph::new(1586, 7, 14, 8, 0, -14),
        Glyph::new(1600, 11, 15, 13, 1, -11),
        Glyph::new(1630, 10, 14, 12, 1, -14),
        Glyph::new(1658, 3, 15, 5, 1, -15),
        Glyph::new(1673, 5, 19, 5, -1, -15),
        Glyph::new(1692, 10, 14, 11, 1, -14),
        Glyph::new(1720, 3, 14, 5, 1, -14),
        Glyph::new(1734, 15, 11, 18, 2, -11),
        Glyph::new(1756, 10, 11, 12, 1, -11),
        Glyph::new(1778, 11, 11, 12, 1, -11),
        Glyph::new(1800, 10, 15, 12, 1, -11),
        Glyph::new(1830, 11, 15, 12, 1, -11),
        Glyph::new(1860, 6, 11, 8, 1, -11),
        Glyph::new(1871, 9, 11, 11, 1, -11),
        Glyph::new(1893, 7, 14, 7, 0, -14),
        Glyph::new(1907, 10, 11, 12, 1, -11),
        Glyph::new(1929, 10, 11, 12, 1, -11),
        Glyph::new(1951, 15, 11, 17, 1, -11),
        Glyph::new(1973, 10, 11, 11, 1, -11),
        Glyph::new(1995, 10, 15, 12, 1, -11),
        Glyph::new(2025, 9, 11, 11, 1, -11),
        Glyph::new(2047, 7, 18, 9, 1, -14),
        Glyph::new(2065, 3, 24, 7, 2, -19),
        Glyph::new(2089, 7, 18, 9, 1, -14),
        Glyph::new(2107, 10, 4, 13, 2, -8),
        Glyph::new(2115, 0, 0, 5, 0, 0),
        Glyph::new(2115, 3, 15, 6, 2, -11),
        Glyph::new(2130, 10, 14, 12, 1, -14),
        Glyph::new(2158, 12, 14, 13, 0, -14),
        Glyph::new(2186, 12, 12, 15, 2, -12),
        Glyph::new(2210, 10, 14, 11, 1, -14),
        Glyph::new(2238, 3, 17, 6, 2, -14),
        Glyph::new(2255, 10, 18, 11, 1, -14),
        Glyph::new(2291, 7, 2, 12, 3, -14),
        Glyph::new(2293, 15, 15, 18, 2, -15),
        Glyph::new(2323, 8, 8, 9, 0, -15),
        Glyph::new(2331, 11, 9, 13, 1, -11),
        Glyph::new(2349, 10, 5, 13, 1, -7),
        Glyph::new(2359, 7, 2, 9, 1, -7),
        Glyph::new(2361, 11, 12, 13, 1, -15),
        Glyph::new(2385, 6, 2, 9, 2, -15),
        Glyph::new(2387, 7, 7, 9, 1, -15),
        Glyph::new(2394, 10, 10, 13, 2, -11),
        Glyph::new(2414, 7, 8, 9, 1, -17),
        Glyph::new(2422, 7, 8, 9, 1, -17),
        Glyph::new(2430, 3, 3, 7, 2, -15),
        Glyph::new(2433, 11, 15, 12, 1, -11),
        Glyph::new(2463, 10, 14, 12, 1, -14),
        Glyph::new(2491, 3, 3, 6, 2, -8),
        Glyph::new(2494, 4, 4, 7, 2, 0),
        Glyph::new(2498, 4, 8, 6, 1, -17),
        Glyph::new(2506, 8, 8, 10, 1, -15),
        Glyph::new(2514, 11, 9, 13, 1, -11),
        Glyph::new(2532, 15, 14, 17, 1, -14),
        Glyph::new(2560, 16, 14, 17, 1, -14),
        Glyph::new(2588, 17, 15, 18, 1, -15),
        Glyph::new(2633, 9, 15, 11, 1, -11),
        Glyph::new(2663, 14, 19, 15, 0, -19),
        Glyph::new(2701, 14, 19, 15, 0, -19),
        Glyph::new(2739, 14, 19, 15, 0, -19),
        Glyph::new(2777, 14, 19, 15, 0, -19),
        Glyph::new(2815, 14, 18, 15, 0, -18),
        Glyph::new(2851, 14, 20, 15, 0, -20),
        Glyph::new(2891, 19, 14, 20, 0, -14),
        Glyph::new(2933, 12, 18, 15, 1, -14),
        Glyph::new(2969, 10, 19, 12, 1, -19),
        Glyph::new(3007, 10, 19, 12, 1, -19),
        Glyph::new(3045, 10, 19, 12, 1, -19),
        Glyph::new(3083, 10, 18, 12, 1, -18),
        Glyph::new(3119, 4, 19, 6, 0, -19),
        Glyph::new(3138, 4, 19, 6, 2, -19),
        Glyph::new(3157, 7, 19, 6, -1, -19),
        Glyph::new(3176, 7, 18, 6, -1, -18),
        Glyph::new(3194, 14, 14, 15, 0, -14),
        Glyph::new(3222, 12, 19, 15, 2, -19),
        Glyph::new(3260, 14, 19, 15, 1, -19),
        Glyph::new(3298, 14, 19, 15, 1, -19),
        Glyph::new(3336, 14, 19, 15, 1, -19),
        Glyph::new(3374, 14, 19, 15, 1, -19),
        Glyph::new(3412, 14, 19, 15, 1, -19),
        Glyph::new(3450, 9, 9, 13, 2, -10),
        Glyph::new(3468, 14, 14, 15, 1, -14),
        Glyph::new(3496, 12, 19, 15, 1, -19),
        Glyph::new(3534, 12, 19, 15, 1, -19),
        Glyph::new(3572, 12, 19, 15, 1, -19),
        Glyph::new(3610, 12, 19, 15, 1, -19),
        Glyph::new(3648, 13, 19, 14, 1, -19),
        Glyph::new(3686, 10, 14, 13, 1, -14),
        Glyph::new(3714, 11, 14, 13, 1, -14),
        Glyph::new(3742, 10, 15, 11, 0, -15),
        Glyph::new(3772, 10, 15, 11, 0, -15),
        Glyph::new(3802, 10, 16, 11, 0, -16),
        Glyph::new(3834, 10, 16, 11, 0, -16),
        Glyph::new(3866, 10, 14, 11, 0, -14),
        Glyph::new(3894, 10, 17, 11, 0, -17),
        Glyph::new(3928, 16, 11, 18, 1, -11),
        Glyph::new(3950, 9, 15, 12, 1, -11),
        Glyph::new(3980, 10, 15, 12, 1, -15),
        Glyph::new(4010, 10, 15, 12, 1, -15),
        Glyph::new(4040, 10, 15, 12, 1, -15),
        Glyph::new(4070, 10, 14, 12, 1, -14),
        Glyph::new(4098, 4, 15, 5, 0, -15),
        Glyph::new(4113, 4, 15, 5, 1, -15),
        Glyph::new(4128, 5, 15, 5, 0, -15),
        Glyph::new(4143, 7, 14, 5, -1, -14),
        Glyph::new(4157, 10, 15, 12, 1, -15),
        Glyph::new(4187, 10, 16, 12, 1, -16),
        Glyph::new(4219, 11, 15, 12, 1, -15),
        Glyph::new(4249, 11, 15, 12, 1, -15),
        Glyph::new(4279, 11, 16, 12, 1, -16),
        Glyph::new(4311, 11, 16, 12, 1, -16),
        Glyph::new(4343, 11, 14, 12, 1, -14),
        Glyph::new(4371, 10, 11, 13, 2, -11),
        Glyph::new(4393, 11, 11, 12, 1, -11),
        Glyph::new(4415, 10, 15, 12, 1, -15),
        Glyph::new(4445, 10, 15, 12, 1, -15),
        Glyph::new(4475, 10, 16, 12, 1, -16),
        Glyph::new(4507, 10, 14, 12, 1, -14),
        Glyph::new(4535, 10, 19, 12, 1, -15),
        Glyph::new(4573, 10, 18, 12, 1, -14),
        Glyph::new(4609, 11, 18, 12, 0, -14),
        Glyph::new(4645, 10, 2, 10, 0, -7),
        Glyph::new(4649, 20, 2, 20, 0, -7),
        Glyph::new(4655, 3, 6, 6, 2, -14),
        Glyph::new(4661, 3, 6, 6, 2, -15),
        Glyph::new(4667, 4, 6, 5, 1, -2),
        Glyph::new(4673, 7, 6, 10, 2, -14),
        Glyph::new(4679, 7, 6, 10, 2, -15),
        Glyph::new(4685, 8, 6, 10, 1, -2),
        Glyph::new(4691, 6, 6, 10, 2, -9),
        Glyph::new(4697, 15, 3, 19, 2, -3),
        Glyph::new(4703, 6, 9, 8, 1, -11),
        Glyph::new(4712, 6, 9, 8, 1, -11),
        Glyph::new(4721, 12, 14, 14, 1, -14),
        Glyph::new(4749, 10, 5, 13, 1, -14),
        Glyph::new(4759, 10, 2, 13, 2, -7),
    ],
    bitmap: &[
        0xE0, 0xE0, 0xE0, 0xE0, 0xE0, 0xE0, 0xE0, 0xE0, 0xE0, 0xE0, 0x00, 0xE0, 0xE0, 0xE0, 0xEE,
        0xEE, 0xEE, 0xEE, 0xEE, 0xEE, 0x0C, 0x60, 0x0C, 0x60, 0x0C, 0x60, 0x7F, 0xF8, 0x7F, 0xF0,
        0x18, 0xC0, 0x18, 0xC0, 0x18, 0xC0, 0x7F, 0xF0, 0xFF, 0xF0, 0x31, 0x80, 0x31, 0x80, 0x31,
        0x80, 0x31, 0x80, 0x04, 0x00, 0x04, 0x00, 0x1F, 0x00, 0x7F, 0xC0, 0xE5, 0xC0, 0xE4, 0xC0,
        0xE4, 0x00, 0xFC, 0x00, 0x7F, 0x00, 0x1F, 0x80, 0x05, 0xC0, 0x04, 0xE0, 0xC4, 0xC0, 0xE5,
        0xC0, 0x7F, 0x80, 0x3F, 0x00, 0x04, 0x00, 0x04, 0x00, 0x78, 0x08, 0xFC, 0x18, 0xCC, 0x30,
        0xCC, 0x20, 0xFC, 0x60, 0x78, 0xC0, 0x01, 0x80, 0x01, 0x1E, 0x03, 0x3F, 0x06, 0x33, 0x04,
        0x33, 0x0C, 0x33, 0x18, 0x3F, 0x30, 0x1E, 0x1E, 0x00, 0x3F, 0x00, 0x73, 0x80, 0x73, 0x80,
        0x73, 0x80, 0x3F, 0x00, 0x3C, 0x00, 0x7C, 0x70, 0x7E, 0x60, 0xE7, 0xE0, 0xE3, 0xE0, 0xE3,
        0xC0, 0x7F, 0xE0, 0x3E, 0x70, 0xE0, 0xE0, 0xE0, 0xE0, 0xE0, 0xE0, 0x38, 0x30, 0x70, 0x70,
        0x60, 0xE0, 0xE0, 0xE0, 0xE0, 0xE0, 0xE0, 0xE0, 0xE0, 0x60, 0x60, 0x70, 0x30, 0x38, 0xC0,
        0xE0, 0x60, 0x70, 0x70, 0x30, 0x30, 0x30, 0x38, 0x38, 0x30, 0x30, 0x30, 0x70, 0x70, 0x60,
        0xE0, 0xC0, 0x18, 0x18, 0xFF, 0x7E, 0x7C, 0xFF, 0x18, 0x18, 0x0E, 0x00, 0x0E, 0x00, 0x0E,
        0x00, 0x0E, 0x00, 0xFF, 0xC0, 0xFF, 0xC0, 0x0E, 0x00, 0x0E, 0x00, 0x0E, 0x00, 0x0E, 0x00,
        0x70, 0x60, 0x60, 0x60, 0xC0, 0xC0, 0xFE, 0xFE, 0xC0, 0xE0, 0xC0, 0x02, 0x06, 0x0E, 0x0C,
        0x0C, 0x0C, 0x1C, 0x18, 0x18, 0x18, 0x38, 0x30, 0x30, 0x30, 0x60, 0x60, 0x60, 0xE0, 0x1F,
        0x00, 0x3F, 0x80, 0x71, 0xC0, 0x60, 0xC0, 0xE0, 0xE0, 0xE0, 0xE0, 0xE0, 0xE0, 0xE0, 0xE0,
        0xE0, 0xE0, 0xE0, 0xE0, 0x60, 0xC0, 0x71, 0xC0, 0x3F, 0x80, 0x1F, 0x00, 0x1E, 0x3E, 0x7E,
        0xCE, 0x0E, 0x0E, 0x0E, 0x0E, 0x0E, 0x0E, 0x0E, 0x0E, 0x0E, 0x0E, 0x3E, 0x00, 0x7F, 0x80,
        0xE3, 0x80, 0xE1, 0xC0, 0x01, 0xC0, 0x01, 0x80, 0x03, 0x80, 0x07, 0x00, 0x0E, 0x00, 0x1C,
        0x00, 0x38, 0x00, 0x70, 0x00, 0xFF, 0xC0, 0xFF, 0xC0, 0x3F, 0x00, 0x7F, 0x80, 0xE1, 0xC0,
        0x01, 0xC0, 0x01, 0xC0, 0x0F, 0x00, 0x0F, 0x80, 0x01, 0xC0, 0x00, 0xC0, 0x00, 0xE0, 0xE0,
        0xC0, 0xF1, 0xC0, 0x7F, 0x80, 0x1F, 0x00, 0x03, 0xC0, 0x07, 0xC0, 0x07, 0xC0, 0x0F, 0xC0,
        0x1D, 0xC0, 0x39, 0xC0, 0x31, 0xC0, 0x71, 0xC0, 0xE1, 0xC0, 0xFF, 0xF0, 0xFF, 0xF0, 0x01,
        0xC0, 0x01, 0xC0, 0x01, 0xC0, 0x7F, 0x80, 0x7F, 0x80, 0x60, 0x00, 0x60, 0x00, 0x6F, 0x00,
        0xFF, 0x80, 0x63, 0x80, 0x01, 0xC0, 0x01, 0xC0, 0x01, 0xC0, 0xE1, 0xC0, 0xF3, 0x80, 0x7F,
        0x80, 0x1E, 0x00, 0x1F, 0x00, 0x3F, 0xC0, 0x70, 0xE0, 0x60, 0x00, 0xEF, 0x00, 0xFF, 0xC0,
        0xF1, 0xC0, 0xE0, 0xE0, 0xE0, 0xE0, 0xE0, 0xE0, 0xE0, 0xE0, 0x71, 0xC0, 0x3F, 0xC0, 0x1F,
        0x00, 0xFF, 0xC0, 0xFF, 0xC0, 0x01, 0xC0, 0x01, 0x80, 0x03, 0x80, 0x07, 0x00, 0x07, 0x00,
        0x0E, 0x00, 0x0E, 0x00, 0x1C, 0x00, 0x1C, 0x00, 0x38, 0x00, 0x38, 0x00, 0x70, 0x00, 0x1F,
        0x00, 0x7F, 0x80, 0x71, 0xC0, 0xE1, 0xC0, 0x71, 0xC0, 0x3F, 0x00, 0x3F, 0x80, 0x71, 0xC0,
        0xE0, 0xC0, 0xE0, 0xE0, 0xE0, 0xC0, 0xF1, 0xC0, 0x7F, 0x80, 0x1F, 0x00, 0x1F, 0x00, 0x7F,
        0x80, 0x71, 0xC0, 0xE0, 0xE0, 0xE0, 0xE0, 0xE0, 0xE0, 0xF1, 0xE0, 0x7F, 0xE0, 0x3E, 0xE0,
        0x00, 0xE0, 0xE0, 0xC0, 0x71, 0xC0, 0x7F, 0x80, 0x1F, 0x00, 0xC0, 0xE0, 0xC0, 0x00, 0x00,
        0x00, 0x00, 0xC0, 0xE0, 0xC0, 0x60, 0x70, 0x60, 0x00, 0x00, 0x00, 0x00, 0x00, 0x60, 0x60,
        0x60, 0x60, 0x40, 0xC0, 0x00, 0x80, 0x03, 0xC0, 0x0F, 0x80, 0x3E, 0x00, 0xF0, 0x00, 0xE0,
        0x00, 0xF8, 0x00, 0x1F, 0x00, 0x07, 0x80, 0x01, 0xC0, 0xFF, 0x80, 0xFF, 0x80, 0x00, 0x00,
        0x00, 0x00, 0x00, 0x00, 0xFF, 0x80, 0xFF, 0x80, 0xC0, 0x00, 0xF0, 0x00, 0xFC, 0x00, 0x1F,
        0x00, 0x07, 0x80, 0x03, 0xC0, 0x0F, 0x80, 0x3E, 0x00, 0xF8, 0x00, 0xE0, 0x00, 0x80, 0x00,
        0x3E, 0x00, 0x7F, 0x00, 0xE3, 0x80, 0xE3, 0x80, 0x03, 0x80, 0x07, 0x00, 0x0F, 0x00, 0x1C,
        0x00, 0x1C, 0x00, 0x18, 0x00, 0x00, 0x00, 0x18, 0x00, 0x1C, 0x00, 0x18, 0x00, 0x03, 0xF0,
        0x00, 0x0F, 0xFE, 0x00, 0x3E, 0x0F, 0x00, 0x38, 0x03, 0x80, 0x73, 0xDB, 0x80, 0x67, 0xF9,
        0xC0, 0xE6, 0x39, 0xC0, 0xEC, 0x19, 0xC0, 0xEC, 0x19, 0xC0, 0xEC, 0x19, 0xC0, 0xEC, 0x19,
        0xC0, 0xE6, 0x39, 0x80, 0x67, 0xFF, 0x80, 0x73, 0xCF, 0x00, 0x78, 0x00, 0x00, 0x3E, 0x00,
        0x00, 0x1F, 0xFC, 0x00, 0x03, 0xF0, 0x00, 0x07, 0x80, 0x07, 0x80, 0x0F, 0xC0, 0x0D, 0xC0,
        0x0C, 0xC0, 0x1C, 0xE0, 0x1C, 0xE0, 0x38, 0x70, 0x3F, 0xF0, 0x3F, 0xF0, 0x70, 0x38, 0x70,
        0x38, 0x60, 0x18, 0xE0, 0x1C, 0xFF, 0x00, 0xFF, 0x80, 0xE1, 0xC0, 0xE1, 0xC0, 0xE1, 0xC0,
        0xE3, 0x80, 0xFF, 0x00, 0xFF, 0xC0, 0xE1, 0xC0, 0xE0, 0xE0, 0xE0, 0xE0, 0xE0, 0xE0, 0xFF,
        0xC0, 0xFF, 0x80, 0x0F, 0x80, 0x3F, 0xE0, 0x78, 0xF0, 0x70, 0x30, 0xE0, 0x30, 0xE0, 0x00,
        0xE0, 0x00, 0xE0, 0x00, 0xE0, 0x00, 0xE0, 0x30, 0x70, 0x30, 0x78, 0xF0, 0x3F, 0xE0, 0x0F,
        0x80, 0xFF, 0x00, 0xFF, 0xC0, 0xE1, 0xE0, 0xE0, 0xE0, 0xE0, 0x70, 0xE0, 0x70, 0xE0, 0x70,
        0xE0, 0x70, 0xE0, 0x70, 0xE0, 0x70, 0xE0, 0xE0, 0xE1, 0xE0, 0xFF, 0xC0, 0xFF, 0x00, 0xFF,
        0xC0, 0xFF, 0xC0, 0xE0, 0x00, 0xE0, 0x00, 0xE0, 0x00, 0xE0, 0x00, 0xFF, 0x80, 0xFF, 0x80,
        0xE0, 0x00, 0xE0, 0x00, 0xE0, 0x00, 0xE0, 0x00, 0xFF, 0xC0, 0xFF, 0xC0, 0xFF, 0xC0, 0xFF,
        0xC0, 0xE0, 0x00, 0xE0, 0x00, 0xE0, 0x00, 0xE0, 0x00, 0xFF, 0x80, 0xFF, 0x80, 0xE0, 0x00,
        0xE0, 0x00, 0xE0, 0x00, 0xE0, 0x00, 0xE0, 0x00, 0xE0, 0x00, 0x0F, 0x80, 0x3F, 0xE0, 0x78,
        0x70, 0x70, 0x38, 0xE0, 0x00, 0xE0, 0x00, 0xE1, 0xF8, 0xE1, 0xF8, 0xE0, 0x38, 0xE0, 0x38,
        0x70, 0x30, 0x78, 0x70, 0x3F, 0xE0, 0x0F, 0x80, 0xE0, 0x70, 0xE0, 0x70, 0xE0, 0x70, 0xE0,
        0x70, 0xE0, 0x70, 0xE0, 0x70, 0xFF, 0xF0, 0xFF, 0xF0, 0xE0, 0x70, 0xE0, 0x70, 0xE0, 0x70,
        0xE0, 0x70, 0xE0, 0x70, 0xE0, 0x70, 0xE0, 0xE0, 0xE0, 0xE0, 0xE0, 0xE0, 0xE0, 0xE0, 0xE0,
        0xE0, 0xE0, 0xE0, 0xE0, 0xE0, 0x01, 0xC0, 0x01, 0xC0, 0x01, 0xC0, 0x01, 0xC0, 0x01, 0xC0,
        0x01, 0xC0, 0x01, 0xC0, 0x01, 0xC0, 0x01, 0xC0, 0xE1, 0xC0, 0xE1, 0xC0, 0xE3, 0x80, 0x7F,
        0x80, 0x3E, 0x00, 0xE0, 0xF0, 0xE1, 0xE0, 0xE3, 0xC0, 0xE3, 0x80, 0xE7, 0x00, 0xEE, 0x00,
        0xFE, 0x00, 0xFE, 0x00, 0xF7, 0x00, 0xE3, 0x80, 0xE1, 0xC0, 0xE1, 0xC0, 0xE0, 0xE0, 0xE0,
        0x70, 0xE0, 0x00, 0xE0, 0x00, 0xE0, 0x00, 0xE0, 0x00, 0xE0, 0x00, 0xE0, 0x00, 0xE0, 0x00,
        0xE0, 0x00, 0xE0, 0x00, 0xE0, 0x00, 0xE0, 0x00, 0xE0, 0x00, 0xFF, 0x80, 0xFF, 0x80, 0xF0,
        0x1F, 0xF8, 0x1F, 0xF8, 0x1F, 0xF8, 0x3F, 0xFC, 0x37, 0xEC, 0x77, 0xEC, 0x77, 0xEE, 0x67,
        0xE6, 0xE7, 0xE6, 0xE7, 0xE7, 0xC7, 0xE3, 0xC7, 0xE3, 0x87, 0xE3, 0x87, 0xE0, 0x70, 0xF0,
        0x70, 0xF8, 0x70, 0xF8, 0x70, 0xFC, 0x70, 0xEC, 0x70, 0xEE, 0x70, 0xE7, 0x70, 0xE3, 0x70,
        0xE3, 0xF0, 0xE1, 0xF0, 0xE0, 0xF0, 0xE0, 0xF0, 0xE0, 0x70, 0x0F, 0x80, 0x3F, 0xE0, 0x78,
        0x70, 0x70, 0x38, 0xE0, 0x18, 0xE0, 0x18, 0xE0, 0x1C, 0xE0, 0x1C, 0xE0, 0x18, 0xE0, 0x18,
        0x70, 0x38, 0x78, 0x70, 0x3F, 0xE0, 0x0F, 0x80, 0xFF, 0x00, 0xFF, 0x80, 0xE1, 0xC0, 0xE0,
        0xC0, 0xE0, 0xE0, 0xE0, 0xC0, 0xE1, 0xC0, 0xFF, 0x80, 0xFF, 0x00, 0xE0, 0x00, 0xE0, 0x00,
        0xE0, 0x00, 0xE0, 0x00, 0xE0, 0x00, 0x0F, 0x80, 0x3F, 0xE0, 0x78, 0x70, 0x70, 0x38, 0xE0,
        0x18, 0xE0, 0x18, 0xE0, 0x1C, 0xE0, 0x1C, 0xE0, 0x18, 0xE3, 0xB8, 0x71, 0xF8, 0x7D, 0xF0,
        0x3F, 0xE0, 0x0F, 0xF0, 0x00, 0x38, 0xFF, 0x00, 0xFF, 0x80, 0xE1, 0xC0, 0xE0, 0xC0, 0xE0,
        0xE0, 0xE0, 0xC0, 0xE1, 0xC0, 0xFF, 0x80, 0xFF, 0x00, 0xE3, 0x80, 0xE3, 0x80, 0xE1, 0xC0,
        0xE1, 0xC0, 0xE0, 0xE0, 0x1F, 0x00, 0x7F, 0xC0, 0xE1, 0xC0, 0xE0, 0xC0, 0xE0, 0x00, 0xF0,
        0x00, 0x7F, 0x00, 0x1F, 0x80, 0x01, 0xC0, 0x00, 0xE0, 0xC0, 0xC0, 0xE1, 0xC0, 0x7F, 0x80,
        0x3F, 0x00, 0xFF, 0xF0, 0xFF, 0xF0, 0x0E, 0x00, 0x0E, 0x00, 0x0E, 0x00, 0x0E, 0x00, 0x0E,
        0x00, 0x0E, 0x00, 0x0E, 0x00, 0x0E, 0x00, 0x0E, 0x00, 0x0E, 0x00, 0x0E, 0x00, 0x0E, 0x00,
        0xE0, 0x70, 0xE0, 0x70, 0xE0, 0x70, 0xE0, 0x70, 0xE0, 0x70, 0xE0, 0x70, 0xE0, 0x70, 0xE0,
        0x70, 0xE0, 0x70, 0xE0, 0x70, 0xE0, 0x60, 0x70, 0xE0, 0x3F, 0xC0, 0x1F, 0x00, 0xE0, 0x38,
        0xE0, 0x38, 0xE0, 0x70, 0x70, 0x70, 0x70, 0x60, 0x30, 0xE0, 0x38, 0xE0, 0x38, 0xC0, 0x19,
        0xC0, 0x1D, 0xC0, 0x1D, 0x80, 0x0F, 0x80, 0x0F, 0x80, 0x0F, 0x00, 0xC0, 0xE0, 0xE0, 0xE1,
        0xE0, 0xC0, 0xE1, 0xE1, 0xC0, 0xE1, 0xF1, 0xC0, 0x61, 0xF1, 0xC0, 0x73, 0xB1, 0x80, 0x73,
        0x33, 0x80, 0x33, 0x3B, 0x80, 0x33, 0x3B, 0x80, 0x3F, 0x1B, 0x00, 0x3E, 0x1F, 0x00, 0x1E,
        0x1F, 0x00, 0x1E, 0x0E, 0x00, 0x1E, 0x0E, 0x00, 0x70, 0x38, 0x38, 0x70, 0x38, 0xE0, 0x1C,
        0xC0, 0x0D, 0xC0, 0x0F, 0x80, 0x07, 0x00, 0x07, 0x80, 0x0F, 0x80, 0x1D, 0xC0, 0x1C, 0xE0,
        0x38, 0x70, 0x70, 0x70, 0xE0, 0x38, 0xE0, 0x38, 0x70, 0x70, 0x70, 0xE0, 0x38, 0xE0, 0x39,
        0xC0, 0x1D, 0x80, 0x0F, 0x80, 0x0F, 0x00, 0x07, 0x00, 0x07, 0x00, 0x07, 0x00, 0x07, 0x00,
        0x07, 0x00, 0x07, 0x00, 0xFF, 0xE0, 0xFF, 0xE0, 0x01, 0xC0, 0x01, 0xC0, 0x03, 0x80, 0x07,
        0x00, 0x0E, 0x00, 0x0E, 0x00, 0x1C, 0x00, 0x38, 0x00, 0x70, 0x00, 0x70, 0x00, 0xFF, 0xE0,
        0xFF, 0xE0, 0xF8, 0xF8, 0xE0, 0xE0, 0xE0, 0xE0, 0xE0, 0xE0, 0xE0, 0xE0, 0xE0, 0xE0, 0xE0,
        0xE0, 0xE0, 0xE0, 0xF8, 0xF8, 0x80, 0xC0, 0xC0, 0xC0, 0xE0, 0x60, 0x60, 0x60, 0x70, 0x30,
        0x30, 0x38, 0x18, 0x18, 0x18, 0x1C, 0x0C, 0x0C, 0xF8, 0xF8, 0x38, 0x38, 0x38, 0x38, 0x38,
        0x38, 0x38, 0x38, 0x38, 0x38, 0x38, 0x38, 0x38, 0x38, 0xF8, 0xF8, 0x38, 0x3C, 0x6C, 0x66,
        0x66, 0xC7, 0xFF, 0x80, 0xFF, 0x80, 0xC0, 0x60, 0x60, 0x1E, 0x00, 0x7F, 0x80, 0x73, 0x80,
        0x01, 0xC0, 0x03, 0xC0, 0x7F, 0xC0, 0xE1, 0xC0, 0xE1, 0xC0, 0xE3, 0xC0, 0xFF, 0xC0, 0x3D,
        0xC0, 0xE0, 0x00, 0xE0, 0x00, 0xE0, 0x00, 0xEF, 0x00, 0xFF, 0x80, 0xF3, 0x80, 0xE1, 0xC0,
        0xE1, 0xC0, 0xE1, 0xC0, 0xE1, 0xC0, 0xE1, 0xC0, 0xF3, 0x80, 0xFF, 0x80, 0xEF, 0x00, 0x1E,
        0x00, 0x7F, 0x80, 0x71, 0xC0, 0xE1, 0x80, 0xE0, 0x00, 0xE0, 0x00, 0xE0, 0x00, 0xE1, 0x80,
        0x71, 0xC0, 0x7F, 0x80, 0x1E, 0x00, 0x01, 0xC0, 0x01, 0xC0, 0x01, 0xC0, 0x3D, 0xC0, 0x7F,
        0xC0, 0x73, 0xC0, 0xE1, 0xC0, 0xE1, 0xC0, 0xE1, 0xC0, 0xE1, 0xC0, 0xE1, 0xC0, 0x73, 0xC0,
        0x7F, 0xC0, 0x3D, 0xC0, 0x1E, 0x00, 0x7F, 0x80, 0x73, 0x80, 0xE1, 0xC0, 0xFF, 0xC0, 0xFF,
        0xC0, 0xE0, 0x00, 0xE0, 0x00, 0x71, 0xC0, 0x7F, 0x80, 0x1F, 0x00, 0x1E, 0x3E, 0x38, 0xFE,
        0xFE, 0x38, 0x38, 0x38, 0x38, 0x38, 0x38, 0x38, 0x38, 0x38, 0x1C, 0xE0, 0x7F, 0xE0, 0x71,
        0xE0, 0xE0, 0xE0, 0xE0, 0xE0, 0xE0, 0xE0, 0xE0, 0xE0, 0xE0, 0xE0, 0x71, 0xE0, 0x7F, 0xE0,
        0x1E, 0xE0, 0x00, 0xC0, 0x61, 0xC0, 0x7F, 0xC0, 0x1F, 0x00, 0xE0, 0x00, 0xE0, 0x00, 0xE0,
        0x00, 0xEF, 0x00, 0xFF, 0x80, 0xF3, 0x80, 0xE1, 0xC0, 0xE1, 0xC0, 0xE1, 0xC0, 0xE1, 0xC0,
        0xE1, 0xC0, 0xE1, 0xC0, 0xE1, 0xC0, 0xE1, 0xC0, 0x40, 0xE0, 0xC0, 0x00, 0xE0, 0xE0, 0xE0,
        0xE0, 0xE0, 0xE0, 0xE0, 0xE0, 0xE0, 0xE0, 0xE0, 0x10, 0x38, 0x30, 0x00, 0x38, 0x38, 0x38,
        0x38, 0x38, 0x38, 0x38, 0x38, 0x38, 0x38, 0x38, 0x38, 0x30, 0xF0, 0xE0, 0xE0, 0x00, 0xE0,
        0x00, 0xE0, 0x00, 0xE3, 0x80, 0xE3, 0x80, 0xE7, 0x00, 0xEE, 0x00, 0xFC, 0x00, 0xFC, 0x00,
        0xFE, 0x00, 0xEE, 0x00, 0xE7, 0x00, 0xE3, 0x80, 0xE1, 0xC0, 0xE0, 0xE0, 0xE0, 0xE0, 0xE0,
        0xE0, 0xE0, 0xE0, 0xE0, 0xE0, 0xE0, 0xE0, 0xE0, 0xE0, 0xEE, 0x3C, 0xFF, 0x7E, 0xE3, 0xCE,
        0xE3, 0x86, 0xE3, 0x86, 0xE3, 0x86, 0xE3, 0x86, 0xE3, 0x86, 0xE3, 0x86, 0xE3, 0x86, 0xE3,
        0x86, 0xEF, 0x00, 0xFF, 0x80, 0xF3, 0x80, 0xE1, 0xC0, 0xE1, 0xC0, 0xE1, 0xC0, 0xE1, 0xC0,
        0xE1, 0xC0, 0xE1, 0xC0, 0xE1, 0xC0, 0xE1, 0xC0, 0x1F, 0x00, 0x3F, 0x80, 0x71, 0xC0, 0xE0,
        0xC0, 0xE0, 0xC0, 0xE0, 0xE0, 0xE0, 0xC0, 0xE0, 0xC0, 0x71, 0xC0, 0x3F, 0x80, 0x1F, 0x00,
        0xEF, 0x00, 0xFF, 0x80, 0xF3, 0x80, 0xE1, 0xC0, 0xE1, 0xC0, 0xE1, 0xC0, 0xE1, 0xC0, 0xE1,
        0xC0, 0xF3, 0x80, 0xFF, 0x80, 0xEF, 0x00, 0xE0, 0x00, 0xE0, 0x00, 0xE0, 0x00, 0xE0, 0x00,
        0x1E, 0xE0, 0x7F, 0xE0, 0x71, 0xE0, 0xE0, 0xE0, 0xE0, 0xE0, 0xE0, 0xE0, 0xE0, 0xE0, 0xE0,
        0xE0, 0x71, 0xE0, 0x7F, 0xE0, 0x1E, 0xE0, 0x00, 0xE0, 0x00, 0xE0, 0x00, 0xE0, 0x00, 0xE0,
        0xEC, 0xFC, 0xF0, 0xE0, 0xE0, 0xE0, 0xE0, 0xE0, 0xE0, 0xE0, 0xE0, 0x3E, 0x00, 0x7F, 0x00,
        0xE3, 0x80, 0xE0, 0x00, 0xF0, 0x00, 0x7F, 0x00, 0x07, 0x80, 0x03, 0x80, 0xE3, 0x80, 0xFF,
        0x00, 0x3E, 0x00, 0x30, 0x38, 0x38, 0xFE, 0xFE, 0x38, 0x38, 0x38, 0x38, 0x38, 0x38, 0x38,
        0x3E, 0x1E, 0xE1, 0xC0, 0xE1, 0xC0, 0xE1, 0xC0, 0xE1, 0xC0, 0xE1, 0xC0, 0xE1, 0xC0, 0xE1,
        0xC0, 0xE1, 0xC0, 0xE3, 0xC0, 0x7F, 0xC0, 0x3D, 0xC0, 0xC0, 0xC0, 0xE1, 0xC0, 0xE1, 0x80,
        0x61, 0x80, 0x73, 0x80, 0x73, 0x00, 0x33, 0x00, 0x3F, 0x00, 0x1E, 0x00, 0x1E, 0x00, 0x1C,
        0x00, 0xC3, 0x86, 0xC3, 0x8E, 0xE3, 0x8E, 0xE7, 0x8C, 0x66, 0xCC, 0x66, 0xDC, 0x76, 0xD8,
        0x3C, 0x78, 0x3C, 0x78, 0x3C, 0x78, 0x18, 0x70, 0xE1, 0xC0, 0x73, 0x80, 0x33, 0x00, 0x3F,
        0x00, 0x1E, 0x00, 0x1E, 0x00, 0x1E, 0x00, 0x3F, 0x00, 0x73, 0x80, 0x61, 0x80, 0xE1, 0xC0,
        0xC0, 0xC0, 0xE1, 0xC0, 0xE1, 0x80, 0x63, 0x80, 0x73, 0x80, 0x73, 0x00, 0x37, 0x00, 0x3F,
        0x00, 0x1E, 0x00, 0x1E, 0x00, 0x1C, 0x00, 0x1C, 0x00, 0x1C, 0x00, 0x78, 0x00, 0xF0, 0x00,
        0xFF, 0x80, 0xFF, 0x80, 0x07, 0x00, 0x07, 0x00, 0x0E, 0x00, 0x1C, 0x00, 0x38, 0x00, 0x38,
        0x00, 0x70, 0x00, 0xFF, 0x80, 0xFF, 0x80, 0x1E, 0x3C, 0x38, 0x38, 0x38, 0x38, 0x30, 0x70,
        0xE0, 0xF0, 0x70, 0x38, 0x38, 0x38, 0x38, 0x38, 0x1E, 0x0C, 0xE0, 0xE0, 0xE0, 0xE0, 0xE0,
        0xE0, 0xE0, 0xE0, 0xE0, 0xE0, 0xE0, 0xE0, 0xE0, 0xE0, 0xE0, 0xE0, 0xE0, 0xE0, 0xE0, 0xE0,
        0xE0, 0xE0, 0xE0, 0xE0, 0xE0, 0xF0, 0x30, 0x38, 0x38, 0x38, 0x38, 0x18, 0x0E, 0x1E, 0x38,
        0x38, 0x38, 0x38, 0x38, 0x70, 0xF0, 0xE0, 0x78, 0xC0, 0xFC, 0xC0, 0xE7, 0xC0, 0xC3, 0x80,
        0xE0, 0xE0, 0xE0, 0x00, 0x00, 0xE0, 0xE0, 0xE0, 0xE0, 0xE0, 0xE0, 0xE0, 0xE0, 0xE0, 0xE0,
        0x04, 0x00, 0x1F, 0x00, 0x3F, 0x80, 0x75, 0xC0, 0xE4, 0xC0, 0xE4, 0x00, 0xE4, 0x00, 0xE4,
        0x00, 0xE4, 0xC0, 0x75, 0xC0, 0x7F, 0x80, 0x1F, 0x00, 0x04, 0x00, 0x04, 0x00, 0x07, 0x80,
        0x1F, 0xC0, 0x38, 0xE0, 0x38, 0x60, 0x38, 0x00, 0x38, 0x00, 0xFF, 0x80, 0xFF, 0x80, 0x38,
        0x00, 0x38, 0x00, 0x30, 0x00, 0x70, 0x70, 0xFF, 0xE0, 0xFF, 0xC0, 0xDF, 0x30, 0xFF, 0xF0,
        0x70, 0xE0, 0x60, 0x60, 0xC0, 0x30, 0xC0, 0x30, 0xC0, 0x30, 0xC0, 0x30, 0x60, 0x60, 0x70,
        0xE0, 0xFF, 0xF0, 0x0F, 0x00, 0xE0, 0xC0, 0x61, 0xC0, 0x71, 0x80, 0x33, 0x80, 0x3B, 0x00,
        0x1F, 0x00, 0x7F, 0x80, 0x7F, 0xC0, 0x0E, 0x00, 0x7F, 0xC0, 0x7F, 0xC0, 0x0E, 0x00, 0x0E,
        0x00, 0x0E, 0x00, 0xE0, 0xE0, 0xE0, 0xE0, 0xE0, 0xE0, 0x00, 0x00, 0x00, 0x00, 0xE0, 0xE0,
        0xE0, 0xE0, 0xE0, 0xE0, 0xE0, 0x3E, 0x00, 0x7F, 0x00, 0x63, 0x00, 0xE2, 0x00, 0x70, 0x00,
        0x38, 0x00, 0x7E, 0x00, 0xE7, 0x80, 0xE3, 0x80, 0xE1, 0xC0, 0x79, 0x80, 0x3F, 0x00, 0x0F,
        0x00, 0x07, 0x00, 0x23, 0x80, 0xE3, 0x00, 0x7F, 0x00, 0x3E, 0x00, 0xC6, 0xC6, 0x07, 0xC0,
        0x1F, 0xF0, 0x3C, 0x78, 0x77, 0x9C, 0x6F, 0xCC, 0xEC, 0xEE, 0xF8, 0x6E, 0xF8, 0x0E, 0xF8,
        0x4E, 0xEC, 0xEE, 0x6F, 0xCC, 0x77, 0x9C, 0x3C, 0x78, 0x1F, 0xF0, 0x07, 0xC0, 0x3C, 0x7F,
        0x03, 0x1F, 0xF3, 0xC3, 0xFF, 0x7B, 0x1C, 0xE0, 0x19, 0xC0, 0x33, 0x80, 0x77, 0x00, 0xEE,
        0x00, 0x77, 0x00, 0x33, 0x80, 0x19, 0xC0, 0x1C, 0xE0, 0xFF, 0xC0, 0xFF, 0xC0, 0x01, 0xC0,
        0x01, 0xC0, 0x01, 0x80, 0xFE, 0xFE, 0x1F, 0x00, 0x3F, 0x80, 0x61, 0xC0, 0xC0, 0x40, 0x8E,
        0x60, 0x89, 0x20, 0x8F, 0x20, 0x8B, 0x60, 0xC9, 0x40, 0x61, 0xC0, 0x3F, 0x80, 0x1F, 0x00,
        0xFC, 0xFC, 0x38, 0x7C, 0xCE, 0xC6, 0xCE, 0x7C, 0x38, 0x1C, 0x00, 0x1C, 0x00, 0x1C, 0x00,
        0xFF, 0xC0, 0xFF, 0xC0, 0x1C, 0x00, 0x1C, 0x00, 0x00, 0x00, 0xFF, 0xC0, 0xFF, 0xC0, 0x7C,
        0xFE, 0x46, 0x0E, 0x1C, 0x30, 0xFE, 0xFE, 0x7C, 0xFE, 0x06, 0x1C, 0x1E, 0x06, 0xFE, 0x7C,
        0x60, 0xC0, 0xC0, 0xE1, 0xC0, 0xE1, 0xC0, 0xE1, 0xC0, 0xE1, 0xC0, 0xE1, 0xC0, 0xE1, 0xC0,
        0xE1, 0xC0, 0xE1, 0xC0, 0xE3, 0xC0, 0xFF, 0xE0, 0xFC, 0xE0, 0xE0, 0x00, 0xE0, 0x00, 0xE0,
        0x00, 0xE0, 0x00, 0x1F, 0xC0, 0x7F, 0xC0, 0xFD, 0xC0, 0xFD, 0xC0, 0xFD, 0xC0, 0xFD, 0xC0,
        0x7D, 0xC0, 0x7D, 0xC0, 0x1D, 0xC0, 0x01, 0xC0, 0x01, 0xC0, 0x01, 0xC0, 0x01, 0xC0, 0x01,
        0xC0, 0xC0, 0xE0, 0xC0, 0x40, 0x60, 0x30, 0xF0, 0x70, 0xF0, 0xB0, 0x30, 0x30, 0x30, 0x30,
        0x30, 0x3C, 0x7E, 0xE3, 0xC3, 0xC3, 0xE3, 0x7E, 0x3C, 0xE6, 0x00, 0x77, 0x00, 0x3B, 0x80,
        0x1D, 0xC0, 0x1C, 0xE0, 0x1D, 0xC0, 0x3B, 0x80, 0x77, 0x00, 0xE6, 0x00, 0x70, 0x18, 0xF0,
        0x30, 0x30, 0x60, 0x30, 0x60, 0x30, 0xC0, 0x31, 0x80, 0x31, 0x1C, 0x33, 0x1C, 0x06, 0x3C,
        0x0C, 0x2C, 0x0C, 0x6C, 0x18, 0x7E, 0x30, 0x7E, 0x30, 0x0C, 0xF0, 0x18, 0xB0, 0x30, 0x30,
        0x60, 0x30, 0x60, 0x30, 0xC0, 0x31, 0x80, 0x33, 0x1E, 0x33, 0x3F, 0x06, 0x03, 0x0C, 0x06,
        0x0C, 0x0C, 0x18, 0x18, 0x30, 0x3F, 0x30, 0x3F, 0x78, 0x0C, 0x00, 0xFC, 0x0C, 0x00, 0xCC,
        0x18, 0x00, 0x0C, 0x30, 0x00, 0x38, 0x30, 0x00, 0x0C, 0x60, 0x00, 0x0C, 0xC0, 0x00, 0xF8,
        0xC7, 0x00, 0x01, 0x8F, 0x00, 0x03, 0x0F, 0x00, 0x03, 0x1B, 0x00, 0x06, 0x33, 0x00, 0x0C,
        0x3F, 0x80, 0x0C, 0x3F, 0x80, 0x18, 0x03, 0x00, 0x18, 0x00, 0x1C, 0x00, 0x18, 0x00, 0x00,
        0x00, 0x00, 0x00, 0x1C, 0x00, 0x1C, 0x00, 0x38, 0x00, 0x70, 0x00, 0xE0, 0x00, 0xE0, 0x00,
        0xE3, 0x80, 0xE3, 0x80, 0x7F, 0x00, 0x3E, 0x00, 0x0E, 0x00, 0x06, 0x00, 0x03, 0x00, 0x00,
        0x00, 0x00, 0x00, 0x07, 0x80, 0x07, 0x80, 0x0F, 0xC0, 0x0D, 0xC0, 0x0C, 0xC0, 0x1C, 0xE0,
        0x1C, 0xE0, 0x38, 0x70, 0x3F, 0xF0, 0x3F, 0xF0, 0x70, 0x38, 0x70, 0x38, 0x60, 0x18, 0xE0,
        0x1C, 0x01, 0xC0, 0x01, 0x80, 0x03, 0x00, 0x00, 0x00, 0x00, 0x00, 0x07, 0x80, 0x07, 0x80,
        0x0F, 0xC0, 0x0D, 0xC0, 0x0C, 0xC0, 0x1C, 0xE0, 0x1C, 0xE0, 0x38, 0x70, 0x3F, 0xF0, 0x3F,
        0xF0, 0x70, 0x38, 0x70, 0x38, 0x60, 0x18, 0xE0, 0x1C, 0x07, 0x80, 0x0F, 0x80, 0x0C, 0xC0,
        0x00, 0x00, 0x00, 0x00, 0x07, 0x80, 0x07, 0x80, 0x0F, 0xC0, 0x0D, 0xC0, 0x0C, 0xC0, 0x1C,
        0xE0, 0x1C, 0xE0, 0x38, 0x70, 0x3F, 0xF0, 0x3F, 0xF0, 0x70, 0x38, 0x70, 0x38, 0x60, 0x18,
        0xE0, 0x1C, 0x06, 0x40, 0x0F, 0xC0, 0x09, 0x80, 0x00, 0x00, 0x00, 0x00, 0x07, 0x80, 0x07,
        0x80, 0x0F, 0xC0, 0x0D, 0xC0, 0x0C, 0xC0, 0x1C, 0xE0, 0x1C, 0xE0, 0x38, 0x70, 0x3F, 0xF0,
        0x3F, 0xF0, 0x70, 0x38, 0x70, 0x38, 0x60, 0x18, 0xE0, 0x1C, 0x0C, 0xC0, 0x0C, 0xC0, 0x00,
        0x00, 0x00, 0x00, 0x07, 0x00, 0x07, 0x80, 0x0F, 0x80, 0x0D, 0xC0, 0x1C, 0xC0, 0x1C, 0xC0,
        0x18, 0xE0, 0x38, 0x60, 0x3F, 0xF0, 0x3F, 0xF0, 0x70, 0x38, 0x70, 0x38, 0x60, 0x18, 0xE0,
        0x1C, 0x07, 0x00, 0x09, 0x80, 0x08, 0x80, 0x0D, 0x80, 0x07, 0x00, 0x00, 0x00, 0x0F, 0x00,
        0x0F, 0x80, 0x0F, 0x80, 0x1D, 0xC0, 0x1D, 0xC0, 0x18, 0xC0, 0x38, 0xE0, 0x38, 0xE0, 0x3F,
        0xF0, 0x7F, 0xF0, 0x70, 0x38, 0x70, 0x38, 0x60, 0x38, 0xE0, 0x1C, 0x03, 0xFF, 0xE0, 0x07,
        0xFF, 0xE0, 0x07, 0x70, 0x00, 0x06, 0x70, 0x00, 0x0E, 0x70, 0x00, 0x0C, 0x70, 0x00, 0x1C,
        0x7F, 0xC0, 0x18, 0x7F, 0xC0, 0x3F, 0xF0, 0x00, 0x3F, 0xF0, 0x00, 0x70, 0x70, 0x00, 0x70,
        0x70, 0x00, 0xE0, 0x7F, 0xE0, 0xE0, 0x7F, 0xE0, 0x0F, 0x80, 0x3F, 0xE0, 0x78, 0xF0, 0x70,
        0x30, 0xE0, 0x30, 0xE0, 0x00, 0xE0, 0x00, 0xE0, 0x00, 0xE0, 0x00, 0xE0, 0x30, 0x70, 0x30,
        0x78, 0xF0, 0x3F, 0xE0, 0x0F, 0x80, 0x02, 0x00, 0x03, 0x80, 0x01, 0x80, 0x07, 0x80, 0x38,
        0x00, 0x18, 0x00, 0x18, 0x00, 0x00, 0x00, 0x00, 0x00, 0xFF, 0xC0, 0xFF, 0xC0, 0xE0, 0x00,
        0xE0, 0x00, 0xE0, 0x00, 0xE0, 0x00, 0xFF, 0x80, 0xFF, 0x80, 0xE0, 0x00, 0xE0, 0x00, 0xE0,
        0x00, 0xE0, 0x00, 0xFF, 0xC0, 0xFF, 0xC0, 0x06, 0x00, 0x0E, 0x00, 0x0C, 0x00, 0x00, 0x00,
        0x00, 0x00, 0xFF, 0xC0, 0xFF, 0xC0, 0xE0, 0x00, 0xE0, 0x00, 0xE0, 0x00, 0xE0, 0x00, 0xFF,
        0x80, 0xFF, 0x80, 0xE0, 0x00, 0xE0, 0x00, 0xE0, 0x00, 0xE0, 0x00, 0xFF, 0xC0, 0xFF, 0xC0,
        0x1C, 0x00, 0x3E, 0x00, 0x73, 0x00, 0x00, 0x00, 0x00, 0x00, 0xFF, 0xC0, 0xFF, 0xC0, 0xE0,
        0x00, 0xE0, 0x00, 0xE0, 0x00, 0xE0, 0x00, 0xFF, 0x80, 0xFF, 0x80, 0xE0, 0x00, 0xE0, 0x00,
        0xE0, 0x00, 0xE0, 0x00, 0xFF, 0xC0, 0xFF, 0xC0, 0x33, 0x00, 0x33, 0x00, 0x00, 0x00, 0x00,
        0x00, 0xFF, 0xC0, 0xFF, 0xC0, 0xE0, 0x00, 0xE0, 0x00, 0xE0, 0x00, 0xE0, 0x00, 0xFF, 0x80,
        0xFF, 0x80, 0xE0, 0x00, 0xE0, 0x00, 0xE0, 0x00, 0xE0, 0x00, 0xFF, 0xC0, 0xFF, 0xC0, 0xC0,
        0xE0, 0x60, 0x00, 0x00, 0x70, 0x70, 0x70, 0x70, 0x70, 0x70, 0x70, 0x70, 0x70, 0x70, 0x70,
        0x70, 0x70, 0x70, 0x70, 0x60, 0x40, 0x00, 0x00, 0xE0, 0xE0, 0xE0, 0xE0, 0xE0, 0xE0, 0xE0,
        0xE0, 0xE0, 0xE0, 0xE0, 0xE0, 0xE0, 0xE0, 0x38, 0x7C, 0xCE, 0x00, 0x00, 0x38, 0x38, 0x38,
        0x38, 0x38, 0x38, 0x38, 0x38, 0x38, 0x38, 0x38, 0x38, 0x38, 0x38, 0xC6, 0xC6, 0x00, 0x00,
        0x38, 0x38, 0x38, 0x38, 0x38, 0x38, 0x38, 0x38, 0x38, 0x38, 0x38, 0x38, 0x38, 0x38, 0x3F,
        0xC0, 0x3F, 0xF0, 0x38, 0x78, 0x38, 0x38, 0x38, 0x1C, 0x38, 0x1C, 0xFF, 0x1C, 0xFF, 0x1C,
        0x38, 0x1C, 0x38, 0x1C, 0x38, 0x38, 0x38, 0x78, 0x3F, 0xF0, 0x3F, 0xC0, 0x0C, 0x80, 0x1F,
        0x80, 0x11, 0x00, 0x00, 0x00, 0x00, 0x00, 0xE0, 0x30, 0xF0, 0x30, 0xF8, 0x30, 0xF8, 0x30,
        0xFC, 0x30, 0xEE, 0x30, 0xE6, 0x30, 0xE7, 0x30, 0xE3, 0x30, 0xE3, 0xB0, 0xE1, 0xF0, 0xE0,
        0xF0, 0xE0, 0xF0, 0xE0, 0x70, 0x0E, 0x00, 0x06, 0x00, 0x03, 0x00, 0x00, 0x00, 0x00, 0x00,
        0x0F, 0x80, 0x3F, 0xE0, 0x78, 0x70, 0x70, 0x38, 0xE0, 0x18, 0xE0, 0x18, 0xE0, 0x1C, 0xE0,
        0x1C, 0xE0, 0x18, 0xE0, 0x18, 0x70, 0x38, 0x78, 0x70, 0x3F, 0xE0, 0x0F, 0x80, 0x01, 0x80,
        0x03, 0x80, 0x03, 0x00, 0x00, 0x00, 0x00, 0x00, 0x0F, 0x80, 0x3F, 0xE0, 0x78, 0x70, 0x70,
        0x38, 0xE0, 0x18, 0xE0, 0x18, 0xE0, 0x1C, 0xE0, 0x1C, 0xE0, 0x18, 0xE0, 0x18, 0x70, 0x38,
        0x78, 0x70, 0x3F, 0xE0, 0x0F, 0x80, 0x07, 0x00, 0x0F, 0x80, 0x1C, 0xC0, 0x00, 0x00, 0x00,
        0x00, 0x0F, 0x80, 0x3F, 0xE0, 0x78, 0x70, 0x70, 0x38, 0xE0, 0x18, 0xE0, 0x18, 0xE0, 0x1C,
        0xE0, 0x1C, 0xE0, 0x18, 0xE0, 0x18, 0x70, 0x38, 0x78, 0x70, 0x3F, 0xE0, 0x0F, 0x80, 0x04,
        0x40, 0x0F, 0xC0, 0x09, 0x80, 0x00, 0x00, 0x00, 0x00, 0x0F, 0x80, 0x3F, 0xE0, 0x78, 0x70,
        0x70, 0x38, 0xE0, 0x18, 0xE0, 0x18, 0xE0, 0x1C, 0xE0, 0x1C, 0xE0, 0x18, 0xE0, 0x18, 0x70,
        0x38, 0x78, 0x70, 0x3F, 0xE0, 0x0F, 0x80, 0x0C, 0xC0, 0x0C, 0xC0, 0x00, 0x00, 0x00, 0x00,
        0x00, 0x00, 0x0F, 0x80, 0x3F, 0xE0, 0x78, 0x70, 0x70, 0x38, 0xE0, 0x18, 0xE0, 0x18, 0xE0,
        0x1C, 0xE0, 0x1C, 0xE0, 0x18, 0xE0, 0x18, 0x70, 0x38, 0x78, 0x70, 0x3F, 0xE0, 0x0F, 0x80,
        0xE1, 0x80, 0xF3, 0x80, 0x7F, 0x00, 0x3E, 0x00, 0x1E, 0x00, 0x3F, 0x00, 0x77, 0x80, 0xE3,
        0x80, 0x41, 0x80, 0x0F, 0x90, 0x3F, 0xF0, 0x78, 0x70, 0x70, 0xF8, 0xE0, 0xF8, 0xE1, 0x98,
        0xE3, 0x1C, 0xE6, 0x1C, 0xE6, 0x18, 0xEC, 0x18, 0x78, 0x38, 0x78, 0x70, 0x3F, 0xE0, 0x6F,
        0x80, 0x1C, 0x00, 0x0C, 0x00, 0x04, 0x00, 0x00, 0x00, 0x00, 0x00, 0xE0, 0x70, 0xE0, 0x70,
        0xE0, 0x70, 0xE0, 0x70, 0xE0, 0x70, 0xE0, 0x70, 0xE0, 0x70, 0xE0, 0x70, 0xE0, 0x70, 0xE0,
        0x70, 0xE0, 0x60, 0x70, 0xE0, 0x3F, 0xC0, 0x1F, 0x00, 0x03, 0x00, 0x07, 0x00, 0x06, 0x00,
        0x00, 0x00, 0x00, 0x00, 0xE0, 0x70, 0xE0, 0x70, 0xE0, 0x70, 0xE0, 0x70, 0xE0, 0x70, 0xE0,
        0x70, 0xE0, 0x70, 0xE0, 0x70, 0xE0, 0x70, 0xE0, 0x70, 0xE0, 0x60, 0x70, 0xE0, 0x3F, 0xC0,
        0x1F, 0x00, 0x0E, 0x00, 0x1F, 0x00, 0x19, 0x80, 0x00, 0x00, 0x00, 0x00, 0xE0, 0x70, 0xE0,
        0x70, 0xE0, 0x70, 0xE0, 0x70, 0xE0, 0x70, 0xE0, 0x70, 0xE0, 0x70, 0xE0, 0x70, 0xE0, 0x70,
        0xE0, 0x70, 0xE0, 0xE0, 0x79, 0xE0, 0x3F, 0xC0, 0x1F, 0x00, 0x19, 0x80, 0x19, 0x80, 0x00,
        0x00, 0x00, 0x00, 0x00, 0x00, 0xE0, 0x70, 0xE0, 0x70, 0xE0, 0x70, 0xE0, 0x70, 0xE0, 0x70,
        0xE0, 0x70, 0xE0, 0x70, 0xE0, 0x70, 0xE0, 0x70, 0xE0, 0x70, 0xE0, 0x60, 0x70, 0xE0, 0x3F,
        0xC0, 0x1F, 0x00, 0x03, 0x80, 0x03, 0x00, 0x02, 0x00, 0x00, 0x00, 0x00, 0x00, 0xE0, 0x38,
        0x70, 0x70, 0x70, 0xE0, 0x38, 0xE0, 0x39, 0xC0, 0x1D, 0x80, 0x0F, 0x80, 0x0F, 0x00, 0x07,
        0x00, 0x07, 0x00, 0x07, 0x00, 0x07, 0x00, 0x07, 0x00, 0x07, 0x00, 0xE0, 0x00, 0xE0, 0x00,
        0xFE, 0x00, 0xFF, 0x80, 0xE3, 0xC0, 0xE1, 0xC0, 0xE1, 0xC0, 0xE1, 0xC0, 0xE3, 0xC0, 0xFF,
        0x80, 0xFE, 0x00, 0xE0, 0x00, 0xE0, 0x00, 0xE0, 0x00, 0x3E, 0x00, 0x7F, 0x80, 0xE3, 0x80,
        0xE1, 0xC0, 0xE1, 0x80, 0xE3, 0x80, 0xEF, 0x00, 0xEF, 0x80, 0xE1, 0xC0, 0xE0, 0xC0, 0xE0,
        0xE0, 0xE1, 0xC0, 0xEF, 0xC0, 0xEF, 0x00, 0x38, 0x00, 0x18, 0x00, 0x0C, 0x00, 0x00, 0x00,
        0x1E, 0x00, 0x7F, 0x80, 0x73, 0x80, 0x01, 0xC0, 0x03, 0xC0, 0x7F, 0xC0, 0xE1, 0xC0, 0xE1,
        0xC0, 0xE3, 0xC0, 0xFF, 0xC0, 0x3D, 0xC0, 0x07, 0x00, 0x06, 0x00, 0x0C, 0x00, 0x00, 0x00,
        0x1E, 0x00, 0x7F, 0x80, 0x73, 0x80, 0x01, 0xC0, 0x03, 0xC0, 0x7F, 0xC0, 0xE1, 0xC0, 0xE1,
        0xC0, 0xE3, 0xC0, 0xFF, 0xC0, 0x3D, 0xC0, 0x0C, 0x00, 0x1E, 0x00, 0x33, 0x00, 0x21, 0x00,
        0x00, 0x00, 0x1E, 0x00, 0x7F, 0x80, 0x73, 0x80, 0x01, 0xC0, 0x03, 0xC0, 0x7F, 0xC0, 0xE1,
        0xC0, 0xE1, 0xC0, 0xE3, 0xC0, 0xFF, 0xC0, 0x3D, 0xC0, 0x19, 0x00, 0x3F, 0x00, 0x26, 0x00,
        0x00, 0x00, 0x00, 0x00, 0x1E, 0x00, 0x7F, 0x80, 0x73, 0x80, 0x01, 0xC0, 0x03, 0xC0, 0x7F,
        0xC0, 0xE1, 0xC0, 0xE1, 0xC0, 0xE3, 0xC0, 0xFF, 0xC0, 0x3D, 0xC0, 0x73, 0x80, 0x00, 0x00,
        0x00, 0x00, 0x1E, 0x00, 0x7F, 0x80, 0x73, 0x80, 0x01, 0xC0, 0x03, 0xC0, 0x7F, 0xC0, 0xE1,
        0xC0, 0xE1, 0xC0, 0xE3, 0xC0, 0xFF, 0xC0, 0x3D, 0xC0, 0x0C, 0x00, 0x12, 0x00, 0x12, 0x00,
        0x16, 0x00, 0x0C, 0x00, 0x00, 0x00, 0x1F, 0x00, 0x7F, 0x80, 0x71, 0x80, 0x01, 0xC0, 0x03,
        0xC0, 0x7F, 0xC0, 0xF1, 0xC0, 0xE1, 0xC0, 0xE3, 0xC0, 0xFF, 0xC0, 0x3D, 0xC0, 0x3E, 0x3C,
        0x7F, 0xFE, 0x61, 0xC7, 0x01, 0xC3, 0x3F, 0xFF, 0x7F, 0xFF, 0xE1, 0x80, 0xE1, 0xC0, 0xE3,
        0xE7, 0x7F, 0x7F, 0x3C, 0x3C, 0x1E, 0x00, 0x7F, 0x80, 0x71, 0x80, 0xE1, 0x80, 0xE0, 0x00,
        0xE0, 0x00, 0xE0, 0x00, 0xE1, 0x80, 0x71, 0x80, 0x7F, 0x80, 0x1E, 0x00, 0x0C, 0x00, 0x0E,
        0x00, 0x02, 0x00, 0x0E, 0x00, 0x18, 0x00, 0x18, 0x00, 0x0C, 0x00, 0x00, 0x00, 0x1E, 0x00,
        0x7F, 0x80, 0x73, 0x80, 0xE1, 0xC0, 0xFF, 0xC0, 0xFF, 0xC0, 0xE0, 0x00, 0xE0, 0x00, 0x71,
        0xC0, 0x7F, 0x80, 0x1F, 0x00, 0x06, 0x00, 0x06, 0x00, 0x0C, 0x00, 0x00, 0x00, 0x1E, 0x00,
        0x7F, 0x80, 0x73, 0x80, 0xE1, 0xC0, 0xFF, 0xC0, 0xFF, 0xC0, 0xE0, 0x00, 0xE0, 0x00, 0x71,
        0xC0, 0x7F, 0x80, 0x1F, 0x00, 0x1E, 0x00, 0x33, 0x00, 0x21, 0x00, 0x00, 0x00, 0x1E, 0x00,
        0x7F, 0x80, 0x73, 0x80, 0xE1, 0xC0, 0xFF, 0xC0, 0xFF, 0xC0, 0xE0, 0x00, 0xE0, 0x00, 0x71,
        0xC0, 0x7F, 0x80, 0x1F, 0x00, 0x73, 0x80, 0x00, 0x00, 0x00, 0x00, 0x1E, 0x00, 0x7F, 0x80,
        0x73, 0x80, 0xE1, 0xC0, 0xFF, 0xC0, 0xFF, 0xC0, 0xE0, 0x00, 0xE0, 0x00, 0x71, 0xC0, 0x7F,
        0x80, 0x1F, 0x00, 0xC0, 0xE0, 0x60, 0x00, 0x70, 0x70, 0x70, 0x70, 0x70, 0x70, 0x70, 0x70,
        0x70, 0x70, 0x70, 0x70, 0x60, 0x40, 0x00, 0xE0, 0xE0, 0xE0, 0xE0, 0xE0, 0xE0, 0xE0, 0xE0,
        0xE0, 0xE0, 0xE0, 0x70, 0xD8, 0x08, 0x00, 0x70, 0x70, 0x70, 0x70, 0x70, 0x70, 0x70, 0x70,
        0x70, 0x70, 0x70, 0xEE, 0x00, 0x00, 0x38, 0x38, 0x38, 0x38, 0x38, 0x38, 0x38, 0x38, 0x38,
        0x38, 0x38, 0x31, 0x00, 0x3F, 0x00, 0x1E, 0x00, 0x3F, 0x00, 0x03, 0x80, 0x3F, 0x80, 0x7F,
        0xC0, 0x73, 0xC0, 0xE1, 0xC0, 0xE1, 0xC0, 0xE1, 0xC0, 0xE1, 0xC0, 0x73, 0x80, 0x7F, 0x80,
        0x1E, 0x00, 0x11, 0x00, 0x3F, 0x00, 0x26, 0x00, 0x00, 0x00, 0x00, 0x00, 0xEF, 0x00, 0xFF,
        0x80, 0xF3, 0x80, 0xE1, 0xC0, 0xE1, 0xC0, 0xE1, 0xC0, 0xE1, 0xC0, 0xE1, 0xC0, 0xE1, 0xC0,
        0xE1, 0xC0, 0xE1, 0xC0, 0x18, 0x00, 0x1C, 0x00, 0x0C, 0x00, 0x00, 0x00, 0x1F, 0x00, 0x3F,
        0x80, 0x71, 0xC0, 0xE0, 0xC0, 0xE0, 0xC0, 0xE0, 0xE0, 0xE0, 0xC0, 0xE0, 0xC0, 0x71, 0xC0,
        0x3F, 0x80, 0x1F, 0x00, 0x07, 0x00, 0x06, 0x00, 0x04, 0x00, 0x00, 0x00, 0x1F, 0x00, 0x3F,
        0x80, 0x71, 0xC0, 0xE0, 0xC0, 0xE0, 0xC0, 0xE0, 0xE0, 0xE0, 0xC0, 0xE0, 0xC0, 0x71, 0xC0,
        0x3F, 0x80, 0x1F, 0x00, 0x04, 0x00, 0x1E, 0x00, 0x3B, 0x00, 0x21, 0x00, 0x00, 0x00, 0x1F,
        0x00, 0x3F, 0x80, 0x71, 0xC0, 0xE0, 0xC0, 0xE0, 0xC0, 0xE0, 0xE0, 0xE0, 0xC0, 0xE0, 0xC0,
        0x71, 0xC0, 0x3F, 0x80, 0x1F, 0x00, 0x19, 0x00, 0x3F, 0x00, 0x22, 0x00, 0x00, 0x00, 0x00,
        0x00, 0x1F, 0x00, 0x3F, 0x80, 0x71, 0xC0, 0xE0, 0xC0, 0xE0, 0xC0, 0xE0, 0xE0, 0xE0, 0xC0,
        0xE0, 0xC0, 0x71, 0xC0, 0x3F, 0x80, 0x1F, 0x00, 0x3B, 0x80, 0x00, 0x00, 0x00, 0x00, 0x1F,
        0x00, 0x3F, 0x80, 0x71, 0xC0, 0xE0, 0xC0, 0xE0, 0xC0, 0xE0, 0xE0, 0xE0, 0xC0, 0xE0, 0xC0,
        0x71, 0xC0, 0x3F, 0x80, 0x1F, 0x00, 0x0C, 0x00, 0x1C, 0x00, 0x0C, 0x00, 0x00, 0x00, 0x00,
        0x00, 0xFF, 0xC0, 0xFF, 0xC0, 0x00, 0x00, 0x0C, 0x00, 0x1C, 0x00, 0x0C, 0x00, 0x1F, 0x40,
        0x3F, 0xC0, 0x71, 0xC0, 0xE3, 0xC0, 0xE6, 0xC0, 0xE4, 0xE0, 0xE8, 0xC0, 0xF8, 0xC0, 0x71,
        0xC0, 0x7F, 0x80, 0xDF, 0x00, 0x38, 0x00, 0x18, 0x00, 0x08, 0x00, 0x00, 0x00, 0xE1, 0xC0,
        0xE1, 0xC0, 0xE1, 0xC0, 0xE1, 0xC0, 0xE1, 0xC0, 0xE1, 0xC0, 0xE1, 0xC0, 0xE1, 0xC0, 0xE3,
        0xC0, 0x7F, 0xC0, 0x3D, 0xC0, 0x06, 0x00, 0x06, 0x00, 0x0C, 0x00, 0x00, 0x00, 0xE1, 0xC0,
        0xE1, 0xC0, 0xE1, 0xC0, 0xE1, 0xC0, 0xE1, 0xC0, 0xE1, 0xC0, 0xE1, 0xC0, 0xE1, 0xC0, 0xE3,
        0xC0, 0x7F, 0xC0, 0x3D, 0xC0, 0x08, 0x00, 0x1E, 0x00, 0x37, 0x00, 0x21, 0x00, 0x00, 0x00,
        0xE1, 0xC0, 0xE1, 0xC0, 0xE1, 0xC0, 0xE1, 0xC0, 0xE1, 0xC0, 0xE1, 0xC0, 0xE1, 0xC0, 0xE1,
        0xC0, 0xF3, 0xC0, 0x7F, 0xC0, 0x3D, 0xC0, 0x77, 0x00, 0x00, 0x00, 0x00, 0x00, 0xE1, 0xC0,
        0xE1, 0xC0, 0xE1, 0xC0, 0xE1, 0xC0, 0xE1, 0xC0, 0xE1, 0xC0, 0xE1, 0xC0, 0xE1, 0xC0, 0xE3,
        0xC0, 0x7F, 0xC0, 0x39, 0xC0, 0x06, 0x00, 0x06, 0x00, 0x0C, 0x00, 0x00, 0x00, 0xC0, 0xC0,
        0xE1, 0xC0, 0xE1, 0x80, 0x63, 0x80, 0x73, 0x80, 0x73, 0x00, 0x37, 0x00, 0x3F, 0x00, 0x1E,
        0x00, 0x1E, 0x00, 0x1C, 0x00, 0x1C, 0x00, 0x1C, 0x00, 0x78, 0x00, 0xF0, 0x00, 0xE0, 0x00,
        0xE0, 0x00, 0xE0, 0x00, 0xEF, 0x00, 0xFF, 0x80, 0xF3, 0x80, 0xE1, 0xC0, 0xE1, 0xC0, 0xE1,
        0xC0, 0xE1, 0xC0, 0xE1, 0xC0, 0xF3, 0x80, 0xFF, 0x80, 0xEF, 0x00, 0xE0, 0x00, 0xE0, 0x00,
        0xE0, 0x00, 0xE0, 0x00, 0x3B, 0x80, 0x00, 0x00, 0x00, 0x00, 0xE0, 0xE0, 0x60, 0xC0, 0x71,
        0xC0, 0x71, 0xC0, 0x31, 0x80, 0x3B, 0x80, 0x3B, 0x80, 0x1B, 0x00, 0x1F, 0x00, 0x1E, 0x00,
        0x0E, 0x00, 0x0E, 0x00, 0x1C, 0x00, 0x7C, 0x00, 0x78, 0x00, 0xFF, 0xC0, 0xFF, 0xC0, 0xFF,
        0xFF, 0xF0, 0xFF, 0xFF, 0xF0, 0x60, 0x60, 0x60, 0xE0, 0xC0, 0xC0, 0xE0, 0xE0, 0xC0, 0xC0,
        0xC0, 0xC0, 0x70, 0x60, 0x60, 0x60, 0xC0, 0xC0, 0x66, 0x66, 0x66, 0xE6, 0xCE, 0xCE, 0xE6,
        0xEE, 0xCE, 0xCC, 0xCC, 0xCC, 0x77, 0x66, 0x66, 0x66, 0xC6, 0xCC, 0x78, 0xFC, 0xFC, 0xFC,
        0xFC, 0x78, 0xC3, 0x0C, 0xE3, 0x8E, 0xC3, 0x0C, 0x1C, 0x18, 0x30, 0x70, 0xE0, 0x70, 0x30,
        0x18, 0x1C, 0xE0, 0x70, 0x38, 0x1C, 0x1C, 0x1C, 0x38, 0x70, 0xE0, 0x03, 0xE0, 0x0F, 0xF0,
        0x1E, 0x20, 0x18, 0x00, 0x7F, 0xC0, 0xFF, 0xC0, 0x38, 0x00, 0x7F, 0x80, 0xFF, 0x00, 0x38,
        0x00, 0x18, 0x00, 0x1E, 0x20, 0x0F, 0xF0, 0x03, 0xE0, 0xF4, 0x40, 0x46, 0xC0, 0x46, 0xC0,
        0x45, 0x40, 0x45, 0x40, 0xFF, 0xC0, 0xFF, 0xC0,
    ],
    line_height: 26,
};

// INTER_STANDARD_LARGE: 24 px, cap 17, line height 31, gray 128, U+00AD as U+002D
pub static INTER_STANDARD_LARGE: BitmapFont = BitmapFont {
    glyphs: &[
        Glyph::new(0, 0, 0, 6, 0, 0),
        Glyph::new(0, 4, 17, 8, 2, -17),
        Glyph::new(17, 8, 7, 13, 2, -17),
        Glyph::new(24, 15, 17, 15, 0, -17),
        Glyph::new(58, 13, 22, 16, 1, -20),
        Glyph::new(102, 19, 17, 24, 3, -17),
        Glyph::new(153, 15, 17, 16, 1, -17),
        Glyph::new(187, 3, 7, 8, 2, -17),
        Glyph::new(194, 6, 21, 9, 2, -18),
        Glyph::new(215, 6, 21, 9, 1, -18),
        Glyph::new(236, 8, 10, 13, 2, -17),
        Glyph::new(246, 12, 12, 16, 2, -13),
        Glyph::new(270, 3, 7, 8, 2, -2),
        Glyph::new(277, 8, 2, 11, 2, -8),
        Glyph::new(279, 4, 4, 8, 2, -4),
        Glyph::new(283, 7, 21, 9, 1, -18),
        Glyph::new(304, 13, 17, 16, 1, -17),
        Glyph::new(338, 7, 17, 10, 1, -17),
        Glyph::new(355, 12, 17, 15, 2, -17),
        Glyph::new(389, 13, 17, 15, 1, -17),
        Glyph::new(423, 14, 17, 16, 1, -17),
        Glyph::new(457, 12, 17, 15, 1, -17),
        Glyph::new(491, 13, 17, 15, 1, -17),
        Glyph::new(525, 12, 17, 14, 1, -17),
        Glyph::new(559, 13, 17, 15, 1, -17),
        Glyph::new(593, 13, 17, 15, 1, -17),
        Glyph::new(627, 4, 13, 8, 2, -13),
        Glyph::new(640, 5, 17, 8, 1, -12),
        Glyph::new(657, 12, 12, 16, 2, -13),
        Glyph::new(681, 11, 8, 16, 3, -11),
        Glyph::new(697, 12, 12, 16, 2, -13),
        Glyph::new(721, 11, 17, 13, 1, -17),
        Glyph::new(755, 22, 22, 24, 1, -17),
        Glyph::new(821, 15, 17, 17, 1, -17),
        Glyph::new(855, 13, 17, 16, 2, -17),
        Glyph::new(889, 15, 17, 18, 1, -17),
        Glyph::new(923, 14, 17, 17, 2, -17),
        Glyph::new(957, 12, 17, 15, 1, -17),
        Glyph::new(991, 11, 17, 14, 2, -17),
        Glyph::new(1025, 15, 17, 18, 1, -17),
        Glyph::new(1059, 14, 17, 18, 2, -17),
        Glyph::new(1093, 3, 17, 7, 2, -17),
        Glyph::new(1110, 11, 17, 14, 1, -17),
        Glyph::new(1144, 14, 17, 17, 2, -17),
        Glyph::new(1178, 11, 17, 14, 2, -17),
        Glyph::new(1212, 19, 17, 22, 2, -17),
        Glyph::new(1263, 15, 17, 18, 2, -17),
        Glyph::new(1297, 16, 17, 18, 1, -17),
        Glyph::new(1331, 13, 17, 15, 2, -17),
        Glyph::new(1365, 16, 18, 19, 1, -17),
        Glyph::new(1401, 13, 17, 16, 2, -17),
        Glyph::new(1435, 13, 17, 16, 1, -17),
        Glyph::new(1469, 14, 17, 16, 1, -17),
        Glyph::new(1503, 14, 17, 18, 2, -17),
        Glyph::new(1537, 16, 17, 17, 1, -17),
        Glyph::new(1571, 23, 17, 24, 1, -17),
        Glyph::new(1622, 16, 17, 17, 1, -17),
        Glyph::new(1656, 15, 17, 17, 1, -17),
        Glyph::new(1690, 13, 17, 16, 1, -17),
        Glyph::new(1724, 6, 21, 9, 2, -18),
        Glyph::new(1745, 8, 21, 9, 1, -18),
        Glyph::new(1766, 6, 21, 9, 1, -18),
        Glyph::new(1787, 9, 7, 12, 1, -16),
        Glyph::new(1801, 11, 2, 11, 0, 0),
        Glyph::new(1805, 4, 4, 8, 2, -18),
        Glyph::new(1809, 11, 13, 14, 1, -13),
        Glyph::new(1835, 12, 17, 15, 2, -17),
        Glyph::new(1869, 12, 13, 14, 1, -13),
        Glyph::new(1895, 12, 17, 15, 1, -17),
        Glyph::new(1929, 12, 13, 14, 1, -13),
        Glyph::new(1955, 9, 18, 9, 0, -18),
        Glyph::new(1991, 12, 18, 15, 1, -13),
        Glyph::new(2027, 11, 17, 15, 2, -17),
        Glyph::new(2061, 3, 18, 6, 2, -18),
        Glyph::new(2079, 5, 23, 6, 0, -18),
        Glyph::new(2102, 12, 17, 14, 2, -17),
        Glyph::new(2136, 3, 17, 6, 2, -17),
        Glyph::new(2153, 19, 13, 22, 1, -13),
        Glyph::new(2192, 11, 13, 15, 2, -13),
        Glyph::new(2218, 12, 13, 15, 1, -13),
        Glyph::new(2244, 12, 18, 15, 2, -13),
        Glyph::new(2280, 12, 18, 15, 1, -13),
        Glyph::new(2316, 8, 13, 10, 1, -13),
        Glyph::new(2329, 11, 13, 13, 1, -13),
        Glyph::new(2355, 8, 16, 8, 0, -16),
        Glyph::new(2371, 11, 13, 15, 2, -13),
        Glyph::new(2397, 12, 13, 14, 1, -13),
        Glyph::new(2423, 18, 13, 20, 1, -13),
        Glyph::new(2462, 12, 13, 14, 1, -13),
        Glyph::new(2488, 12, 18, 14, 1, -13),
        Glyph::new(2524, 11, 13, 14, 1, -13),
        Glyph::new(2550, 8, 21, 11, 2, -18),
        Glyph::new(2571, 3, 28, 9, 3, -22),
        Glyph::new(2599, 9, 21, 11, 1, -18),
        Glyph::new(2641, 12, 5, 16, 2, -9),
        Glyph::new(2651, 0, 0, 6, 0, 0),
        Glyph::new(2651, 4, 18, 8, 2, -13),
        Glyph::new(2669, 12, 17, 14, 1, -17),
        Glyph::new(2703, 13, 17, 15, 1, -17),
        Glyph::new(2737, 14, 14, 18, 2, -14),
        Glyph::new(2765, 12, 17, 14, 1, -17),
        Glyph::new(2799, 3, 20, 8, 2, -17),
        Glyph::new(2819, 11, 21, 14, 1, -17),
        Glyph::new(2861, 8, 3, 15, 3, -18),
        Glyph::new(2864, 18, 17, 22, 2, -17),
        Glyph::new(2915, 9, 10, 11, 1, -18),
        Glyph::new(2935, 13, 11, 15, 1, -13),
        Glyph::new(2957, 11, 5, 16, 2, -8),
        Glyph::new(2967, 8, 2, 11, 2, -8),
        Glyph::new(2969, 14, 14, 16, 1, -18),
        Glyph::new(2997, 7, 2, 11, 2, -17),
        Glyph::new(2999, 8, 8, 11, 1, -17),
        Glyph::new(3007, 12, 12, 16, 2, -13),
        Glyph::new(3031, 8, 10, 11, 1, -21),
        Glyph::new(3041, 8, 10, 11, 2, -21),
        Glyph::new(3051, 4, 4, 8, 2, -18),
        Glyph::new(3055, 13, 18, 15, 2, -13),
        Glyph::new(3091, 12, 17, 14, 1, -17),
        Glyph::new(3125, 4, 4, 8, 2, -10),
        Glyph::new(3129, 5, 5, 8, 2, 0),
        Glyph::new(3134, 6, 10, 8, 1, -21),
        Glyph::new(3144, 10, 10, 12, 1, -18),
        Glyph::new(3164, 13, 11, 15, 1, -13),
        Glyph::new(3186, 19, 18, 20, 1, -17),
        Glyph::new(3240, 19, 17, 21, 1, -17),
        Glyph::new(3291, 20, 18, 22, 1, -17),
        Glyph::new(3345, 11, 18, 13, 1, -13),
        Glyph::new(3381, 15, 22, 17, 1, -22),
        Glyph::new(3425, 15, 22, 17, 1, -22),
        Glyph::new(3469, 15, 23, 17, 1, -23),
        Glyph::new(3515, 15, 22, 17, 1, -22),
        Glyph::new(3559, 15, 22, 17, 1, -22),
        Glyph::new(3603, 15, 23, 17, 1, -23),
        Glyph::new(3649, 22, 17, 24, 1, -17),
        Glyph::new(3700, 15, 21, 18, 1, -17),
        Glyph::new(3742, 12, 22, 15, 1, -22),
        Glyph::new(3786, 12, 22, 15, 1, -22),
        Glyph::new(3830, 12, 23, 15, 1, -23),
        Glyph::new(3876, 12, 22, 15, 1, -22),
        Glyph::new(3920, 5, 22, 7, 0, -22),
        Glyph::new(3942, 5, 22, 7, 2, -22),
        Glyph::new(3964, 7, 23, 7, 0, -23),
        Glyph::new(3987, 8, 22, 7, -1, -22),
        Glyph::new(4009, 16, 17, 18, 1, -17),
        Glyph::new(4043, 15, 22, 18, 2, -22),
        Glyph::new(4087, 16, 23, 18, 1, -23),
        Glyph::new(4133, 16, 23, 18, 1, -23),
        Glyph::new(4179, 16, 23, 18, 1, -23),
        Glyph::new(4225, 16, 22, 18, 1, -22),
        Glyph::new(4269, 16, 22, 18, 1, -22),
        Glyph::new(4313, 12, 11, 16, 2, -12),
        Glyph::new(4335, 16, 17, 18, 1, -17),
        Glyph::new(4369, 14, 23, 18, 2, -23),
        Glyph::new(4415, 14, 23, 18, 2, -23),
        Glyph::new(4461, 14, 23, 18, 2, -23),
        Glyph::new(4507, 14, 22, 18, 2, -22),
        Glyph::new(4551, 15, 22, 17, 1, -22),
        Glyph::new(4595, 12, 17, 16, 2, -17),
        Glyph::new(4629, 13, 17, 15, 2, -17),
        Glyph::new(4663, 11, 18, 14, 1, -18),
        Glyph::new(4699, 11, 18, 14, 1, -18),
        Glyph::new(4735, 11, 19, 14, 1, -19),
        Glyph::new(4773, 11, 18, 14, 1, -18),
        Glyph::new(4809, 11, 18, 14, 1, -18),
        Glyph::new(4845, 11, 20, 14, 1, -20),
        Glyph::new(4885, 20, 13, 22, 1, -13),
        Glyph::new(4924, 12, 17, 14, 1, -13),
        Glyph::new(4958, 12, 18, 14, 1, -18),
        Glyph::new(4994, 12, 18, 14, 1, -18),
        Glyph::new(5030, 12, 19, 14, 1, -19),
        Glyph::new(5068, 12, 18, 14, 1, -18),
        Glyph::new(5104, 5, 18, 6, 0, -18),
        Glyph::new(5122, 5, 18, 6, 2, -18),
        Glyph::new(5140, 7, 18, 6, 0, -18),
        Glyph::new(5158, 8, 18, 6, -1, -18),
        Glyph::new(5176, 12, 18, 14, 1, -18),
        Glyph::new(5212, 11, 18, 15, 2, -18),
        Glyph::new(5248, 12, 18, 15, 1, -18),
        Glyph::new(5284, 12, 18, 15, 1, -18),
        Glyph::new(5320, 12, 19, 15, 1, -19),
        Glyph::new(5358, 12, 18, 15, 1, -18),
        Glyph::new(5394, 12, 18, 15, 1, -18),
        Glyph::new(5430, 12, 13, 16, 2, -13),
        Glyph::new(5456, 12, 13, 15, 1, -13),
        Glyph::new(5482, 11, 18, 15, 2, -18),
        Glyph::new(5518, 11, 18, 15, 2, -18),
        Glyph::new(5554, 11, 18, 15, 2, -18),
        Glyph::new(5590, 11, 18, 15, 2, -18),
        Glyph::new(5626, 12, 23, 14, 1, -18),
        Glyph::new(5672, 12, 22, 15, 2, -17),
        Glyph::new(5716, 12, 23, 14, 1, -18),
        Glyph::new(5762, 12, 2, 12, 0, -8),
        Glyph::new(5766, 24, 2, 24, 0, -8),
        Glyph::new(5772, 4, 7, 7, 2, -17),
        Glyph::new(5779, 4, 7, 7, 2, -17),
        Glyph::new(5786, 4, 7, 7, 2, -2),
        Glyph::new(5793, 9, 7, 12, 2, -17),
        Glyph::new(5807, 9, 7, 12, 2, -17),
        Glyph::new(5821, 9, 7, 12, 1, -2),
        Glyph::new(5835, 8, 7, 12, 2, -10),
        Glyph::new(5842, 20, 4, 23, 1, -4),
        Glyph::new(5854, 8, 11, 10, 1, -13),
        Glyph::new(5865, 8, 11, 10, 1, -13),
        Glyph::new(5876, 14, 17, 16, 1, -17),
        Glyph::new(5910, 13, 6, 15, 1, -17),
        Glyph::new(5922, 12, 2, 16, 2, -7),
    ],
    bitmap: &[
        0xE0, 0xE0, 0xE0, 0xE0, 0xE0, 0xE0, 0xE0, 0xE0, 0xE0, 0xE0, 0xE0, 0xE0, 0x00, 0x60, 0xF0,
        0xF0, 0x60, 0xE7, 0xE7, 0xE7, 0xE7, 0xE7, 0xE7, 0xE7, 0x06, 0x18, 0x06, 0x18, 0x0E, 0x18,
        0x0E, 0x38, 0x3F, 0xFE, 0x7F, 0xFE, 0x1E, 0x38, 0x0C, 0x30, 0x1C, 0x30, 0x1C, 0x70, 0x7F,
        0xFC, 0xFF, 0xFC, 0x3C, 0x70, 0x18, 0x60, 0x38, 0x60, 0x38, 0xE0, 0x30, 0xE0, 0x02, 0x00,
        0x02, 0x00, 0x02, 0x00, 0x0F, 0x80, 0x3F, 0xE0, 0x7F, 0xF0, 0xF2, 0x78, 0xE2, 0x30, 0xE2,
        0x00, 0xFA, 0x00, 0x7F, 0x00, 0x3F, 0xE0, 0x07, 0xF0, 0x02, 0x78, 0x02, 0x38, 0xE2, 0x38,
        0xE2, 0x78, 0xFF, 0xF0, 0x7F, 0xE0, 0x1F, 0x80, 0x02, 0x00, 0x02, 0x00, 0x38, 0x03, 0x00,
        0x7E, 0x07, 0x00, 0xEE, 0x06, 0x00, 0xC6, 0x0C, 0x00, 0xC6, 0x18, 0x00, 0xEE, 0x18, 0x00,
        0x7E, 0x30, 0x00, 0x38, 0x60, 0x00, 0x00, 0xE0, 0x00, 0x00, 0xC3, 0x80, 0x01, 0x87, 0xE0,
        0x03, 0x8C, 0x60, 0x03, 0x0C, 0x60, 0x06, 0x0C, 0x60, 0x0C, 0x0E, 0xE0, 0x1C, 0x07, 0xE0,
        0x18, 0x03, 0x80, 0x0F, 0x80, 0x3F, 0xC0, 0x7D, 0xE0, 0x70, 0xE0, 0x70, 0xE0, 0x79, 0xE0,
        0x3F, 0xC0, 0x3F, 0x80, 0x1E, 0x00, 0x7F, 0x1C, 0x77, 0x9C, 0xE3, 0xFC, 0xE1, 0xF8, 0xE0,
        0xF8, 0x79, 0xF8, 0x7F, 0xFC, 0x1F, 0x9E, 0xE0, 0xE0, 0xE0, 0xE0, 0xE0, 0xE0, 0xE0, 0x1C,
        0x38, 0x38, 0x70, 0x70, 0x70, 0x70, 0xE0, 0xE0, 0xE0, 0xE0, 0xE0, 0xE0, 0xE0, 0xE0, 0x70,
        0x70, 0x70, 0x38, 0x38, 0x1C, 0xE0, 0x70, 0x70, 0x38, 0x38, 0x38, 0x3C, 0x1C, 0x1C, 0x1C,
        0x1C, 0x1C, 0x1C, 0x1C, 0x1C, 0x38, 0x38, 0x38, 0x70, 0x70, 0xE0, 0x18, 0x18, 0xDB, 0xFF,
        0x7E, 0x7E, 0xFF, 0xDB, 0x18, 0x18, 0x07, 0x00, 0x07, 0x00, 0x07, 0x00, 0x07, 0x00, 0x07,
        0x80, 0xFF, 0xF0, 0xFF, 0xF0, 0x07, 0x00, 0x07, 0x00, 0x07, 0x00, 0x07, 0x00, 0x07, 0x00,
        0xE0, 0xE0, 0xE0, 0xE0, 0xC0, 0xC0, 0xC0, 0xFF, 0xFF, 0x60, 0xF0, 0xF0, 0x60, 0x02, 0x06,
        0x0E, 0x0E, 0x0E, 0x0C, 0x1C, 0x1C, 0x1C, 0x18, 0x38, 0x38, 0x30, 0x70, 0x70, 0x70, 0x60,
        0xE0, 0xE0, 0xC0, 0xC0, 0x0F, 0x80, 0x1F, 0xE0, 0x3D, 0xE0, 0x70, 0x70, 0x70, 0x70, 0xE0,
        0x38, 0xE0, 0x38, 0xE0, 0x38, 0xE0, 0x38, 0xE0, 0x38, 0xE0, 0x38, 0xE0, 0x38, 0x70, 0x70,
        0x70, 0x70, 0x3D, 0xF0, 0x3F, 0xE0, 0x0F, 0x80, 0x1E, 0x3E, 0xFE, 0xEE, 0x8E, 0x0E, 0x0E,
        0x0E, 0x0E, 0x0E, 0x0E, 0x0E, 0x0E, 0x0E, 0x0E, 0x0E, 0x0E, 0x1F, 0x80, 0x3F, 0xC0, 0x79,
        0xE0, 0xF0, 0xF0, 0xE0, 0x70, 0x00, 0x70, 0x00, 0xF0, 0x00, 0xE0, 0x01, 0xE0, 0x03, 0xC0,
        0x07, 0x80, 0x0F, 0x00, 0x1E, 0x00, 0x3C, 0x00, 0xF8, 0x00, 0xFF, 0xF0, 0xFF, 0xF0, 0x1F,
        0x80, 0x3F, 0xE0, 0x79, 0xE0, 0xF0, 0x70, 0xE0, 0x70, 0x00, 0x70, 0x00, 0xE0, 0x0F, 0xC0,
        0x0F, 0xC0, 0x01, 0xF0, 0x00, 0x78, 0x00, 0x38, 0xE0, 0x38, 0xF0, 0x78, 0x7D, 0xF0, 0x3F,
        0xE0, 0x1F, 0x80, 0x00, 0xF0, 0x01, 0xF0, 0x03, 0xF0, 0x03, 0xF0, 0x07, 0x70, 0x06, 0x70,
        0x0E, 0x70, 0x1C, 0x70, 0x1C, 0x70, 0x38, 0x70, 0x70, 0x70, 0x70, 0x78, 0xFF, 0xFC, 0xFF,
        0xFC, 0x00, 0x70, 0x00, 0x70, 0x00, 0x70, 0x7F, 0xE0, 0x7F, 0xE0, 0x70, 0x00, 0x70, 0x00,
        0x70, 0x00, 0x70, 0x00, 0x7F, 0xC0, 0xFF, 0xE0, 0x71, 0xE0, 0x00, 0xF0, 0x00, 0x70, 0x00,
        0x70, 0xE0, 0x70, 0xF0, 0xF0, 0x79, 0xE0, 0x3F, 0xC0, 0x1F, 0x00, 0x0F, 0xC0, 0x1F, 0xE0,
        0x3D, 0xF0, 0x70, 0x78, 0x70, 0x00, 0xE0, 0x00, 0xE7, 0xE0, 0xEF, 0xF0, 0xF8, 0xF0, 0xF0,
        0x78, 0xF0, 0x38, 0xE0, 0x38, 0xF0, 0x38, 0x70, 0x70, 0x7D, 0xF0, 0x3F, 0xE0, 0x0F, 0x80,
        0xFF, 0xF0, 0xFF, 0xF0, 0x00, 0xF0, 0x00, 0xE0, 0x00, 0xE0, 0x01, 0xC0, 0x01, 0xC0, 0x03,
        0x80, 0x03, 0x80, 0x07, 0x00, 0x07, 0x00, 0x0E, 0x00, 0x0E, 0x00, 0x1C, 0x00, 0x3C, 0x00,
        0x38, 0x00, 0x78, 0x00, 0x0F, 0x80, 0x3F, 0xE0, 0x7D, 0xF0, 0x70, 0x70, 0x70, 0x70, 0x70,
        0x70, 0x3D, 0xE0, 0x1F, 0xC0, 0x3F, 0xE0, 0x78, 0xF0, 0xF0, 0x78, 0xE0, 0x38, 0xE0, 0x38,
        0xF0, 0x78, 0x7D, 0xF0, 0x3F, 0xE0, 0x0F, 0x80, 0x0F, 0x80, 0x3F, 0xE0, 0x7D, 0xF0, 0xF0,
        0x70, 0xE0, 0x78, 0xE0, 0x38, 0xE0, 0x78, 0xF0, 0x78, 0x7D, 0xF8, 0x3F, 0xB8, 0x1F, 0x38,
        0x00, 0x38, 0xE0, 0x70, 0x70, 0xF0, 0x7D, 0xE0, 0x3F, 0xC0, 0x0F, 0x80, 0x60, 0xF0, 0xF0,
        0x60, 0x00, 0x00, 0x00, 0x00, 0x00, 0x60, 0xF0, 0xF0, 0x60, 0x30, 0x78, 0x78, 0x30, 0x00,
        0x00, 0x00, 0x00, 0x00, 0x00, 0x70, 0x70, 0x70, 0x70, 0x60, 0xE0, 0xE0, 0x00, 0x30, 0x00,
        0xF0, 0x07, 0xE0, 0x1F, 0xC0, 0x7E, 0x00, 0xF8, 0x00, 0xF0, 0x00, 0xFC, 0x00, 0x3F, 0x80,
        0x07, 0xE0, 0x01, 0xF0, 0x00, 0x70, 0xFF, 0xE0, 0xFF, 0xE0, 0x00, 0x00, 0x00, 0x00, 0x00,
        0x00, 0x00, 0x00, 0xFF, 0xE0, 0xFF, 0xE0, 0xC0, 0x00, 0xF0, 0x00, 0xFC, 0x00, 0x3F, 0x00,
        0x0F, 0xC0, 0x01, 0xE0, 0x00, 0xF0, 0x07, 0xE0, 0x1F, 0x80, 0x7E, 0x00, 0xF8, 0x00, 0xE0,
        0x00, 0x1F, 0x00, 0x7F, 0xC0, 0x7B, 0xE0, 0xE0, 0xE0, 0xE0, 0xE0, 0x00, 0xE0, 0x03, 0xC0,
        0x07, 0x80, 0x0F, 0x00, 0x1C, 0x00, 0x1C, 0x00, 0x00, 0x00, 0x00, 0x00, 0x0C, 0x00, 0x1E,
        0x00, 0x1E, 0x00, 0x0C, 0x00, 0x00, 0xFE, 0x00, 0x07, 0xFF, 0x80, 0x0F, 0xCF, 0xE0, 0x1E,
        0x00, 0xF0, 0x38, 0x00, 0x70, 0x78, 0x00, 0x38, 0x70, 0xFB, 0x38, 0xF1, 0xFF, 0x1C, 0xE3,
        0x87, 0x1C, 0xE3, 0x03, 0x1C, 0xE3, 0x03, 0x1C, 0xE3, 0x03, 0x1C, 0xE3, 0x03, 0x1C, 0xE3,
        0x87, 0x3C, 0xF1, 0xCF, 0xF8, 0x71, 0xFF, 0xF8, 0x78, 0x79, 0xE0, 0x38, 0x00, 0x00, 0x3E,
        0x00, 0x00, 0x1F, 0xE7, 0x00, 0x07, 0xFF, 0x80, 0x01, 0xFE, 0x00, 0x07, 0xC0, 0x07, 0xC0,
        0x07, 0xC0, 0x0E, 0xE0, 0x0E, 0xE0, 0x0E, 0xE0, 0x1C, 0x70, 0x1C, 0x70, 0x3C, 0x70, 0x38,
        0x38, 0x3C, 0x78, 0x7F, 0xFC, 0x7F, 0xFC, 0x70, 0x1C, 0xF0, 0x1E, 0xE0, 0x0E, 0xE0, 0x0E,
        0xFF, 0x80, 0xFF, 0xE0, 0xE1, 0xF0, 0xE0, 0x70, 0xE0, 0x70, 0xE0, 0x70, 0xE0, 0xE0, 0xFF,
        0xC0, 0xFF, 0xE0, 0xE1, 0xF0, 0xE0, 0x78, 0xE0, 0x38, 0xE0, 0x38, 0xE0, 0x78, 0xE1, 0xF0,
        0xFF, 0xF0, 0xFF, 0xC0, 0x07, 0xE0, 0x1F, 0xF8, 0x3E, 0x7C, 0x78, 0x1E, 0x70, 0x0E, 0xF0,
        0x0E, 0xE0, 0x00, 0xE0, 0x00, 0xE0, 0x00, 0xE0, 0x00, 0xE0, 0x00, 0xF0, 0x0E, 0x70, 0x0E,
        0x78, 0x1E, 0x3E, 0x7C, 0x1F, 0xF8, 0x07, 0xE0, 0xFF, 0x80, 0xFF, 0xE0, 0xF3, 0xF0, 0xE0,
        0x78, 0xE0, 0x38, 0xE0, 0x1C, 0xE0, 0x1C, 0xE0, 0x1C, 0xE0, 0x1C, 0xE0, 0x1C, 0xE0, 0x1C,
        0xE0, 0x3C, 0xE0, 0x38, 0xE0, 0x78, 0xF3, 0xF0, 0xFF, 0xE0, 0xFF, 0x80, 0xFF, 0xF0, 0xFF,
        0xF0, 0xE0, 0x00, 0xE0, 0x00, 0xE0, 0x00, 0xE0, 0x00, 0xE0, 0x00, 0xFF, 0xE0, 0xFF, 0xE0,
        0xE0, 0x00, 0xE0, 0x00, 0xE0, 0x00, 0xE0, 0x00, 0xE0, 0x00, 0xE0, 0x00, 0xFF, 0xF0, 0xFF,
        0xF0, 0xFF, 0xE0, 0xFF, 0xE0, 0xE0, 0x00, 0xE0, 0x00, 0xE0, 0x00, 0xE0, 0x00, 0xE0, 0x00,
        0xE0, 0x00, 0xFF, 0xE0, 0xFF, 0xE0, 0xE0, 0x00, 0xE0, 0x00, 0xE0, 0x00, 0xE0, 0x00, 0xE0,
        0x00, 0xE0, 0x00, 0xE0, 0x00, 0x07, 0xE0, 0x1F, 0xF8, 0x3E, 0xFC, 0x78, 0x1C, 0x70, 0x1E,
        0xF0, 0x00, 0xE0, 0x00, 0xE0, 0x00, 0xE0, 0xFE, 0xE0, 0xFE, 0xE0, 0x0E, 0xF0, 0x0E, 0x70,
        0x1E, 0x78, 0x1C, 0x3E, 0x7C, 0x1F, 0xF8, 0x07, 0xE0, 0xE0, 0x1C, 0xE0, 0x1C, 0xE0, 0x1C,
        0xE0, 0x1C, 0xE0, 0x1C, 0xE0, 0x1C, 0xE0, 0x1C, 0xFF, 0xFC, 0xFF, 0xFC, 0xE0, 0x1C, 0xE0,
        0x1C, 0xE0, 0x1C, 0xE0, 0x1C, 0xE0, 0x1C, 0xE0, 0x1C, 0xE0, 0x1C, 0xE0, 0x1C, 0xE0, 0xE0,
        0xE0, 0xE0, 0xE0, 0xE0, 0xE0, 0xE0, 0xE0, 0xE0, 0xE0, 0xE0, 0xE0, 0xE0, 0xE0, 0xE0, 0xE0,
        0x00, 0xE0, 0x00, 0xE0, 0x00, 0xE0, 0x00, 0xE0, 0x00, 0xE0, 0x00, 0xE0, 0x00, 0xE0, 0x00,
        0xE0, 0x00, 0xE0, 0x00, 0xE0, 0x00, 0xE0, 0xE0, 0xE0, 0xE0, 0xE0, 0xF0, 0xE0, 0x7B, 0xC0,
        0x7F, 0xC0, 0x1F, 0x00, 0xE0, 0x3C, 0xE0, 0x78, 0xE0, 0xF0, 0xE1, 0xE0, 0xE3, 0xC0, 0xE3,
        0x80, 0xE7, 0x00, 0xEF, 0x00, 0xFF, 0x00, 0xFF, 0x80, 0xF3, 0xC0, 0xF1, 0xE0, 0xE0, 0xE0,
        0xE0, 0xF0, 0xE0, 0x78, 0xE0, 0x38, 0xE0, 0x3C, 0xE0, 0x00, 0xE0, 0x00, 0xE0, 0x00, 0xE0,
        0x00, 0xE0, 0x00, 0xE0, 0x00, 0xE0, 0x00, 0xE0, 0x00, 0xE0, 0x00, 0xE0, 0x00, 0xE0, 0x00,
        0xE0, 0x00, 0xE0, 0x00, 0xE0, 0x00, 0xFF, 0xE0, 0xFF, 0xE0, 0xFF, 0xE0, 0xF8, 0x03, 0xE0,
        0xF8, 0x03, 0xE0, 0xFC, 0x07, 0xE0, 0xFC, 0x07, 0xE0, 0xFE, 0x0E, 0xE0, 0xEE, 0x0E, 0xE0,
        0xEE, 0x0E, 0xE0, 0xEF, 0x1C, 0xE0, 0xE7, 0x1C, 0xE0, 0xE7, 0x1C, 0xE0, 0xE3, 0xB8, 0xE0,
        0xE3, 0xB8, 0xE0, 0xE3, 0xB8, 0xE0, 0xE1, 0xF0, 0xE0, 0xE1, 0xF0, 0xE0, 0xE0, 0xE0, 0xE0,
        0xE0, 0xE0, 0xE0, 0xF0, 0x0E, 0xF8, 0x0E, 0xF8, 0x0E, 0xFC, 0x0E, 0xFE, 0x0E, 0xEE, 0x0E,
        0xEF, 0x0E, 0xE7, 0x8E, 0xE3, 0x8E, 0xE3, 0xCE, 0xE1, 0xEE, 0xE0, 0xEE, 0xE0, 0xFE, 0xE0,
        0x7E, 0xE0, 0x3E, 0xE0, 0x3E, 0xE0, 0x1E, 0x07, 0xE0, 0x1F, 0xF8, 0x3E, 0x7C, 0x78, 0x1E,
        0x70, 0x0E, 0xF0, 0x0F, 0xE0, 0x07, 0xE0, 0x07, 0xE0, 0x07, 0xE0, 0x07, 0xE0, 0x07, 0xF0,
        0x0F, 0x70, 0x0E, 0x78, 0x1E, 0x3E, 0x7C, 0x1F, 0xF8, 0x07, 0xE0, 0xFF, 0xC0, 0xFF, 0xE0,
        0xE1, 0xF0, 0xE0, 0x78, 0xE0, 0x38, 0xE0, 0x38, 0xE0, 0x38, 0xE0, 0x78, 0xF1, 0xF0, 0xFF,
        0xE0, 0xFF, 0x80, 0xE0, 0x00, 0xE0, 0x00, 0xE0, 0x00, 0xE0, 0x00, 0xE0, 0x00, 0xE0, 0x00,
        0x07, 0xE0, 0x1F, 0xF8, 0x3E, 0x7C, 0x78, 0x1E, 0x70, 0x0E, 0xF0, 0x0F, 0xE0, 0x07, 0xE0,
        0x07, 0xE0, 0x07, 0xE0, 0x07, 0xE0, 0x07, 0xF1, 0xCF, 0x70, 0xEE, 0x78, 0x7E, 0x3F, 0xFC,
        0x1F, 0xFC, 0x07, 0xFC, 0x00, 0x0E, 0xFF, 0xC0, 0xFF, 0xE0, 0xE1, 0xF0, 0xE0, 0x78, 0xE0,
        0x38, 0xE0, 0x38, 0xE0, 0x38, 0xE0, 0x70, 0xFF, 0xF0, 0xFF, 0xE0, 0xF3, 0xC0, 0xE1, 0xE0,
        0xE0, 0xE0, 0xE0, 0xF0, 0xE0, 0x70, 0xE0, 0x78, 0xE0, 0x38, 0x0F, 0x80, 0x3F, 0xE0, 0x7D,
        0xF0, 0xF0, 0x78, 0xE0, 0x30, 0xE0, 0x00, 0xF8, 0x00, 0x7F, 0x00, 0x3F, 0xE0, 0x07, 0xF0,
        0x00, 0x78, 0x00, 0x38, 0xE0, 0x38, 0xE0, 0x78, 0xF9, 0xF0, 0x7F, 0xE0, 0x1F, 0x80, 0xFF,
        0xFC, 0xFF, 0xFC, 0x07, 0x00, 0x07, 0x00, 0x07, 0x00, 0x07, 0x00, 0x07, 0x00, 0x07, 0x00,
        0x07, 0x00, 0x07, 0x00, 0x07, 0x00, 0x07, 0x00, 0x07, 0x00, 0x07, 0x00, 0x07, 0x00, 0x07,
        0x00, 0x07, 0x00, 0xE0, 0x1C, 0xE0, 0x1C, 0xE0, 0x1C, 0xE0, 0x1C, 0xE0, 0x1C, 0xE0, 0x1C,
        0xE0, 0x1C, 0xE0, 0x1C, 0xE0, 0x1C, 0xE0, 0x1C, 0xE0, 0x1C, 0xE0, 0x1C, 0xE0, 0x1C, 0x70,
        0x38, 0x7C, 0xF8, 0x3F, 0xF0, 0x0F, 0xC0, 0xE0, 0x0F, 0xF0, 0x0E, 0x70, 0x0E, 0x70, 0x1E,
        0x78, 0x1C, 0x38, 0x1C, 0x38, 0x3C, 0x3C, 0x38, 0x1C, 0x38, 0x1C, 0x70, 0x1E, 0x70, 0x0E,
        0x70, 0x0E, 0xE0, 0x07, 0xE0, 0x07, 0xE0, 0x07, 0xC0, 0x03, 0xC0, 0xE0, 0x78, 0x1E, 0xE0,
        0x78, 0x1C, 0xF0, 0x7C, 0x1C, 0x70, 0x7C, 0x1C, 0x70, 0xFC, 0x3C, 0x70, 0xEC, 0x38, 0x78,
        0xEE, 0x38, 0x38, 0xCE, 0x38, 0x39, 0xCE, 0x78, 0x39, 0xC6, 0x70, 0x3D, 0xC7, 0x70, 0x1D,
        0x87, 0x70, 0x1F, 0x87, 0x60, 0x1F, 0x83, 0xE0, 0x0F, 0x83, 0xE0, 0x0F, 0x03, 0xE0, 0x0F,
        0x03, 0xC0, 0x70, 0x0E, 0x78, 0x1C, 0x3C, 0x3C, 0x1C, 0x38, 0x0E, 0x70, 0x0F, 0xF0, 0x07,
        0xE0, 0x03, 0xC0, 0x03, 0xC0, 0x07, 0xE0, 0x07, 0xE0, 0x0E, 0x70, 0x1E, 0x78, 0x3C, 0x3C,
        0x38, 0x1C, 0x78, 0x1E, 0xF0, 0x0F, 0xF0, 0x0E, 0xF0, 0x1E, 0x78, 0x3C, 0x38, 0x38, 0x3C,
        0x78, 0x1C, 0x70, 0x0E, 0xE0, 0x0F, 0xE0, 0x07, 0xC0, 0x07, 0xC0, 0x03, 0x80, 0x03, 0x80,
        0x03, 0x80, 0x03, 0x80, 0x03, 0x80, 0x03, 0x80, 0x03, 0x80, 0xFF, 0xF8, 0xFF, 0xF8, 0x00,
        0x78, 0x00, 0xF0, 0x00, 0xE0, 0x01, 0xC0, 0x03, 0xC0, 0x07, 0x80, 0x07, 0x00, 0x0F, 0x00,
        0x1E, 0x00, 0x1C, 0x00, 0x38, 0x00, 0x78, 0x00, 0xF0, 0x00, 0xFF, 0xF8, 0xFF, 0xF8, 0xFC,
        0xFC, 0xE0, 0xE0, 0xE0, 0xE0, 0xE0, 0xE0, 0xE0, 0xE0, 0xE0, 0xE0, 0xE0, 0xE0, 0xE0, 0xE0,
        0xE0, 0xE0, 0xE0, 0xFC, 0xFC, 0xC0, 0xC0, 0xE0, 0xE0, 0x60, 0x60, 0x70, 0x70, 0x30, 0x38,
        0x38, 0x38, 0x18, 0x1C, 0x1C, 0x0C, 0x0C, 0x0E, 0x0E, 0x06, 0x07, 0xFC, 0xFC, 0x1C, 0x1C,
        0x1C, 0x1C, 0x1C, 0x1C, 0x1C, 0x1C, 0x1C, 0x1C, 0x1C, 0x1C, 0x1C, 0x1C, 0x1C, 0x1C, 0x1C,
        0xFC, 0xFC, 0x1C, 0x00, 0x1E, 0x00, 0x36, 0x00, 0x33, 0x00, 0x73, 0x00, 0x61, 0x80, 0xE1,
        0x80, 0xFF, 0xE0, 0xFF, 0xE0, 0xE0, 0x60, 0x70, 0x30, 0x1F, 0x00, 0x3F, 0xC0, 0x7B, 0xE0,
        0x70, 0xE0, 0x00, 0xE0, 0x07, 0xE0, 0x7F, 0xE0, 0xF0, 0xE0, 0xE0, 0xE0, 0xE1, 0xE0, 0xFB,
        0xE0, 0x7E, 0xE0, 0x3C, 0xE0, 0xE0, 0x00, 0xE0, 0x00, 0xE0, 0x00, 0xE0, 0x00, 0xE7, 0x80,
        0xEF, 0xC0, 0xFD, 0xE0, 0xF0, 0xF0, 0xE0, 0x70, 0xE0, 0x70, 0xE0, 0x70, 0xE0, 0x70, 0xE0,
        0x70, 0xF0, 0xF0, 0xFD, 0xE0, 0xEF, 0xC0, 0xE7, 0x80, 0x0F, 0x80, 0x3F, 0xC0, 0x7D, 0xE0,
        0x70, 0xF0, 0xE0, 0x00, 0xE0, 0x00, 0xE0, 0x00, 0xE0, 0x00, 0xE0, 0x40, 0x70, 0x70, 0x7D,
        0xE0, 0x3F, 0xC0, 0x0F, 0x80, 0x00, 0x70, 0x00, 0x70, 0x00, 0x70, 0x00, 0x70, 0x1E, 0x70,
        0x3F, 0x70, 0x7D, 0xF0, 0x70, 0xF0, 0xE0, 0x70, 0xE0, 0x70, 0xE0, 0x70, 0xE0, 0x70, 0xE0,
        0x70, 0x70, 0xF0, 0x7D, 0xF0, 0x3F, 0x70, 0x1E, 0x70, 0x0F, 0x80, 0x3F, 0xC0, 0x7D, 0xE0,
        0x70, 0xF0, 0xE0, 0x70, 0xFF, 0xF0, 0xFF, 0xF0, 0xF0, 0x00, 0xE0, 0x00, 0x70, 0x60, 0x7D,
        0xE0, 0x3F, 0xE0, 0x0F, 0x80, 0x07, 0x80, 0x0F, 0x80, 0x1E, 0x80, 0x1C, 0x00, 0x1C, 0x00,
        0xFF, 0x80, 0xFF, 0x80, 0x1E, 0x00, 0x1C, 0x00, 0x1C, 0x00, 0x1C, 0x00, 0x1C, 0x00, 0x1C,
        0x00, 0x1C, 0x00, 0x1C, 0x00, 0x1C, 0x00, 0x1C, 0x00, 0x1C, 0x00, 0x1E, 0x70, 0x3F, 0x70,
        0x7D, 0xF0, 0x70, 0xF0, 0xE0, 0x70, 0xE0, 0x70, 0xE0, 0x70, 0xE0, 0x70, 0xE0, 0x70, 0xF0,
        0xF0, 0x7D, 0xF0, 0x3F, 0x70, 0x1E, 0x70, 0x00, 0x70, 0x20, 0x70, 0x79, 0xE0, 0x3F, 0xE0,
        0x1F, 0x80, 0xE0, 0x00, 0xE0, 0x00, 0xE0, 0x00, 0xE0, 0x00, 0xE7, 0x80, 0xFF, 0xC0, 0xFB,
        0xE0, 0xF0, 0xE0, 0xE0, 0xE0, 0xE0, 0xE0, 0xE0, 0xE0, 0xE0, 0xE0, 0xE0, 0xE0, 0xE0, 0xE0,
        0xE0, 0xE0, 0xE0, 0xE0, 0xE0, 0xE0, 0xE0, 0xE0, 0xE0, 0x00, 0x00, 0xE0, 0xE0, 0xE0, 0xE0,
        0xE0, 0xE0, 0xE0, 0xE0, 0xE0, 0xE0, 0xE0, 0xE0, 0xE0, 0x38, 0x38, 0x38, 0x00, 0x00, 0x38,
        0x38, 0x38, 0x38, 0x38, 0x38, 0x38, 0x38, 0x38, 0x38, 0x38, 0x38, 0x38, 0x38, 0x38, 0x78,
        0xF0, 0xE0, 0xE0, 0x00, 0xE0, 0x00, 0xE0, 0x00, 0xE0, 0x00, 0xE0, 0xE0, 0xE1, 0xC0, 0xE3,
        0x80, 0xE7, 0x00, 0xEE, 0x00, 0xFE, 0x00, 0xFE, 0x00, 0xFF, 0x00, 0xE7, 0x80, 0xE3, 0x80,
        0xE3, 0xC0, 0xE1, 0xE0, 0xE0, 0xF0, 0xE0, 0xE0, 0xE0, 0xE0, 0xE0, 0xE0, 0xE0, 0xE0, 0xE0,
        0xE0, 0xE0, 0xE0, 0xE0, 0xE0, 0xE0, 0xE0, 0xE0, 0xE7, 0x8F, 0x80, 0xFF, 0xDF, 0xC0, 0xFB,
        0xFB, 0xE0, 0xF0, 0xE1, 0xE0, 0xE0, 0xE0, 0xE0, 0xE0, 0xE0, 0xE0, 0xE0, 0xE0, 0xE0, 0xE0,
        0xE0, 0xE0, 0xE0, 0xE0, 0xE0, 0xE0, 0xE0, 0xE0, 0xE0, 0xE0, 0xE0, 0xE0, 0xE0, 0xE0, 0xE0,
        0xE0, 0xE0, 0xE7, 0x80, 0xFF, 0xC0, 0xFB, 0xE0, 0xF0, 0xE0, 0xE0, 0xE0, 0xE0, 0xE0, 0xE0,
        0xE0, 0xE0, 0xE0, 0xE0, 0xE0, 0xE0, 0xE0, 0xE0, 0xE0, 0xE0, 0xE0, 0xE0, 0xE0, 0x0F, 0x00,
        0x3F, 0xC0, 0x7D, 0xE0, 0x70, 0xE0, 0xE0, 0x70, 0xE0, 0x70, 0xE0, 0x70, 0xE0, 0x70, 0xE0,
        0x70, 0x70, 0xE0, 0x7D, 0xE0, 0x3F, 0xC0, 0x0F, 0x00, 0xE7, 0x80, 0xEF, 0xC0, 0xFD, 0xE0,
        0xF0, 0xF0, 0xE0, 0x70, 0xE0, 0x70, 0xE0, 0x70, 0xE0, 0x70, 0xE0, 0x70, 0xF0, 0xF0, 0xFD,
        0xE0, 0xEF, 0xC0, 0xE7, 0x80, 0xE0, 0x00, 0xE0, 0x00, 0xE0, 0x00, 0xE0, 0x00, 0xE0, 0x00,
        0x1E, 0x70, 0x3F, 0x70, 0x7D, 0xF0, 0x70, 0xF0, 0xE0, 0x70, 0xE0, 0x70, 0xE0, 0x70, 0xE0,
        0x70, 0xE0, 0x70, 0x70, 0xF0, 0x7D, 0xF0, 0x3F, 0x70, 0x1E, 0x70, 0x00, 0x70, 0x00, 0x70,
        0x00, 0x70, 0x00, 0x70, 0x00, 0x70, 0xE7, 0xFF, 0xF8, 0xF0, 0xE0, 0xE0, 0xE0, 0xE0, 0xE0,
        0xE0, 0xE0, 0xE0, 0xE0, 0x1F, 0x00, 0x7F, 0xC0, 0xFB, 0xC0, 0xE0, 0xC0, 0xE0, 0x00, 0x7C,
        0x00, 0x3F, 0x80, 0x07, 0xC0, 0x00, 0xE0, 0xE0, 0xE0, 0xFB, 0xE0, 0x7F, 0xC0, 0x3F, 0x00,
        0x38, 0x38, 0x38, 0xFF, 0xFF, 0x3C, 0x38, 0x38, 0x38, 0x38, 0x38, 0x38, 0x38, 0x3C, 0x1F,
        0x0F, 0xE0, 0xE0, 0xE0, 0xE0, 0xE0, 0xE0, 0xE0, 0xE0, 0xE0, 0xE0, 0xE0, 0xE0, 0xE0, 0xE0,
        0xE0, 0xE0, 0xE0, 0xE0, 0xF1, 0xE0, 0xFB, 0xE0, 0x7F, 0xE0, 0x3C, 0xE0, 0xE0, 0x70, 0xE0,
        0x70, 0xF0, 0x70, 0x70, 0xE0, 0x70, 0xE0, 0x38, 0xE0, 0x39, 0xC0, 0x39, 0xC0, 0x1D, 0x80,
        0x1F, 0x80, 0x1F, 0x80, 0x0F, 0x00, 0x0F, 0x00, 0xE0, 0xE1, 0xC0, 0xE1, 0xE1, 0xC0, 0xE1,
        0xE1, 0xC0, 0x71, 0xE1, 0xC0, 0x73, 0xF3, 0x80, 0x73, 0xB3, 0x80, 0x73, 0x33, 0x80, 0x3B,
        0x33, 0x00, 0x3F, 0x3F, 0x00, 0x3F, 0x1F, 0x00, 0x1E, 0x1E, 0x00, 0x1E, 0x1E, 0x00, 0x1E,
        0x1E, 0x00, 0xF0, 0x70, 0x70, 0xE0, 0x38, 0xE0, 0x3D, 0xC0, 0x1F, 0x80, 0x0F, 0x80, 0x0F,
        0x80, 0x1F, 0x80, 0x1F, 0xC0, 0x39, 0xC0, 0x38, 0xE0, 0x70, 0xF0, 0xF0, 0x70, 0xE0, 0x70,
        0xE0, 0x70, 0xF0, 0x70, 0x70, 0xE0, 0x70, 0xE0, 0x38, 0xE0, 0x39, 0xC0, 0x39, 0xC0, 0x19,
        0x80, 0x1F, 0x80, 0x1F, 0x80, 0x0F, 0x00, 0x0F, 0x00, 0x0F, 0x00, 0x0E, 0x00, 0x7E, 0x00,
        0x7C, 0x00, 0x78, 0x00, 0xFF, 0xE0, 0xFF, 0xE0, 0x03, 0xE0, 0x03, 0xC0, 0x07, 0x80, 0x07,
        0x00, 0x0E, 0x00, 0x1E, 0x00, 0x3C, 0x00, 0x78, 0x00, 0x78, 0x00, 0xFF, 0xE0, 0xFF, 0xE0,
        0x0F, 0x1F, 0x3C, 0x38, 0x38, 0x38, 0x38, 0x38, 0x78, 0xF0, 0xE0, 0xF0, 0x38, 0x38, 0x38,
        0x38, 0x38, 0x38, 0x3E, 0x1F, 0x0F, 0xE0, 0xE0, 0xE0, 0xE0, 0xE0, 0xE0, 0xE0, 0xE0, 0xE0,
        0xE0, 0xE0, 0xE0, 0xE0, 0xE0, 0xE0, 0xE0, 0xE0, 0xE0, 0xE0, 0xE0, 0xE0, 0xE0, 0xE0, 0xE0,
        0xE0, 0xE0, 0xE0, 0xE0, 0xF8, 0x00, 0xF8, 0x00, 0x3C, 0x00, 0x1C, 0x00, 0x1C, 0x00, 0x1C,
        0x00, 0x1C, 0x00, 0x1C, 0x00, 0x1E, 0x00, 0x0F, 0x80, 0x03, 0x80, 0x0F, 0x80, 0x1C, 0x00,
        0x1C, 0x00, 0x1C, 0x00, 0x1C, 0x00, 0x1C, 0x00, 0x1C, 0x00, 0x7C, 0x00, 0xF8, 0x00, 0x70,
        0x00, 0x38, 0x30, 0x7E, 0x30, 0xF7, 0xF0, 0xE3, 0xE0, 0xE1, 0xC0, 0x60, 0xF0, 0xF0, 0x60,
        0x00, 0x00, 0xE0, 0xE0, 0xE0, 0xE0, 0xE0, 0xE0, 0xE0, 0xE0, 0xE0, 0xE0, 0xE0, 0xE0, 0x02,
        0x00, 0x02, 0x00, 0x0F, 0x80, 0x3F, 0xC0, 0x7F, 0xE0, 0x72, 0x70, 0xE2, 0x00, 0xE2, 0x00,
        0xE2, 0x00, 0xE2, 0x00, 0xE2, 0x40, 0x72, 0x70, 0x7F, 0xE0, 0x3F, 0xC0, 0x0F, 0x80, 0x02,
        0x00, 0x02, 0x00, 0x07, 0xC0, 0x0F, 0xF0, 0x1E, 0xF0, 0x3C, 0x38, 0x38, 0x00, 0x38, 0x00,
        0x38, 0x00, 0xFF, 0xC0, 0xFF, 0xC0, 0x3C, 0x00, 0x38, 0x00, 0x38, 0x00, 0x38, 0x00, 0x38,
        0x38, 0xFF, 0xF8, 0xFF, 0xF8, 0xFF, 0xF0, 0xCF, 0xCC, 0xFF, 0xFC, 0x78, 0x78, 0x60, 0x18,
        0xE0, 0x1C, 0xC0, 0x0C, 0xC0, 0x0C, 0xC0, 0x0C, 0xC0, 0x0C, 0x60, 0x1C, 0x70, 0x38, 0xFC,
        0xFC, 0xFF, 0xFC, 0x0F, 0xC0, 0xE0, 0xF0, 0xE0, 0xE0, 0x70, 0xE0, 0x71, 0xC0, 0x39, 0xC0,
        0x3B, 0x80, 0x3F, 0x80, 0x1F, 0x00, 0x7F, 0xC0, 0xFF, 0xE0, 0x0E, 0x00, 0x0E, 0x00, 0xFF,
        0xE0, 0xFF, 0xE0, 0x0F, 0x00, 0x0E, 0x00, 0x0E, 0x00, 0xE0, 0xE0, 0xE0, 0xE0, 0xE0, 0xE0,
        0xE0, 0xE0, 0x00, 0x00, 0x00, 0x00, 0xE0, 0xE0, 0xE0, 0xE0, 0xE0, 0xE0, 0xE0, 0xE0, 0x1F,
        0x00, 0x3F, 0x80, 0x7B, 0xC0, 0x71, 0xC0, 0x70, 0x00, 0x78, 0x00, 0x3E, 0x00, 0x3F, 0x80,
        0xE7, 0xC0, 0xC3, 0xE0, 0xC0, 0xE0, 0xE0, 0xE0, 0x79, 0xC0, 0x3F, 0x80, 0x0F, 0x80, 0x03,
        0xC0, 0x01, 0xC0, 0x61, 0xC0, 0x7B, 0xC0, 0x3F, 0x80, 0x1F, 0x00, 0xE7, 0xE7, 0xE7, 0x07,
        0xF8, 0x00, 0x1F, 0xFE, 0x00, 0x3E, 0x1F, 0x00, 0x39, 0xE7, 0x80, 0x77, 0xF3, 0x80, 0xF7,
        0x7B, 0xC0, 0xEE, 0x19, 0xC0, 0xEC, 0x01, 0xC0, 0xEC, 0x01, 0xC0, 0xEE, 0x19, 0xC0, 0xE7,
        0x79, 0xC0, 0x77, 0xF3, 0x80, 0x79, 0xE7, 0x80, 0x3C, 0x0F, 0x00, 0x1F, 0x3E, 0x00, 0x0F,
        0xFC, 0x00, 0x03, 0xF0, 0x00, 0x3E, 0x00, 0x7F, 0x00, 0x63, 0x80, 0x03, 0x80, 0x3F, 0x80,
        0x7B, 0x80, 0xE3, 0x80, 0xE3, 0x80, 0xFF, 0x80, 0x79, 0x80, 0x0F, 0x38, 0x0E, 0x70, 0x1C,
        0xE0, 0x39, 0xC0, 0x73, 0xC0, 0xF3, 0x80, 0x73, 0xC0, 0x39, 0xC0, 0x1C, 0xE0, 0x0E, 0x70,
        0x0F, 0x38, 0xFF, 0xE0, 0xFF, 0xE0, 0x00, 0xE0, 0x00, 0xE0, 0x00, 0xE0, 0xFF, 0xFF, 0x07,
        0x80, 0x1F, 0xE0, 0x38, 0x70, 0x60, 0x38, 0x6F, 0x98, 0xCC, 0xCC, 0xCC, 0xCC, 0xCF, 0x8C,
        0xCD, 0x8C, 0xCC, 0xD8, 0x60, 0x18, 0x30, 0x70, 0x1F, 0xE0, 0x0F, 0x80, 0xFE, 0xFE, 0x3C,
        0x7E, 0xFF, 0xC3, 0xC3, 0xFF, 0x7E, 0x3C, 0x0E, 0x00, 0x0E, 0x00, 0x0E, 0x00, 0xFF, 0xF0,
        0xFF, 0xF0, 0x1E, 0x00, 0x0E, 0x00, 0x0E, 0x00, 0x0E, 0x00, 0x00, 0x00, 0xFF, 0xF0, 0xFF,
        0xF0, 0x3C, 0x7E, 0xE7, 0x07, 0x07, 0x0E, 0x3C, 0x70, 0xFF, 0xFF, 0x3C, 0x7F, 0xE3, 0x03,
        0x1E, 0x1F, 0x03, 0xE3, 0x7F, 0x3E, 0x70, 0x70, 0x60, 0xC0, 0xE0, 0xE0, 0xE0, 0xE0, 0xE0,
        0xE0, 0xE0, 0xE0, 0xE0, 0xE0, 0xE0, 0xE0, 0xE0, 0xE0, 0xE0, 0xE0, 0xE0, 0xE0, 0xF0, 0xE0,
        0xFB, 0xF0, 0xFF, 0xF8, 0xEE, 0x78, 0xE0, 0x00, 0xE0, 0x00, 0xE0, 0x00, 0xE0, 0x00, 0xE0,
        0x00, 0x1F, 0xF0, 0x3F, 0xF0, 0x7E, 0x70, 0xFE, 0x70, 0xFE, 0x70, 0xFE, 0x70, 0xFE, 0x70,
        0xFE, 0x70, 0x7E, 0x70, 0x3E, 0x70, 0x0E, 0x70, 0x00, 0x70, 0x00, 0x70, 0x00, 0x70, 0x00,
        0x70, 0x00, 0x70, 0x00, 0x70, 0x60, 0xF0, 0xF0, 0x60, 0x60, 0x60, 0x38, 0x18, 0xF0, 0x3C,
        0x7C, 0xDC, 0x1C, 0x1C, 0x1C, 0x1C, 0x1C, 0x1C, 0x1C, 0x1E, 0x00, 0x7F, 0x80, 0x61, 0x80,
        0xE1, 0xC0, 0xE1, 0xC0, 0xE1, 0xC0, 0xE1, 0xC0, 0x61, 0x80, 0x7F, 0x80, 0x1E, 0x00, 0xF3,
        0x80, 0x73, 0xC0, 0x39, 0xE0, 0x1C, 0xE0, 0x0E, 0x70, 0x0F, 0x38, 0x0E, 0x70, 0x1C, 0xE0,
        0x39, 0xE0, 0x73, 0xC0, 0xF3, 0x80, 0x38, 0x03, 0x00, 0x78, 0x07, 0x00, 0xD8, 0x06, 0x00,
        0x18, 0x0C, 0x00, 0x18, 0x1C, 0x00, 0x18, 0x18, 0x00, 0x18, 0x30, 0x00, 0x18, 0x60, 0x00,
        0x18, 0xE1, 0xC0, 0x00, 0xC3, 0xC0, 0x01, 0x83, 0xC0, 0x03, 0x86, 0xC0, 0x03, 0x0C, 0xC0,
        0x06, 0x1D, 0xC0, 0x0E, 0x1F, 0xE0, 0x0C, 0x1F, 0xE0, 0x18, 0x00, 0xC0, 0x10, 0x00, 0xC0,
        0x70, 0x06, 0x00, 0xF0, 0x0E, 0x00, 0xB0, 0x0C, 0x00, 0x30, 0x18, 0x00, 0x30, 0x38, 0x00,
        0x30, 0x70, 0x00, 0x30, 0x60, 0x00, 0x30, 0xC3, 0x80, 0x31, 0xCF, 0xE0, 0x01, 0x8C, 0x60,
        0x03, 0x00, 0x60, 0x06, 0x00, 0xC0, 0x0E, 0x01, 0x80, 0x0C, 0x03, 0x00, 0x18, 0x07, 0x00,
        0x38, 0x0F, 0xE0, 0x70, 0x0F, 0xE0, 0x3C, 0x01, 0x80, 0x7E, 0x03, 0x80, 0xC6, 0x03, 0x00,
        0x06, 0x06, 0x00, 0x3C, 0x0E, 0x00, 0x1C, 0x0C, 0x00, 0x06, 0x18, 0x00, 0xC6, 0x30, 0x00,
        0xFE, 0x70, 0xE0, 0x38, 0x61, 0xE0, 0x00, 0xC3, 0xE0, 0x01, 0xC3, 0x60, 0x01, 0x86, 0x60,
        0x03, 0x0E, 0xE0, 0x07, 0x0F, 0xF0, 0x06, 0x0F, 0xF0, 0x0C, 0x00, 0x60, 0x08, 0x00, 0x60,
        0x06, 0x00, 0x0F, 0x00, 0x0F, 0x00, 0x06, 0x00, 0x00, 0x00, 0x00, 0x00, 0x0E, 0x00, 0x0E,
        0x00, 0x1E, 0x00, 0x3C, 0x00, 0x78, 0x00, 0xF0, 0x00, 0xE0, 0x00, 0xE0, 0xE0, 0xE0, 0xE0,
        0x7B, 0xC0, 0x7F, 0xC0, 0x1F, 0x00, 0x0E, 0x00, 0x07, 0x00, 0x03, 0x00, 0x03, 0x00, 0x00,
        0x00, 0x07, 0xC0, 0x07, 0xC0, 0x07, 0xC0, 0x0E, 0xE0, 0x0E, 0xE0, 0x0E, 0xE0, 0x1C, 0x70,
        0x1C, 0x70, 0x3C, 0x70, 0x38, 0x38, 0x3C, 0x78, 0x7F, 0xFC, 0x7F, 0xFC, 0x70, 0x1C, 0xF0,
        0x1E, 0xE0, 0x0E, 0xE0, 0x0E, 0x00, 0xE0, 0x01, 0xC0, 0x01, 0x80, 0x01, 0x80, 0x00, 0x00,
        0x07, 0xC0, 0x07, 0xC0, 0x07, 0xC0, 0x0E, 0xE0, 0x0E, 0xE0, 0x0E, 0xE0, 0x1C, 0x70, 0x1C,
        0x70, 0x3C, 0x70, 0x38, 0x38, 0x3C, 0x78, 0x7F, 0xFC, 0x7F, 0xFC, 0x70, 0x1C, 0xF0, 0x1E,
        0xE0, 0x0E, 0xE0, 0x0E, 0x01, 0x00, 0x07, 0xC0, 0x0E, 0xC0, 0x0C, 0x60, 0x00, 0x00, 0x00,
        0x00, 0x07, 0xC0, 0x07, 0xC0, 0x07, 0xC0, 0x0E, 0xE0, 0x0E, 0xE0, 0x0E, 0xE0, 0x1C, 0x70,
        0x1C, 0x70, 0x3C, 0x70, 0x38, 0x38, 0x3C, 0x78, 0x7F, 0xFC, 0x7F, 0xFC, 0x70, 0x1C, 0xF0,
        0x1E, 0xE0, 0x0E, 0xE0, 0x0E, 0x06, 0x60, 0x0F, 0xE0, 0x08, 0xC0, 0x00, 0x00, 0x00, 0x00,
        0x07, 0xC0, 0x07, 0xC0, 0x07, 0xC0, 0x0E, 0xE0, 0x0E, 0xE0, 0x0E, 0xE0, 0x1C, 0x70, 0x1C,
        0x70, 0x3C, 0x70, 0x38, 0x38, 0x3C, 0x78, 0x7F, 0xFC, 0x7F, 0xFC, 0x70, 0x1C, 0xF0, 0x1E,
        0xE0, 0x0E, 0xE0, 0x0E, 0x0E, 0x70, 0x0E, 0x70, 0x0E, 0x70, 0x00, 0x00, 0x00, 0x00, 0x03,
        0xC0, 0x07, 0xC0, 0x07, 0xE0, 0x07, 0xE0, 0x0E, 0xE0, 0x0E, 0x70, 0x1E, 0x70, 0x1C, 0x70,
        0x1C, 0x78, 0x3C, 0x38, 0x3C, 0x38, 0x3F, 0xFC, 0x7F, 0xFC, 0x70, 0x1C, 0xF0, 0x1E, 0xE0,
        0x0E, 0xE0, 0x0E, 0x07, 0xC0, 0x0C, 0x60, 0x0C, 0x60, 0x0E, 0xE0, 0x03, 0x80, 0x00, 0x00,
        0x07, 0xC0, 0x07, 0xC0, 0x0F, 0xC0, 0x0E, 0xE0, 0x0E, 0xE0, 0x1E, 0xE0, 0x1C, 0x70, 0x1C,
        0x70, 0x3C, 0x78, 0x38, 0x38, 0x3C, 0x78, 0x7F, 0xFC, 0x7F, 0xFC, 0x70, 0x1C, 0xF0, 0x1E,
        0xE0, 0x0E, 0xE0, 0x0E, 0x00, 0xFF, 0xFC, 0x01, 0xFF, 0xFC, 0x01, 0xDF, 0xFC, 0x03, 0x9C,
        0x00, 0x03, 0x9C, 0x00, 0x07, 0x1C, 0x00, 0x07, 0x1C, 0x00, 0x0F, 0x1F, 0xFC, 0x0E, 0x1F,
        0xFC, 0x1E, 0x1C, 0x00, 0x1E, 0x1C, 0x00, 0x3F, 0xFC, 0x00, 0x3F, 0xFC, 0x00, 0x38, 0x1C,
        0x00, 0x70, 0x1C, 0x00, 0x70, 0x1F, 0xFC, 0xF0, 0x1F, 0xFC, 0x07, 0xE0, 0x1F, 0xF8, 0x3E,
        0x7C, 0x78, 0x1E, 0x70, 0x0E, 0xF0, 0x0E, 0xE0, 0x00, 0xE0, 0x00, 0xE0, 0x00, 0xE0, 0x00,
        0xE0, 0x00, 0xF0, 0x0E, 0x70, 0x0E, 0x78, 0x1E, 0x3E, 0x7C, 0x1F, 0xF8, 0x07, 0xE0, 0x01,
        0x80, 0x01, 0xC0, 0x00, 0x60, 0x03, 0xC0, 0x18, 0x00, 0x1C, 0x00, 0x0C, 0x00, 0x0E, 0x00,
        0x00, 0x00, 0xFF, 0xF0, 0xFF, 0xF0, 0xE0, 0x00, 0xE0, 0x00, 0xE0, 0x00, 0xE0, 0x00, 0xE0,
        0x00, 0xFF, 0xE0, 0xFF, 0xE0, 0xE0, 0x00, 0xE0, 0x00, 0xE0, 0x00, 0xE0, 0x00, 0xE0, 0x00,
        0xE0, 0x00, 0xFF, 0xF0, 0xFF, 0xF0, 0x03, 0x80, 0x07, 0x00, 0x06, 0x00, 0x06, 0x00, 0x00,
        0x00, 0xFF, 0xF0, 0xFF, 0xF0, 0xE0, 0x00, 0xE0, 0x00, 0xE0, 0x00, 0xE0, 0x00, 0xE0, 0x00,
        0xFF, 0xE0, 0xFF, 0xE0, 0xE0, 0x00, 0xE0, 0x00, 0xE0, 0x00, 0xE0, 0x00, 0xE0, 0x00, 0xE0,
        0x00, 0xFF, 0xF0, 0xFF, 0xF0, 0x04, 0x00, 0x1F, 0x00, 0x1B, 0x80, 0x31, 0x80, 0x00, 0x00,
        0x00, 0x00, 0xFF, 0xF0, 0xFF, 0xF0, 0xE0, 0x00, 0xE0, 0x00, 0xE0, 0x00, 0xE0, 0x00, 0xE0,
        0x00, 0xFF, 0xE0, 0xFF, 0xE0, 0xE0, 0x00, 0xE0, 0x00, 0xE0, 0x00, 0xE0, 0x00, 0xE0, 0x00,
        0xE0, 0x00, 0xFF, 0xF0, 0xFF, 0xF0, 0x39, 0xC0, 0x39, 0xC0, 0x39, 0xC0, 0x00, 0x00, 0x00,
        0x00, 0xFF, 0xF0, 0xFF, 0xF0, 0xE0, 0x00, 0xE0, 0x00, 0xE0, 0x00, 0xE0, 0x00, 0xE0, 0x00,
        0xFF, 0xE0, 0xFF, 0xE0, 0xE0, 0x00, 0xE0, 0x00, 0xE0, 0x00, 0xE0, 0x00, 0xE0, 0x00, 0xE0,
        0x00, 0xFF, 0xF0, 0xFF, 0xF0, 0xE0, 0x70, 0x30, 0x30, 0x00, 0x38, 0x38, 0x38, 0x38, 0x38,
        0x38, 0x38, 0x38, 0x38, 0x38, 0x38, 0x38, 0x38, 0x38, 0x38, 0x38, 0x38, 0x38, 0x70, 0x60,
        0x60, 0x00, 0xE0, 0xE0, 0xE0, 0xE0, 0xE0, 0xE0, 0xE0, 0xE0, 0xE0, 0xE0, 0xE0, 0xE0, 0xE0,
        0xE0, 0xE0, 0xE0, 0xE0, 0x10, 0x7C, 0xEE, 0xC6, 0x00, 0x00, 0x38, 0x38, 0x38, 0x38, 0x38,
        0x38, 0x38, 0x38, 0x38, 0x38, 0x38, 0x38, 0x38, 0x38, 0x38, 0x38, 0x38, 0xE7, 0xE7, 0xE7,
        0x00, 0x00, 0x1C, 0x1C, 0x1C, 0x1C, 0x1C, 0x1C, 0x1C, 0x1C, 0x1C, 0x1C, 0x1C, 0x1C, 0x1C,
        0x1C, 0x1C, 0x1C, 0x1C, 0x3F, 0xE0, 0x3F, 0xF8, 0x3C, 0xFC, 0x38, 0x1E, 0x38, 0x0E, 0x38,
        0x07, 0x38, 0x07, 0xFF, 0x87, 0xFF, 0x87, 0x3C, 0x07, 0x38, 0x07, 0x38, 0x0F, 0x38, 0x0E,
        0x38, 0x1E, 0x3C, 0xFC, 0x3F, 0xF8, 0x3F, 0xE0, 0x06, 0x20, 0x0F, 0xE0, 0x08, 0xC0, 0x00,
        0x00, 0x00, 0x00, 0xF0, 0x0E, 0xF8, 0x0E, 0xF8, 0x0E, 0xFC, 0x0E, 0xFE, 0x0E, 0xEE, 0x0E,
        0xEF, 0x0E, 0xE7, 0x8E, 0xE3, 0x8E, 0xE3, 0xCE, 0xE1, 0xEE, 0xE0, 0xEE, 0xE0, 0xFE, 0xE0,
        0x7E, 0xE0, 0x3E, 0xE0, 0x3E, 0xE0, 0x1E, 0x07, 0x00, 0x07, 0x00, 0x03, 0x80, 0x01, 0x80,
        0x00, 0x00, 0x00, 0x00, 0x07, 0xE0, 0x1F, 0xF8, 0x3E, 0x7C, 0x78, 0x1E, 0x70, 0x0E, 0xF0,
        0x0F, 0xE0, 0x07, 0xE0, 0x07, 0xE0, 0x07, 0xE0, 0x07, 0xE0, 0x07, 0xF0, 0x0F, 0x70, 0x0E,
        0x78, 0x1E, 0x3E, 0x7C, 0x1F, 0xF8, 0x07, 0xE0, 0x00, 0xE0, 0x00, 0xE0, 0x01, 0xC0, 0x01,
        0x80, 0x00, 0x00, 0x00, 0x00, 0x07, 0xE0, 0x1F, 0xF8, 0x3E, 0x7C, 0x78, 0x1E, 0x70, 0x0E,
        0xF0, 0x0F, 0xE0, 0x07, 0xE0, 0x07, 0xE0, 0x07, 0xE0, 0x07, 0xE0, 0x07, 0xF0, 0x0F, 0x70,
        0x0E, 0x78, 0x1E, 0x3E, 0x7C, 0x1F, 0xF8, 0x07, 0xE0, 0x01, 0x80, 0x03, 0xC0, 0x07, 0xE0,
        0x0E, 0x70, 0x00, 0x00, 0x00, 0x00, 0x07, 0xE0, 0x1F, 0xF8, 0x3E, 0x7C, 0x78, 0x1E, 0x70,
        0x0E, 0xF0, 0x0F, 0xE0, 0x07, 0xE0, 0x07, 0xE0, 0x07, 0xE0, 0x07, 0xE0, 0x07, 0xF0, 0x0F,
        0x70, 0x0E, 0x78, 0x1E, 0x3E, 0x7C, 0x1F, 0xF8, 0x07, 0xE0, 0x07, 0x30, 0x0F, 0xF0, 0x0C,
        0xE0, 0x00, 0x00, 0x00, 0x00, 0x07, 0xE0, 0x1F, 0xF8, 0x3E, 0x7C, 0x78, 0x1E, 0x70, 0x0E,
        0xF0, 0x0F, 0xE0, 0x07, 0xE0, 0x07, 0xE0, 0x07, 0xE0, 0x07, 0xE0, 0x07, 0xF0, 0x0F, 0x70,
        0x0E, 0x78, 0x1E, 0x3E, 0x7C, 0x1F, 0xF8, 0x07, 0xE0, 0x0E, 0x70, 0x0E, 0x70, 0x0E, 0x70,
        0x00, 0x00, 0x00, 0x00, 0x07, 0xE0, 0x1F, 0xF8, 0x3E, 0x7C, 0x78, 0x1E, 0x70, 0x0E, 0xF0,
        0x0F, 0xE0, 0x07, 0xE0, 0x07, 0xE0, 0x07, 0xE0, 0x07, 0xE0, 0x07, 0xF0, 0x0F, 0x70, 0x0E,
        0x78, 0x1E, 0x3E, 0x7C, 0x1F, 0xF8, 0x07, 0xE0, 0x60, 0x60, 0xF0, 0xF0, 0x79, 0xE0, 0x3F,
        0xC0, 0x1F, 0x80, 0x0F, 0x00, 0x1F, 0x80, 0x3F, 0xC0, 0x78, 0xE0, 0x70, 0x70, 0x60, 0x20,
        0x07, 0xE6, 0x1F, 0xFC, 0x3E, 0x7C, 0x78, 0x3E, 0x70, 0x3E, 0xF0, 0x6F, 0xE0, 0xE7, 0xE0,
        0xC7, 0xE1, 0x87, 0xE3, 0x87, 0xE7, 0x07, 0xF6, 0x0F, 0x7C, 0x0E, 0x7C, 0x1E, 0x3E, 0x7C,
        0x3F, 0xF8, 0x67, 0xE0, 0x0E, 0x00, 0x0E, 0x00, 0x07, 0x00, 0x03, 0x00, 0x00, 0x00, 0x00,
        0x00, 0xE0, 0x1C, 0xE0, 0x1C, 0xE0, 0x1C, 0xE0, 0x1C, 0xE0, 0x1C, 0xE0, 0x1C, 0xE0, 0x1C,
        0xE0, 0x1C, 0xE0, 0x1C, 0xE0, 0x1C, 0xE0, 0x1C, 0xE0, 0x1C, 0xE0, 0x1C, 0x70, 0x38, 0x7C,
        0xF8, 0x3F, 0xF0, 0x0F, 0xC0, 0x01, 0xC0, 0x01, 0xC0, 0x03, 0x80, 0x03, 0x00, 0x00, 0x00,
        0x00, 0x00, 0xE0, 0x1C, 0xE0, 0x1C, 0xE0, 0x1C, 0xE0, 0x1C, 0xE0, 0x1C, 0xE0, 0x1C, 0xE0,
        0x1C, 0xE0, 0x1C, 0xE0, 0x1C, 0xE0, 0x1C, 0xE0, 0x1C, 0xE0, 0x1C, 0xE0, 0x1C, 0x70, 0x38,
        0x7C, 0xF8, 0x3F, 0xF0, 0x0F, 0xC0, 0x03, 0x00, 0x07, 0x80, 0x0F, 0xC0, 0x1C, 0xE0, 0x00,
        0x00, 0x00, 0x00, 0xE0, 0x1C, 0xE0, 0x1C, 0xE0, 0x1C, 0xE0, 0x1C, 0xE0, 0x1C, 0xE0, 0x1C,
        0xE0, 0x1C, 0xE0, 0x1C, 0xE0, 0x1C, 0xE0, 0x1C, 0xE0, 0x1C, 0xE0, 0x1C, 0xF0, 0x3C, 0x78,
        0x38, 0x7F, 0xF8, 0x3F, 0xF0, 0x0F, 0xC0, 0x1C, 0xE0, 0x1C, 0xE0, 0x1C, 0xE0, 0x00, 0x00,
        0x00, 0x00, 0xE0, 0x1C, 0xE0, 0x1C, 0xE0, 0x1C, 0xE0, 0x1C, 0xE0, 0x1C, 0xE0, 0x1C, 0xE0,
        0x1C, 0xE0, 0x1C, 0xE0, 0x1C, 0xE0, 0x1C, 0xE0, 0x1C, 0xE0, 0x1C, 0xE0, 0x1C, 0x70, 0x38,
        0x7C, 0xF8, 0x3F, 0xF0, 0x0F, 0xC0, 0x00, 0xE0, 0x01, 0xC0, 0x01, 0x80, 0x01, 0x80, 0x00,
        0x00, 0xF0, 0x0E, 0xF0, 0x1E, 0x78, 0x3C, 0x38, 0x38, 0x3C, 0x78, 0x1C, 0x70, 0x0E, 0xE0,
        0x0F, 0xE0, 0x07, 0xC0, 0x07, 0xC0, 0x03, 0x80, 0x03, 0x80, 0x03, 0x80, 0x03, 0x80, 0x03,
        0x80, 0x03, 0x80, 0x03, 0x80, 0xE0, 0x00, 0xE0, 0x00, 0xE0, 0x00, 0xFF, 0x80, 0xFF, 0xC0,
        0xF3, 0xE0, 0xE0, 0xF0, 0xE0, 0x70, 0xE0, 0x70, 0xE0, 0x70, 0xE0, 0xF0, 0xFF, 0xE0, 0xFF,
        0xC0, 0xF0, 0x00, 0xE0, 0x00, 0xE0, 0x00, 0xE0, 0x00, 0x1F, 0x00, 0x7F, 0xC0, 0x7B, 0xE0,
        0xF0, 0xE0, 0xE0, 0xE0, 0xE0, 0xE0, 0xE1, 0xC0, 0xE7, 0x80, 0xE7, 0xE0, 0xE1, 0xF0, 0xE0,
        0x78, 0xE0, 0x38, 0xE0, 0x38, 0xE0, 0x78, 0xE1, 0xF0, 0xE7, 0xF0, 0xE7, 0xC0, 0x1C, 0x00,
        0x1C, 0x00, 0x0C, 0x00, 0x06, 0x00, 0x00, 0x00, 0x1F, 0x00, 0x3F, 0xC0, 0x7B, 0xE0, 0x70,
        0xE0, 0x00, 0xE0, 0x07, 0xE0, 0x7F, 0xE0, 0xF0, 0xE0, 0xE0, 0xE0, 0xE1, 0xE0, 0xFB, 0xE0,
        0x7E, 0xE0, 0x3C, 0xE0, 0x03, 0x80, 0x03, 0x00, 0x07, 0x00, 0x06, 0x00, 0x00, 0x00, 0x1F,
        0x00, 0x3F, 0xC0, 0x7B, 0xE0, 0x70, 0xE0, 0x00, 0xE0, 0x07, 0xE0, 0x7F, 0xE0, 0xF0, 0xE0,
        0xE0, 0xE0, 0xE1, 0xE0, 0xFB, 0xE0, 0x7E, 0xE0, 0x3C, 0xE0, 0x04, 0x00, 0x0F, 0x00, 0x1B,
        0x80, 0x39, 0xC0, 0x00, 0x00, 0x00, 0x00, 0x1F, 0x00, 0x3F, 0xC0, 0x7B, 0xE0, 0x70, 0xE0,
        0x00, 0xE0, 0x07, 0xE0, 0x7F, 0xE0, 0xF0, 0xE0, 0xE0, 0xE0, 0xE1, 0xE0, 0xFB, 0xE0, 0x7E,
        0xE0, 0x3C, 0xE0, 0x1C, 0x80, 0x3F, 0x80, 0x33, 0x80, 0x00, 0x00, 0x00, 0x00, 0x1F, 0x00,
        0x3F, 0xC0, 0x7B, 0xE0, 0x70, 0xE0, 0x00, 0xE0, 0x07, 0xE0, 0x7F, 0xE0, 0xF0, 0xE0, 0xE0,
        0xE0, 0xE1, 0xE0, 0xFB, 0xE0, 0x7E, 0xE0, 0x3C, 0xE0, 0x39, 0xC0, 0x39, 0xC0, 0x39, 0xC0,
        0x00, 0x00, 0x00, 0x00, 0x1F, 0x80, 0x3F, 0xC0, 0x7B, 0xE0, 0x70, 0xE0, 0x00, 0xE0, 0x07,
        0xE0, 0x7F, 0xE0, 0xF0, 0xE0, 0xE0, 0xE0, 0xE1, 0xE0, 0xFB, 0xE0, 0x7E, 0xE0, 0x3C, 0xE0,
        0x0F, 0x00, 0x1F, 0x80, 0x19, 0x80, 0x19, 0x80, 0x1F, 0x80, 0x0F, 0x00, 0x00, 0x00, 0x1F,
        0x80, 0x3F, 0xC0, 0x7B, 0xE0, 0x70, 0xE0, 0x00, 0xE0, 0x07, 0xE0, 0x7F, 0xE0, 0xF0, 0xE0,
        0xE0, 0xE0, 0xE1, 0xE0, 0xFB, 0xE0, 0x7E, 0xE0, 0x3C, 0xE0, 0x1F, 0x1F, 0x00, 0x3F, 0xBF,
        0xC0, 0x7B, 0xFB, 0xE0, 0x20, 0xE0, 0xE0, 0x00, 0xE0, 0x70, 0x1F, 0xFF, 0xF0, 0x7F, 0xFF,
        0xF0, 0xF8, 0xE0, 0x00, 0xE0, 0xE0, 0x00, 0xE0, 0xE0, 0x60, 0xFB, 0xF9, 0xE0, 0x7F, 0x3F,
        0xE0, 0x3E, 0x0F, 0x80, 0x0F, 0x80, 0x3F, 0xC0, 0x7D, 0xE0, 0x70, 0xF0, 0xE0, 0x00, 0xE0,
        0x00, 0xE0, 0x00, 0xE0, 0x00, 0xE0, 0x40, 0x70, 0xF0, 0x7D, 0xE0, 0x3F, 0xC0, 0x0F, 0x80,
        0x06, 0x00, 0x07, 0x80, 0x01, 0x80, 0x07, 0x80, 0x1C, 0x00, 0x0C, 0x00, 0x0E, 0x00, 0x06,
        0x00, 0x00, 0x00, 0x0F, 0x80, 0x3F, 0xC0, 0x7D, 0xE0, 0x70, 0xF0, 0xE0, 0x70, 0xFF, 0xF0,
        0xFF, 0xF0, 0xF0, 0x00, 0xE0, 0x00, 0x70, 0x60, 0x7D, 0xE0, 0x3F, 0xE0, 0x0F, 0x80, 0x03,
        0x80, 0x03, 0x00, 0x03, 0x00, 0x06, 0x00, 0x00, 0x00, 0x0F, 0x80, 0x3F, 0xC0, 0x7D, 0xE0,
        0x70, 0xF0, 0xE0, 0x70, 0xFF, 0xF0, 0xFF, 0xF0, 0xF0, 0x00, 0xE0, 0x00, 0x70, 0x60, 0x7D,
        0xE0, 0x3F, 0xE0, 0x0F, 0x80, 0x06, 0x00, 0x0F, 0x00, 0x1F, 0x80, 0x39, 0xC0, 0x00, 0x00,
        0x00, 0x00, 0x0F, 0x80, 0x3F, 0xC0, 0x7D, 0xE0, 0x70, 0xF0, 0xE0, 0x70, 0xFF, 0xF0, 0xFF,
        0xF0, 0xF0, 0x00, 0xE0, 0x00, 0x70, 0x60, 0x7D, 0xE0, 0x3F, 0xE0, 0x0F, 0x80, 0x39, 0xC0,
        0x39, 0xC0, 0x39, 0xC0, 0x00, 0x00, 0x00, 0x00, 0x0F, 0x80, 0x3F, 0xC0, 0x7D, 0xE0, 0x70,
        0xF0, 0xE0, 0x70, 0xFF, 0xF0, 0xFF, 0xF0, 0xF0, 0x00, 0xE0, 0x00, 0x70, 0x60, 0x7D, 0xE0,
        0x3F, 0xE0, 0x0F, 0x80, 0xE0, 0x70, 0x30, 0x38, 0x00, 0x38, 0x38, 0x38, 0x38, 0x38, 0x38,
        0x38, 0x38, 0x38, 0x38, 0x38, 0x38, 0x38, 0x38, 0x70, 0x70, 0x60, 0x00, 0xE0, 0xE0, 0xE0,
        0xE0, 0xE0, 0xE0, 0xE0, 0xE0, 0xE0, 0xE0, 0xE0, 0xE0, 0xE0, 0x38, 0x7C, 0xEE, 0x82, 0x00,
        0x38, 0x38, 0x38, 0x38, 0x38, 0x38, 0x38, 0x38, 0x38, 0x38, 0x38, 0x38, 0x38, 0xE7, 0xE7,
        0xE7, 0x00, 0x00, 0x1C, 0x1C, 0x1C, 0x1C, 0x1C, 0x1C, 0x1C, 0x1C, 0x1C, 0x1C, 0x1C, 0x1C,
        0x1C, 0x18, 0xC0, 0x1F, 0xC0, 0x0F, 0x00, 0x1F, 0x80, 0x11, 0xC0, 0x01, 0xE0, 0x3F, 0xE0,
        0x7F, 0xE0, 0x70, 0xF0, 0xF0, 0xF0, 0xE0, 0x70, 0xE0, 0x70, 0xE0, 0x70, 0xE0, 0x70, 0x70,
        0xE0, 0x79, 0xE0, 0x3F, 0xC0, 0x0F, 0x00, 0x19, 0x80, 0x3F, 0x80, 0x33, 0x00, 0x00, 0x00,
        0x00, 0x00, 0xE7, 0x80, 0xFF, 0xC0, 0xFB, 0xE0, 0xF0, 0xE0, 0xE0, 0xE0, 0xE0, 0xE0, 0xE0,
        0xE0, 0xE0, 0xE0, 0xE0, 0xE0, 0xE0, 0xE0, 0xE0, 0xE0, 0xE0, 0xE0, 0xE0, 0xE0, 0x1C, 0x00,
        0x0C, 0x00, 0x0E, 0x00, 0x06, 0x00, 0x00, 0x00, 0x0F, 0x00, 0x3F, 0xC0, 0x7D, 0xE0, 0x70,
        0xE0, 0xE0, 0x70, 0xE0, 0x70, 0xE0, 0x70, 0xE0, 0x70, 0xE0, 0x70, 0x70, 0xE0, 0x7D, 0xE0,
        0x3F, 0xC0, 0x0F, 0x00, 0x03, 0x80, 0x03, 0x00, 0x03, 0x00, 0x06, 0x00, 0x00, 0x00, 0x0F,
        0x00, 0x3F, 0xC0, 0x7D, 0xE0, 0x70, 0xE0, 0xE0, 0x70, 0xE0, 0x70, 0xE0, 0x70, 0xE0, 0x70,
        0xE0, 0x70, 0x70, 0xE0, 0x7D, 0xE0, 0x3F, 0xC0, 0x0F, 0x00, 0x06, 0x00, 0x0F, 0x00, 0x1F,
        0x80, 0x39, 0xC0, 0x00, 0x00, 0x00, 0x00, 0x0F, 0x00, 0x3F, 0xC0, 0x7D, 0xE0, 0x70, 0xE0,
        0xE0, 0x70, 0xE0, 0x70, 0xE0, 0x70, 0xE0, 0x70, 0xE0, 0x70, 0x70, 0xE0, 0x7D, 0xE0, 0x3F,
        0xC0, 0x0F, 0x00, 0x1C, 0xC0, 0x1F, 0x80, 0x13, 0x80, 0x00, 0x00, 0x00, 0x00, 0x0F, 0x00,
        0x3F, 0xC0, 0x7D, 0xE0, 0x70, 0xE0, 0xE0, 0x70, 0xE0, 0x70, 0xE0, 0x70, 0xE0, 0x70, 0xE0,
        0x70, 0x70, 0xE0, 0x7D, 0xE0, 0x3F, 0xC0, 0x0F, 0x00, 0x39, 0xC0, 0x39, 0xC0, 0x39, 0xC0,
        0x00, 0x00, 0x00, 0x00, 0x0F, 0x00, 0x3F, 0xC0, 0x7D, 0xE0, 0x70, 0xE0, 0xE0, 0x70, 0xE0,
        0x70, 0xE0, 0x70, 0xE0, 0x70, 0xE0, 0x70, 0x70, 0xE0, 0x7D, 0xE0, 0x3F, 0xC0, 0x0F, 0x00,
        0x04, 0x00, 0x0E, 0x00, 0x0E, 0x00, 0x04, 0x00, 0x00, 0x00, 0x00, 0x00, 0xFF, 0xF0, 0xFF,
        0xF0, 0x00, 0x00, 0x04, 0x00, 0x0E, 0x00, 0x0E, 0x00, 0x04, 0x00, 0x0F, 0x30, 0x3F, 0xE0,
        0x7D, 0xE0, 0x71, 0xE0, 0xE1, 0xF0, 0xE3, 0x70, 0xE6, 0x70, 0xEC, 0x70, 0xF8, 0x70, 0x70,
        0xE0, 0x7D, 0xE0, 0xFF, 0xC0, 0xCF, 0x00, 0x18, 0x00, 0x1C, 0x00, 0x0C, 0x00, 0x0C, 0x00,
        0x00, 0x00, 0xE0, 0xE0, 0xE0, 0xE0, 0xE0, 0xE0, 0xE0, 0xE0, 0xE0, 0xE0, 0xE0, 0xE0, 0xE0,
        0xE0, 0xE0, 0xE0, 0xE0, 0xE0, 0xF1, 0xE0, 0xFB, 0xE0, 0x7F, 0xE0, 0x3C, 0xE0, 0x03, 0x00,
        0x07, 0x00, 0x06, 0x00, 0x06, 0x00, 0x00, 0x00, 0xE0, 0xE0, 0xE0, 0xE0, 0xE0, 0xE0, 0xE0,
        0xE0, 0xE0, 0xE0, 0xE0, 0xE0, 0xE0, 0xE0, 0xE0, 0xE0, 0xE0, 0xE0, 0xF1, 0xE0, 0xFB, 0xE0,
        0x7F, 0xE0, 0x3C, 0xE0, 0x0E, 0x00, 0x1F, 0x00, 0x31, 0x80, 0x00, 0x00, 0x00, 0x00, 0xE0,
        0xE0, 0xE0, 0xE0, 0xE0, 0xE0, 0xE0, 0xE0, 0xE0, 0xE0, 0xE0, 0xE0, 0xE0, 0xE0, 0xE0, 0xE0,
        0xE0, 0xE0, 0xF1, 0xE0, 0xFF, 0xE0, 0x7F, 0xE0, 0x3C, 0xE0, 0x39, 0xC0, 0x39, 0xC0, 0x39,
        0xC0, 0x00, 0x00, 0x00, 0x00, 0xE0, 0xE0, 0xE0, 0xE0, 0xE0, 0xE0, 0xE0, 0xE0, 0xE0, 0xE0,
        0xE0, 0xE0, 0xE0, 0xE0, 0xE0, 0xE0, 0xE0, 0xE0, 0xF1, 0xE0, 0xFB, 0xE0, 0x7F, 0xE0, 0x3C,
        0xE0, 0x03, 0x80, 0x03, 0x80, 0x03, 0x00, 0x06, 0x00, 0x00, 0x00, 0xE0, 0x70, 0xE0, 0x70,
        0xF0, 0x70, 0x70, 0xE0, 0x70, 0xE0, 0x38, 0xE0, 0x39, 0xC0, 0x39, 0xC0, 0x19, 0x80, 0x1F,
        0x80, 0x1F, 0x80, 0x0F, 0x00, 0x0F, 0x00, 0x0F, 0x00, 0x0E, 0x00, 0x7E, 0x00, 0x7C, 0x00,
        0x78, 0x00, 0xE0, 0x00, 0xE0, 0x00, 0xE0, 0x00, 0xE0, 0x00, 0xE7, 0x80, 0xEF, 0xC0, 0xFD,
        0xE0, 0xF0, 0xF0, 0xE0, 0x70, 0xE0, 0x70, 0xE0, 0x70, 0xE0, 0x70, 0xE0, 0x70, 0xF0, 0xF0,
        0xFD, 0xE0, 0xEF, 0xC0, 0xE7, 0x80, 0xE0, 0x00, 0xE0, 0x00, 0xE0, 0x00, 0xE0, 0x00, 0xE0,
        0x00, 0x39, 0xC0, 0x39, 0xC0, 0x39, 0xC0, 0x00, 0x00, 0x00, 0x00, 0xE0, 0x70, 0xE0, 0x70,
        0xF0, 0xF0, 0x70, 0xE0, 0x70, 0xE0, 0x39, 0xC0, 0x39, 0xC0, 0x39, 0xC0, 0x1B, 0x80, 0x1F,
        0x80, 0x1F, 0x80, 0x0F, 0x00, 0x0F, 0x00, 0x0E, 0x00, 0x0E, 0x00, 0x7E, 0x00, 0x7C, 0x00,
        0x78, 0x00, 0xFF, 0xF0, 0xFF, 0xF0, 0xFF, 0xFF, 0xFF, 0xFF, 0xFF, 0xFF, 0x30, 0x30, 0x70,
        0x70, 0x60, 0xE0, 0xE0, 0x70, 0x70, 0x60, 0xE0, 0xE0, 0xC0, 0xC0, 0x70, 0x70, 0x70, 0x70,
        0x60, 0x60, 0xE0, 0x31, 0x80, 0x31, 0x80, 0x73, 0x80, 0x73, 0x80, 0x63, 0x80, 0xE7, 0x00,
        0xE7, 0x00, 0x73, 0x80, 0x73, 0x80, 0x63, 0x00, 0xE7, 0x00, 0xE7, 0x00, 0xC6, 0x00, 0xC6,
        0x00, 0x73, 0x80, 0x73, 0x80, 0x73, 0x80, 0x73, 0x80, 0x63, 0x00, 0x63, 0x00, 0xE7, 0x00,
        0x3C, 0x7E, 0xFF, 0xFF, 0xFF, 0x7E, 0x3C, 0x60, 0x60, 0x60, 0xF0, 0xF0, 0xF0, 0xF0, 0xF0,
        0xF0, 0x60, 0x60, 0x60, 0x0F, 0x0E, 0x1C, 0x38, 0x70, 0xF0, 0x70, 0x38, 0x1C, 0x0E, 0x0F,
        0xF0, 0x70, 0x38, 0x1C, 0x0E, 0x0F, 0x0E, 0x1C, 0x38, 0x70, 0xF0, 0x01, 0xF0, 0x07, 0xFC,
        0x0F, 0xBC, 0x1E, 0x08, 0x1C, 0x00, 0x3C, 0x00, 0xFF, 0xF0, 0xFF, 0xE0, 0x38, 0x00, 0xFF,
        0xC0, 0xFF, 0xC0, 0x3C, 0x00, 0x1C, 0x00, 0x1E, 0x08, 0x0F, 0xB8, 0x07, 0xFC, 0x01, 0xF0,
        0xFB, 0x18, 0x23, 0x18, 0x23, 0xB8, 0x22, 0xE8, 0x22, 0xE8, 0x22, 0x48, 0xFF, 0xF0, 0xFF,
        0xF0,
    ],
    line_height: 31,
};

// INTER_LARGE_DETAIL: 13 px, cap 9, line height 18, gray 128, U+00AD as U+002D
pub static INTER_LARGE_DETAIL: BitmapFont = BitmapFont {
    glyphs: &[
        Glyph::new(0, 0, 0, 3, 0, 0),
        Glyph::new(0, 1, 9, 4, 2, -9),
        Glyph::new(9, 3, 3, 6, 2, -9),
        Glyph::new(12, 8, 9, 8, 0, -9),
        Glyph::new(21, 6, 11, 8, 1, -10),
        Glyph::new(32, 10, 9, 13, 1, -9),
        Glyph::new(50, 7, 9, 8, 1, -9),
        Glyph::new(59, 1, 3, 4, 2, -9),
        Glyph::new(62, 2, 12, 5, 2, -10),
        Glyph::new(74, 3, 12, 5, 1, -10),
        Glyph::new(86, 5, 5, 7, 1, -9),
        Glyph::new(91, 7, 6, 9, 1, -7),
        Glyph::new(97, 2, 4, 4, 1, -1),
        Glyph::new(101, 4, 1, 6, 1, -4),
        Glyph::new(102, 1, 2, 4, 2, -2),
        Glyph::new(104, 4, 11, 5, 0, -10),
        Glyph::new(115, 7, 9, 8, 1, -9),
        Glyph::new(124, 4, 9, 5, 1, -9),
        Glyph::new(133, 6, 9, 8, 1, -9),
        Glyph::new(142, 6, 9, 8, 1, -9),
        Glyph::new(151, 7, 9, 9, 1, -9),
        Glyph::new(160, 6, 9, 8, 1, -9),
        Glyph::new(169, 6, 9, 8, 1, -9),
        Glyph::new(178, 6, 9, 7, 1, -9),
        Glyph::new(187, 6, 9, 8, 1, -9),
        Glyph::new(196, 6, 9, 8, 1, -9),
        Glyph::new(205, 1, 7, 4, 2, -7),
        Glyph::new(212, 2, 9, 4, 1, -6),
        Glyph::new(221, 6, 7, 9, 1, -7),
        Glyph::new(228, 6, 4, 9, 1, -6),
        Glyph::new(232, 6, 7, 9, 2, -7),
        Glyph::new(239, 6, 9, 7, 0, -9),
        Glyph::new(248, 11, 12, 13, 1, -9),
        Glyph::new(272, 9, 9, 9, 0, -9),
        Glyph::new(290, 6, 9, 9, 1, -9),
        Glyph::new(299, 8, 9, 10, 1, -9),
        Glyph::new(308, 7, 9, 9, 1, -9),
        Glyph::new(317, 6, 9, 8, 1, -9),
        Glyph::new(326, 6, 9, 8, 1, -9),
        Glyph::new(335, 8, 9, 10, 1, -9),
        Glyph::new(344, 7, 9, 10, 1, -9),
        Glyph::new(353, 1, 9, 4, 1, -9),
        Glyph::new(362, 5, 9, 7, 1, -9),
        Glyph::new(371, 7, 9, 9, 1, -9),
        Glyph::new(380, 5, 9, 7, 1, -9),
        Glyph::new(389, 9, 9, 12, 1, -9),
        Glyph::new(407, 7, 9, 10, 1, -9),
        Glyph::new(416, 8, 9, 10, 1, -9),
        Glyph::new(425, 6, 9, 8, 1, -9),
        Glyph::new(434, 8, 9, 10, 1, -9),
        Glyph::new(443, 6, 9, 8, 2, -9),
        Glyph::new(452, 6, 9, 8, 1, -9),
        Glyph::new(461, 7, 9, 8, 1, -9),
        Glyph::new(470, 7, 9, 10, 1, -9),
        Glyph::new(479, 8, 9, 9, 1, -9),
        Glyph::new(488, 13, 9, 13, 0, -9),
        Glyph::new(506, 7, 9, 9, 1, -9),
        Glyph::new(515, 7, 9, 9, 1, -9),
        Glyph::new(524, 7, 9, 8, 1, -9),
        Glyph::new(533, 3, 11, 5, 1, -9),
        Glyph::new(544, 4, 11, 5, 0, -10),
        Glyph::new(555, 3, 11, 5, 1, -9),
        Glyph::new(566, 4, 5, 6, 1, -10),
        Glyph::new(571, 6, 1, 6, 0, 0),
        Glyph::new(572, 2, 2, 4, 1, -10),
        Glyph::new(574, 6, 7, 7, 0, -7),
        Glyph::new(581, 6, 9, 8, 1, -9),
        Glyph::new(590, 6, 7, 8, 1, -7),
        Glyph::new(597, 6, 9, 8, 1, -9),
        Glyph::new(606, 6, 7, 8, 1, -7),
        Glyph::new(613, 5, 9, 5, 0, -9),
        Glyph::new(622, 6, 10, 8, 1, -7),
        Glyph::new(632, 6, 9, 8, 1, -9),
        Glyph::new(641, 1, 9, 3, 1, -9),
        Glyph::new(650, 2, 12, 3, 0, -9),
        Glyph::new(662, 6, 9, 7, 1, -9),
        Glyph::new(671, 1, 9, 3, 1, -9),
        Glyph::new(680, 9, 7, 12, 1, -7),
        Glyph::new(694, 6, 7, 8, 1, -7),
        Glyph::new(701, 6, 7, 8, 1, -7),
        Glyph::new(708, 6, 10, 8, 1, -7),
        Glyph::new(718, 6, 10, 8, 1, -7),
        Glyph::new(728, 4, 7, 5, 1, -7),
        Glyph::new(735, 5, 7, 7, 1, -7),
        Glyph::new(742, 4, 9, 4, 0, -9),
        Glyph::new(751, 6, 7, 8, 1, -7),
        Glyph::new(758, 7, 7, 7, 0, -7),
        Glyph::new(765, 9, 7, 11, 1, -7),
        Glyph::new(779, 5, 7, 7, 1, -7),
        Glyph::new(786, 7, 10, 7, 0, -7),
        Glyph::new(796, 6, 7, 7, 1, -7),
        Glyph::new(803, 5, 11, 6, 1, -9),
        Glyph::new(814, 1, 15, 4, 2, -12),
        Glyph::new(829, 4, 11, 6, 1, -9),
        Glyph::new(840, 6, 2, 9, 1, -5),
        Glyph::new(842, 0, 0, 3, 0, 0),
        Glyph::new(842, 1, 9, 4, 2, -7),
        Glyph::new(851, 7, 9, 8, 0, -9),
        Glyph::new(860, 7, 9, 8, 1, -9),
        Glyph::new(869, 7, 8, 10, 1, -8),
        Glyph::new(877, 7, 9, 7, 0, -9),
        Glyph::new(886, 1, 11, 4, 1, -9),
        Glyph::new(897, 6, 11, 7, 1, -9),
        Glyph::new(908, 4, 1, 8, 2, -9),
        Glyph::new(909, 9, 9, 12, 1, -9),
        Glyph::new(927, 5, 6, 6, 0, -10),
        Glyph::new(933, 6, 6, 8, 1, -7),
        Glyph::new(939, 5, 3, 9, 2, -5),
        Glyph::new(942, 4, 1, 6, 1, -4),
        Glyph::new(943, 7, 7, 9, 1, -9),
        Glyph::new(950, 4, 1, 6, 1, -9),
        Glyph::new(951, 4, 4, 6, 1, -9),
        Glyph::new(955, 6, 6, 9, 1, -7),
        Glyph::new(961, 4, 5, 6, 1, -11),
        Glyph::new(966, 4, 5, 6, 1, -11),
        Glyph::new(971, 2, 2, 4, 1, -10),
        Glyph::new(973, 7, 10, 8, 1, -7),
        Glyph::new(983, 6, 9, 8, 1, -9),
        Glyph::new(992, 1, 2, 4, 2, -5),
        Glyph::new(994, 2, 3, 4, 1, 0),
        Glyph::new(997, 2, 5, 4, 1, -11),
        Glyph::new(1002, 5, 6, 6, 1, -10),
        Glyph::new(1008, 6, 6, 8, 1, -7),
        Glyph::new(1014, 10, 9, 11, 0, -9),
        Glyph::new(1032, 10, 9, 11, 1, -9),
        Glyph::new(1050, 11, 10, 12, 0, -10),
        Glyph::new(1070, 5, 10, 7, 1, -7),
        Glyph::new(1080, 9, 12, 9, 0, -12),
        Glyph::new(1104, 9, 12, 9, 0, -12),
        Glyph::new(1128, 9, 12, 9, 0, -12),
        Glyph::new(1152, 9, 12, 9, 0, -12),
        Glyph::new(1176, 9, 12, 9, 0, -12),
        Glyph::new(1200, 9, 13, 9, 0, -13),
        Glyph::new(1226, 12, 9, 13, 0, -9),
        Glyph::new(1244, 8, 12, 10, 1, -9),
        Glyph::new(1256, 6, 12, 8, 1, -12),
        Glyph::new(1268, 6, 12, 8, 1, -12),
        Glyph::new(1280, 6, 12, 8, 1, -12),
        Glyph::new(1292, 6, 12, 8, 1, -12),
        Glyph::new(1304, 2, 12, 4, 0, -12),
        Glyph::new(1316, 2, 12, 4, 1, -12),
        Glyph::new(1328, 3, 12, 4, 0, -12),
        Glyph::new(1340, 4, 12, 4, 0, -12),
        Glyph::new(1352, 8, 9, 10, 1, -9),
        Glyph::new(1361, 7, 12, 10, 1, -12),
        Glyph::new(1373, 8, 12, 10, 1, -12),
        Glyph::new(1385, 8, 12, 10, 1, -12),
        Glyph::new(1397, 8, 12, 10, 1, -12),
        Glyph::new(1409, 8, 12, 10, 1, -12),
        Glyph::new(1421, 8, 12, 10, 1, -12),
        Glyph::new(1433, 5, 5, 9, 2, -6),
        Glyph::new(1438, 8, 9, 10, 1, -9),
        Glyph::new(1447, 7, 12, 10, 1, -12),
        Glyph::new(1459, 7, 12, 10, 1, -12),
        Glyph::new(1471, 7, 12, 10, 1, -12),
        Glyph::new(1483, 7, 12, 10, 1, -12),
        Glyph::new(1495, 7, 12, 9, 1, -12),
        Glyph::new(1507, 6, 9, 8, 1, -9),
        Glyph::new(1516, 6, 9, 8, 1, -9),
        Glyph::new(1525, 6, 10, 7, 0, -10),
        Glyph::new(1535, 6, 10, 7, 0, -10),
        Glyph::new(1545, 6, 10, 7, 0, -10),
        Glyph::new(1555, 6, 10, 7, 0, -10),
        Glyph::new(1565, 6, 9, 7, 0, -9),
        Glyph::new(1574, 6, 11, 7, 0, -11),
        Glyph::new(1585, 11, 7, 12, 0, -7),
        Glyph::new(1599, 6, 10, 8, 1, -7),
        Glyph::new(1609, 6, 10, 8, 1, -10),
        Glyph::new(1619, 6, 10, 8, 1, -10),
        Glyph::new(1629, 6, 10, 8, 1, -10),
        Glyph::new(1639, 6, 9, 8, 1, -9),
        Glyph::new(1648, 2, 10, 3, 0, -10),
        Glyph::new(1658, 2, 10, 3, 1, -10),
        Glyph::new(1668, 3, 10, 3, 0, -10),
        Glyph::new(1678, 4, 9, 3, 0, -9),
        Glyph::new(1687, 6, 10, 8, 1, -10),
        Glyph::new(1697, 6, 10, 8, 1, -10),
        Glyph::new(1707, 6, 10, 8, 1, -10),
        Glyph::new(1717, 6, 10, 8, 1, -10),
        Glyph::new(1727, 6, 10, 8, 1, -10),
        Glyph::new(1737, 6, 10, 8, 1, -10),
        Glyph::new(1747, 6, 9, 8, 1, -9),
        Glyph::new(1756, 6, 7, 9, 1, -7),
        Glyph::new(1763, 6, 7, 8, 1, -7),
        Glyph::new(1770, 6, 10, 8, 1, -10),
        Glyph::new(1780, 6, 10, 8, 1, -10),
        Glyph::new(1790, 6, 10, 8, 1, -10),
        Glyph::new(1800, 6, 9, 8, 1, -9),
        Glyph::new(1809, 7, 13, 7, 0, -10),
        Glyph::new(1822, 6, 12, 8, 1, -9),
        Glyph::new(1834, 6, 12, 7, 1, -9),
        Glyph::new(1846, 7, 1, 7, 0, -4),
        Glyph::new(1847, 13, 1, 13, 0, -4),
        Glyph::new(1849, 2, 3, 4, 1, -9),
        Glyph::new(1852, 2, 4, 4, 1, -10),
        Glyph::new(1856, 2, 4, 3, 1, -1),
        Glyph::new(1860, 5, 3, 6, 1, -9),
        Glyph::new(1863, 4, 4, 6, 1, -10),
        Glyph::new(1867, 4, 4, 6, 1, -1),
        Glyph::new(1871, 4, 4, 7, 1, -6),
        Glyph::new(1875, 9, 2, 12, 1, -2),
        Glyph::new(1879, 3, 6, 5, 1, -7),
        Glyph::new(1885, 3, 6, 5, 1, -7),
        Glyph::new(1891, 7, 9, 9, 1, -9),
        Glyph::new(1900, 6, 4, 8, 1, -10),
        Glyph::new(1904, 6, 1, 9, 1, -4),
    ],
    bitmap: &[
        0x80, 0x80, 0x80, 0x80, 0x80, 0x80, 0x00, 0x80, 0x80, 0xA0, 0xA0, 0xA0, 0x12, 0x32, 0x7F,
        0x26, 0x24, 0xFE, 0x64, 0x64, 0x44, 0x10, 0x78, 0xFC, 0x90, 0xF0, 0x78, 0x1C, 0x94, 0xFC,
        0x78, 0x10, 0xE1, 0x00, 0xB2, 0x00, 0x92, 0x00, 0xF4, 0x00, 0x08, 0x00, 0x0B, 0x80, 0x12,
        0x40, 0x22, 0xC0, 0x23, 0x80, 0x30, 0x58, 0x48, 0x70, 0x70, 0xDA, 0x8E, 0xCE, 0x7E, 0x80,
        0x80, 0x80, 0x40, 0x40, 0xC0, 0xC0, 0x80, 0x80, 0x80, 0x80, 0x80, 0xC0, 0x40, 0x40, 0xC0,
        0x40, 0x40, 0x60, 0x20, 0x20, 0x20, 0x20, 0x60, 0x60, 0x40, 0xC0, 0x20, 0xF8, 0x70, 0xF8,
        0x20, 0x10, 0x10, 0xFE, 0x10, 0x10, 0x10, 0xC0, 0x80, 0x80, 0x80, 0xF0, 0x80, 0x80, 0x10,
        0x10, 0x10, 0x30, 0x20, 0x20, 0x60, 0x40, 0x40, 0x40, 0xC0, 0x38, 0x4C, 0xC6, 0x82, 0x82,
        0x82, 0xC6, 0xC4, 0x38, 0x30, 0xF0, 0x10, 0x10, 0x10, 0x10, 0x10, 0x10, 0x10, 0x78, 0xCC,
        0x84, 0x0C, 0x08, 0x10, 0x20, 0x60, 0xFC, 0x78, 0xCC, 0x04, 0x0C, 0x38, 0x0C, 0x04, 0xCC,
        0x78, 0x0C, 0x1C, 0x14, 0x24, 0x64, 0x44, 0xFE, 0x04, 0x04, 0xFC, 0xC0, 0x80, 0xF8, 0xCC,
        0x04, 0x04, 0xCC, 0x78, 0x78, 0xCC, 0x80, 0xB8, 0xCC, 0x84, 0x84, 0xCC, 0x78, 0xFC, 0x0C,
        0x08, 0x18, 0x10, 0x30, 0x20, 0x60, 0x40, 0x78, 0xCC, 0x84, 0xCC, 0x78, 0xCC, 0x84, 0xCC,
        0x78, 0x78, 0xC8, 0x84, 0x84, 0xCC, 0x7C, 0x0C, 0xC8, 0x70, 0x80, 0x80, 0x00, 0x00, 0x00,
        0x80, 0x80, 0x40, 0x40, 0x00, 0x00, 0x00, 0x40, 0x40, 0x00, 0x80, 0x04, 0x1C, 0x60, 0xC0,
        0x70, 0x1C, 0x04, 0xFC, 0x00, 0x00, 0xFC, 0x80, 0xE0, 0x18, 0x0C, 0x38, 0xE0, 0x80, 0x78,
        0xCC, 0x04, 0x0C, 0x30, 0x20, 0x00, 0x20, 0x20, 0x1F, 0x00, 0x71, 0xC0, 0x40, 0x40, 0xCF,
        0x60, 0x9B, 0x20, 0x91, 0x20, 0x91, 0x20, 0x9B, 0x60, 0xCD, 0xC0, 0x40, 0x00, 0x70, 0x00,
        0x1F, 0x00, 0x1C, 0x00, 0x1C, 0x00, 0x14, 0x00, 0x36, 0x00, 0x22, 0x00, 0x7E, 0x00, 0x63,
        0x00, 0x41, 0x00, 0xC1, 0x80, 0xF8, 0x8C, 0x84, 0x8C, 0xF8, 0x8C, 0x84, 0x8C, 0xF8, 0x3C,
        0x66, 0xC3, 0x80, 0x80, 0x80, 0xC3, 0x66, 0x3C, 0xF8, 0x8C, 0x86, 0x82, 0x82, 0x82, 0x86,
        0x8C, 0xF8, 0xFC, 0x80, 0x80, 0x80, 0xF8, 0x80, 0x80, 0x80, 0xFC, 0xFC, 0x80, 0x80, 0x80,
        0xF8, 0x80, 0x80, 0x80, 0x80, 0x3C, 0x66, 0xC1, 0x80, 0x8F, 0x81, 0xC3, 0x66, 0x3C, 0x82,
        0x82, 0x82, 0x82, 0xFE, 0x82, 0x82, 0x82, 0x82, 0x80, 0x80, 0x80, 0x80, 0x80, 0x80, 0x80,
        0x80, 0x80, 0x08, 0x08, 0x08, 0x08, 0x08, 0x08, 0x88, 0xD8, 0x70, 0x86, 0x8C, 0x98, 0xB0,
        0xF0, 0xD8, 0x88, 0x8C, 0x86, 0x80, 0x80, 0x80, 0x80, 0x80, 0x80, 0x80, 0x80, 0xF8, 0xC1,
        0x80, 0xC3, 0x80, 0xE3, 0x80, 0xA2, 0x80, 0xB6, 0x80, 0xB4, 0x80, 0x94, 0x80, 0x9C, 0x80,
        0x88, 0x80, 0xC2, 0xC2, 0xE2, 0xB2, 0x92, 0x9A, 0x8E, 0x86, 0x86, 0x3C, 0x66, 0xC3, 0x81,
        0x81, 0x81, 0xC3, 0x66, 0x3C, 0xF8, 0x8C, 0x84, 0x84, 0x8C, 0xF8, 0x80, 0x80, 0x80, 0x3C,
        0x66, 0xC3, 0x81, 0x81, 0x81, 0xCB, 0x6E, 0x3E, 0xF8, 0x8C, 0x84, 0x8C, 0xF8, 0x98, 0x88,
        0x8C, 0x84, 0x78, 0xCC, 0x80, 0xC0, 0x78, 0x0C, 0x84, 0xCC, 0x78, 0xFE, 0x10, 0x10, 0x10,
        0x10, 0x10, 0x10, 0x10, 0x10, 0x82, 0x82, 0x82, 0x82, 0x82, 0x82, 0x82, 0xC6, 0x78, 0x83,
        0x82, 0xC6, 0x46, 0x64, 0x6C, 0x28, 0x38, 0x18, 0xC2, 0x18, 0x47, 0x10, 0x67, 0x10, 0x65,
        0x30, 0x25, 0xA0, 0x2D, 0xA0, 0x38, 0xE0, 0x38, 0xE0, 0x18, 0xC0, 0x86, 0x44, 0x6C, 0x38,
        0x38, 0x38, 0x6C, 0xC6, 0x82, 0x82, 0xC6, 0x4C, 0x68, 0x38, 0x10, 0x10, 0x10, 0x10, 0xFE,
        0x06, 0x0C, 0x18, 0x10, 0x30, 0x60, 0xC0, 0xFE, 0xE0, 0x80, 0x80, 0x80, 0x80, 0x80, 0x80,
        0x80, 0x80, 0x80, 0xE0, 0xC0, 0x40, 0x40, 0x40, 0x60, 0x20, 0x20, 0x30, 0x10, 0x10, 0x10,
        0xE0, 0x20, 0x20, 0x20, 0x20, 0x20, 0x20, 0x20, 0x20, 0x20, 0xE0, 0x60, 0x60, 0xD0, 0x90,
        0x90, 0xFC, 0xC0, 0x40, 0x78, 0xCC, 0x0C, 0x7C, 0x84, 0xCC, 0x74, 0x80, 0x80, 0xB8, 0xCC,
        0x84, 0x84, 0x84, 0xCC, 0xB8, 0x78, 0xCC, 0x80, 0x80, 0x80, 0xCC, 0x78, 0x04, 0x04, 0x74,
        0xCC, 0x84, 0x84, 0x84, 0xCC, 0x74, 0x78, 0xCC, 0x84, 0xFC, 0x80, 0xCC, 0x78, 0x38, 0x20,
        0xF8, 0x20, 0x20, 0x20, 0x20, 0x20, 0x20, 0x74, 0xCC, 0x84, 0x84, 0x84, 0xCC, 0x74, 0x04,
        0xCC, 0x78, 0x80, 0x80, 0xB8, 0xCC, 0x84, 0x84, 0x84, 0x84, 0x84, 0x80, 0x00, 0x80, 0x80,
        0x80, 0x80, 0x80, 0x80, 0x80, 0x40, 0x00, 0x40, 0x40, 0x40, 0x40, 0x40, 0x40, 0x40, 0x40,
        0xC0, 0x80, 0x80, 0x80, 0x88, 0x90, 0xA0, 0xE0, 0xB0, 0x98, 0x8C, 0x80, 0x80, 0x80, 0x80,
        0x80, 0x80, 0x80, 0x80, 0x80, 0xB3, 0x00, 0xDD, 0x80, 0x88, 0x80, 0x88, 0x80, 0x88, 0x80,
        0x88, 0x80, 0x88, 0x80, 0xF8, 0xCC, 0x84, 0x84, 0x84, 0x84, 0x84, 0x78, 0xCC, 0x84, 0x84,
        0x84, 0xCC, 0x78, 0xB8, 0xCC, 0x84, 0x84, 0x84, 0xCC, 0xB8, 0x80, 0x80, 0x80, 0x74, 0xCC,
        0x84, 0x84, 0x84, 0xCC, 0x74, 0x04, 0x04, 0x04, 0xB0, 0xC0, 0x80, 0x80, 0x80, 0x80, 0x80,
        0x70, 0xD8, 0x80, 0x70, 0x18, 0x98, 0x70, 0x40, 0x40, 0xF0, 0x40, 0x40, 0x40, 0x40, 0x40,
        0x70, 0x84, 0x84, 0x84, 0x84, 0x84, 0xCC, 0x74, 0xC6, 0x46, 0x64, 0x2C, 0x28, 0x38, 0x18,
        0x88, 0x80, 0x98, 0x80, 0xDD, 0x80, 0xD5, 0x00, 0x77, 0x00, 0x67, 0x00, 0x62, 0x00, 0x88,
        0xD8, 0x70, 0x70, 0x70, 0xD8, 0x88, 0xC2, 0x46, 0x64, 0x2C, 0x28, 0x38, 0x18, 0x10, 0x30,
        0x60, 0xFC, 0x0C, 0x18, 0x30, 0x60, 0x40, 0xFC, 0x18, 0x30, 0x20, 0x20, 0x20, 0xC0, 0x60,
        0x20, 0x20, 0x20, 0x18, 0x80, 0x80, 0x80, 0x80, 0x80, 0x80, 0x80, 0x80, 0x80, 0x80, 0x80,
        0x80, 0x80, 0x80, 0x80, 0xC0, 0x60, 0x20, 0x20, 0x20, 0x10, 0x30, 0x20, 0x20, 0x60, 0xC0,
        0x64, 0x9C, 0x80, 0x80, 0x00, 0x80, 0x80, 0x80, 0x80, 0x80, 0x80, 0x10, 0x78, 0xFC, 0x90,
        0x90, 0x90, 0xD6, 0x7C, 0x10, 0x38, 0x64, 0x40, 0x40, 0xF8, 0x40, 0x40, 0xC6, 0xFC, 0xFA,
        0xCE, 0xC6, 0x82, 0x82, 0xC6, 0xCE, 0xBA, 0xC6, 0x44, 0x6C, 0x38, 0x7C, 0x30, 0x7C, 0x10,
        0x10, 0x80, 0x80, 0x80, 0x80, 0x00, 0x00, 0x00, 0x80, 0x80, 0x80, 0x80, 0x70, 0x98, 0x80,
        0x60, 0x88, 0xC4, 0xEC, 0x38, 0x18, 0x98, 0x70, 0x90, 0x3C, 0x00, 0x63, 0x00, 0xDD, 0x80,
        0xB7, 0x80, 0xA0, 0x80, 0xB4, 0x80, 0xDD, 0x80, 0x63, 0x00, 0x3E, 0x00, 0x70, 0x18, 0x38,
        0xC8, 0x98, 0xF8, 0x2C, 0x48, 0xD0, 0xD0, 0x48, 0x2C, 0xF8, 0x08, 0x08, 0xF0, 0x38, 0xCC,
        0xF6, 0xBA, 0xEE, 0xEC, 0x78, 0xF0, 0x60, 0xB0, 0x90, 0xE0, 0x10, 0x10, 0xFC, 0x10, 0x00,
        0xFC, 0x60, 0x90, 0x30, 0x40, 0xF0, 0xE0, 0x10, 0x60, 0x10, 0xE0, 0x40, 0x80, 0x84, 0x84,
        0x84, 0x84, 0x84, 0xCC, 0xF6, 0x80, 0x80, 0x80, 0x7C, 0xF4, 0xF4, 0xF4, 0x74, 0x34, 0x04,
        0x04, 0x04, 0x80, 0x80, 0x80, 0xC0, 0xC0, 0xC0, 0x40, 0x40, 0x40, 0x40, 0x70, 0x98, 0x88,
        0x88, 0x98, 0x70, 0x90, 0x58, 0x2C, 0x2C, 0x58, 0x90, 0xC1, 0x00, 0x42, 0x00, 0x44, 0x00,
        0x4C, 0x00, 0x49, 0x80, 0x13, 0x80, 0x22, 0x80, 0x67, 0xC0, 0x40, 0x80, 0xC1, 0x00, 0x42,
        0x00, 0x44, 0x00, 0x4C, 0x00, 0x49, 0x80, 0x10, 0x40, 0x20, 0x80, 0x61, 0x00, 0x43, 0xC0,
        0x60, 0x80, 0xB1, 0x00, 0x33, 0x00, 0x62, 0x00, 0x34, 0x00, 0x64, 0xC0, 0x09, 0xC0, 0x11,
        0x40, 0x13, 0xE0, 0x20, 0x40, 0x20, 0x20, 0x00, 0x20, 0x60, 0xC0, 0x80, 0x88, 0xD8, 0x70,
        0x10, 0x00, 0x08, 0x00, 0x00, 0x00, 0x1C, 0x00, 0x1C, 0x00, 0x14, 0x00, 0x36, 0x00, 0x22,
        0x00, 0x7E, 0x00, 0x63, 0x00, 0x41, 0x00, 0xC1, 0x80, 0x04, 0x00, 0x08, 0x00, 0x00, 0x00,
        0x1C, 0x00, 0x1C, 0x00, 0x14, 0x00, 0x36, 0x00, 0x22, 0x00, 0x7E, 0x00, 0x63, 0x00, 0x41,
        0x00, 0xC1, 0x80, 0x1C, 0x00, 0x14, 0x00, 0x00, 0x00, 0x1C, 0x00, 0x1C, 0x00, 0x14, 0x00,
        0x36, 0x00, 0x22, 0x00, 0x7E, 0x00, 0x63, 0x00, 0x41, 0x00, 0xC1, 0x80, 0x1C, 0x00, 0x1C,
        0x00, 0x00, 0x00, 0x1C, 0x00, 0x1C, 0x00, 0x14, 0x00, 0x36, 0x00, 0x22, 0x00, 0x3E, 0x00,
        0x63, 0x00, 0x41, 0x00, 0xC1, 0x80, 0x14, 0x00, 0x00, 0x00, 0x00, 0x00, 0x08, 0x00, 0x1C,
        0x00, 0x14, 0x00, 0x34, 0x00, 0x22, 0x00, 0x3E, 0x00, 0x63, 0x00, 0x41, 0x00, 0xC1, 0x80,
        0x1C, 0x00, 0x1C, 0x00, 0x1C, 0x00, 0x00, 0x00, 0x08, 0x00, 0x18, 0x00, 0x14, 0x00, 0x34,
        0x00, 0x22, 0x00, 0x3E, 0x00, 0x63, 0x00, 0x41, 0x00, 0xC1, 0x80, 0x0F, 0xF0, 0x1A, 0x00,
        0x12, 0x00, 0x32, 0x00, 0x23, 0xE0, 0x7E, 0x00, 0x62, 0x00, 0xC2, 0x00, 0xC3, 0xF0, 0x3C,
        0x66, 0xC3, 0x80, 0x80, 0x80, 0xC3, 0x66, 0x3C, 0x08, 0x0C, 0x08, 0x60, 0x20, 0x00, 0xFC,
        0x80, 0x80, 0x80, 0xF8, 0x80, 0x80, 0x80, 0xFC, 0x10, 0x20, 0x00, 0xFC, 0x80, 0x80, 0x80,
        0xF8, 0x80, 0x80, 0x80, 0xFC, 0x30, 0x50, 0x00, 0xFC, 0x80, 0x80, 0x80, 0xF8, 0x80, 0x80,
        0x80, 0xFC, 0x48, 0x00, 0x00, 0xFC, 0x80, 0x80, 0x80, 0xFC, 0x80, 0x80, 0x80, 0xFC, 0x80,
        0x40, 0x00, 0x40, 0x40, 0x40, 0x40, 0x40, 0x40, 0x40, 0x40, 0x40, 0xC0, 0x80, 0x00, 0x80,
        0x80, 0x80, 0x80, 0x80, 0x80, 0x80, 0x80, 0x80, 0xC0, 0xA0, 0x00, 0x40, 0x40, 0x40, 0x40,
        0x40, 0x40, 0x40, 0x40, 0x40, 0x90, 0x00, 0x00, 0x40, 0x40, 0x40, 0x40, 0x40, 0x40, 0x40,
        0x40, 0x40, 0x7C, 0x46, 0x43, 0x41, 0xF1, 0x41, 0x43, 0x46, 0x7C, 0x38, 0x38, 0x00, 0xC2,
        0xC2, 0xE2, 0xB2, 0x92, 0x9A, 0x8E, 0x86, 0x86, 0x10, 0x10, 0x00, 0x3C, 0x66, 0xC3, 0x81,
        0x81, 0x81, 0xC3, 0x66, 0x3C, 0x08, 0x08, 0x00, 0x3C, 0x66, 0xC3, 0x81, 0x81, 0x81, 0xC3,
        0x66, 0x3C, 0x18, 0x00, 0x00, 0x3C, 0x66, 0xC3, 0x81, 0x81, 0x81, 0xC3, 0x66, 0x3C, 0x34,
        0x28, 0x00, 0x3C, 0x66, 0xC3, 0x81, 0x81, 0x81, 0xC3, 0x66, 0x3C, 0x24, 0x00, 0x00, 0x3C,
        0x66, 0xC3, 0x81, 0x81, 0x81, 0xC3, 0x66, 0x3C, 0x98, 0x70, 0x70, 0xF0, 0x88, 0x3E, 0x66,
        0xC7, 0x89, 0x99, 0x91, 0xE3, 0x66, 0xFC, 0x20, 0x10, 0x00, 0x82, 0x82, 0x82, 0x82, 0x82,
        0x82, 0x82, 0xC6, 0x78, 0x18, 0x10, 0x00, 0x82, 0x82, 0x82, 0x82, 0x82, 0x82, 0x82, 0xC6,
        0x78, 0x38, 0x00, 0x00, 0x82, 0x82, 0x82, 0x82, 0x82, 0x82, 0x86, 0xCE, 0x78, 0x28, 0x00,
        0x00, 0x82, 0x82, 0x82, 0x82, 0x82, 0x82, 0x82, 0xC6, 0x78, 0x18, 0x10, 0x00, 0x82, 0xC6,
        0x4C, 0x68, 0x38, 0x10, 0x10, 0x10, 0x10, 0x80, 0x80, 0xF8, 0x8C, 0x84, 0x8C, 0xF8, 0x80,
        0x80, 0x70, 0xD8, 0x88, 0x98, 0xB0, 0x8C, 0x84, 0x8C, 0xB8, 0x60, 0x20, 0x00, 0x78, 0xCC,
        0x0C, 0x7C, 0x84, 0xCC, 0x74, 0x18, 0x10, 0x00, 0x78, 0xCC, 0x0C, 0x7C, 0x84, 0xCC, 0x74,
        0x30, 0x48, 0x00, 0x78, 0xCC, 0x0C, 0x7C, 0x84, 0xCC, 0x74, 0x68, 0x58, 0x00, 0x78, 0xCC,
        0x0C, 0x7C, 0x84, 0xCC, 0x74, 0x48, 0x00, 0x78, 0xCC, 0x0C, 0x7C, 0x84, 0xCC, 0x74, 0x38,
        0x58, 0x30, 0x00, 0x78, 0xCC, 0x0C, 0x7C, 0x84, 0xCC, 0x74, 0x7F, 0x80, 0xCE, 0x40, 0x0C,
        0x60, 0x7F, 0xE0, 0xCE, 0x00, 0x8E, 0x40, 0x73, 0xC0, 0x78, 0xCC, 0x80, 0x80, 0x80, 0xCC,
        0x78, 0x10, 0x08, 0x10, 0x20, 0x20, 0x00, 0x78, 0xCC, 0x84, 0xFC, 0x80, 0xCC, 0x78, 0x10,
        0x10, 0x00, 0x78, 0xCC, 0x84, 0xFC, 0x80, 0xCC, 0x78, 0x30, 0x58, 0x00, 0x78, 0xCC, 0x84,
        0xFC, 0x80, 0xCC, 0x78, 0x48, 0x00, 0x78, 0xCC, 0x84, 0xFC, 0x80, 0xCC, 0x78, 0x80, 0x40,
        0x00, 0x40, 0x40, 0x40, 0x40, 0x40, 0x40, 0x40, 0x40, 0x80, 0x00, 0x80, 0x80, 0x80, 0x80,
        0x80, 0x80, 0x80, 0x40, 0xA0, 0x00, 0x40, 0x40, 0x40, 0x40, 0x40, 0x40, 0x40, 0x90, 0x00,
        0x40, 0x40, 0x40, 0x40, 0x40, 0x40, 0x40, 0x68, 0x30, 0x18, 0x78, 0xCC, 0x8C, 0x84, 0x84,
        0xCC, 0x78, 0x68, 0x58, 0x00, 0xF8, 0xCC, 0x84, 0x84, 0x84, 0x84, 0x84, 0x20, 0x20, 0x00,
        0x78, 0xCC, 0x84, 0x84, 0x84, 0xCC, 0x78, 0x10, 0x10, 0x00, 0x78, 0xCC, 0x84, 0x84, 0x84,
        0xCC, 0x78, 0x30, 0x58, 0x00, 0x78, 0xCC, 0x84, 0x84, 0x84, 0xCC, 0x78, 0x68, 0x50, 0x00,
        0x78, 0xCC, 0x84, 0x84, 0x84, 0xCC, 0x78, 0x48, 0x00, 0x78, 0xCC, 0x84, 0x84, 0x84, 0xCC,
        0x78, 0x10, 0x10, 0x00, 0xFC, 0x00, 0x10, 0x10, 0x7C, 0xCC, 0x9C, 0xA4, 0xE4, 0xCC, 0xF8,
        0x60, 0x20, 0x00, 0x84, 0x84, 0x84, 0x84, 0x84, 0xCC, 0x74, 0x10, 0x10, 0x00, 0x84, 0x84,
        0x84, 0x84, 0x84, 0xCC, 0x74, 0x30, 0x48, 0x00, 0x84, 0x84, 0x84, 0x84, 0x84, 0xCC, 0x74,
        0x48, 0x00, 0x84, 0x84, 0x84, 0x84, 0x84, 0xCC, 0x74, 0x08, 0x18, 0x00, 0xC2, 0x46, 0x64,
        0x2C, 0x28, 0x38, 0x18, 0x10, 0x30, 0x60, 0x80, 0x80, 0xB8, 0xCC, 0x84, 0x84, 0x84, 0xCC,
        0xB8, 0x80, 0x80, 0x80, 0x48, 0x00, 0x84, 0x8C, 0xC8, 0x48, 0x78, 0x70, 0x30, 0x30, 0x60,
        0xC0, 0xFE, 0xFF, 0xF8, 0x40, 0x40, 0xC0, 0x40, 0xC0, 0x80, 0x80, 0xC0, 0x80, 0x80, 0x80,
        0x58, 0x50, 0xD0, 0x50, 0xD0, 0x90, 0x90, 0xD0, 0x90, 0xB0, 0xA0, 0x60, 0xF0, 0xF0, 0x60,
        0x88, 0x80, 0x88, 0x80, 0x20, 0x40, 0xC0, 0xC0, 0x40, 0x20, 0x80, 0x40, 0x20, 0x20, 0x40,
        0x80, 0x1E, 0x22, 0x60, 0xFC, 0x40, 0xF8, 0x60, 0x22, 0x1E, 0x24, 0xB4, 0xBC, 0xAC, 0xFC,
    ],
    line_height: 18,
};

// INTER_LARGE_BODY: 17 px, cap 13, line height 23, gray 128, U+00AD as U+002D
pub static INTER_LARGE_BODY: BitmapFont = BitmapFont {
    glyphs: &[
        Glyph::new(0, 0, 0, 5, 0, 0),
        Glyph::new(0, 2, 13, 5, 2, -13),
        Glyph::new(13, 5, 5, 8, 2, -13),
        Glyph::new(18, 11, 13, 11, 0, -13),
        Glyph::new(44, 9, 18, 11, 1, -16),
        Glyph::new(80, 14, 13, 17, 1, -13),
        Glyph::new(106, 10, 13, 11, 1, -13),
        Glyph::new(132, 2, 5, 5, 2, -13),
        Glyph::new(137, 4, 16, 6, 2, -14),
        Glyph::new(153, 4, 16, 6, 1, -14),
        Glyph::new(169, 5, 7, 9, 2, -13),
        Glyph::new(176, 9, 9, 11, 1, -10),
        Glyph::new(194, 3, 5, 5, 1, -1),
        Glyph::new(199, 6, 2, 8, 1, -7),
        Glyph::new(201, 2, 3, 5, 2, -3),
        Glyph::new(204, 6, 16, 6, 0, -14),
        Glyph::new(220, 9, 13, 11, 1, -13),
        Glyph::new(246, 5, 13, 7, 1, -13),
        Glyph::new(259, 8, 13, 10, 1, -13),
        Glyph::new(272, 9, 13, 11, 1, -13),
        Glyph::new(298, 10, 13, 11, 1, -13),
        Glyph::new(324, 8, 13, 10, 1, -13),
        Glyph::new(337, 9, 13, 11, 1, -13),
        Glyph::new(363, 8, 13, 10, 1, -13),
        Glyph::new(376, 9, 13, 11, 1, -13),
        Glyph::new(402, 9, 13, 11, 1, -13),
        Glyph::new(428, 2, 10, 5, 2, -10),
        Glyph::new(438, 2, 13, 5, 2, -9),
        Glyph::new(451, 8, 9, 11, 1, -10),
        Glyph::new(460, 8, 6, 11, 2, -8),
        Glyph::new(466, 8, 9, 11, 2, -10),
        Glyph::new(475, 8, 13, 9, 0, -13),
        Glyph::new(488, 15, 17, 17, 1, -13),
        Glyph::new(522, 10, 13, 12, 1, -13),
        Glyph::new(548, 9, 13, 11, 1, -13),
        Glyph::new(574, 10, 13, 12, 1, -13),
        Glyph::new(600, 10, 13, 12, 1, -13),
        Glyph::new(626, 8, 13, 10, 1, -13),
        Glyph::new(639, 8, 13, 10, 1, -13),
        Glyph::new(652, 11, 13, 13, 1, -13),
        Glyph::new(678, 10, 13, 13, 1, -13),
        Glyph::new(704, 2, 13, 5, 1, -13),
        Glyph::new(717, 8, 13, 10, 1, -13),
        Glyph::new(730, 9, 13, 12, 2, -13),
        Glyph::new(756, 8, 13, 10, 1, -13),
        Glyph::new(769, 13, 13, 16, 1, -13),
        Glyph::new(795, 10, 13, 13, 1, -13),
        Glyph::new(821, 11, 13, 13, 1, -13),
        Glyph::new(847, 9, 13, 11, 1, -13),
        Glyph::new(873, 11, 14, 13, 1, -13),
        Glyph::new(901, 9, 13, 11, 2, -13),
        Glyph::new(927, 9, 13, 11, 1, -13),
        Glyph::new(953, 10, 13, 11, 1, -13),
        Glyph::new(979, 10, 13, 13, 1, -13),
        Glyph::new(1005, 10, 13, 12, 1, -13),
        Glyph::new(1031, 15, 13, 17, 1, -13),
        Glyph::new(1057, 11, 13, 12, 0, -13),
        Glyph::new(1083, 10, 13, 12, 1, -13),
        Glyph::new(1109, 9, 13, 11, 1, -13),
        Glyph::new(1135, 4, 17, 6, 2, -15),
        Glyph::new(1152, 6, 16, 6, 0, -14),
        Glyph::new(1168, 4, 17, 6, 1, -15),
        Glyph::new(1185, 6, 6, 8, 1, -13),
        Glyph::new(1191, 8, 2, 8, 0, 0),
        Glyph::new(1193, 2, 3, 6, 2, -14),
        Glyph::new(1196, 8, 10, 10, 1, -10),
        Glyph::new(1206, 9, 13, 11, 1, -13),
        Glyph::new(1232, 8, 10, 10, 1, -10),
        Glyph::new(1242, 9, 13, 11, 1, -13),
        Glyph::new(1268, 9, 10, 10, 1, -10),
        Glyph::new(1288, 6, 13, 6, 0, -13),
        Glyph::new(1301, 9, 14, 11, 1, -10),
        Glyph::new(1329, 8, 13, 10, 1, -13),
        Glyph::new(1342, 2, 13, 4, 1, -13),
        Glyph::new(1355, 3, 17, 4, 0, -13),
        Glyph::new(1372, 8, 13, 10, 1, -13),
        Glyph::new(1385, 2, 13, 4, 1, -13),
        Glyph::new(1398, 12, 10, 15, 2, -10),
        Glyph::new(1418, 8, 10, 10, 1, -10),
        Glyph::new(1428, 9, 10, 10, 1, -10),
        Glyph::new(1448, 9, 14, 11, 1, -10),
        Glyph::new(1476, 9, 14, 11, 1, -10),
        Glyph::new(1504, 5, 10, 7, 1, -10),
        Glyph::new(1514, 7, 10, 9, 1, -10),
        Glyph::new(1524, 6, 13, 6, 0, -13),
        Glyph::new(1537, 8, 10, 10, 1, -10),
        Glyph::new(1547, 8, 10, 10, 1, -10),
        Glyph::new(1557, 12, 10, 14, 1, -10),
        Glyph::new(1577, 8, 10, 9, 1, -10),
        Glyph::new(1587, 8, 14, 10, 1, -10),
        Glyph::new(1601, 7, 10, 10, 1, -10),
        Glyph::new(1611, 6, 16, 7, 1, -13),
        Glyph::new(1627, 2, 22, 6, 2, -18),
        Glyph::new(1649, 6, 16, 7, 1, -13),
        Glyph::new(1665, 9, 4, 11, 1, -7),
        Glyph::new(1673, 0, 0, 5, 0, 0),
        Glyph::new(1673, 2, 14, 5, 2, -10),
        Glyph::new(1687, 8, 13, 10, 1, -13),
        Glyph::new(1700, 9, 13, 11, 1, -13),
        Glyph::new(1726, 10, 11, 13, 1, -11),
        Glyph::new(1748, 8, 13, 9, 1, -13),
        Glyph::new(1761, 2, 16, 5, 1, -13),
        Glyph::new(1777, 8, 16, 10, 1, -13),
        Glyph::new(1793, 6, 2, 10, 2, -13),
        Glyph::new(1795, 13, 14, 16, 1, -14),
        Glyph::new(1823, 6, 7, 8, 1, -13),
        Glyph::new(1830, 8, 8, 10, 1, -10),
        Glyph::new(1838, 8, 5, 11, 1, -7),
        Glyph::new(1843, 6, 2, 8, 1, -7),
        Glyph::new(1845, 10, 11, 11, 1, -14),
        Glyph::new(1867, 5, 2, 8, 1, -14),
        Glyph::new(1869, 6, 6, 8, 1, -13),
        Glyph::new(1875, 8, 10, 11, 2, -10),
        Glyph::new(1885, 6, 7, 8, 1, -15),
        Glyph::new(1892, 6, 7, 8, 1, -15),
        Glyph::new(1899, 2, 3, 6, 2, -14),
        Glyph::new(1902, 9, 14, 10, 1, -10),
        Glyph::new(1930, 8, 13, 10, 1, -13),
        Glyph::new(1943, 2, 3, 5, 2, -8),
        Glyph::new(1946, 2, 4, 5, 2, 0),
        Glyph::new(1950, 4, 7, 5, 1, -15),
        Glyph::new(1957, 7, 7, 8, 1, -13),
        Glyph::new(1964, 8, 8, 10, 1, -10),
        Glyph::new(1972, 12, 13, 14, 1, -13),
        Glyph::new(1998, 13, 13, 15, 1, -13),
        Glyph::new(2024, 14, 14, 15, 1, -14),
        Glyph::new(2052, 8, 14, 9, 1, -10),
        Glyph::new(2066, 10, 17, 12, 1, -17),
        Glyph::new(2100, 10, 17, 12, 1, -17),
        Glyph::new(2134, 10, 17, 12, 1, -17),
        Glyph::new(2168, 10, 17, 12, 1, -17),
        Glyph::new(2202, 10, 16, 12, 1, -16),
        Glyph::new(2234, 10, 18, 12, 1, -18),
        Glyph::new(2270, 16, 13, 17, 0, -13),
        Glyph::new(2296, 10, 17, 12, 1, -13),
        Glyph::new(2330, 8, 17, 10, 1, -17),
        Glyph::new(2347, 8, 17, 10, 1, -17),
        Glyph::new(2364, 8, 17, 10, 1, -17),
        Glyph::new(2381, 8, 16, 10, 1, -16),
        Glyph::new(2397, 3, 17, 5, 0, -17),
        Glyph::new(2414, 3, 17, 5, 2, -17),
        Glyph::new(2431, 4, 17, 5, 0, -17),
        Glyph::new(2448, 6, 16, 5, -1, -16),
        Glyph::new(2464, 12, 13, 13, 0, -13),
        Glyph::new(2490, 10, 17, 13, 1, -17),
        Glyph::new(2524, 11, 17, 13, 1, -17),
        Glyph::new(2558, 11, 17, 13, 1, -17),
        Glyph::new(2592, 11, 18, 13, 1, -18),
        Glyph::new(2628, 11, 17, 13, 1, -17),
        Glyph::new(2662, 11, 17, 13, 1, -17),
        Glyph::new(2696, 7, 8, 11, 2, -9),
        Glyph::new(2704, 11, 13, 13, 1, -13),
        Glyph::new(2730, 10, 17, 13, 1, -17),
        Glyph::new(2764, 10, 17, 13, 1, -17),
        Glyph::new(2798, 10, 17, 13, 1, -17),
        Glyph::new(2832, 10, 17, 13, 1, -17),
        Glyph::new(2866, 10, 17, 12, 1, -17),
        Glyph::new(2900, 8, 13, 11, 2, -13),
        Glyph::new(2913, 9, 13, 11, 1, -13),
        Glyph::new(2939, 8, 14, 10, 1, -14),
        Glyph::new(2953, 8, 14, 10, 1, -14),
        Glyph::new(2967, 8, 14, 10, 1, -14),
        Glyph::new(2981, 8, 14, 10, 1, -14),
        Glyph::new(2995, 8, 13, 10, 1, -13),
        Glyph::new(3008, 8, 15, 10, 1, -15),
        Glyph::new(3023, 14, 10, 16, 1, -10),
        Glyph::new(3043, 8, 13, 10, 1, -10),
        Glyph::new(3056, 9, 14, 10, 1, -14),
        Glyph::new(3084, 9, 14, 10, 1, -14),
        Glyph::new(3112, 9, 14, 10, 1, -14),
        Glyph::new(3140, 9, 13, 10, 1, -13),
        Glyph::new(3166, 3, 14, 4, 0, -14),
        Glyph::new(3180, 3, 14, 4, 1, -14),
        Glyph::new(3194, 4, 14, 4, 0, -14),
        Glyph::new(3208, 6, 13, 4, -1, -13),
        Glyph::new(3221, 9, 14, 10, 1, -14),
        Glyph::new(3249, 8, 14, 10, 1, -14),
        Glyph::new(3263, 9, 14, 10, 1, -14),
        Glyph::new(3291, 9, 14, 10, 1, -14),
        Glyph::new(3319, 9, 14, 10, 1, -14),
        Glyph::new(3347, 9, 14, 10, 1, -14),
        Glyph::new(3375, 9, 13, 10, 1, -13),
        Glyph::new(3401, 8, 10, 11, 2, -10),
        Glyph::new(3411, 9, 10, 10, 1, -10),
        Glyph::new(3431, 8, 14, 10, 1, -14),
        Glyph::new(3445, 8, 14, 10, 1, -14),
        Glyph::new(3459, 8, 14, 10, 1, -14),
        Glyph::new(3473, 8, 13, 10, 1, -13),
        Glyph::new(3486, 8, 18, 10, 1, -14),
        Glyph::new(3504, 9, 17, 11, 1, -13),
        Glyph::new(3538, 9, 17, 10, 0, -13),
        Glyph::new(3572, 9, 2, 9, 0, -7),
        Glyph::new(3576, 17, 2, 17, 0, -7),
        Glyph::new(3582, 3, 5, 5, 1, -13),
        Glyph::new(3587, 3, 5, 5, 1, -13),
        Glyph::new(3592, 3, 5, 4, 1, -1),
        Glyph::new(3597, 6, 5, 8, 1, -13),
        Glyph::new(3602, 6, 5, 8, 1, -13),
        Glyph::new(3607, 6, 5, 8, 1, -1),
        Glyph::new(3612, 5, 6, 9, 2, -8),
        Glyph::new(3618, 12, 3, 15, 2, -3),
        Glyph::new(3624, 5, 8, 7, 1, -10),
        Glyph::new(3632, 5, 8, 7, 1, -10),
        Glyph::new(3640, 9, 13, 11, 1, -13),
        Glyph::new(3666, 8, 5, 11, 1, -13),
        Glyph::new(3671, 8, 2, 11, 2, -6),
    ],
    bitmap: &[
        0xC0, 0xC0, 0xC0, 0xC0, 0xC0, 0xC0, 0xC0, 0xC0, 0xC0, 0x00, 0xC0, 0xC0, 0xC0, 0xD8, 0xD8,
        0xD8, 0xD8, 0xD8, 0x18, 0x80, 0x18, 0x80, 0x19, 0x80, 0x7F, 0xE0, 0x7F, 0xC0, 0x11, 0x00,
        0x11, 0x00, 0x31, 0x00, 0xFF, 0xC0, 0x7F, 0x80, 0x23, 0x00, 0x23, 0x00, 0x22, 0x00, 0x08,
        0x00, 0x08, 0x00, 0x08, 0x00, 0x3E, 0x00, 0x7F, 0x00, 0xCB, 0x80, 0xC8, 0x00, 0xC8, 0x00,
        0x78, 0x00, 0x3E, 0x00, 0x0F, 0x00, 0x09, 0x80, 0x89, 0x80, 0xCB, 0x80, 0xFF, 0x00, 0x3E,
        0x00, 0x08, 0x00, 0x08, 0x00, 0x70, 0x20, 0xF8, 0x60, 0xD8, 0x40, 0xD8, 0x80, 0xF9, 0x80,
        0x21, 0x00, 0x02, 0x00, 0x06, 0x78, 0x04, 0xDC, 0x08, 0xCC, 0x08, 0xCC, 0x10, 0xFC, 0x20,
        0x78, 0x3C, 0x00, 0x7E, 0x00, 0x66, 0x00, 0x66, 0x00, 0x6C, 0x00, 0x3C, 0x00, 0x38, 0x00,
        0x7C, 0xC0, 0xCE, 0xC0, 0xC7, 0x80, 0xC3, 0x80, 0x7F, 0x80, 0x3C, 0xC0, 0xC0, 0xC0, 0xC0,
        0xC0, 0xC0, 0x30, 0x60, 0x60, 0x60, 0x40, 0xC0, 0xC0, 0xC0, 0xC0, 0xC0, 0xC0, 0xC0, 0x60,
        0x60, 0x60, 0x30, 0xC0, 0x40, 0x60, 0x60, 0x60, 0x30, 0x30, 0x30, 0x30, 0x30, 0x30, 0x20,
        0x60, 0x60, 0x40, 0xC0, 0x20, 0x20, 0xF8, 0x70, 0xF8, 0x20, 0x20, 0x0C, 0x00, 0x0C, 0x00,
        0x0C, 0x00, 0x7F, 0x80, 0xFF, 0x80, 0x0C, 0x00, 0x0C, 0x00, 0x0C, 0x00, 0x08, 0x00, 0x60,
        0x40, 0xC0, 0xC0, 0x80, 0xFC, 0xFC, 0x80, 0xC0, 0xC0, 0x0C, 0x0C, 0x08, 0x18, 0x18, 0x18,
        0x10, 0x30, 0x30, 0x30, 0x20, 0x60, 0x60, 0x60, 0x40, 0xC0, 0x1C, 0x00, 0x7F, 0x00, 0x63,
        0x00, 0xC1, 0x80, 0xC1, 0x80, 0xC1, 0x80, 0xC1, 0x80, 0xC1, 0x80, 0xC1, 0x80, 0xC1, 0x80,
        0x63, 0x00, 0x7F, 0x00, 0x1C, 0x00, 0x38, 0x78, 0xD8, 0x98, 0x18, 0x18, 0x18, 0x18, 0x18,
        0x18, 0x18, 0x18, 0x18, 0x3C, 0x7E, 0xC3, 0xC3, 0x03, 0x07, 0x06, 0x0C, 0x18, 0x30, 0x60,
        0xFF, 0xFF, 0x3C, 0x00, 0x7E, 0x00, 0xC3, 0x00, 0x03, 0x00, 0x03, 0x00, 0x1E, 0x00, 0x1E,
        0x00, 0x03, 0x00, 0x01, 0x80, 0x81, 0x80, 0xC3, 0x80, 0x7F, 0x00, 0x3E, 0x00, 0x07, 0x00,
        0x07, 0x00, 0x0F, 0x00, 0x1B, 0x00, 0x1B, 0x00, 0x33, 0x00, 0x23, 0x00, 0x63, 0x00, 0xC3,
        0x00, 0xFF, 0xC0, 0xFF, 0x80, 0x03, 0x00, 0x03, 0x00, 0xFE, 0xFE, 0xC0, 0xC0, 0xD8, 0xFE,
        0xC6, 0x03, 0x03, 0x83, 0xC6, 0xFE, 0x7C, 0x1E, 0x00, 0x3F, 0x00, 0x63, 0x00, 0xC0, 0x00,
        0xCC, 0x00, 0xFF, 0x00, 0xE3, 0x00, 0xC1, 0x80, 0xC1, 0x80, 0xC1, 0x80, 0x63, 0x00, 0x7F,
        0x00, 0x3E, 0x00, 0xFF, 0xFF, 0x03, 0x06, 0x06, 0x0C, 0x0C, 0x18, 0x18, 0x30, 0x30, 0x20,
        0x60, 0x3C, 0x00, 0x7E, 0x00, 0xC3, 0x00, 0xC3, 0x00, 0xC3, 0x00, 0x7E, 0x00, 0x7E, 0x00,
        0x63, 0x00, 0xC1, 0x80, 0xC1, 0x80, 0xC1, 0x80, 0x7F, 0x00, 0x3E, 0x00, 0x3C, 0x00, 0x7F,
        0x00, 0xE3, 0x00, 0xC1, 0x80, 0xC1, 0x80, 0xE3, 0x80, 0x7F, 0x80, 0x3D, 0x80, 0x01, 0x80,
        0xC3, 0x00, 0xE3, 0x00, 0x7E, 0x00, 0x3C, 0x00, 0x80, 0xC0, 0xC0, 0x00, 0x00, 0x00, 0x00,
        0x80, 0xC0, 0xC0, 0x80, 0xC0, 0xC0, 0x00, 0x00, 0x00, 0x00, 0x00, 0xC0, 0x80, 0x80, 0x80,
        0x80, 0x01, 0x07, 0x1E, 0x78, 0xE0, 0xE0, 0x3C, 0x0F, 0x03, 0xFF, 0xFF, 0x00, 0x00, 0xFF,
        0xFF, 0x80, 0xE0, 0x78, 0x1E, 0x07, 0x07, 0x3C, 0xF0, 0xC0, 0x3C, 0x7E, 0xC3, 0x03, 0x07,
        0x0E, 0x18, 0x30, 0x30, 0x00, 0x30, 0x30, 0x30, 0x07, 0xE0, 0x1F, 0xF0, 0x38, 0x18, 0x60,
        0x0C, 0x63, 0x6C, 0xCF, 0xE6, 0xCC, 0xE6, 0xD8, 0x66, 0xD8, 0x66, 0xD8, 0x66, 0xDC, 0x66,
        0xCF, 0xFC, 0x67, 0x38, 0x60, 0x00, 0x38, 0x00, 0x1F, 0xE0, 0x07, 0xE0, 0x0C, 0x00, 0x1E,
        0x00, 0x1E, 0x00, 0x16, 0x00, 0x33, 0x00, 0x33, 0x00, 0x33, 0x00, 0x61, 0x80, 0x7F, 0x80,
        0x7F, 0x80, 0xC0, 0xC0, 0xC0, 0xC0, 0xC0, 0xC0, 0xFC, 0x00, 0xFE, 0x00, 0xC3, 0x00, 0xC3,
        0x00, 0xC3, 0x00, 0xFE, 0x00, 0xFE, 0x00, 0xC3, 0x00, 0xC1, 0x80, 0xC1, 0x80, 0xC1, 0x80,
        0xFF, 0x00, 0xFE, 0x00, 0x1F, 0x00, 0x3F, 0x80, 0x60, 0xC0, 0x60, 0xC0, 0xC0, 0x00, 0xC0,
        0x00, 0xC0, 0x00, 0xC0, 0x00, 0xC0, 0x00, 0x60, 0xC0, 0x60, 0xC0, 0x3F, 0x80, 0x1F, 0x00,
        0xFE, 0x00, 0xFF, 0x00, 0xC1, 0x80, 0xC1, 0x80, 0xC0, 0xC0, 0xC0, 0xC0, 0xC0, 0xC0, 0xC0,
        0xC0, 0xC0, 0xC0, 0xC1, 0x80, 0xC1, 0x80, 0xFF, 0x00, 0xFE, 0x00, 0xFF, 0xFF, 0xC0, 0xC0,
        0xC0, 0xFE, 0xFF, 0xC0, 0xC0, 0xC0, 0xC0, 0xFF, 0xFF, 0xFF, 0xFE, 0xC0, 0xC0, 0xC0, 0xC0,
        0xFE, 0xFE, 0xC0, 0xC0, 0xC0, 0xC0, 0xC0, 0x1F, 0x00, 0x3F, 0x80, 0x60, 0xC0, 0x60, 0x60,
        0xC0, 0x00, 0xC0, 0x00, 0xC3, 0xE0, 0xC3, 0xE0, 0xC0, 0x60, 0x60, 0x60, 0x60, 0xC0, 0x3F,
        0x80, 0x1F, 0x00, 0xC0, 0xC0, 0xC0, 0xC0, 0xC0, 0xC0, 0xC0, 0xC0, 0xC0, 0xC0, 0xFF, 0xC0,
        0xFF, 0xC0, 0xC0, 0xC0, 0xC0, 0xC0, 0xC0, 0xC0, 0xC0, 0xC0, 0xC0, 0xC0, 0xC0, 0xC0, 0xC0,
        0xC0, 0xC0, 0xC0, 0xC0, 0xC0, 0xC0, 0xC0, 0xC0, 0xC0, 0xC0, 0xC0, 0xC0, 0x03, 0x03, 0x03,
        0x03, 0x03, 0x03, 0x03, 0x03, 0xC3, 0xC3, 0xC3, 0x7E, 0x3C, 0xC1, 0x80, 0xC3, 0x00, 0xC7,
        0x00, 0xCE, 0x00, 0xCC, 0x00, 0xD8, 0x00, 0xF8, 0x00, 0xEC, 0x00, 0xC6, 0x00, 0xC6, 0x00,
        0xC3, 0x00, 0xC1, 0x80, 0xC1, 0x80, 0xC0, 0xC0, 0xC0, 0xC0, 0xC0, 0xC0, 0xC0, 0xC0, 0xC0,
        0xC0, 0xC0, 0xFE, 0xFF, 0xE0, 0x38, 0xE0, 0x78, 0xF0, 0x78, 0xF0, 0x78, 0xD0, 0xD8, 0xD8,
        0xD8, 0xD8, 0xD8, 0xCD, 0x98, 0xCD, 0x98, 0xCD, 0x18, 0xC7, 0x18, 0xC7, 0x18, 0xC6, 0x18,
        0xC0, 0xC0, 0xE0, 0xC0, 0xF0, 0xC0, 0xF0, 0xC0, 0xD8, 0xC0, 0xDC, 0xC0, 0xCC, 0xC0, 0xCE,
        0xC0, 0xC6, 0xC0, 0xC3, 0xC0, 0xC3, 0xC0, 0xC1, 0xC0, 0xC0, 0xC0, 0x1F, 0x00, 0x3F, 0x80,
        0x60, 0xC0, 0x60, 0xC0, 0xC0, 0x60, 0xC0, 0x60, 0xC0, 0x60, 0xC0, 0x60, 0xC0, 0x60, 0x60,
        0xC0, 0x60, 0xC0, 0x3F, 0x80, 0x1F, 0x00, 0xFE, 0x00, 0xFF, 0x00, 0xC3, 0x00, 0xC1, 0x80,
        0xC1, 0x80, 0xC1, 0x80, 0xC3, 0x00, 0xFF, 0x00, 0xFC, 0x00, 0xC0, 0x00, 0xC0, 0x00, 0xC0,
        0x00, 0xC0, 0x00, 0x1F, 0x00, 0x3F, 0x80, 0x60, 0xC0, 0x60, 0xC0, 0xC0, 0x60, 0xC0, 0x60,
        0xC0, 0x60, 0xC0, 0x60, 0xC0, 0x60, 0x62, 0xC0, 0x73, 0xC0, 0x3F, 0x80, 0x1F, 0x80, 0x00,
        0xC0, 0xFE, 0x00, 0xFF, 0x00, 0xC3, 0x80, 0xC1, 0x80, 0xC1, 0x80, 0xC1, 0x80, 0xFF, 0x00,
        0xFE, 0x00, 0xC6, 0x00, 0xC7, 0x00, 0xC3, 0x00, 0xC3, 0x80, 0xC1, 0x80, 0x3E, 0x00, 0x7F,
        0x00, 0xC3, 0x80, 0xC0, 0x00, 0xC0, 0x00, 0x70, 0x00, 0x3E, 0x00, 0x07, 0x00, 0x01, 0x80,
        0x81, 0x80, 0xC3, 0x80, 0xFF, 0x00, 0x3E, 0x00, 0xFF, 0xC0, 0xFF, 0xC0, 0x0C, 0x00, 0x0C,
        0x00, 0x0C, 0x00, 0x0C, 0x00, 0x0C, 0x00, 0x0C, 0x00, 0x0C, 0x00, 0x0C, 0x00, 0x0C, 0x00,
        0x0C, 0x00, 0x0C, 0x00, 0xC0, 0xC0, 0xC0, 0xC0, 0xC0, 0xC0, 0xC0, 0xC0, 0xC0, 0xC0, 0xC0,
        0xC0, 0xC0, 0xC0, 0xC0, 0xC0, 0xC0, 0xC0, 0xC0, 0xC0, 0x61, 0x80, 0x7F, 0x80, 0x1E, 0x00,
        0xC0, 0xC0, 0xC0, 0xC0, 0xC0, 0xC0, 0x61, 0x80, 0x61, 0x80, 0x61, 0x80, 0x33, 0x00, 0x33,
        0x00, 0x33, 0x00, 0x1A, 0x00, 0x1E, 0x00, 0x1E, 0x00, 0x0C, 0x00, 0xC3, 0x82, 0xC3, 0x86,
        0xC3, 0x86, 0xC3, 0x86, 0x46, 0xC4, 0x66, 0xCC, 0x66, 0xCC, 0x64, 0x4C, 0x2C, 0x68, 0x3C,
        0x78, 0x3C, 0x78, 0x38, 0x38, 0x18, 0x30, 0x60, 0xC0, 0x60, 0xC0, 0x31, 0x80, 0x1B, 0x00,
        0x1B, 0x00, 0x0E, 0x00, 0x0E, 0x00, 0x0E, 0x00, 0x1B, 0x00, 0x33, 0x80, 0x31, 0x80, 0x60,
        0xC0, 0xE0, 0xE0, 0xC0, 0xC0, 0xC1, 0xC0, 0x61, 0x80, 0x73, 0x00, 0x33, 0x00, 0x1E, 0x00,
        0x1E, 0x00, 0x0C, 0x00, 0x0C, 0x00, 0x0C, 0x00, 0x0C, 0x00, 0x0C, 0x00, 0x0C, 0x00, 0xFF,
        0x80, 0xFF, 0x80, 0x03, 0x00, 0x07, 0x00, 0x06, 0x00, 0x0C, 0x00, 0x1C, 0x00, 0x18, 0x00,
        0x30, 0x00, 0x70, 0x00, 0x60, 0x00, 0xFF, 0x80, 0xFF, 0x80, 0xE0, 0xF0, 0xC0, 0xC0, 0xC0,
        0xC0, 0xC0, 0xC0, 0xC0, 0xC0, 0xC0, 0xC0, 0xC0, 0xC0, 0xC0, 0xE0, 0xF0, 0xC0, 0x40, 0x60,
        0x60, 0x60, 0x20, 0x30, 0x30, 0x30, 0x10, 0x18, 0x18, 0x18, 0x08, 0x0C, 0x0C, 0xF0, 0xF0,
        0x30, 0x30, 0x30, 0x30, 0x30, 0x30, 0x30, 0x30, 0x30, 0x30, 0x30, 0x30, 0x30, 0xF0, 0xF0,
        0x30, 0x38, 0x78, 0x48, 0xCC, 0x84, 0xFF, 0xFF, 0x80, 0xC0, 0x40, 0x3C, 0x7E, 0x43, 0x03,
        0x3F, 0x73, 0xC3, 0xC3, 0xFF, 0x7B, 0xC0, 0x00, 0xC0, 0x00, 0xC0, 0x00, 0xDE, 0x00, 0xFF,
        0x00, 0xE3, 0x00, 0xC1, 0x80, 0xC1, 0x80, 0xC1, 0x80, 0xC1, 0x80, 0xE3, 0x00, 0xFF, 0x00,
        0xDE, 0x00, 0x3C, 0x7E, 0x63, 0xC0, 0xC0, 0xC0, 0xC0, 0x63, 0x7E, 0x3C, 0x01, 0x80, 0x01,
        0x80, 0x01, 0x80, 0x3D, 0x80, 0x7F, 0x80, 0xE3, 0x80, 0xC1, 0x80, 0xC1, 0x80, 0xC1, 0x80,
        0xC1, 0x80, 0xE3, 0x80, 0x7F, 0x80, 0x3D, 0x80, 0x3E, 0x00, 0x7F, 0x00, 0x63, 0x00, 0xC1,
        0x80, 0xFF, 0x80, 0xFF, 0x80, 0xC0, 0x00, 0x61, 0x00, 0x7F, 0x00, 0x3E, 0x00, 0x1C, 0x30,
        0x30, 0xFC, 0x7C, 0x30, 0x30, 0x30, 0x30, 0x30, 0x30, 0x30, 0x30, 0x3D, 0x80, 0x7F, 0x80,
        0x63, 0x80, 0xC1, 0x80, 0xC1, 0x80, 0xC1, 0x80, 0xC1, 0x80, 0xE3, 0x80, 0x7F, 0x80, 0x3D,
        0x80, 0x01, 0x80, 0x41, 0x80, 0x7F, 0x00, 0x3E, 0x00, 0xC0, 0xC0, 0xC0, 0xDC, 0xFE, 0xC3,
        0xC3, 0xC3, 0xC3, 0xC3, 0xC3, 0xC3, 0xC3, 0xC0, 0x00, 0x00, 0xC0, 0xC0, 0xC0, 0xC0, 0xC0,
        0xC0, 0xC0, 0xC0, 0xC0, 0xC0, 0x60, 0x00, 0x00, 0x60, 0x60, 0x60, 0x60, 0x60, 0x60, 0x60,
        0x60, 0x60, 0x60, 0x60, 0x60, 0xC0, 0xC0, 0xC0, 0xC0, 0xC0, 0xC6, 0xCE, 0xDC, 0xD8, 0xF0,
        0xF8, 0xCC, 0xCC, 0xC6, 0xC3, 0xC0, 0xC0, 0xC0, 0xC0, 0xC0, 0xC0, 0xC0, 0xC0, 0xC0, 0xC0,
        0xC0, 0xC0, 0xC0, 0xDC, 0xE0, 0xFF, 0xF0, 0xC6, 0x30, 0xC6, 0x30, 0xC6, 0x30, 0xC6, 0x30,
        0xC6, 0x30, 0xC6, 0x30, 0xC6, 0x30, 0xC6, 0x30, 0xDC, 0xFE, 0xC3, 0xC3, 0xC3, 0xC3, 0xC3,
        0xC3, 0xC3, 0xC3, 0x3C, 0x00, 0x7F, 0x00, 0x63, 0x00, 0xC1, 0x80, 0xC1, 0x80, 0xC1, 0x80,
        0xC1, 0x80, 0x63, 0x00, 0x7F, 0x00, 0x3C, 0x00, 0xDE, 0x00, 0xFF, 0x00, 0xE3, 0x00, 0xC1,
        0x80, 0xC1, 0x80, 0xC1, 0x80, 0xC1, 0x80, 0xE3, 0x00, 0xFF, 0x00, 0xDE, 0x00, 0xC0, 0x00,
        0xC0, 0x00, 0xC0, 0x00, 0xC0, 0x00, 0x3D, 0x80, 0x7F, 0x80, 0xE3, 0x80, 0xC1, 0x80, 0xC1,
        0x80, 0xC1, 0x80, 0xC1, 0x80, 0xE3, 0x80, 0x7F, 0x80, 0x3D, 0x80, 0x01, 0x80, 0x01, 0x80,
        0x01, 0x80, 0x01, 0x80, 0xD8, 0xF8, 0xC0, 0xC0, 0xC0, 0xC0, 0xC0, 0xC0, 0xC0, 0xC0, 0x78,
        0xFC, 0xC4, 0xC0, 0x78, 0x3C, 0x06, 0xC6, 0xFE, 0x78, 0x20, 0x30, 0x30, 0xFC, 0x78, 0x30,
        0x30, 0x30, 0x30, 0x30, 0x30, 0x38, 0x1C, 0xC3, 0xC3, 0xC3, 0xC3, 0xC3, 0xC3, 0xC3, 0xC3,
        0x7F, 0x7B, 0xC3, 0xC3, 0xC2, 0x46, 0x66, 0x64, 0x2C, 0x3C, 0x38, 0x18, 0xC6, 0x10, 0xC6,
        0x30, 0xC7, 0x30, 0xCF, 0x30, 0x6D, 0x20, 0x69, 0x60, 0x69, 0xE0, 0x39, 0xE0, 0x30, 0xC0,
        0x30, 0xC0, 0xC3, 0xE6, 0x6C, 0x3C, 0x38, 0x38, 0x3C, 0x66, 0xC6, 0xC3, 0xC3, 0xC3, 0xC3,
        0x46, 0x66, 0x64, 0x2C, 0x3C, 0x38, 0x18, 0x18, 0x30, 0x70, 0xE0, 0xFE, 0xFE, 0x0C, 0x0C,
        0x18, 0x30, 0x30, 0x60, 0xFE, 0xFE, 0x1C, 0x30, 0x30, 0x30, 0x30, 0x30, 0x60, 0xC0, 0xE0,
        0x30, 0x30, 0x30, 0x30, 0x30, 0x38, 0x18, 0x80, 0xC0, 0xC0, 0xC0, 0xC0, 0xC0, 0xC0, 0xC0,
        0xC0, 0xC0, 0xC0, 0xC0, 0xC0, 0xC0, 0xC0, 0xC0, 0xC0, 0xC0, 0xC0, 0xC0, 0xC0, 0xC0, 0xE0,
        0x70, 0x30, 0x30, 0x30, 0x30, 0x30, 0x1C, 0x3C, 0x30, 0x30, 0x30, 0x30, 0x30, 0xE0, 0xC0,
        0x20, 0x00, 0x79, 0x80, 0xCF, 0x80, 0xC7, 0x00, 0xC0, 0xC0, 0xC0, 0x00, 0x00, 0xC0, 0xC0,
        0xC0, 0xC0, 0xC0, 0xC0, 0xC0, 0xC0, 0xC0, 0x08, 0x18, 0x3E, 0x6B, 0xC9, 0xC8, 0xC8, 0xC8,
        0xC9, 0x6B, 0x3E, 0x18, 0x08, 0x1E, 0x00, 0x3F, 0x00, 0x61, 0x80, 0x60, 0x00, 0x60, 0x00,
        0xFC, 0x00, 0xFE, 0x00, 0x60, 0x00, 0x60, 0x00, 0x60, 0x00, 0x61, 0x80, 0xFF, 0x80, 0xFF,
        0x00, 0xDE, 0xC0, 0xFF, 0xC0, 0x61, 0x80, 0xC0, 0xC0, 0xC0, 0xC0, 0xC0, 0xC0, 0xC0, 0xC0,
        0xC0, 0xC0, 0x61, 0x80, 0xFF, 0xC0, 0x1E, 0x00, 0xC3, 0xC3, 0x66, 0x66, 0x3C, 0x3C, 0xFE,
        0x18, 0x18, 0xFE, 0x7E, 0x18, 0x18, 0xC0, 0xC0, 0xC0, 0xC0, 0xC0, 0xC0, 0x00, 0x00, 0x00,
        0x00, 0xC0, 0xC0, 0xC0, 0xC0, 0xC0, 0xC0, 0x3C, 0x7E, 0x66, 0x60, 0x30, 0x7C, 0xC6, 0xC3,
        0xE3, 0x73, 0x3C, 0x0C, 0x06, 0x66, 0x7E, 0x3C, 0xCC, 0xCC, 0x07, 0x00, 0x1F, 0xC0, 0x38,
        0xE0, 0x62, 0x30, 0x6F, 0xB0, 0xDC, 0xD8, 0xD8, 0x18, 0xD8, 0x18, 0xD8, 0xD8, 0xCF, 0xB0,
        0x67, 0x30, 0x70, 0x60, 0x3F, 0xC0, 0x0F, 0x80, 0x78, 0x4C, 0x0C, 0x7C, 0xCC, 0xCC, 0x7C,
        0x1B, 0x36, 0x66, 0xCC, 0xCC, 0x66, 0x36, 0x1B, 0x7F, 0xFF, 0x03, 0x03, 0x02, 0xFC, 0xFC,
        0x0C, 0x00, 0x3F, 0x00, 0x61, 0x80, 0xDC, 0xC0, 0x92, 0x40, 0x92, 0x40, 0x9E, 0x40, 0xD2,
        0xC0, 0x61, 0x80, 0x3F, 0x00, 0x1E, 0x00, 0xF8, 0xF8, 0x78, 0xFC, 0xCC, 0xCC, 0xFC, 0x78,
        0x18, 0x18, 0xFF, 0xFF, 0x18, 0x18, 0x18, 0x00, 0xFF, 0xFF, 0x78, 0xC8, 0x0C, 0x18, 0x30,
        0x60, 0xFC, 0x78, 0xC8, 0x08, 0x38, 0x08, 0xCC, 0x78, 0xC0, 0xC0, 0x80, 0xC3, 0x00, 0xC3,
        0x00, 0xC3, 0x00, 0xC3, 0x00, 0xC3, 0x00, 0xC3, 0x00, 0xC3, 0x00, 0xC3, 0x00, 0xFF, 0x80,
        0xD9, 0x80, 0xC0, 0x00, 0xC0, 0x00, 0xC0, 0x00, 0xC0, 0x00, 0x3F, 0x7F, 0xFB, 0xFB, 0xFB,
        0xFB, 0x7B, 0x3B, 0x03, 0x03, 0x03, 0x03, 0x03, 0x80, 0xC0, 0xC0, 0x80, 0xC0, 0x40, 0xC0,
        0x70, 0xF0, 0x30, 0x30, 0x30, 0x30, 0x30, 0x38, 0x6C, 0xC6, 0xC6, 0xC6, 0x6C, 0x38, 0xCC,
        0x6C, 0x36, 0x1B, 0x1B, 0x36, 0x6C, 0xCC, 0xE0, 0xC0, 0xE1, 0x80, 0x61, 0x80, 0x63, 0x00,
        0x62, 0x00, 0x66, 0x00, 0x6C, 0x60, 0x0C, 0xE0, 0x19, 0xE0, 0x11, 0x60, 0x31, 0xF0, 0x63,
        0xF0, 0x40, 0x60, 0xE0, 0x40, 0xE0, 0xC0, 0x61, 0x80, 0x61, 0x00, 0x63, 0x00, 0x66, 0x00,
        0x64, 0x70, 0x0C, 0xD8, 0x18, 0x18, 0x10, 0x30, 0x30, 0x60, 0x60, 0xF8, 0x40, 0xF8, 0x60,
        0x30, 0xF0, 0x60, 0x90, 0x60, 0x10, 0xC0, 0x70, 0x80, 0x19, 0x80, 0x1B, 0x00, 0xF2, 0x38,
        0x06, 0x38, 0x0C, 0x58, 0x08, 0x58, 0x18, 0xF8, 0x30, 0xFC, 0x20, 0x18, 0x18, 0x18, 0x18,
        0x00, 0x08, 0x18, 0x18, 0x70, 0x60, 0xC0, 0xC3, 0xC3, 0x7E, 0x3C, 0x18, 0x00, 0x08, 0x00,
        0x08, 0x00, 0x00, 0x00, 0x0C, 0x00, 0x1E, 0x00, 0x1E, 0x00, 0x16, 0x00, 0x33, 0x00, 0x33,
        0x00, 0x33, 0x00, 0x61, 0x80, 0x7F, 0x80, 0x7F, 0x80, 0xC0, 0xC0, 0xC0, 0xC0, 0xC0, 0xC0,
        0x06, 0x00, 0x04, 0x00, 0x04, 0x00, 0x00, 0x00, 0x0C, 0x00, 0x1E, 0x00, 0x1E, 0x00, 0x16,
        0x00, 0x33, 0x00, 0x33, 0x00, 0x33, 0x00, 0x61, 0x80, 0x7F, 0x80, 0x7F, 0x80, 0xC0, 0xC0,
        0xC0, 0xC0, 0xC0, 0xC0, 0x0C, 0x00, 0x1E, 0x00, 0x00, 0x00, 0x00, 0x00, 0x0C, 0x00, 0x1E,
        0x00, 0x1E, 0x00, 0x16, 0x00, 0x33, 0x00, 0x33, 0x00, 0x33, 0x00, 0x61, 0x80, 0x7F, 0x80,
        0x7F, 0x80, 0xC0, 0xC0, 0xC0, 0xC0, 0xC0, 0xC0, 0x1A, 0x00, 0x16, 0x00, 0x00, 0x00, 0x00,
        0x00, 0x0C, 0x00, 0x1E, 0x00, 0x1E, 0x00, 0x16, 0x00, 0x33, 0x00, 0x33, 0x00, 0x33, 0x00,
        0x61, 0x80, 0x7F, 0x80, 0x7F, 0x80, 0xC0, 0xC0, 0xC0, 0xC0, 0xC0, 0xC0, 0x33, 0x00, 0x00,
        0x00, 0x00, 0x00, 0x1E, 0x00, 0x1E, 0x00, 0x1E, 0x00, 0x1E, 0x00, 0x33, 0x00, 0x33, 0x00,
        0x33, 0x00, 0x61, 0x80, 0x7F, 0x80, 0x7F, 0x80, 0xC0, 0xC0, 0xC0, 0xC0, 0xC0, 0xC0, 0x0C,
        0x00, 0x12, 0x00, 0x12, 0x00, 0x0C, 0x00, 0x00, 0x00, 0x0C, 0x00, 0x1E, 0x00, 0x1E, 0x00,
        0x16, 0x00, 0x33, 0x00, 0x33, 0x00, 0x33, 0x00, 0x61, 0x80, 0x7F, 0x80, 0x7F, 0x80, 0xC0,
        0xC0, 0xC0, 0xC0, 0xC0, 0xC0, 0x03, 0xFF, 0x06, 0xFE, 0x06, 0xC0, 0x0C, 0xC0, 0x0C, 0xC0,
        0x18, 0xFE, 0x18, 0xFF, 0x18, 0xC0, 0x3F, 0xC0, 0x3F, 0xC0, 0x60, 0xC0, 0x60, 0xFE, 0xC0,
        0xFF, 0x1F, 0x00, 0x3F, 0x80, 0x60, 0xC0, 0x60, 0xC0, 0xC0, 0x00, 0xC0, 0x00, 0xC0, 0x00,
        0xC0, 0x00, 0xC0, 0x00, 0x60, 0xC0, 0x60, 0xC0, 0x3F, 0x80, 0x1F, 0x00, 0x04, 0x00, 0x06,
        0x00, 0x02, 0x00, 0x06, 0x00, 0x30, 0x30, 0x10, 0x00, 0xFF, 0xFF, 0xC0, 0xC0, 0xC0, 0xFE,
        0xFF, 0xC0, 0xC0, 0xC0, 0xC0, 0xFF, 0xFF, 0x0C, 0x08, 0x18, 0x00, 0xFF, 0xFF, 0xC0, 0xC0,
        0xC0, 0xFE, 0xFF, 0xC0, 0xC0, 0xC0, 0xC0, 0xFF, 0xFF, 0x18, 0x3C, 0x00, 0x00, 0xFF, 0xFF,
        0xC0, 0xC0, 0xC0, 0xFE, 0xFF, 0xC0, 0xC0, 0xC0, 0xC0, 0xFF, 0xFF, 0x66, 0x00, 0x00, 0xFF,
        0xFF, 0xC0, 0xC0, 0xC0, 0xFE, 0xFF, 0xC0, 0xC0, 0xC0, 0xC0, 0xFF, 0xFF, 0xC0, 0xC0, 0x40,
        0x00, 0x60, 0x60, 0x60, 0x60, 0x60, 0x60, 0x60, 0x60, 0x60, 0x60, 0x60, 0x60, 0x60, 0x60,
        0x40, 0xC0, 0x00, 0xC0, 0xC0, 0xC0, 0xC0, 0xC0, 0xC0, 0xC0, 0xC0, 0xC0, 0xC0, 0xC0, 0xC0,
        0xC0, 0x60, 0xF0, 0x00, 0x00, 0x60, 0x60, 0x60, 0x60, 0x60, 0x60, 0x60, 0x60, 0x60, 0x60,
        0x60, 0x60, 0x60, 0xCC, 0x00, 0x00, 0x30, 0x30, 0x30, 0x30, 0x30, 0x30, 0x30, 0x30, 0x30,
        0x30, 0x30, 0x30, 0x30, 0x3F, 0x80, 0x3F, 0xC0, 0x30, 0x60, 0x30, 0x60, 0x30, 0x30, 0x7E,
        0x30, 0xFE, 0x30, 0x30, 0x30, 0x30, 0x30, 0x30, 0x60, 0x30, 0x60, 0x3F, 0xC0, 0x3F, 0x80,
        0x1A, 0x00, 0x16, 0x00, 0x00, 0x00, 0x00, 0x00, 0xC0, 0xC0, 0xE0, 0xC0, 0xF0, 0xC0, 0xF0,
        0xC0, 0xD8, 0xC0, 0xDC, 0xC0, 0xCC, 0xC0, 0xCE, 0xC0, 0xC6, 0xC0, 0xC3, 0xC0, 0xC3, 0xC0,
        0xC1, 0xC0, 0xC0, 0xC0, 0x08, 0x00, 0x0C, 0x00, 0x04, 0x00, 0x00, 0x00, 0x1F, 0x00, 0x3F,
        0x80, 0x60, 0xC0, 0x60, 0xC0, 0xC0, 0x60, 0xC0, 0x60, 0xC0, 0x60, 0xC0, 0x60, 0xC0, 0x60,
        0x60, 0xC0, 0x60, 0xC0, 0x3F, 0x80, 0x1F, 0x00, 0x02, 0x00, 0x06, 0x00, 0x04, 0x00, 0x00,
        0x00, 0x1F, 0x00, 0x3F, 0x80, 0x60, 0xC0, 0x60, 0xC0, 0xC0, 0x60, 0xC0, 0x60, 0xC0, 0x60,
        0xC0, 0x60, 0xC0, 0x60, 0x60, 0xC0, 0x60, 0xC0, 0x3F, 0x80, 0x1F, 0x00, 0x04, 0x00, 0x0E,
        0x00, 0x1B, 0x00, 0x00, 0x00, 0x00, 0x00, 0x1F, 0x00, 0x3F, 0x80, 0x60, 0xC0, 0x60, 0xC0,
        0xC0, 0x60, 0xC0, 0x60, 0xC0, 0x60, 0xC0, 0x60, 0xC0, 0x60, 0x60, 0xC0, 0x60, 0xC0, 0x3F,
        0x80, 0x1F, 0x00, 0x1D, 0x00, 0x17, 0x00, 0x00, 0x00, 0x00, 0x00, 0x1F, 0x00, 0x3F, 0x80,
        0x60, 0xC0, 0x60, 0xC0, 0xC0, 0x60, 0xC0, 0x60, 0xC0, 0x60, 0xC0, 0x60, 0xC0, 0x60, 0x60,
        0xC0, 0x60, 0xC0, 0x3F, 0x80, 0x1F, 0x00, 0x1B, 0x00, 0x00, 0x00, 0x00, 0x00, 0x00, 0x00,
        0x1F, 0x00, 0x3F, 0x80, 0x60, 0xC0, 0x60, 0xC0, 0xC0, 0x60, 0xC0, 0x60, 0xC0, 0x60, 0xC0,
        0x60, 0xC0, 0x60, 0x60, 0xC0, 0x60, 0xC0, 0x3F, 0x80, 0x1F, 0x00, 0xC2, 0xE6, 0x7C, 0x38,
        0x38, 0x6C, 0xC6, 0x82, 0x1F, 0x40, 0x3F, 0xC0, 0x61, 0xC0, 0x61, 0xC0, 0xC3, 0x60, 0xC6,
        0x60, 0xC4, 0x60, 0xCC, 0x60, 0xD8, 0x60, 0x70, 0xC0, 0x70, 0xC0, 0x7F, 0x80, 0x5F, 0x00,
        0x18, 0x00, 0x18, 0x00, 0x08, 0x00, 0x00, 0x00, 0xC0, 0xC0, 0xC0, 0xC0, 0xC0, 0xC0, 0xC0,
        0xC0, 0xC0, 0xC0, 0xC0, 0xC0, 0xC0, 0xC0, 0xC0, 0xC0, 0xC0, 0xC0, 0xC0, 0xC0, 0x61, 0x80,
        0x7F, 0x80, 0x1E, 0x00, 0x06, 0x00, 0x04, 0x00, 0x0C, 0x00, 0x00, 0x00, 0xC0, 0xC0, 0xC0,
        0xC0, 0xC0, 0xC0, 0xC0, 0xC0, 0xC0, 0xC0, 0xC0, 0xC0, 0xC0, 0xC0, 0xC0, 0xC0, 0xC0, 0xC0,
        0xC0, 0xC0, 0x61, 0x80, 0x7F, 0x80, 0x1E, 0x00, 0x1E, 0x00, 0x32, 0x00, 0x00, 0x00, 0x00,
        0x00, 0xC0, 0xC0, 0xC0, 0xC0, 0xC0, 0xC0, 0xC0, 0xC0, 0xC0, 0xC0, 0xC0, 0xC0, 0xC0, 0xC0,
        0xC0, 0xC0, 0xC0, 0xC0, 0xC0, 0xC0, 0x61, 0x80, 0x7F, 0x80, 0x1E, 0x00, 0x33, 0x00, 0x00,
        0x00, 0x00, 0x00, 0x00, 0x00, 0xC0, 0xC0, 0xC0, 0xC0, 0xC0, 0xC0, 0xC0, 0xC0, 0xC0, 0xC0,
        0xC0, 0xC0, 0xC0, 0xC0, 0xC0, 0xC0, 0xC0, 0xC0, 0xC0, 0xC0, 0x61, 0x80, 0x7F, 0x80, 0x1E,
        0x00, 0x06, 0x00, 0x04, 0x00, 0x0C, 0x00, 0x00, 0x00, 0xC0, 0xC0, 0xC1, 0xC0, 0x61, 0x80,
        0x73, 0x00, 0x33, 0x00, 0x1E, 0x00, 0x1E, 0x00, 0x0C, 0x00, 0x0C, 0x00, 0x0C, 0x00, 0x0C,
        0x00, 0x0C, 0x00, 0x0C, 0x00, 0xC0, 0xC0, 0xF8, 0xFE, 0xC7, 0xC3, 0xC3, 0xC3, 0xFE, 0xFC,
        0xC0, 0xC0, 0xC0, 0x3C, 0x00, 0x7E, 0x00, 0xC3, 0x00, 0xC3, 0x00, 0xC3, 0x00, 0xCE, 0x00,
        0xDE, 0x00, 0xC3, 0x00, 0xC1, 0x80, 0xC1, 0x80, 0xC1, 0x80, 0xCF, 0x00, 0xDE, 0x00, 0x30,
        0x10, 0x18, 0x00, 0x3C, 0x7E, 0x43, 0x03, 0x3F, 0x73, 0xC3, 0xC3, 0xFF, 0x7B, 0x0C, 0x0C,
        0x08, 0x00, 0x3C, 0x7E, 0x43, 0x03, 0x3F, 0x73, 0xC3, 0xC3, 0xFF, 0x7B, 0x18, 0x34, 0x00,
        0x00, 0x3C, 0x7E, 0x43, 0x03, 0x3F, 0x73, 0xC3, 0xC3, 0xFF, 0x7B, 0x36, 0x2C, 0x00, 0x00,
        0x3C, 0x7E, 0x43, 0x03, 0x3F, 0x73, 0xC3, 0xC3, 0xFF, 0x7B, 0x66, 0x00, 0x00, 0x3C, 0x7E,
        0x43, 0x03, 0x3F, 0x73, 0xC3, 0xC3, 0xFF, 0x7B, 0x18, 0x24, 0x24, 0x18, 0x00, 0x3C, 0x7E,
        0x43, 0x03, 0x3F, 0x73, 0xC3, 0xC3, 0xFF, 0x7B, 0x3C, 0xF0, 0x7F, 0xF8, 0x47, 0x0C, 0x02,
        0x0C, 0x3F, 0xFC, 0xFF, 0xFC, 0xC2, 0x00, 0xC7, 0x0C, 0xFF, 0xF8, 0x78, 0xF0, 0x3C, 0x7F,
        0x63, 0xC0, 0xC0, 0xC0, 0xC0, 0x63, 0x7F, 0x3C, 0x08, 0x0C, 0x1C, 0x30, 0x00, 0x18, 0x00,
        0x08, 0x00, 0x00, 0x00, 0x3E, 0x00, 0x7F, 0x00, 0x63, 0x00, 0xC1, 0x80, 0xFF, 0x80, 0xFF,
        0x80, 0xC0, 0x00, 0x61, 0x00, 0x7F, 0x00, 0x3E, 0x00, 0x06, 0x00, 0x0C, 0x00, 0x08, 0x00,
        0x00, 0x00, 0x3E, 0x00, 0x7F, 0x00, 0x63, 0x00, 0xC1, 0x80, 0xFF, 0x80, 0xFF, 0x80, 0xC0,
        0x00, 0x61, 0x00, 0x7F, 0x00, 0x3E, 0x00, 0x1C, 0x00, 0x36, 0x00, 0x22, 0x00, 0x00, 0x00,
        0x3E, 0x00, 0x7F, 0x00, 0x63, 0x00, 0xC1, 0x80, 0xFF, 0x80, 0xFF, 0x80, 0xC0, 0x00, 0x61,
        0x00, 0x7F, 0x00, 0x3E, 0x00, 0x66, 0x00, 0x00, 0x00, 0x00, 0x00, 0x3E, 0x00, 0x7F, 0x00,
        0x63, 0x00, 0xC1, 0x80, 0xFF, 0x80, 0xFF, 0x80, 0xC0, 0x00, 0x61, 0x00, 0x7F, 0x00, 0x3E,
        0x00, 0xC0, 0xC0, 0x40, 0x00, 0x60, 0x60, 0x60, 0x60, 0x60, 0x60, 0x60, 0x60, 0x60, 0x60,
        0x60, 0x40, 0xC0, 0x00, 0xC0, 0xC0, 0xC0, 0xC0, 0xC0, 0xC0, 0xC0, 0xC0, 0xC0, 0xC0, 0x60,
        0xF0, 0x00, 0x00, 0x60, 0x60, 0x60, 0x60, 0x60, 0x60, 0x60, 0x60, 0x60, 0x60, 0xCC, 0x00,
        0x00, 0x30, 0x30, 0x30, 0x30, 0x30, 0x30, 0x30, 0x30, 0x30, 0x30, 0x32, 0x00, 0x1E, 0x00,
        0x3C, 0x00, 0x26, 0x00, 0x1B, 0x00, 0x7F, 0x00, 0x63, 0x80, 0xC1, 0x80, 0xC1, 0x80, 0xC1,
        0x80, 0xC1, 0x80, 0xE3, 0x00, 0x7F, 0x00, 0x3C, 0x00, 0x34, 0x6C, 0x00, 0x00, 0xDC, 0xFE,
        0xC3, 0xC3, 0xC3, 0xC3, 0xC3, 0xC3, 0xC3, 0xC3, 0x30, 0x00, 0x18, 0x00, 0x08, 0x00, 0x00,
        0x00, 0x3C, 0x00, 0x7F, 0x00, 0x63, 0x00, 0xC1, 0x80, 0xC1, 0x80, 0xC1, 0x80, 0xC1, 0x80,
        0x63, 0x00, 0x7F, 0x00, 0x3C, 0x00, 0x06, 0x00, 0x0C, 0x00, 0x08, 0x00, 0x00, 0x00, 0x3C,
        0x00, 0x7F, 0x00, 0x63, 0x00, 0xC1, 0x80, 0xC1, 0x80, 0xC1, 0x80, 0xC1, 0x80, 0x63, 0x00,
        0x7F, 0x00, 0x3C, 0x00, 0x1C, 0x00, 0x36, 0x00, 0x20, 0x00, 0x00, 0x00, 0x3C, 0x00, 0x7F,
        0x00, 0x63, 0x00, 0xC1, 0x80, 0xC1, 0x80, 0xC1, 0x80, 0xC1, 0x80, 0x63, 0x00, 0x7F, 0x00,
        0x3C, 0x00, 0x3A, 0x00, 0x2E, 0x00, 0x00, 0x00, 0x00, 0x00, 0x3C, 0x00, 0x7F, 0x00, 0x63,
        0x00, 0xC1, 0x80, 0xC1, 0x80, 0xC1, 0x80, 0xC1, 0x80, 0x63, 0x00, 0x7F, 0x00, 0x3C, 0x00,
        0x36, 0x00, 0x00, 0x00, 0x00, 0x00, 0x3C, 0x00, 0x7F, 0x00, 0x63, 0x00, 0xC1, 0x80, 0xC1,
        0x80, 0xC1, 0x80, 0xC1, 0x80, 0x63, 0x00, 0x7F, 0x00, 0x3C, 0x00, 0x18, 0x18, 0x10, 0x00,
        0xFF, 0xFF, 0x00, 0x18, 0x18, 0x10, 0x3D, 0x80, 0x7F, 0x00, 0x63, 0x00, 0xC7, 0x80, 0xCD,
        0x80, 0xD9, 0x80, 0xF1, 0x80, 0x63, 0x00, 0x7F, 0x00, 0xFC, 0x00, 0x30, 0x30, 0x10, 0x00,
        0xC3, 0xC3, 0xC3, 0xC3, 0xC3, 0xC3, 0xC3, 0xC3, 0x7F, 0x7B, 0x0C, 0x08, 0x18, 0x00, 0xC3,
        0xC3, 0xC3, 0xC3, 0xC3, 0xC3, 0xC3, 0xC3, 0x7F, 0x7B, 0x18, 0x3C, 0x00, 0x00, 0xC3, 0xC3,
        0xC3, 0xC3, 0xC3, 0xC3, 0xC3, 0xC7, 0x7F, 0x7B, 0x66, 0x00, 0x00, 0xC3, 0xC3, 0xC3, 0xC3,
        0xC3, 0xC3, 0xC3, 0xC3, 0x7F, 0x7B, 0x0C, 0x08, 0x18, 0x00, 0xC3, 0xC3, 0xC3, 0x46, 0x66,
        0x64, 0x2C, 0x3C, 0x38, 0x18, 0x18, 0x30, 0x70, 0xE0, 0xC0, 0x00, 0xC0, 0x00, 0xC0, 0x00,
        0xDE, 0x00, 0xFF, 0x00, 0xE3, 0x00, 0xC1, 0x80, 0xC1, 0x80, 0xC1, 0x80, 0xC1, 0x80, 0xE3,
        0x00, 0xFF, 0x00, 0xDE, 0x00, 0xC0, 0x00, 0xC0, 0x00, 0xC0, 0x00, 0xC0, 0x00, 0x33, 0x00,
        0x00, 0x00, 0x00, 0x00, 0xC1, 0x80, 0x61, 0x80, 0x61, 0x80, 0x63, 0x00, 0x33, 0x00, 0x33,
        0x00, 0x36, 0x00, 0x1E, 0x00, 0x1C, 0x00, 0x1C, 0x00, 0x0C, 0x00, 0x18, 0x00, 0x38, 0x00,
        0x70, 0x00, 0xFF, 0x80, 0xFF, 0x80, 0xFF, 0xFF, 0x80, 0xFF, 0xFF, 0x80, 0x20, 0x60, 0x60,
        0x60, 0xC0, 0x60, 0x60, 0x40, 0x40, 0xC0, 0x60, 0x40, 0xC0, 0xC0, 0x80, 0x24, 0x64, 0x6C,
        0x6C, 0xCC, 0x6C, 0x6C, 0x4C, 0x48, 0xC8, 0x6C, 0x4C, 0xC8, 0xC8, 0x98, 0x70, 0xF8, 0xF8,
        0xF8, 0xF8, 0x70, 0x84, 0x20, 0xC6, 0x30, 0xC6, 0x30, 0x18, 0x30, 0x60, 0xC0, 0xC0, 0x60,
        0x30, 0x18, 0xC0, 0x60, 0x30, 0x18, 0x18, 0x30, 0x60, 0xC0, 0x0F, 0x00, 0x1F, 0x80, 0x30,
        0x00, 0x20, 0x00, 0xFF, 0x00, 0xFE, 0x00, 0x60, 0x00, 0xFE, 0x00, 0xFC, 0x00, 0x20, 0x00,
        0x30, 0x00, 0x1F, 0x80, 0x0F, 0x00, 0x11, 0x9B, 0x9B, 0x95, 0x95, 0xFF, 0xFF,
    ],
    line_height: 23,
};

// INTER_LARGE_HEADING: 22 px, cap 16, line height 29, gray 128, U+00AD as U+002D
pub static INTER_LARGE_HEADING: BitmapFont = BitmapFont {
    glyphs: &[
        Glyph::new(0, 0, 0, 6, 0, 0),
        Glyph::new(0, 4, 16, 7, 2, -16),
        Glyph::new(16, 7, 6, 12, 2, -16),
        Glyph::new(22, 14, 16, 14, 0, -16),
        Glyph::new(54, 12, 20, 14, 1, -18),
        Glyph::new(94, 18, 16, 22, 2, -16),
        Glyph::new(142, 13, 16, 15, 1, -16),
        Glyph::new(174, 3, 6, 7, 2, -16),
        Glyph::new(180, 5, 20, 8, 2, -17),
        Glyph::new(200, 5, 20, 8, 1, -17),
        Glyph::new(220, 8, 9, 12, 2, -16),
        Glyph::new(229, 11, 11, 15, 2, -12),
        Glyph::new(251, 4, 6, 7, 1, -2),
        Glyph::new(257, 7, 2, 10, 2, -7),
        Glyph::new(259, 3, 3, 7, 2, -3),
        Glyph::new(262, 8, 19, 8, 0, -17),
        Glyph::new(281, 12, 16, 15, 1, -16),
        Glyph::new(313, 7, 16, 9, 1, -16),
        Glyph::new(329, 11, 16, 14, 1, -16),
        Glyph::new(361, 12, 16, 14, 1, -16),
        Glyph::new(393, 13, 16, 15, 1, -16),
        Glyph::new(425, 11, 16, 13, 1, -16),
        Glyph::new(457, 12, 16, 14, 1, -16),
        Glyph::new(489, 11, 16, 13, 1, -16),
        Glyph::new(521, 12, 16, 14, 1, -16),
        Glyph::new(553, 12, 16, 14, 1, -16),
        Glyph::new(585, 3, 11, 7, 2, -11),
        Glyph::new(596, 4, 15, 7, 1, -11),
        Glyph::new(611, 11, 11, 15, 2, -12),
        Glyph::new(633, 10, 7, 15, 2, -10),
        Glyph::new(647, 11, 11, 15, 2, -12),
        Glyph::new(669, 10, 16, 12, 1, -16),
        Glyph::new(701, 20, 20, 22, 1, -16),
        Glyph::new(761, 14, 16, 16, 1, -16),
        Glyph::new(793, 12, 16, 15, 2, -16),
        Glyph::new(825, 14, 16, 16, 1, -16),
        Glyph::new(857, 13, 16, 16, 2, -16),
        Glyph::new(889, 11, 16, 13, 1, -16),
        Glyph::new(921, 11, 16, 13, 1, -16),
        Glyph::new(953, 14, 16, 16, 1, -16),
        Glyph::new(985, 13, 16, 16, 2, -16),
        Glyph::new(1017, 3, 16, 6, 2, -16),
        Glyph::new(1033, 10, 16, 13, 1, -16),
        Glyph::new(1065, 13, 16, 15, 2, -16),
        Glyph::new(1097, 10, 16, 12, 2, -16),
        Glyph::new(1129, 17, 16, 20, 2, -16),
        Glyph::new(1177, 14, 16, 17, 1, -16),
        Glyph::new(1209, 15, 16, 17, 1, -16),
        Glyph::new(1241, 12, 16, 14, 1, -16),
        Glyph::new(1273, 15, 17, 17, 1, -16),
        Glyph::new(1307, 12, 16, 14, 2, -16),
        Glyph::new(1339, 12, 16, 14, 1, -16),
        Glyph::new(1371, 13, 16, 15, 1, -16),
        Glyph::new(1403, 13, 16, 16, 2, -16),
        Glyph::new(1435, 14, 16, 16, 1, -16),
        Glyph::new(1467, 21, 16, 22, 1, -16),
        Glyph::new(1515, 14, 16, 16, 1, -16),
        Glyph::new(1547, 14, 16, 16, 1, -16),
        Glyph::new(1579, 12, 16, 14, 1, -16),
        Glyph::new(1611, 5, 20, 8, 2, -17),
        Glyph::new(1631, 8, 19, 8, 0, -17),
        Glyph::new(1650, 5, 20, 8, 1, -17),
        Glyph::new(1670, 8, 6, 11, 1, -15),
        Glyph::new(1676, 10, 2, 10, 0, 0),
        Glyph::new(1680, 4, 3, 8, 2, -16),
        Glyph::new(1683, 10, 12, 13, 1, -12),
        Glyph::new(1707, 11, 16, 14, 2, -16),
        Glyph::new(1739, 11, 12, 13, 1, -12),
        Glyph::new(1763, 11, 16, 14, 1, -16),
        Glyph::new(1795, 11, 12, 13, 1, -12),
        Glyph::new(1819, 8, 17, 9, 0, -17),
        Glyph::new(1836, 11, 16, 14, 1, -12),
        Glyph::new(1868, 11, 16, 13, 1, -16),
        Glyph::new(1900, 3, 17, 6, 1, -17),
        Glyph::new(1917, 5, 21, 6, 0, -17),
        Glyph::new(1938, 11, 16, 13, 1, -16),
        Glyph::new(1970, 3, 16, 6, 1, -16),
        Glyph::new(1986, 17, 12, 20, 1, -12),
        Glyph::new(2022, 11, 12, 13, 1, -12),
        Glyph::new(2046, 12, 12, 13, 1, -12),
        Glyph::new(2070, 11, 16, 14, 2, -12),
        Glyph::new(2102, 11, 16, 14, 1, -12),
        Glyph::new(2134, 7, 12, 9, 1, -12),
        Glyph::new(2146, 10, 12, 12, 1, -12),
        Glyph::new(2170, 7, 15, 8, 0, -15),
        Glyph::new(2185, 11, 12, 13, 1, -12),
        Glyph::new(2209, 11, 12, 13, 1, -12),
        Glyph::new(2233, 17, 12, 18, 1, -12),
        Glyph::new(2269, 10, 12, 13, 1, -12),
        Glyph::new(2293, 11, 16, 13, 1, -12),
        Glyph::new(2325, 10, 12, 12, 1, -12),
        Glyph::new(2349, 8, 20, 10, 1, -17),
        Glyph::new(2369, 3, 26, 8, 2, -21),
        Glyph::new(2395, 8, 20, 10, 1, -17),
        Glyph::new(2415, 12, 4, 15, 1, -8),
        Glyph::new(2423, 0, 0, 6, 0, 0),
        Glyph::new(2423, 4, 16, 7, 2, -12),
        Glyph::new(2439, 10, 16, 13, 1, -16),
        Glyph::new(2471, 12, 16, 14, 1, -16),
        Glyph::new(2503, 13, 13, 16, 2, -13),
        Glyph::new(2529, 11, 16, 12, 1, -16),
        Glyph::new(2561, 3, 18, 7, 2, -16),
        Glyph::new(2579, 11, 19, 13, 1, -16),
        Glyph::new(2617, 8, 3, 13, 3, -17),
        Glyph::new(2620, 17, 16, 20, 2, -16),
        Glyph::new(2668, 8, 10, 10, 1, -17),
        Glyph::new(2678, 12, 10, 14, 1, -12),
        Glyph::new(2698, 10, 5, 15, 2, -8),
        Glyph::new(2708, 7, 2, 10, 2, -7),
        Glyph::new(2710, 13, 13, 15, 1, -17),
        Glyph::new(2736, 6, 2, 10, 2, -16),
        Glyph::new(2738, 7, 7, 10, 2, -16),
        Glyph::new(2745, 11, 11, 15, 2, -12),
        Glyph::new(2767, 7, 9, 10, 2, -19),
        Glyph::new(2776, 7, 9, 10, 2, -19),
        Glyph::new(2785, 4, 3, 8, 2, -16),
        Glyph::new(2788, 12, 16, 14, 1, -12),
        Glyph::new(2820, 11, 16, 13, 1, -16),
        Glyph::new(2852, 3, 3, 7, 2, -9),
        Glyph::new(2855, 4, 5, 7, 2, -1),
        Glyph::new(2860, 5, 9, 7, 1, -19),
        Glyph::new(2869, 9, 10, 11, 1, -17),
        Glyph::new(2889, 12, 10, 14, 1, -12),
        Glyph::new(2909, 17, 16, 18, 1, -16),
        Glyph::new(2957, 17, 16, 19, 1, -16),
        Glyph::new(3005, 19, 16, 20, 1, -16),
        Glyph::new(3053, 10, 16, 12, 1, -12),
        Glyph::new(3085, 14, 20, 16, 1, -20),
        Glyph::new(3125, 14, 20, 16, 1, -20),
        Glyph::new(3165, 14, 21, 16, 1, -21),
        Glyph::new(3207, 14, 21, 16, 1, -21),
        Glyph::new(3249, 14, 20, 16, 1, -20),
        Glyph::new(3289, 14, 22, 16, 1, -22),
        Glyph::new(3333, 21, 16, 22, 0, -16),
        Glyph::new(3381, 14, 20, 16, 1, -16),
        Glyph::new(3421, 11, 20, 13, 1, -20),
        Glyph::new(3461, 11, 20, 13, 1, -20),
        Glyph::new(3501, 11, 21, 13, 1, -21),
        Glyph::new(3543, 11, 20, 13, 1, -20),
        Glyph::new(3583, 4, 20, 6, 0, -20),
        Glyph::new(3603, 4, 20, 6, 2, -20),
        Glyph::new(3623, 6, 21, 6, 0, -21),
        Glyph::new(3644, 8, 20, 6, -1, -20),
        Glyph::new(3664, 15, 16, 17, 0, -16),
        Glyph::new(3696, 14, 21, 17, 1, -21),
        Glyph::new(3738, 15, 21, 17, 1, -21),
        Glyph::new(3780, 15, 21, 17, 1, -21),
        Glyph::new(3822, 15, 21, 17, 1, -21),
        Glyph::new(3864, 15, 21, 17, 1, -21),
        Glyph::new(3906, 15, 21, 17, 1, -21),
        Glyph::new(3948, 11, 10, 15, 2, -11),
        Glyph::new(3968, 15, 16, 17, 1, -16),
        Glyph::new(4000, 13, 21, 16, 2, -21),
        Glyph::new(4042, 13, 21, 16, 2, -21),
        Glyph::new(4084, 13, 21, 16, 2, -21),
        Glyph::new(4126, 13, 21, 16, 2, -21),
        Glyph::new(4168, 14, 20, 16, 1, -20),
        Glyph::new(4208, 11, 16, 14, 2, -16),
        Glyph::new(4240, 12, 16, 14, 1, -16),
        Glyph::new(4272, 10, 17, 13, 1, -17),
        Glyph::new(4306, 10, 17, 13, 1, -17),
        Glyph::new(4340, 10, 17, 13, 1, -17),
        Glyph::new(4374, 10, 17, 13, 1, -17),
        Glyph::new(4408, 10, 17, 13, 1, -17),
        Glyph::new(4442, 10, 18, 13, 1, -18),
        Glyph::new(4478, 18, 12, 20, 1, -12),
        Glyph::new(4514, 11, 16, 13, 1, -12),
        Glyph::new(4546, 11, 17, 13, 1, -17),
        Glyph::new(4580, 11, 17, 13, 1, -17),
        Glyph::new(4614, 11, 17, 13, 1, -17),
        Glyph::new(4648, 11, 17, 13, 1, -17),
        Glyph::new(4682, 4, 16, 6, 0, -16),
        Glyph::new(4698, 4, 16, 6, 2, -16),
        Glyph::new(4714, 7, 17, 6, -1, -17),
        Glyph::new(4731, 8, 17, 6, -1, -17),
        Glyph::new(4748, 11, 17, 13, 1, -17),
        Glyph::new(4782, 11, 17, 13, 1, -17),
        Glyph::new(4816, 12, 17, 13, 1, -17),
        Glyph::new(4850, 12, 17, 13, 1, -17),
        Glyph::new(4884, 12, 17, 13, 1, -17),
        Glyph::new(4918, 12, 17, 13, 1, -17),
        Glyph::new(4952, 12, 17, 13, 1, -17),
        Glyph::new(4986, 11, 12, 15, 2, -12),
        Glyph::new(5010, 12, 12, 13, 1, -12),
        Glyph::new(5034, 11, 17, 13, 1, -17),
        Glyph::new(5068, 11, 17, 13, 1, -17),
        Glyph::new(5102, 11, 17, 13, 1, -17),
        Glyph::new(5136, 11, 17, 13, 1, -17),
        Glyph::new(5170, 11, 21, 13, 1, -17),
        Glyph::new(5212, 11, 20, 14, 2, -16),
        Glyph::new(5252, 12, 21, 13, 1, -17),
        Glyph::new(5294, 11, 2, 11, 0, -7),
        Glyph::new(5298, 22, 2, 22, 0, -7),
        Glyph::new(5304, 4, 6, 6, 2, -16),
        Glyph::new(5310, 3, 6, 6, 2, -15),
        Glyph::new(5316, 4, 6, 6, 1, -2),
        Glyph::new(5322, 8, 6, 11, 2, -16),
        Glyph::new(5328, 8, 6, 11, 2, -15),
        Glyph::new(5334, 9, 6, 11, 1, -2),
        Glyph::new(5346, 7, 7, 11, 2, -10),
        Glyph::new(5353, 17, 3, 21, 2, -3),
        Glyph::new(5362, 7, 10, 9, 1, -12),
        Glyph::new(5372, 7, 10, 9, 1, -12),
        Glyph::new(5382, 13, 16, 15, 1, -16),
        Glyph::new(5414, 12, 6, 14, 1, -16),
        Glyph::new(5426, 11, 2, 15, 2, -7),
    ],
    bitmap: &[
        0xE0, 0xE0, 0xE0, 0xE0, 0xE0, 0xE0, 0xE0, 0xE0, 0xE0, 0xE0, 0xE0, 0x00, 0x00, 0x60, 0xF0,
        0x60, 0xEE, 0xEE, 0xEE, 0xEE, 0xEE, 0xEE, 0x0E, 0x30, 0x0C, 0x30, 0x0C, 0x30, 0x0C, 0x30,
        0x7F, 0xFC, 0x7F, 0xFC, 0x1C, 0x60, 0x18, 0x60, 0x18, 0x60, 0x18, 0xE0, 0x7F, 0xF8, 0xFF,
        0xF8, 0x38, 0xC0, 0x30, 0xC0, 0x30, 0xC0, 0x30, 0xC0, 0x04, 0x00, 0x04, 0x00, 0x1F, 0x80,
        0x7F, 0xC0, 0x7D, 0xE0, 0xE4, 0xF0, 0xE4, 0x00, 0xE4, 0x00, 0xFC, 0x00, 0x7F, 0x80, 0x1F,
        0xE0, 0x05, 0xE0, 0x04, 0x70, 0xC4, 0x70, 0xE4, 0x70, 0xFD, 0xE0, 0x7F, 0xC0, 0x1F, 0x80,
        0x04, 0x00, 0x04, 0x00, 0x38, 0x06, 0x00, 0xFE, 0x0E, 0x00, 0xEE, 0x0C, 0x00, 0xC6, 0x18,
        0x00, 0xEE, 0x30, 0x00, 0xFE, 0x30, 0x00, 0x38, 0x60, 0x00, 0x00, 0xC0, 0x00, 0x01, 0xC7,
        0x00, 0x01, 0x8F, 0x80, 0x03, 0x18, 0xC0, 0x07, 0x18, 0xC0, 0x06, 0x18, 0xC0, 0x0C, 0x1D,
        0xC0, 0x1C, 0x0F, 0x80, 0x18, 0x07, 0x00, 0x1F, 0x00, 0x3F, 0x80, 0x7B, 0xC0, 0x71, 0xC0,
        0x71, 0xC0, 0x3B, 0x80, 0x3F, 0x00, 0x1E, 0x00, 0x3E, 0x38, 0x7F, 0x38, 0xE7, 0xF8, 0xE3,
        0xF0, 0xE1, 0xF0, 0xF1, 0xF0, 0x7F, 0xF0, 0x1F, 0x38, 0xE0, 0xE0, 0xE0, 0xE0, 0xE0, 0xE0,
        0x18, 0x38, 0x30, 0x70, 0x70, 0x70, 0xE0, 0xE0, 0xE0, 0xE0, 0xE0, 0xE0, 0xE0, 0xE0, 0x60,
        0x70, 0x70, 0x30, 0x38, 0x18, 0xC0, 0xE0, 0xE0, 0x70, 0x70, 0x70, 0x30, 0x38, 0x38, 0x38,
        0x38, 0x38, 0x38, 0x38, 0x70, 0x70, 0x70, 0xE0, 0xE0, 0xC0, 0x18, 0x18, 0xDB, 0xFF, 0x3C,
        0xFF, 0xDB, 0x18, 0x18, 0x0E, 0x00, 0x0E, 0x00, 0x0E, 0x00, 0x0E, 0x00, 0xFF, 0xE0, 0xFF,
        0xE0, 0x0E, 0x00, 0x0E, 0x00, 0x0E, 0x00, 0x0E, 0x00, 0x0C, 0x00, 0x70, 0x70, 0x60, 0x60,
        0x60, 0xC0, 0xFE, 0xFE, 0xC0, 0xE0, 0xC0, 0x07, 0x07, 0x06, 0x06, 0x0E, 0x0C, 0x0C, 0x1C,
        0x1C, 0x18, 0x18, 0x38, 0x38, 0x30, 0x30, 0x70, 0x60, 0x60, 0xE0, 0x0F, 0x00, 0x3F, 0xC0,
        0x79, 0xE0, 0x70, 0xE0, 0xE0, 0x60, 0xE0, 0x70, 0xE0, 0x70, 0xE0, 0x70, 0xE0, 0x70, 0xE0,
        0x70, 0xE0, 0x70, 0xE0, 0x70, 0x70, 0xE0, 0x79, 0xE0, 0x3F, 0xC0, 0x0F, 0x00, 0x1E, 0x7E,
        0xFE, 0xEE, 0x8E, 0x0E, 0x0E, 0x0E, 0x0E, 0x0E, 0x0E, 0x0E, 0x0E, 0x0E, 0x0E, 0x0E, 0x1F,
        0x00, 0x7F, 0x80, 0x71, 0xC0, 0xE0, 0xE0, 0xE0, 0xE0, 0x00, 0xE0, 0x01, 0xC0, 0x01, 0xC0,
        0x03, 0x80, 0x07, 0x00, 0x0E, 0x00, 0x1C, 0x00, 0x38, 0x00, 0x78, 0x00, 0xFF, 0xE0, 0xFF,
        0xE0, 0x1F, 0x00, 0x3F, 0xC0, 0x71, 0xE0, 0xE0, 0xE0, 0x00, 0xE0, 0x00, 0xE0, 0x01, 0xC0,
        0x0F, 0x80, 0x0F, 0xC0, 0x00, 0xE0, 0x00, 0x70, 0x00, 0x70, 0xE0, 0x70, 0x79, 0xE0, 0x7F,
        0xC0, 0x1F, 0x80, 0x01, 0xE0, 0x03, 0xE0, 0x03, 0xE0, 0x07, 0xE0, 0x0E, 0xE0, 0x0C, 0xE0,
        0x1C, 0xE0, 0x18, 0xE0, 0x38, 0xE0, 0x70, 0xE0, 0x70, 0xE0, 0xFF, 0xF8, 0xFF, 0xF8, 0x00,
        0xE0, 0x00, 0xE0, 0x00, 0xE0, 0x7F, 0xC0, 0x7F, 0xC0, 0x70, 0x00, 0x60, 0x00, 0x60, 0x00,
        0x6F, 0x00, 0xFF, 0xC0, 0xF3, 0xC0, 0x00, 0xE0, 0x00, 0xE0, 0x00, 0xE0, 0xC0, 0xE0, 0xE0,
        0xE0, 0x73, 0xC0, 0x7F, 0x80, 0x1F, 0x00, 0x0F, 0x80, 0x3F, 0xC0, 0x39, 0xE0, 0x70, 0x70,
        0x60, 0x00, 0xE7, 0x80, 0xEF, 0xC0, 0xF9, 0xE0, 0xF0, 0xF0, 0xE0, 0x70, 0xE0, 0x70, 0xE0,
        0x70, 0x70, 0xE0, 0x79, 0xE0, 0x3F, 0xC0, 0x0F, 0x80, 0xFF, 0xE0, 0xFF, 0xE0, 0x00, 0xE0,
        0x01, 0xC0, 0x01, 0xC0, 0x03, 0x80, 0x03, 0x80, 0x07, 0x00, 0x07, 0x00, 0x0E, 0x00, 0x0E,
        0x00, 0x1C, 0x00, 0x1C, 0x00, 0x38, 0x00, 0x38, 0x00, 0x70, 0x00, 0x1F, 0x00, 0x7F, 0xC0,
        0x71, 0xE0, 0xE0, 0xE0, 0xE0, 0xE0, 0xE0, 0xE0, 0x71, 0xC0, 0x3F, 0x80, 0x3F, 0xC0, 0x70,
        0xE0, 0xE0, 0x70, 0xE0, 0x70, 0xE0, 0x70, 0x71, 0xE0, 0x7F, 0xC0, 0x1F, 0x80, 0x1F, 0x00,
        0x3F, 0xC0, 0x79, 0xE0, 0xE0, 0xE0, 0xE0, 0x60, 0xE0, 0x70, 0xE0, 0xF0, 0x71, 0xF0, 0x7F,
        0x70, 0x3E, 0x70, 0x00, 0x70, 0x00, 0xE0, 0xE0, 0xE0, 0x79, 0xC0, 0x3F, 0x80, 0x1F, 0x00,
        0xC0, 0xE0, 0xC0, 0x00, 0x00, 0x00, 0x00, 0x00, 0xC0, 0xE0, 0xC0, 0x60, 0x70, 0x60, 0x00,
        0x00, 0x00, 0x00, 0x00, 0x00, 0x60, 0x60, 0x60, 0x60, 0x40, 0xC0, 0x00, 0x60, 0x01, 0xE0,
        0x07, 0xC0, 0x3F, 0x00, 0xFC, 0x00, 0xF0, 0x00, 0xF8, 0x00, 0x7E, 0x00, 0x0F, 0x80, 0x03,
        0xE0, 0x00, 0xE0, 0xFF, 0xC0, 0xFF, 0xC0, 0x00, 0x00, 0x00, 0x00, 0x00, 0x00, 0xFF, 0xC0,
        0xFF, 0xC0, 0xC0, 0x00, 0xF0, 0x00, 0xFC, 0x00, 0x3F, 0x00, 0x07, 0xC0, 0x01, 0xE0, 0x03,
        0xC0, 0x1F, 0x80, 0x7E, 0x00, 0xF8, 0x00, 0xE0, 0x00, 0x1E, 0x00, 0x7F, 0x80, 0xF3, 0xC0,
        0xE1, 0xC0, 0x01, 0xC0, 0x01, 0xC0, 0x03, 0x80, 0x0F, 0x80, 0x0E, 0x00, 0x1C, 0x00, 0x1C,
        0x00, 0x00, 0x00, 0x00, 0x00, 0x0C, 0x00, 0x1E, 0x00, 0x0C, 0x00, 0x01, 0xFC, 0x00, 0x0F,
        0xFF, 0x00, 0x1F, 0x0F, 0x80, 0x3C, 0x01, 0xC0, 0x78, 0x00, 0xE0, 0x71, 0xEC, 0xE0, 0x63,
        0xFC, 0x70, 0xE7, 0x1C, 0x70, 0xE6, 0x0C, 0x70, 0xE6, 0x0C, 0x70, 0xE6, 0x0C, 0x70, 0xE6,
        0x0C, 0x70, 0xE6, 0x0C, 0x70, 0xE7, 0x1E, 0xE0, 0x73, 0xFF, 0xE0, 0x79, 0xE3, 0xC0, 0x3C,
        0x00, 0x00, 0x1F, 0x04, 0x00, 0x0F, 0xFE, 0x00, 0x03, 0xF8, 0x00, 0x07, 0x80, 0x07, 0x80,
        0x0F, 0xC0, 0x0F, 0xC0, 0x0C, 0xC0, 0x1C, 0xE0, 0x1C, 0xE0, 0x1C, 0xE0, 0x38, 0x70, 0x38,
        0x70, 0x3F, 0xF0, 0x7F, 0xF8, 0x70, 0x38, 0x70, 0x38, 0xE0, 0x1C, 0xE0, 0x1C, 0xFF, 0x80,
        0xFF, 0xC0, 0xE1, 0xE0, 0xE0, 0xE0, 0xE0, 0xE0, 0xE0, 0xE0, 0xE1, 0xC0, 0xFF, 0x80, 0xFF,
        0xC0, 0xE0, 0xE0, 0xE0, 0x70, 0xE0, 0x70, 0xE0, 0x70, 0xE0, 0xE0, 0xFF, 0xE0, 0xFF, 0x80,
        0x07, 0xC0, 0x1F, 0xF0, 0x3C, 0x78, 0x70, 0x38, 0x70, 0x1C, 0xE0, 0x00, 0xE0, 0x00, 0xE0,
        0x00, 0xE0, 0x00, 0xE0, 0x00, 0xE0, 0x00, 0x70, 0x1C, 0x70, 0x38, 0x3C, 0x78, 0x1F, 0xF0,
        0x07, 0xC0, 0xFF, 0x00, 0xFF, 0xC0, 0xE1, 0xE0, 0xE0, 0x70, 0xE0, 0x70, 0xE0, 0x38, 0xE0,
        0x38, 0xE0, 0x38, 0xE0, 0x38, 0xE0, 0x38, 0xE0, 0x38, 0xE0, 0x70, 0xE0, 0x70, 0xE1, 0xE0,
        0xFF, 0xC0, 0xFF, 0x00, 0xFF, 0xE0, 0xFF, 0xE0, 0xE0, 0x00, 0xE0, 0x00, 0xE0, 0x00, 0xE0,
        0x00, 0xE0, 0x00, 0xFF, 0xC0, 0xFF, 0xC0, 0xE0, 0x00, 0xE0, 0x00, 0xE0, 0x00, 0xE0, 0x00,
        0xE0, 0x00, 0xFF, 0xE0, 0xFF, 0xE0, 0xFF, 0xE0, 0xFF, 0xE0, 0xE0, 0x00, 0xE0, 0x00, 0xE0,
        0x00, 0xE0, 0x00, 0xE0, 0x00, 0xE0, 0x00, 0xFF, 0xC0, 0xFF, 0xC0, 0xE0, 0x00, 0xE0, 0x00,
        0xE0, 0x00, 0xE0, 0x00, 0xE0, 0x00, 0xE0, 0x00, 0x07, 0xC0, 0x1F, 0xF0, 0x3C, 0x78, 0x70,
        0x38, 0x70, 0x1C, 0xE0, 0x00, 0xE0, 0x00, 0xE0, 0x00, 0xE0, 0xFC, 0xE0, 0xFC, 0xE0, 0x1C,
        0x70, 0x1C, 0x70, 0x38, 0x3C, 0x78, 0x1F, 0xF0, 0x07, 0xC0, 0xE0, 0x38, 0xE0, 0x38, 0xE0,
        0x38, 0xE0, 0x38, 0xE0, 0x38, 0xE0, 0x38, 0xE0, 0x38, 0xFF, 0xF8, 0xFF, 0xF8, 0xE0, 0x38,
        0xE0, 0x38, 0xE0, 0x38, 0xE0, 0x38, 0xE0, 0x38, 0xE0, 0x38, 0xE0, 0x38, 0xE0, 0xE0, 0xE0,
        0xE0, 0xE0, 0xE0, 0xE0, 0xE0, 0xE0, 0xE0, 0xE0, 0xE0, 0xE0, 0xE0, 0xE0, 0xE0, 0x01, 0xC0,
        0x01, 0xC0, 0x01, 0xC0, 0x01, 0xC0, 0x01, 0xC0, 0x01, 0xC0, 0x01, 0xC0, 0x01, 0xC0, 0x01,
        0xC0, 0x01, 0xC0, 0xE1, 0xC0, 0xE1, 0xC0, 0xE1, 0xC0, 0xF3, 0x80, 0x7F, 0x80, 0x1E, 0x00,
        0xE0, 0x78, 0xE0, 0xF0, 0xE1, 0xE0, 0xE1, 0xC0, 0xE3, 0x80, 0xE7, 0x00, 0xEE, 0x00, 0xFE,
        0x00, 0xFF, 0x00, 0xF3, 0x80, 0xF3, 0xC0, 0xE1, 0xC0, 0xE0, 0xE0, 0xE0, 0xF0, 0xE0, 0x70,
        0xE0, 0x38, 0xE0, 0x00, 0xE0, 0x00, 0xE0, 0x00, 0xE0, 0x00, 0xE0, 0x00, 0xE0, 0x00, 0xE0,
        0x00, 0xE0, 0x00, 0xE0, 0x00, 0xE0, 0x00, 0xE0, 0x00, 0xE0, 0x00, 0xE0, 0x00, 0xE0, 0x00,
        0xFF, 0xC0, 0xFF, 0xC0, 0xF8, 0x0F, 0x80, 0xF8, 0x0F, 0x80, 0xF8, 0x0F, 0x80, 0xFC, 0x1F,
        0x80, 0xFC, 0x1F, 0x80, 0xEC, 0x1B, 0x80, 0xEE, 0x3B, 0x80, 0xEE, 0x3B, 0x80, 0xE6, 0x33,
        0x80, 0xE7, 0x73, 0x80, 0xE7, 0x73, 0x80, 0xE3, 0x63, 0x80, 0xE3, 0xE3, 0x80, 0xE3, 0xE3,
        0x80, 0xE1, 0xC3, 0x80, 0xE1, 0xC3, 0x80, 0xF0, 0x1C, 0xF0, 0x1C, 0xF8, 0x1C, 0xFC, 0x1C,
        0xFC, 0x1C, 0xEE, 0x1C, 0xEF, 0x1C, 0xE7, 0x1C, 0xE3, 0x9C, 0xE3, 0xDC, 0xE1, 0xDC, 0xE0,
        0xFC, 0xE0, 0xFC, 0xE0, 0x7C, 0xE0, 0x3C, 0xE0, 0x3C, 0x07, 0xC0, 0x1F, 0xF0, 0x3C, 0x78,
        0x70, 0x3C, 0x70, 0x1C, 0xE0, 0x0E, 0xE0, 0x0E, 0xE0, 0x0E, 0xE0, 0x0E, 0xE0, 0x0E, 0xE0,
        0x0E, 0x70, 0x1C, 0x70, 0x3C, 0x3C, 0x78, 0x1F, 0xF0, 0x07, 0xC0, 0xFF, 0x80, 0xFF, 0xC0,
        0xE1, 0xE0, 0xE0, 0x70, 0xE0, 0x70, 0xE0, 0x70, 0xE0, 0x70, 0xE0, 0xE0, 0xFF, 0xE0, 0xFF,
        0x80, 0xE0, 0x00, 0xE0, 0x00, 0xE0, 0x00, 0xE0, 0x00, 0xE0, 0x00, 0xE0, 0x00, 0x07, 0xC0,
        0x1F, 0xF0, 0x3C, 0x78, 0x70, 0x3C, 0x70, 0x1C, 0xE0, 0x0E, 0xE0, 0x0E, 0xE0, 0x0E, 0xE0,
        0x0E, 0xE0, 0x0E, 0xE1, 0x8E, 0x71, 0xDC, 0x78, 0xFC, 0x3F, 0xF8, 0x1F, 0xF8, 0x07, 0xF8,
        0x00, 0x1C, 0xFF, 0x80, 0xFF, 0xC0, 0xE1, 0xE0, 0xE0, 0x70, 0xE0, 0x70, 0xE0, 0x70, 0xE0,
        0x70, 0xE0, 0xE0, 0xFF, 0xE0, 0xFF, 0x80, 0xE3, 0x80, 0xE1, 0xC0, 0xE1, 0xC0, 0xE0, 0xE0,
        0xE0, 0xF0, 0xE0, 0x70, 0x1F, 0x80, 0x7F, 0xC0, 0x71, 0xE0, 0xE0, 0x70, 0xE0, 0x00, 0xE0,
        0x00, 0xFC, 0x00, 0x7F, 0x80, 0x1F, 0xE0, 0x01, 0xE0, 0x00, 0x70, 0xC0, 0x70, 0xE0, 0x70,
        0xF1, 0xE0, 0x7F, 0xC0, 0x1F, 0x80, 0xFF, 0xF8, 0xFF, 0xF8, 0x07, 0x00, 0x07, 0x00, 0x07,
        0x00, 0x07, 0x00, 0x07, 0x00, 0x07, 0x00, 0x07, 0x00, 0x07, 0x00, 0x07, 0x00, 0x07, 0x00,
        0x07, 0x00, 0x07, 0x00, 0x07, 0x00, 0x07, 0x00, 0xE0, 0x38, 0xE0, 0x38, 0xE0, 0x38, 0xE0,
        0x38, 0xE0, 0x38, 0xE0, 0x38, 0xE0, 0x38, 0xE0, 0x38, 0xE0, 0x38, 0xE0, 0x38, 0xE0, 0x38,
        0xE0, 0x38, 0xF0, 0x78, 0x78, 0xF0, 0x3F, 0xE0, 0x0F, 0x80, 0xE0, 0x1C, 0xE0, 0x1C, 0xF0,
        0x1C, 0x70, 0x38, 0x70, 0x38, 0x78, 0x38, 0x38, 0x70, 0x38, 0x70, 0x1C, 0x70, 0x1C, 0xE0,
        0x1C, 0xE0, 0x0C, 0xC0, 0x0F, 0xC0, 0x0F, 0xC0, 0x07, 0x80, 0x07, 0x80, 0xE0, 0x70, 0x38,
        0xE0, 0xF0, 0x70, 0xE0, 0xF0, 0x70, 0xE0, 0xF8, 0x70, 0x70, 0xF8, 0x70, 0x71, 0xD8, 0xE0,
        0x71, 0xD8, 0xE0, 0x31, 0x9C, 0xE0, 0x39, 0x9C, 0xE0, 0x3B, 0x8C, 0xC0, 0x3B, 0x8D, 0xC0,
        0x1B, 0x0F, 0xC0, 0x1F, 0x0F, 0xC0, 0x1F, 0x07, 0x80, 0x1F, 0x07, 0x80, 0x0E, 0x07, 0x80,
        0xF0, 0x3C, 0x70, 0x38, 0x38, 0x70, 0x3C, 0xF0, 0x1C, 0xE0, 0x0F, 0xC0, 0x0F, 0xC0, 0x07,
        0x80, 0x07, 0x80, 0x0F, 0xC0, 0x1F, 0xE0, 0x1C, 0xE0, 0x38, 0x70, 0x78, 0x78, 0x70, 0x38,
        0xE0, 0x1C, 0xF0, 0x1C, 0x70, 0x1C, 0x38, 0x38, 0x38, 0x78, 0x1C, 0x70, 0x1E, 0xE0, 0x0E,
        0xE0, 0x07, 0xC0, 0x07, 0xC0, 0x03, 0x80, 0x03, 0x80, 0x03, 0x80, 0x03, 0x80, 0x03, 0x80,
        0x03, 0x80, 0x03, 0x80, 0xFF, 0xF0, 0xFF, 0xF0, 0x00, 0xE0, 0x00, 0xE0, 0x01, 0xC0, 0x03,
        0x80, 0x07, 0x80, 0x07, 0x00, 0x0E, 0x00, 0x1E, 0x00, 0x1C, 0x00, 0x38, 0x00, 0x70, 0x00,
        0x70, 0x00, 0xFF, 0xF0, 0xFF, 0xF0, 0xF8, 0xF8, 0xE0, 0xE0, 0xE0, 0xE0, 0xE0, 0xE0, 0xE0,
        0xE0, 0xE0, 0xE0, 0xE0, 0xE0, 0xE0, 0xE0, 0xE0, 0xE0, 0xF8, 0xF8, 0xE0, 0x60, 0x60, 0x70,
        0x30, 0x30, 0x38, 0x38, 0x18, 0x18, 0x1C, 0x1C, 0x0C, 0x0C, 0x0E, 0x06, 0x06, 0x07, 0x07,
        0xF8, 0xF8, 0x38, 0x38, 0x38, 0x38, 0x38, 0x38, 0x38, 0x38, 0x38, 0x38, 0x38, 0x38, 0x38,
        0x38, 0x38, 0x38, 0xF8, 0xF8, 0x1C, 0x3C, 0x36, 0x66, 0x63, 0xE3, 0xFF, 0xC0, 0xFF, 0xC0,
        0xE0, 0x60, 0x70, 0x1F, 0x00, 0x7F, 0x80, 0x73, 0xC0, 0x21, 0xC0, 0x01, 0xC0, 0x3F, 0xC0,
        0x7D, 0xC0, 0xE1, 0xC0, 0xE1, 0xC0, 0xF3, 0xC0, 0x7F, 0xC0, 0x3D, 0xC0, 0xE0, 0x00, 0xE0,
        0x00, 0xE0, 0x00, 0xE0, 0x00, 0xEF, 0x00, 0xFF, 0xC0, 0xF1, 0xC0, 0xE0, 0xE0, 0xE0, 0xE0,
        0xE0, 0xE0, 0xE0, 0xE0, 0xE0, 0xE0, 0xE0, 0xE0, 0xF1, 0xC0, 0xFF, 0xC0, 0xEF, 0x00, 0x1F,
        0x00, 0x3F, 0xC0, 0x79, 0xC0, 0xF0, 0xE0, 0xE0, 0x00, 0xE0, 0x00, 0xE0, 0x00, 0xE0, 0x00,
        0xE0, 0xE0, 0x79, 0xC0, 0x3F, 0xC0, 0x1F, 0x00, 0x00, 0xE0, 0x00, 0xE0, 0x00, 0xE0, 0x00,
        0xE0, 0x1E, 0xE0, 0x7F, 0xE0, 0x71, 0xE0, 0xE0, 0xE0, 0xE0, 0xE0, 0xE0, 0xE0, 0xE0, 0xE0,
        0xE0, 0xE0, 0xE0, 0xE0, 0x71, 0xE0, 0x7F, 0xE0, 0x1E, 0xE0, 0x1F, 0x00, 0x3F, 0x80, 0x71,
        0xC0, 0xE0, 0xE0, 0xE0, 0xE0, 0xFF, 0xE0, 0xFF, 0xE0, 0xE0, 0x00, 0xE0, 0x00, 0x79, 0xE0,
        0x3F, 0xC0, 0x1F, 0x00, 0x0F, 0x1F, 0x38, 0x38, 0x38, 0xFF, 0xFF, 0x38, 0x38, 0x38, 0x38,
        0x38, 0x38, 0x38, 0x38, 0x38, 0x38, 0x1E, 0xE0, 0x7F, 0xE0, 0x71, 0xE0, 0xE0, 0xE0, 0xE0,
        0xE0, 0xE0, 0xE0, 0xE0, 0xE0, 0xE0, 0xE0, 0xE0, 0xE0, 0x71, 0xE0, 0x7F, 0xE0, 0x1E, 0xE0,
        0x00, 0xE0, 0x71, 0xE0, 0x7F, 0xC0, 0x1F, 0x00, 0xE0, 0x00, 0xE0, 0x00, 0xE0, 0x00, 0xE0,
        0x00, 0xE7, 0x80, 0xFF, 0xC0, 0xF1, 0xC0, 0xE0, 0xE0, 0xE0, 0xE0, 0xE0, 0xE0, 0xE0, 0xE0,
        0xE0, 0xE0, 0xE0, 0xE0, 0xE0, 0xE0, 0xE0, 0xE0, 0xE0, 0xE0, 0xC0, 0xE0, 0xC0, 0x00, 0x00,
        0xE0, 0xE0, 0xE0, 0xE0, 0xE0, 0xE0, 0xE0, 0xE0, 0xE0, 0xE0, 0xE0, 0xE0, 0x30, 0x38, 0x30,
        0x00, 0x00, 0x38, 0x38, 0x38, 0x38, 0x38, 0x38, 0x38, 0x38, 0x38, 0x38, 0x38, 0x38, 0x38,
        0x78, 0xF0, 0xE0, 0xE0, 0x00, 0xE0, 0x00, 0xE0, 0x00, 0xE0, 0x00, 0xE1, 0xC0, 0xE3, 0xC0,
        0xE7, 0x80, 0xE7, 0x00, 0xEE, 0x00, 0xFC, 0x00, 0xFE, 0x00, 0xFF, 0x00, 0xE7, 0x80, 0xE3,
        0x80, 0xE1, 0xC0, 0xE1, 0xE0, 0xE0, 0xE0, 0xE0, 0xE0, 0xE0, 0xE0, 0xE0, 0xE0, 0xE0, 0xE0,
        0xE0, 0xE0, 0xE0, 0xE0, 0xE0, 0xE0, 0xEF, 0x1E, 0x00, 0xFF, 0xBF, 0x00, 0xF3, 0xE7, 0x80,
        0xE1, 0xC3, 0x80, 0xE1, 0xC3, 0x80, 0xE1, 0xC3, 0x80, 0xE1, 0xC3, 0x80, 0xE1, 0xC3, 0x80,
        0xE1, 0xC3, 0x80, 0xE1, 0xC3, 0x80, 0xE1, 0xC3, 0x80, 0xE1, 0xC3, 0x80, 0xE7, 0x80, 0xFF,
        0xC0, 0xF1, 0xC0, 0xE0, 0xE0, 0xE0, 0xE0, 0xE0, 0xE0, 0xE0, 0xE0, 0xE0, 0xE0, 0xE0, 0xE0,
        0xE0, 0xE0, 0xE0, 0xE0, 0xE0, 0xE0, 0x1F, 0x00, 0x3F, 0xC0, 0x79, 0xE0, 0xF0, 0xE0, 0xE0,
        0x70, 0xE0, 0x70, 0xE0, 0x70, 0xE0, 0x70, 0xF0, 0xE0, 0x79, 0xE0, 0x3F, 0xC0, 0x1F, 0x00,
        0xEF, 0x00, 0xFF, 0xC0, 0xF1, 0xC0, 0xE0, 0xE0, 0xE0, 0xE0, 0xE0, 0xE0, 0xE0, 0xE0, 0xE0,
        0xE0, 0xE0, 0xE0, 0xF1, 0xC0, 0xFF, 0xC0, 0xEF, 0x00, 0xE0, 0x00, 0xE0, 0x00, 0xE0, 0x00,
        0xE0, 0x00, 0x1E, 0xE0, 0x7F, 0xE0, 0x71, 0xE0, 0xE0, 0xE0, 0xE0, 0xE0, 0xE0, 0xE0, 0xE0,
        0xE0, 0xE0, 0xE0, 0xE0, 0xE0, 0x71, 0xE0, 0x7F, 0xE0, 0x1E, 0xE0, 0x00, 0xE0, 0x00, 0xE0,
        0x00, 0xE0, 0x00, 0xE0, 0xEE, 0xFE, 0xF0, 0xE0, 0xE0, 0xE0, 0xE0, 0xE0, 0xE0, 0xE0, 0xE0,
        0xE0, 0x3E, 0x00, 0x7F, 0x80, 0xF3, 0x80, 0xE1, 0x00, 0xE0, 0x00, 0x7E, 0x00, 0x1F, 0x80,
        0x03, 0xC0, 0xC1, 0xC0, 0xE3, 0xC0, 0x7F, 0x80, 0x3E, 0x00, 0x38, 0x38, 0x38, 0xFE, 0xFE,
        0x38, 0x38, 0x38, 0x38, 0x38, 0x38, 0x38, 0x38, 0x3E, 0x0E, 0xE0, 0xE0, 0xE0, 0xE0, 0xE0,
        0xE0, 0xE0, 0xE0, 0xE0, 0xE0, 0xE0, 0xE0, 0xE0, 0xE0, 0xE0, 0xE0, 0xE0, 0xE0, 0xF1, 0xE0,
        0x7E, 0xE0, 0x3C, 0xE0, 0xE0, 0xE0, 0xE0, 0xE0, 0xE0, 0xE0, 0x71, 0xC0, 0x71, 0xC0, 0x71,
        0x80, 0x3B, 0x80, 0x3B, 0x80, 0x1B, 0x00, 0x1F, 0x00, 0x1F, 0x00, 0x0E, 0x00, 0xE1, 0xC3,
        0x80, 0xE1, 0xC3, 0x80, 0xE3, 0xC7, 0x00, 0x63, 0xC7, 0x00, 0x73, 0x67, 0x00, 0x73, 0x66,
        0x00, 0x76, 0x6E, 0x00, 0x36, 0x6E, 0x00, 0x3E, 0x3C, 0x00, 0x3E, 0x3C, 0x00, 0x1C, 0x3C,
        0x00, 0x1C, 0x3C, 0x00, 0xE1, 0xC0, 0x71, 0xC0, 0x73, 0x80, 0x3F, 0x00, 0x3F, 0x00, 0x1E,
        0x00, 0x1E, 0x00, 0x3F, 0x00, 0x33, 0x00, 0x73, 0x80, 0xE1, 0xC0, 0xE1, 0xC0, 0xE0, 0xE0,
        0xE0, 0xE0, 0xE0, 0xE0, 0x71, 0xC0, 0x71, 0xC0, 0x31, 0x80, 0x3B, 0x80, 0x3B, 0x80, 0x1F,
        0x00, 0x1F, 0x00, 0x0E, 0x00, 0x0E, 0x00, 0x0E, 0x00, 0x1C, 0x00, 0x7C, 0x00, 0x70, 0x00,
        0xFF, 0xC0, 0xFF, 0xC0, 0x03, 0x80, 0x07, 0x80, 0x07, 0x00, 0x0E, 0x00, 0x1C, 0x00, 0x3C,
        0x00, 0x78, 0x00, 0x70, 0x00, 0xFF, 0xC0, 0xFF, 0xC0, 0x0E, 0x1F, 0x3C, 0x38, 0x38, 0x38,
        0x38, 0x38, 0xF0, 0xE0, 0xF0, 0x78, 0x38, 0x38, 0x38, 0x38, 0x38, 0x3C, 0x1F, 0x0E, 0xE0,
        0xE0, 0xE0, 0xE0, 0xE0, 0xE0, 0xE0, 0xE0, 0xE0, 0xE0, 0xE0, 0xE0, 0xE0, 0xE0, 0xE0, 0xE0,
        0xE0, 0xE0, 0xE0, 0xE0, 0xE0, 0xE0, 0xE0, 0xE0, 0xE0, 0xE0, 0x70, 0xF8, 0x3C, 0x1C, 0x1C,
        0x1C, 0x1C, 0x1C, 0x0F, 0x07, 0x0F, 0x1E, 0x1C, 0x1C, 0x1C, 0x1C, 0x1C, 0x3C, 0xF8, 0x70,
        0x78, 0x70, 0xFE, 0xF0, 0xE7, 0xE0, 0xE1, 0xC0, 0x60, 0xF0, 0x60, 0x00, 0x00, 0xE0, 0xE0,
        0xE0, 0xE0, 0xE0, 0xE0, 0xE0, 0xE0, 0xE0, 0xE0, 0xE0, 0x04, 0x00, 0x04, 0x00, 0x1F, 0x00,
        0x3F, 0x80, 0x7D, 0xC0, 0xE4, 0xC0, 0xE4, 0x00, 0xE4, 0x00, 0xE4, 0x00, 0xE4, 0x00, 0xE4,
        0xC0, 0x75, 0xC0, 0x3F, 0xC0, 0x1F, 0x00, 0x04, 0x00, 0x04, 0x00, 0x07, 0x80, 0x1F, 0xE0,
        0x1C, 0xE0, 0x38, 0x70, 0x38, 0x00, 0x38, 0x00, 0x38, 0x00, 0xFF, 0x80, 0xFF, 0x80, 0x38,
        0x00, 0x38, 0x00, 0x38, 0x00, 0x38, 0x70, 0x70, 0x70, 0xFF, 0xF0, 0xFF, 0xE0, 0xCF, 0x98,
        0xFF, 0xF8, 0x70, 0x70, 0x60, 0x30, 0xC0, 0x18, 0xC0, 0x18, 0xC0, 0x18, 0xC0, 0x18, 0xC0,
        0x38, 0x60, 0x30, 0x78, 0xF8, 0xFF, 0xF8, 0x0F, 0x80, 0xE0, 0xE0, 0xE0, 0xE0, 0x71, 0xC0,
        0x71, 0xC0, 0x33, 0x80, 0x3B, 0x80, 0x1F, 0x00, 0x1F, 0x00, 0xFF, 0xC0, 0x7F, 0xC0, 0x0E,
        0x00, 0xFF, 0xC0, 0xFF, 0xC0, 0x0E, 0x00, 0x0E, 0x00, 0x0E, 0x00, 0xE0, 0xE0, 0xE0, 0xE0,
        0xE0, 0xE0, 0xE0, 0x00, 0x00, 0x00, 0x00, 0xE0, 0xE0, 0xE0, 0xE0, 0xE0, 0xE0, 0xE0, 0x1F,
        0x00, 0x3F, 0x80, 0x7B, 0x80, 0x71, 0x80, 0x70, 0x00, 0x38, 0x00, 0x1F, 0x00, 0x7F, 0x80,
        0xE3, 0xC0, 0xE0, 0xE0, 0xF0, 0xE0, 0x7C, 0xC0, 0x1F, 0x00, 0x07, 0x80, 0x03, 0xC0, 0x21,
        0xC0, 0x71, 0xC0, 0x7F, 0x80, 0x3F, 0x00, 0x42, 0xE7, 0xC6, 0x07, 0xF0, 0x00, 0x1F, 0xFC,
        0x00, 0x3C, 0x1E, 0x00, 0x7B, 0xCE, 0x00, 0x77, 0xE7, 0x00, 0xEE, 0x77, 0x00, 0xEC, 0x33,
        0x80, 0xEC, 0x03, 0x80, 0xEC, 0x03, 0x80, 0xEE, 0x33, 0x80, 0xE7, 0xF7, 0x00, 0x73, 0xE7,
        0x00, 0x38, 0x0E, 0x00, 0x3E, 0x3C, 0x00, 0x0F, 0xF8, 0x00, 0x03, 0xE0, 0x00, 0x3C, 0x7F,
        0x63, 0x03, 0x3F, 0xFB, 0xE3, 0xC7, 0xFF, 0x7B, 0x0E, 0x70, 0x1C, 0xE0, 0x39, 0xC0, 0x73,
        0x80, 0xF7, 0x00, 0xF7, 0x00, 0x73, 0x80, 0x39, 0xC0, 0x1C, 0xE0, 0x0E, 0x70, 0xFF, 0xC0,
        0xFF, 0xC0, 0x01, 0xC0, 0x01, 0xC0, 0x01, 0xC0, 0xFE, 0xFE, 0x0F, 0x00, 0x1F, 0xC0, 0x30,
        0xE0, 0x60, 0x30, 0xCF, 0x30, 0xC9, 0x98, 0xC9, 0x98, 0xCF, 0x18, 0xC9, 0x18, 0x69, 0xB0,
        0x70, 0x60, 0x3F, 0xC0, 0x0F, 0x80, 0xFC, 0xFC, 0x7C, 0x7C, 0xC6, 0xC6, 0xEE, 0x7C, 0x38,
        0x0E, 0x00, 0x0E, 0x00, 0x0E, 0x00, 0xFF, 0xE0, 0xFF, 0xE0, 0x0E, 0x00, 0x0E, 0x00, 0x0E,
        0x00, 0x00, 0x00, 0xFF, 0xE0, 0xFF, 0xE0, 0x3C, 0xFE, 0xC6, 0x06, 0x0E, 0x1C, 0x70, 0xFE,
        0xFE, 0x7C, 0xFE, 0x06, 0x3E, 0x3C, 0x06, 0xC6, 0xFE, 0x7C, 0x70, 0x60, 0xC0, 0xE0, 0xE0,
        0xE0, 0xE0, 0xE0, 0xE0, 0xE0, 0xE0, 0xE0, 0xE0, 0xE0, 0xE0, 0xE0, 0xE0, 0xE0, 0xE0, 0xE0,
        0xE0, 0xF1, 0xE0, 0xFF, 0xF0, 0xEE, 0x70, 0xE0, 0x00, 0xE0, 0x00, 0xE0, 0x00, 0xE0, 0x00,
        0x1F, 0xE0, 0x7F, 0xE0, 0x7C, 0xE0, 0xFC, 0xE0, 0xFC, 0xE0, 0xFC, 0xE0, 0xFC, 0xE0, 0x7C,
        0xE0, 0x7C, 0xE0, 0x1C, 0xE0, 0x00, 0xE0, 0x00, 0xE0, 0x00, 0xE0, 0x00, 0xE0, 0x00, 0xE0,
        0x00, 0xE0, 0xC0, 0xE0, 0xC0, 0xC0, 0xE0, 0x30, 0x30, 0xE0, 0x38, 0x78, 0xD8, 0x18, 0x18,
        0x18, 0x18, 0x18, 0x18, 0x1E, 0x00, 0x7F, 0x00, 0x63, 0x80, 0xE1, 0x80, 0xC1, 0x80, 0xC1,
        0x80, 0xE1, 0x80, 0x63, 0x80, 0x7F, 0x00, 0x1E, 0x00, 0xE7, 0x00, 0x73, 0x80, 0x39, 0xC0,
        0x1C, 0xE0, 0x0E, 0xF0, 0x0E, 0xF0, 0x1C, 0xE0, 0x39, 0xC0, 0x73, 0x80, 0xE7, 0x00, 0x70,
        0x0C, 0x00, 0xF0, 0x0C, 0x00, 0xB0, 0x18, 0x00, 0x30, 0x30, 0x00, 0x30, 0x70, 0x00, 0x30,
        0x60, 0x00, 0x30, 0xC0, 0x00, 0x31, 0x82, 0x00, 0x31, 0x87, 0x00, 0x03, 0x0F, 0x00, 0x06,
        0x1F, 0x00, 0x06, 0x1B, 0x00, 0x0C, 0x33, 0x00, 0x18, 0x3F, 0x80, 0x18, 0x3F, 0x80, 0x30,
        0x03, 0x00, 0x70, 0x0C, 0x00, 0xF0, 0x18, 0x00, 0xB0, 0x30, 0x00, 0x30, 0x30, 0x00, 0x30,
        0x60, 0x00, 0x30, 0xC0, 0x00, 0x30, 0xC0, 0x00, 0x31, 0x86, 0x00, 0x33, 0x1F, 0x80, 0x03,
        0x19, 0x80, 0x06, 0x01, 0x80, 0x0C, 0x03, 0x00, 0x0C, 0x06, 0x00, 0x18, 0x0C, 0x00, 0x30,
        0x1F, 0x80, 0x30, 0x1F, 0x80, 0x3C, 0x03, 0x00, 0x7E, 0x03, 0x00, 0xE6, 0x06, 0x00, 0x06,
        0x0C, 0x00, 0x1C, 0x1C, 0x00, 0x0E, 0x18, 0x00, 0x06, 0x30, 0x00, 0xEE, 0x70, 0x00, 0x7C,
        0x61, 0xC0, 0x00, 0xC3, 0xC0, 0x01, 0x87, 0xC0, 0x01, 0x86, 0xC0, 0x03, 0x0C, 0xC0, 0x06,
        0x0F, 0xE0, 0x0E, 0x0F, 0xE0, 0x0C, 0x00, 0xC0, 0x0C, 0x00, 0x1E, 0x00, 0x0C, 0x00, 0x00,
        0x00, 0x00, 0x00, 0x0E, 0x00, 0x0E, 0x00, 0x1C, 0x00, 0x3C, 0x00, 0x70, 0x00, 0xE0, 0x00,
        0xE0, 0x00, 0xE1, 0xC0, 0xF3, 0xC0, 0x7F, 0x80, 0x1E, 0x00, 0x0E, 0x00, 0x06, 0x00, 0x03,
        0x00, 0x00, 0x00, 0x07, 0x80, 0x07, 0x80, 0x0F, 0xC0, 0x0F, 0xC0, 0x0C, 0xC0, 0x1C, 0xE0,
        0x1C, 0xE0, 0x1C, 0xE0, 0x38, 0x70, 0x38, 0x70, 0x3F, 0xF0, 0x7F, 0xF8, 0x70, 0x38, 0x70,
        0x38, 0xE0, 0x1C, 0xE0, 0x1C, 0x01, 0xC0, 0x01, 0x80, 0x03, 0x00, 0x00, 0x00, 0x07, 0x80,
        0x07, 0x80, 0x0F, 0xC0, 0x0F, 0xC0, 0x0C, 0xC0, 0x1C, 0xE0, 0x1C, 0xE0, 0x1C, 0xE0, 0x38,
        0x70, 0x38, 0x70, 0x3F, 0xF0, 0x7F, 0xF8, 0x70, 0x38, 0x70, 0x38, 0xE0, 0x1C, 0xE0, 0x1C,
        0x03, 0x00, 0x07, 0x80, 0x0C, 0xC0, 0x08, 0x40, 0x00, 0x00, 0x07, 0x80, 0x07, 0x80, 0x0F,
        0xC0, 0x0F, 0xC0, 0x0C, 0xC0, 0x1C, 0xE0, 0x1C, 0xE0, 0x1C, 0xE0, 0x38, 0x70, 0x38, 0x70,
        0x3F, 0xF0, 0x7F, 0xF8, 0x70, 0x38, 0x70, 0x38, 0xE0, 0x1C, 0xE0, 0x1C, 0x06, 0x40, 0x0F,
        0xC0, 0x09, 0x80, 0x00, 0x00, 0x00, 0x00, 0x07, 0x80, 0x07, 0x80, 0x0F, 0xC0, 0x0F, 0xC0,
        0x0C, 0xC0, 0x1C, 0xE0, 0x1C, 0xE0, 0x1C, 0xE0, 0x38, 0x70, 0x38, 0x70, 0x3F, 0xF0, 0x7F,
        0xF8, 0x70, 0x38, 0x70, 0x38, 0xE0, 0x1C, 0xE0, 0x1C, 0x0C, 0x60, 0x1C, 0xE0, 0x08, 0x40,
        0x00, 0x00, 0x07, 0x80, 0x07, 0xC0, 0x0F, 0xC0, 0x0F, 0xC0, 0x0D, 0xE0, 0x1C, 0xE0, 0x1C,
        0xE0, 0x1C, 0xE0, 0x38, 0x70, 0x38, 0x70, 0x3F, 0xF0, 0x7F, 0xF8, 0x70, 0x38, 0x70, 0x38,
        0xE0, 0x1C, 0xE0, 0x1C, 0x07, 0x80, 0x0C, 0xC0, 0x0C, 0xC0, 0x0C, 0xC0, 0x07, 0x80, 0x00,
        0x00, 0x07, 0x80, 0x07, 0x80, 0x0F, 0xC0, 0x0F, 0xC0, 0x0C, 0xC0, 0x1C, 0xE0, 0x1C, 0xE0,
        0x1C, 0xE0, 0x38, 0x70, 0x38, 0x70, 0x3F, 0xF0, 0x7F, 0xF8, 0x70, 0x38, 0x70, 0x38, 0xE0,
        0x1C, 0xE0, 0x1C, 0x01, 0xFF, 0xF8, 0x03, 0xFF, 0xF8, 0x03, 0xB8, 0x00, 0x07, 0x38, 0x00,
        0x07, 0x38, 0x00, 0x0E, 0x38, 0x00, 0x0E, 0x38, 0x00, 0x0E, 0x3F, 0xF0, 0x1C, 0x3F, 0xF0,
        0x1C, 0x38, 0x00, 0x3F, 0xF8, 0x00, 0x3F, 0xF8, 0x00, 0x70, 0x38, 0x00, 0x70, 0x38, 0x00,
        0xF0, 0x3F, 0xF8, 0xE0, 0x3F, 0xF8, 0x07, 0xC0, 0x1F, 0xF0, 0x3C, 0x78, 0x70, 0x3C, 0x70,
        0x1C, 0xE0, 0x00, 0xE0, 0x00, 0xE0, 0x00, 0xE0, 0x00, 0xE0, 0x00, 0xE0, 0x00, 0x70, 0x1C,
        0x70, 0x3C, 0x3C, 0x78, 0x1F, 0xF0, 0x07, 0xC0, 0x03, 0x00, 0x01, 0xC0, 0x00, 0xC0, 0x03,
        0xC0, 0x38, 0x00, 0x1C, 0x00, 0x0C, 0x00, 0x00, 0x00, 0xFF, 0xE0, 0xFF, 0xE0, 0xE0, 0x00,
        0xE0, 0x00, 0xE0, 0x00, 0xE0, 0x00, 0xE0, 0x00, 0xFF, 0xC0, 0xFF, 0xC0, 0xE0, 0x00, 0xE0,
        0x00, 0xE0, 0x00, 0xE0, 0x00, 0xE0, 0x00, 0xFF, 0xE0, 0xFF, 0xE0, 0x07, 0x00, 0x06, 0x00,
        0x0E, 0x00, 0x00, 0x00, 0xFF, 0xE0, 0xFF, 0xE0, 0xE0, 0x00, 0xE0, 0x00, 0xE0, 0x00, 0xE0,
        0x00, 0xE0, 0x00, 0xFF, 0xC0, 0xFF, 0xC0, 0xE0, 0x00, 0xE0, 0x00, 0xE0, 0x00, 0xE0, 0x00,
        0xE0, 0x00, 0xFF, 0xE0, 0xFF, 0xE0, 0x04, 0x00, 0x1E, 0x00, 0x3B, 0x00, 0x21, 0x00, 0x00,
        0x00, 0xFF, 0xE0, 0xFF, 0xE0, 0xE0, 0x00, 0xE0, 0x00, 0xE0, 0x00, 0xE0, 0x00, 0xE0, 0x00,
        0xFF, 0xC0, 0xFF, 0xC0, 0xE0, 0x00, 0xE0, 0x00, 0xE0, 0x00, 0xE0, 0x00, 0xE0, 0x00, 0xFF,
        0xE0, 0xFF, 0xE0, 0x31, 0x80, 0x73, 0x80, 0x21, 0x00, 0x00, 0x00, 0xFF, 0xE0, 0xFF, 0xE0,
        0xE0, 0x00, 0xE0, 0x00, 0xE0, 0x00, 0xE0, 0x00, 0xE0, 0x00, 0xFF, 0xC0, 0xFF, 0xC0, 0xE0,
        0x00, 0xE0, 0x00, 0xE0, 0x00, 0xE0, 0x00, 0xE0, 0x00, 0xFF, 0xE0, 0xFF, 0xE0, 0xC0, 0xE0,
        0x60, 0x00, 0x70, 0x70, 0x70, 0x70, 0x70, 0x70, 0x70, 0x70, 0x70, 0x70, 0x70, 0x70, 0x70,
        0x70, 0x70, 0x70, 0x30, 0x60, 0x60, 0x00, 0xE0, 0xE0, 0xE0, 0xE0, 0xE0, 0xE0, 0xE0, 0xE0,
        0xE0, 0xE0, 0xE0, 0xE0, 0xE0, 0xE0, 0xE0, 0xE0, 0x10, 0x7C, 0xEC, 0x84, 0x00, 0x38, 0x38,
        0x38, 0x38, 0x38, 0x38, 0x38, 0x38, 0x38, 0x38, 0x38, 0x38, 0x38, 0x38, 0x38, 0x38, 0xC6,
        0xE7, 0x42, 0x00, 0x38, 0x38, 0x38, 0x38, 0x38, 0x38, 0x38, 0x38, 0x38, 0x38, 0x38, 0x38,
        0x38, 0x38, 0x38, 0x38, 0x3F, 0xC0, 0x3F, 0xF0, 0x38, 0x78, 0x38, 0x1C, 0x38, 0x1C, 0x38,
        0x0E, 0x38, 0x0E, 0xFF, 0x0E, 0xFF, 0x0E, 0x38, 0x0E, 0x38, 0x0E, 0x38, 0x1C, 0x38, 0x1C,
        0x38, 0x78, 0x3F, 0xF0, 0x3F, 0xC0, 0x0E, 0x40, 0x0F, 0xC0, 0x19, 0xC0, 0x00, 0x00, 0x00,
        0x00, 0xF0, 0x1C, 0xF0, 0x1C, 0xF8, 0x1C, 0xFC, 0x1C, 0xFC, 0x1C, 0xEE, 0x1C, 0xEF, 0x1C,
        0xE7, 0x1C, 0xE3, 0x9C, 0xE3, 0xDC, 0xE1, 0xDC, 0xE0, 0xFC, 0xE0, 0xFC, 0xE0, 0x7C, 0xE0,
        0x3C, 0xE0, 0x3C, 0x06, 0x00, 0x07, 0x00, 0x03, 0x00, 0x00, 0x00, 0x00, 0x00, 0x07, 0xC0,
        0x1F, 0xF0, 0x3C, 0x78, 0x70, 0x3C, 0x70, 0x1C, 0xE0, 0x0E, 0xE0, 0x0E, 0xE0, 0x0E, 0xE0,
        0x0E, 0xE0, 0x0E, 0xE0, 0x0E, 0x70, 0x1C, 0x70, 0x3C, 0x3C, 0x78, 0x1F, 0xF0, 0x07, 0xC0,
        0x00, 0xC0, 0x01, 0xC0, 0x01, 0x80, 0x00, 0x00, 0x00, 0x00, 0x07, 0xC0, 0x1F, 0xF0, 0x3C,
        0x78, 0x70, 0x3C, 0x70, 0x1C, 0xE0, 0x0E, 0xE0, 0x0E, 0xE0, 0x0E, 0xE0, 0x0E, 0xE0, 0x0E,
        0xE0, 0x0E, 0x70, 0x1C, 0x70, 0x3C, 0x3C, 0x78, 0x1F, 0xF0, 0x07, 0xC0, 0x03, 0x80, 0x07,
        0xC0, 0x0E, 0xE0, 0x08, 0x60, 0x00, 0x00, 0x07, 0xC0, 0x1F, 0xF0, 0x3C, 0x78, 0x70, 0x3C,
        0x70, 0x1C, 0xE0, 0x0E, 0xE0, 0x0E, 0xE0, 0x0E, 0xE0, 0x0E, 0xE0, 0x0E, 0xE0, 0x0E, 0x70,
        0x1C, 0x70, 0x3C, 0x3C, 0x78, 0x1F, 0xF0, 0x07, 0xC0, 0x06, 0x60, 0x0F, 0xE0, 0x08, 0xC0,
        0x00, 0x00, 0x00, 0x00, 0x07, 0xC0, 0x1F, 0xF0, 0x3C, 0x78, 0x70, 0x3C, 0x70, 0x1C, 0xE0,
        0x0E, 0xE0, 0x0E, 0xE0, 0x0E, 0xE0, 0x0E, 0xE0, 0x0E, 0xE0, 0x0E, 0x70, 0x1C, 0x70, 0x3C,
        0x3C, 0x78, 0x1F, 0xF0, 0x07, 0xC0, 0x04, 0x40, 0x0E, 0xE0, 0x0C, 0x60, 0x00, 0x00, 0x00,
        0x00, 0x07, 0xC0, 0x1F, 0xF0, 0x3C, 0x78, 0x70, 0x3C, 0x70, 0x1C, 0xE0, 0x0E, 0xE0, 0x0E,
        0xE0, 0x0E, 0xE0, 0x0E, 0xE0, 0x0E, 0xE0, 0x0E, 0x70, 0x1C, 0x70, 0x3C, 0x3C, 0x78, 0x1F,
        0xF0, 0x07, 0xC0, 0x60, 0xC0, 0xF1, 0xC0, 0x7B, 0x80, 0x3F, 0x00, 0x1F, 0x00, 0x1F, 0x00,
        0x3F, 0x80, 0x73, 0xC0, 0xE1, 0xE0, 0x40, 0xC0, 0x07, 0xCC, 0x1F, 0xF8, 0x3C, 0x78, 0x70,
        0x3C, 0x70, 0x7C, 0xE0, 0xCE, 0xE1, 0xCE, 0xE1, 0x8E, 0xE3, 0x0E, 0xE6, 0x0E, 0xE6, 0x0E,
        0x7C, 0x1C, 0x78, 0x3C, 0x3C, 0x78, 0x3F, 0xF0, 0x67, 0xC0, 0x0C, 0x00, 0x0E, 0x00, 0x06,
        0x00, 0x00, 0x00, 0x00, 0x00, 0xE0, 0x38, 0xE0, 0x38, 0xE0, 0x38, 0xE0, 0x38, 0xE0, 0x38,
        0xE0, 0x38, 0xE0, 0x38, 0xE0, 0x38, 0xE0, 0x38, 0xE0, 0x38, 0xE0, 0x38, 0xE0, 0x38, 0xF0,
        0x78, 0x78, 0xF0, 0x3F, 0xE0, 0x0F, 0x80, 0x01, 0x80, 0x03, 0x80, 0x03, 0x00, 0x00, 0x00,
        0x00, 0x00, 0xE0, 0x38, 0xE0, 0x38, 0xE0, 0x38, 0xE0, 0x38, 0xE0, 0x38, 0xE0, 0x38, 0xE0,
        0x38, 0xE0, 0x38, 0xE0, 0x38, 0xE0, 0x38, 0xE0, 0x38, 0xE0, 0x38, 0xF0, 0x78, 0x78, 0xF0,
        0x3F, 0xE0, 0x0F, 0x80, 0x07, 0x00, 0x0F, 0x80, 0x1D, 0xC0, 0x10, 0x40, 0x00, 0x00, 0xE0,
        0x38, 0xE0, 0x38, 0xE0, 0x38, 0xE0, 0x38, 0xE0, 0x38, 0xE0, 0x38, 0xE0, 0x38, 0xE0, 0x38,
        0xE0, 0x38, 0xE0, 0x38, 0xE0, 0x38, 0xE0, 0x38, 0xF0, 0x78, 0x7F, 0xF0, 0x3F, 0xE0, 0x0F,
        0x80, 0x08, 0x80, 0x1D, 0xC0, 0x18, 0xC0, 0x00, 0x00, 0x00, 0x00, 0xE0, 0x38, 0xE0, 0x38,
        0xE0, 0x38, 0xE0, 0x38, 0xE0, 0x38, 0xE0, 0x38, 0xE0, 0x38, 0xE0, 0x38, 0xE0, 0x38, 0xE0,
        0x38, 0xE0, 0x38, 0xE0, 0x38, 0xF0, 0x78, 0x78, 0xF0, 0x3F, 0xE0, 0x0F, 0x80, 0x00, 0xC0,
        0x01, 0x80, 0x01, 0x80, 0x00, 0x00, 0xF0, 0x1C, 0x70, 0x1C, 0x38, 0x38, 0x38, 0x78, 0x1C,
        0x70, 0x1E, 0xE0, 0x0E, 0xE0, 0x07, 0xC0, 0x07, 0xC0, 0x03, 0x80, 0x03, 0x80, 0x03, 0x80,
        0x03, 0x80, 0x03, 0x80, 0x03, 0x80, 0x03, 0x80, 0xE0, 0x00, 0xE0, 0x00, 0xE0, 0x00, 0xFF,
        0x00, 0xFF, 0xC0, 0xE1, 0xC0, 0xE0, 0xE0, 0xE0, 0xE0, 0xE0, 0xE0, 0xE0, 0xE0, 0xE1, 0xC0,
        0xFF, 0xC0, 0xFF, 0x00, 0xE0, 0x00, 0xE0, 0x00, 0xE0, 0x00, 0x1F, 0x00, 0x7F, 0xC0, 0xF1,
        0xC0, 0xE0, 0xE0, 0xE0, 0xE0, 0xE0, 0xE0, 0xE1, 0xC0, 0xE7, 0x80, 0xE7, 0xC0, 0xE0, 0xE0,
        0xE0, 0x70, 0xE0, 0x70, 0xE0, 0x70, 0xE0, 0xE0, 0xE7, 0xE0, 0xE7, 0x80, 0x18, 0x00, 0x1C,
        0x00, 0x0C, 0x00, 0x00, 0x00, 0x00, 0x00, 0x1F, 0x00, 0x7F, 0x80, 0x73, 0xC0, 0x21, 0xC0,
        0x01, 0xC0, 0x3F, 0xC0, 0x7D, 0xC0, 0xE1, 0xC0, 0xE1, 0xC0, 0xF3, 0xC0, 0x7F, 0xC0, 0x3D,
        0xC0, 0x07, 0x00, 0x06, 0x00, 0x04, 0x00, 0x00, 0x00, 0x00, 0x00, 0x1F, 0x00, 0x7F, 0x80,
        0x73, 0xC0, 0x21, 0xC0, 0x01, 0xC0, 0x3F, 0xC0, 0x7D, 0xC0, 0xE1, 0xC0, 0xE1, 0xC0, 0xF3,
        0xC0, 0x7F, 0xC0, 0x3D, 0xC0, 0x0E, 0x00, 0x1F, 0x00, 0x33, 0x80, 0x00, 0x00, 0x00, 0x00,
        0x1F, 0x00, 0x7F, 0x80, 0x73, 0xC0, 0x21, 0xC0, 0x01, 0xC0, 0x3F, 0xC0, 0x7D, 0xC0, 0xE1,
        0xC0, 0xE1, 0xC0, 0xF3, 0xC0, 0x7F, 0xC0, 0x3D, 0xC0, 0x19, 0x00, 0x3F, 0x00, 0x23, 0x00,
        0x00, 0x00, 0x00, 0x00, 0x1F, 0x00, 0x7F, 0x80, 0x73, 0xC0, 0x21, 0xC0, 0x01, 0xC0, 0x3F,
        0xC0, 0x7D, 0xC0, 0xE1, 0xC0, 0xE1, 0xC0, 0xF3, 0xC0, 0x7F, 0xC0, 0x3D, 0xC0, 0x31, 0x80,
        0x3B, 0x80, 0x11, 0x00, 0x00, 0x00, 0x00, 0x00, 0x1F, 0x00, 0x7F, 0x80, 0x73, 0xC0, 0x21,
        0xC0, 0x01, 0xC0, 0x3F, 0xC0, 0x7D, 0xC0, 0xE1, 0xC0, 0xE1, 0xC0, 0xF3, 0xC0, 0x7F, 0xC0,
        0x3D, 0xC0, 0x1F, 0x00, 0x31, 0x80, 0x31, 0x80, 0x1B, 0x00, 0x0E, 0x00, 0x00, 0x00, 0x1F,
        0x00, 0x7F, 0x80, 0x73, 0xC0, 0x21, 0xC0, 0x01, 0xC0, 0x3F, 0xC0, 0x7D, 0xC0, 0xE1, 0xC0,
        0xE1, 0xC0, 0xF3, 0xC0, 0x7F, 0xC0, 0x3D, 0xC0, 0x1E, 0x3E, 0x00, 0x7F, 0xFF, 0x80, 0x73,
        0xE3, 0xC0, 0x01, 0xC1, 0xC0, 0x01, 0xC1, 0xC0, 0x3F, 0xFF, 0xC0, 0x7F, 0xFF, 0xC0, 0xE1,
        0xC0, 0x00, 0xE1, 0xC0, 0x80, 0xF3, 0xE3, 0xC0, 0x7F, 0x7F, 0x80, 0x3C, 0x3F, 0x00, 0x1F,
        0x00, 0x3F, 0xC0, 0x79, 0xE0, 0xF0, 0xE0, 0xE0, 0x00, 0xE0, 0x00, 0xE0, 0x00, 0xE0, 0x00,
        0xF0, 0xE0, 0x79, 0xE0, 0x3F, 0xC0, 0x1F, 0x00, 0x06, 0x00, 0x07, 0x80, 0x01, 0x80, 0x07,
        0x00, 0x18, 0x00, 0x0C, 0x00, 0x0C, 0x00, 0x00, 0x00, 0x00, 0x00, 0x1F, 0x00, 0x3F, 0x80,
        0x71, 0xC0, 0xE0, 0xE0, 0xE0, 0xE0, 0xFF, 0xE0, 0xFF, 0xE0, 0xE0, 0x00, 0xE0, 0x00, 0x79,
        0xE0, 0x3F, 0xC0, 0x1F, 0x00, 0x03, 0x00, 0x06, 0x00, 0x06, 0x00, 0x00, 0x00, 0x00, 0x00,
        0x1F, 0x00, 0x3F, 0x80, 0x71, 0xC0, 0xE0, 0xE0, 0xE0, 0xE0, 0xFF, 0xE0, 0xFF, 0xE0, 0xE0,
        0x00, 0xE0, 0x00, 0x79, 0xE0, 0x3F, 0xC0, 0x1F, 0x00, 0x0E, 0x00, 0x1F, 0x00, 0x31, 0x80,
        0x00, 0x00, 0x00, 0x00, 0x1F, 0x00, 0x3F, 0x80, 0x71, 0xC0, 0xE0, 0xE0, 0xE0, 0xE0, 0xFF,
        0xE0, 0xFF, 0xE0, 0xE0, 0x00, 0xE0, 0x00, 0x79, 0xE0, 0x3F, 0xC0, 0x1F, 0x00, 0x31, 0x80,
        0x3B, 0x80, 0x11, 0x00, 0x00, 0x00, 0x00, 0x00, 0x1F, 0x00, 0x3F, 0x80, 0x71, 0xC0, 0xE0,
        0xE0, 0xE0, 0xE0, 0xFF, 0xE0, 0xFF, 0xE0, 0xE0, 0x00, 0xE0, 0x00, 0x79, 0xE0, 0x3F, 0xC0,
        0x1F, 0x00, 0xC0, 0xE0, 0x60, 0x00, 0x70, 0x70, 0x70, 0x70, 0x70, 0x70, 0x70, 0x70, 0x70,
        0x70, 0x70, 0x70, 0x30, 0x70, 0x60, 0x00, 0xE0, 0xE0, 0xE0, 0xE0, 0xE0, 0xE0, 0xE0, 0xE0,
        0xE0, 0xE0, 0xE0, 0xE0, 0x10, 0x7C, 0xEE, 0x84, 0x00, 0x38, 0x38, 0x38, 0x38, 0x38, 0x38,
        0x38, 0x38, 0x38, 0x38, 0x38, 0x38, 0xC6, 0xE7, 0x42, 0x00, 0x00, 0x38, 0x38, 0x38, 0x38,
        0x38, 0x38, 0x38, 0x38, 0x38, 0x38, 0x38, 0x38, 0x10, 0x00, 0x3D, 0x80, 0x0F, 0x00, 0x1F,
        0x00, 0x33, 0x80, 0x01, 0xC0, 0x3F, 0xC0, 0x7F, 0xC0, 0x71, 0xE0, 0xE0, 0xE0, 0xE0, 0xE0,
        0xE0, 0xE0, 0xE0, 0xE0, 0xE0, 0xE0, 0x71, 0xC0, 0x3F, 0x80, 0x1F, 0x00, 0x19, 0x80, 0x3F,
        0x80, 0x23, 0x00, 0x00, 0x00, 0x00, 0x00, 0xE7, 0x80, 0xFF, 0xC0, 0xF1, 0xC0, 0xE0, 0xE0,
        0xE0, 0xE0, 0xE0, 0xE0, 0xE0, 0xE0, 0xE0, 0xE0, 0xE0, 0xE0, 0xE0, 0xE0, 0xE0, 0xE0, 0xE0,
        0xE0, 0x1C, 0x00, 0x0C, 0x00, 0x0E, 0x00, 0x00, 0x00, 0x00, 0x00, 0x1F, 0x00, 0x3F, 0xC0,
        0x79, 0xE0, 0xF0, 0xE0, 0xE0, 0x70, 0xE0, 0x70, 0xE0, 0x70, 0xE0, 0x70, 0xF0, 0xE0, 0x79,
        0xE0, 0x3F, 0xC0, 0x1F, 0x00, 0x03, 0x80, 0x03, 0x00, 0x06, 0x00, 0x00, 0x00, 0x00, 0x00,
        0x1F, 0x00, 0x3F, 0xC0, 0x79, 0xE0, 0xF0, 0xE0, 0xE0, 0x70, 0xE0, 0x70, 0xE0, 0x70, 0xE0,
        0x70, 0xF0, 0xE0, 0x79, 0xE0, 0x3F, 0xC0, 0x1F, 0x00, 0x0F, 0x00, 0x1F, 0x80, 0x39, 0xC0,
        0x00, 0x00, 0x00, 0x00, 0x1F, 0x00, 0x3F, 0xC0, 0x79, 0xE0, 0xF0, 0xE0, 0xE0, 0x70, 0xE0,
        0x70, 0xE0, 0x70, 0xE0, 0x70, 0xF0, 0xE0, 0x79, 0xE0, 0x3F, 0xC0, 0x1F, 0x00, 0x1C, 0x80,
        0x3F, 0x80, 0x33, 0x00, 0x00, 0x00, 0x00, 0x00, 0x1F, 0x00, 0x3F, 0xC0, 0x79, 0xE0, 0xF0,
        0xE0, 0xE0, 0x70, 0xE0, 0x70, 0xE0, 0x70, 0xE0, 0x70, 0xF0, 0xE0, 0x79, 0xE0, 0x3F, 0xC0,
        0x1F, 0x00, 0x31, 0x80, 0x39, 0xC0, 0x10, 0x80, 0x00, 0x00, 0x00, 0x00, 0x1F, 0x00, 0x3F,
        0xC0, 0x79, 0xE0, 0xF0, 0xE0, 0xE0, 0x70, 0xE0, 0x70, 0xE0, 0x70, 0xE0, 0x70, 0xF0, 0xE0,
        0x79, 0xE0, 0x3F, 0xC0, 0x1F, 0x00, 0x0C, 0x00, 0x0E, 0x00, 0x0C, 0x00, 0x00, 0x00, 0x00,
        0x00, 0xFF, 0xE0, 0xFF, 0xE0, 0x00, 0x00, 0x00, 0x00, 0x0C, 0x00, 0x0E, 0x00, 0x0C, 0x00,
        0x1F, 0x30, 0x3F, 0xE0, 0x79, 0xE0, 0xF1, 0xE0, 0xE3, 0xF0, 0xE3, 0x70, 0xE6, 0x70, 0xEC,
        0x70, 0xF8, 0xE0, 0x79, 0xE0, 0x7F, 0xC0, 0x5F, 0x00, 0x38, 0x00, 0x1C, 0x00, 0x0C, 0x00,
        0x00, 0x00, 0x00, 0x00, 0xE0, 0xE0, 0xE0, 0xE0, 0xE0, 0xE0, 0xE0, 0xE0, 0xE0, 0xE0, 0xE0,
        0xE0, 0xE0, 0xE0, 0xE0, 0xE0, 0xE0, 0xE0, 0xF1, 0xE0, 0x7E, 0xE0, 0x3C, 0xE0, 0x03, 0x00,
        0x07, 0x00, 0x06, 0x00, 0x00, 0x00, 0x00, 0x00, 0xE0, 0xE0, 0xE0, 0xE0, 0xE0, 0xE0, 0xE0,
        0xE0, 0xE0, 0xE0, 0xE0, 0xE0, 0xE0, 0xE0, 0xE0, 0xE0, 0xE0, 0xE0, 0xF1, 0xE0, 0x7E, 0xE0,
        0x3C, 0xE0, 0x0E, 0x00, 0x1F, 0x00, 0x3B, 0x80, 0x20, 0x80, 0x00, 0x00, 0xE0, 0xE0, 0xE0,
        0xE0, 0xE0, 0xE0, 0xE0, 0xE0, 0xE0, 0xE0, 0xE0, 0xE0, 0xE0, 0xE0, 0xE0, 0xE0, 0xE0, 0xE0,
        0xF3, 0xE0, 0x7E, 0xE0, 0x3C, 0xE0, 0x31, 0x80, 0x73, 0x80, 0x21, 0x00, 0x00, 0x00, 0x00,
        0x00, 0xE0, 0xE0, 0xE0, 0xE0, 0xE0, 0xE0, 0xE0, 0xE0, 0xE0, 0xE0, 0xE0, 0xE0, 0xE0, 0xE0,
        0xE0, 0xE0, 0xE0, 0xE0, 0xF1, 0xE0, 0x7E, 0xE0, 0x3C, 0xE0, 0x03, 0x00, 0x07, 0x00, 0x06,
        0x00, 0x00, 0x00, 0x00, 0x00, 0xE0, 0xE0, 0xE0, 0xE0, 0xE0, 0xE0, 0x71, 0xC0, 0x71, 0xC0,
        0x31, 0x80, 0x3B, 0x80, 0x3B, 0x80, 0x1F, 0x00, 0x1F, 0x00, 0x0E, 0x00, 0x0E, 0x00, 0x0E,
        0x00, 0x1C, 0x00, 0x7C, 0x00, 0x70, 0x00, 0xE0, 0x00, 0xE0, 0x00, 0xE0, 0x00, 0xE0, 0x00,
        0xEF, 0x00, 0xFF, 0xC0, 0xF1, 0xC0, 0xE0, 0xE0, 0xE0, 0xE0, 0xE0, 0xE0, 0xE0, 0xE0, 0xE0,
        0xE0, 0xE0, 0xE0, 0xF1, 0xC0, 0xFF, 0xC0, 0xEF, 0x00, 0xE0, 0x00, 0xE0, 0x00, 0xE0, 0x00,
        0xE0, 0x00, 0x31, 0x80, 0x39, 0xC0, 0x10, 0x80, 0x00, 0x00, 0x00, 0x00, 0xE0, 0x70, 0xE0,
        0x60, 0x70, 0xE0, 0x70, 0xE0, 0x71, 0xC0, 0x39, 0xC0, 0x39, 0x80, 0x1B, 0x80, 0x1F, 0x80,
        0x1F, 0x00, 0x0F, 0x00, 0x0E, 0x00, 0x0E, 0x00, 0x1E, 0x00, 0x7C, 0x00, 0x78, 0x00, 0xFF,
        0xE0, 0xFF, 0xE0, 0xFF, 0xFF, 0xFC, 0xFF, 0xFF, 0xFC, 0x70, 0x60, 0x60, 0x60, 0xE0, 0xE0,
        0x60, 0xE0, 0xE0, 0xC0, 0xC0, 0xC0, 0x70, 0x70, 0x60, 0x60, 0x60, 0xC0, 0x73, 0x63, 0x63,
        0x67, 0xE7, 0xE6, 0x67, 0xE7, 0xE6, 0xC6, 0xC6, 0xCC, 0x73, 0x80, 0x73, 0x00, 0x67, 0x00,
        0x67, 0x00, 0x66, 0x00, 0xC6, 0x00, 0x38, 0x7C, 0xFE, 0xFE, 0xFE, 0x7C, 0x38, 0xC0, 0xC1,
        0x80, 0xE1, 0xC3, 0x80, 0xC0, 0xC1, 0x80, 0x0E, 0x1C, 0x38, 0x70, 0xF0, 0xF0, 0x70, 0x38,
        0x1C, 0x0E, 0xE0, 0x70, 0x38, 0x1C, 0x0E, 0x0E, 0x1C, 0x38, 0x70, 0xE0, 0x03, 0xF0, 0x07,
        0xF8, 0x0F, 0x30, 0x1C, 0x00, 0x1C, 0x00, 0xFF, 0xE0, 0xFF, 0xE0, 0x38, 0x00, 0xFF, 0x80,
        0xFF, 0x80, 0x38, 0x00, 0x18, 0x00, 0x1C, 0x00, 0x0F, 0x30, 0x07, 0xF8, 0x03, 0xF0, 0xFB,
        0x30, 0x23, 0x30, 0x23, 0x30, 0x22, 0xD0, 0x22, 0xD0, 0x22, 0x10, 0xFF, 0xE0, 0xFF, 0xE0,
    ],
    line_height: 29,
};

// INTER_LARGE_LARGE: 26 px, cap 20, line height 34, gray 128, U+00AD as U+002D
pub static INTER_LARGE_LARGE: BitmapFont = BitmapFont {
    glyphs: &[
        Glyph::new(0, 0, 0, 7, 0, 0),
        Glyph::new(0, 4, 20, 8, 2, -20),
        Glyph::new(20, 8, 8, 14, 3, -20),
        Glyph::new(28, 16, 20, 17, 0, -20),
        Glyph::new(68, 14, 26, 17, 1, -23),
        Glyph::new(120, 21, 20, 26, 3, -20),
        Glyph::new(180, 16, 20, 17, 1, -20),
        Glyph::new(220, 3, 8, 8, 3, -20),
        Glyph::new(228, 6, 25, 10, 3, -21),
        Glyph::new(253, 6, 25, 10, 1, -21),
        Glyph::new(278, 10, 11, 14, 2, -20),
        Glyph::new(300, 13, 14, 17, 2, -15),
        Glyph::new(328, 4, 8, 8, 2, -2),
        Glyph::new(336, 9, 3, 12, 2, -10),
        Glyph::new(342, 4, 4, 8, 2, -4),
        Glyph::new(346, 8, 24, 10, 1, -21),
        Glyph::new(370, 14, 20, 17, 2, -20),
        Glyph::new(410, 8, 20, 11, 1, -20),
        Glyph::new(430, 13, 20, 16, 2, -20),
        Glyph::new(470, 14, 20, 17, 1, -20),
        Glyph::new(510, 15, 20, 17, 1, -20),
        Glyph::new(550, 13, 20, 16, 2, -20),
        Glyph::new(590, 14, 20, 17, 1, -20),
        Glyph::new(630, 13, 20, 15, 1, -20),
        Glyph::new(670, 14, 20, 17, 1, -20),
        Glyph::new(710, 14, 20, 17, 1, -20),
        Glyph::new(750, 4, 14, 8, 2, -14),
        Glyph::new(764, 5, 19, 9, 1, -13),
        Glyph::new(783, 13, 14, 17, 2, -15),
        Glyph::new(811, 12, 9, 17, 3, -12),
        Glyph::new(829, 13, 14, 17, 3, -15),
        Glyph::new(857, 12, 20, 14, 1, -20),
        Glyph::new(897, 23, 26, 26, 2, -20),
        Glyph::new(975, 18, 20, 19, 0, -20),
        Glyph::new(1035, 14, 20, 17, 2, -20),
        Glyph::new(1075, 16, 20, 19, 2, -20),
        Glyph::new(1115, 15, 20, 19, 2, -20),
        Glyph::new(1155, 13, 20, 16, 2, -20),
        Glyph::new(1195, 12, 20, 15, 2, -20),
        Glyph::new(1235, 17, 20, 19, 1, -20),
        Glyph::new(1295, 15, 20, 19, 2, -20),
        Glyph::new(1335, 3, 20, 7, 2, -20),
        Glyph::new(1355, 12, 20, 15, 1, -20),
        Glyph::new(1395, 15, 20, 18, 2, -20),
        Glyph::new(1435, 12, 20, 15, 2, -20),
        Glyph::new(1475, 20, 20, 24, 2, -20),
        Glyph::new(1535, 16, 20, 20, 2, -20),
        Glyph::new(1575, 17, 20, 20, 2, -20),
        Glyph::new(1635, 14, 20, 17, 2, -20),
        Glyph::new(1675, 17, 22, 20, 2, -20),
        Glyph::new(1741, 14, 20, 17, 2, -20),
        Glyph::new(1781, 14, 20, 17, 1, -20),
        Glyph::new(1821, 15, 20, 17, 1, -20),
        Glyph::new(1861, 15, 20, 19, 2, -20),
        Glyph::new(1901, 17, 20, 19, 1, -20),
        Glyph::new(1961, 25, 20, 27, 1, -20),
        Glyph::new(2041, 16, 20, 19, 1, -20),
        Glyph::new(2081, 17, 20, 19, 1, -20),
        Glyph::new(2141, 14, 20, 17, 2, -20),
        Glyph::new(2181, 6, 25, 10, 2, -21),
        Glyph::new(2206, 8, 24, 10, 1, -21),
        Glyph::new(2230, 6, 25, 10, 1, -21),
        Glyph::new(2255, 11, 8, 13, 1, -19),
        Glyph::new(2271, 12, 3, 12, 0, 0),
        Glyph::new(2277, 5, 4, 9, 2, -21),
        Glyph::new(2281, 12, 15, 15, 1, -15),
        Glyph::new(2311, 13, 20, 16, 2, -20),
        Glyph::new(2351, 13, 15, 15, 1, -15),
        Glyph::new(2381, 13, 20, 16, 1, -20),
        Glyph::new(2421, 13, 15, 15, 1, -15),
        Glyph::new(2451, 10, 21, 10, 0, -21),
        Glyph::new(2493, 13, 21, 16, 1, -15),
        Glyph::new(2535, 12, 20, 16, 2, -20),
        Glyph::new(2575, 3, 21, 7, 2, -21),
        Glyph::new(2596, 5, 26, 7, 0, -20),
        Glyph::new(2622, 13, 20, 15, 2, -20),
        Glyph::new(2662, 3, 20, 7, 2, -20),
        Glyph::new(2682, 19, 15, 23, 2, -15),
        Glyph::new(2727, 12, 15, 16, 2, -15),
        Glyph::new(2757, 13, 15, 16, 1, -15),
        Glyph::new(2787, 13, 21, 16, 2, -15),
        Glyph::new(2829, 13, 21, 16, 1, -15),
        Glyph::new(2871, 8, 15, 10, 2, -15),
        Glyph::new(2886, 12, 15, 14, 1, -15),
        Glyph::new(2916, 8, 19, 9, 1, -19),
        Glyph::new(2935, 12, 15, 16, 2, -15),
        Glyph::new(2965, 14, 15, 15, 1, -15),
        Glyph::new(2995, 20, 15, 22, 1, -15),
        Glyph::new(3040, 13, 15, 15, 1, -15),
        Glyph::new(3070, 14, 21, 15, 1, -15),
        Glyph::new(3112, 11, 15, 15, 2, -15),
        Glyph::new(3142, 9, 25, 12, 2, -21),
        Glyph::new(3192, 3, 33, 9, 3, -27),
        Glyph::new(3225, 9, 25, 12, 1, -21),
        Glyph::new(3275, 14, 6, 17, 2, -11),
        Glyph::new(3287, 0, 0, 7, 0, 0),
        Glyph::new(3287, 4, 20, 8, 2, -15),
        Glyph::new(3307, 13, 20, 15, 1, -20),
        Glyph::new(3347, 14, 20, 16, 1, -20),
        Glyph::new(3387, 15, 17, 19, 2, -17),
        Glyph::new(3421, 13, 20, 15, 1, -20),
        Glyph::new(3461, 3, 23, 8, 3, -20),
        Glyph::new(3484, 12, 24, 15, 1, -20),
        Glyph::new(3532, 9, 4, 16, 3, -21),
        Glyph::new(3540, 20, 20, 24, 2, -20),
        Glyph::new(3600, 10, 11, 12, 1, -20),
        Glyph::new(3622, 14, 13, 16, 1, -15),
        Glyph::new(3648, 12, 7, 17, 2, -10),
        Glyph::new(3662, 9, 3, 12, 2, -10),
        Glyph::new(3668, 15, 15, 17, 1, -20),
        Glyph::new(3698, 7, 3, 12, 2, -21),
        Glyph::new(3701, 9, 10, 12, 1, -21),
        Glyph::new(3721, 13, 14, 17, 2, -15),
        Glyph::new(3749, 9, 11, 12, 1, -23),
        Glyph::new(3771, 9, 11, 12, 2, -23),
        Glyph::new(3793, 5, 4, 9, 2, -21),
        Glyph::new(3797, 14, 21, 16, 2, -15),
        Glyph::new(3839, 13, 20, 16, 1, -20),
        Glyph::new(3879, 4, 4, 8, 2, -11),
        Glyph::new(3883, 5, 6, 9, 2, 0),
        Glyph::new(3889, 6, 11, 8, 1, -23),
        Glyph::new(3900, 11, 11, 13, 1, -20),
        Glyph::new(3922, 14, 13, 16, 1, -15),
        Glyph::new(3948, 20, 20, 22, 1, -20),
        Glyph::new(4008, 21, 20, 23, 1, -20),
        Glyph::new(4068, 21, 20, 24, 1, -20),
        Glyph::new(4128, 12, 21, 14, 1, -15),
        Glyph::new(4170, 18, 26, 19, 0, -26),
        Glyph::new(4248, 18, 26, 19, 0, -26),
        Glyph::new(4326, 18, 26, 19, 0, -26),
        Glyph::new(4404, 18, 25, 19, 0, -25),
        Glyph::new(4479, 18, 26, 19, 0, -26),
        Glyph::new(4557, 18, 28, 19, 0, -28),
        Glyph::new(4641, 24, 20, 26, 1, -20),
        Glyph::new(4701, 17, 26, 19, 1, -20),
        Glyph::new(4779, 13, 26, 16, 2, -26),
        Glyph::new(4831, 13, 26, 16, 2, -26),
        Glyph::new(4883, 13, 26, 16, 2, -26),
        Glyph::new(4935, 13, 26, 16, 2, -26),
        Glyph::new(4987, 5, 26, 7, 0, -26),
        Glyph::new(5013, 5, 26, 7, 2, -26),
        Glyph::new(5039, 9, 26, 7, -1, -26),
        Glyph::new(5091, 9, 26, 7, -1, -26),
        Glyph::new(5143, 18, 20, 20, 0, -20),
        Glyph::new(5203, 16, 25, 20, 2, -25),
        Glyph::new(5253, 17, 26, 20, 2, -26),
        Glyph::new(5331, 17, 26, 20, 2, -26),
        Glyph::new(5409, 17, 26, 20, 2, -26),
        Glyph::new(5487, 17, 25, 20, 2, -25),
        Glyph::new(5562, 17, 26, 20, 2, -26),
        Glyph::new(5640, 12, 13, 17, 3, -14),
        Glyph::new(5666, 17, 20, 20, 2, -20),
        Glyph::new(5726, 15, 26, 19, 2, -26),
        Glyph::new(5778, 15, 26, 19, 2, -26),
        Glyph::new(5830, 15, 26, 19, 2, -26),
        Glyph::new(5882, 15, 26, 19, 2, -26),
        Glyph::new(5934, 17, 26, 19, 1, -26),
        Glyph::new(6012, 13, 20, 17, 2, -20),
        Glyph::new(6052, 13, 20, 17, 2, -20),
        Glyph::new(6092, 12, 21, 15, 1, -21),
        Glyph::new(6134, 12, 21, 15, 1, -21),
        Glyph::new(6176, 12, 21, 15, 1, -21),
        Glyph::new(6218, 12, 20, 15, 1, -20),
        Glyph::new(6258, 12, 21, 15, 1, -21),
        Glyph::new(6300, 12, 23, 15, 1, -23),
        Glyph::new(6346, 21, 15, 24, 1, -15),
        Glyph::new(6391, 13, 20, 15, 1, -15),
        Glyph::new(6431, 13, 21, 15, 1, -21),
        Glyph::new(6473, 13, 21, 15, 1, -21),
        Glyph::new(6515, 13, 21, 15, 1, -21),
        Glyph::new(6557, 13, 21, 15, 1, -21),
        Glyph::new(6599, 5, 21, 7, 0, -21),
        Glyph::new(6620, 5, 21, 7, 2, -21),
        Glyph::new(6641, 9, 21, 7, -1, -21),
        Glyph::new(6683, 9, 21, 7, -1, -21),
        Glyph::new(6725, 13, 21, 15, 1, -21),
        Glyph::new(6767, 12, 20, 16, 2, -20),
        Glyph::new(6807, 13, 21, 16, 1, -21),
        Glyph::new(6849, 13, 21, 16, 1, -21),
        Glyph::new(6891, 13, 21, 16, 1, -21),
        Glyph::new(6933, 13, 20, 16, 1, -20),
        Glyph::new(6973, 13, 21, 16, 1, -21),
        Glyph::new(7015, 13, 15, 17, 2, -15),
        Glyph::new(7045, 13, 15, 16, 1, -15),
        Glyph::new(7075, 12, 21, 16, 2, -21),
        Glyph::new(7117, 12, 21, 16, 2, -21),
        Glyph::new(7159, 12, 21, 16, 2, -21),
        Glyph::new(7201, 12, 21, 16, 2, -21),
        Glyph::new(7243, 14, 26, 15, 1, -20),
        Glyph::new(7295, 13, 26, 16, 2, -20),
        Glyph::new(7347, 13, 26, 15, 1, -20),
        Glyph::new(7399, 13, 3, 13, 0, -10),
        Glyph::new(7405, 26, 3, 26, 0, -10),
        Glyph::new(7417, 5, 8, 8, 2, -20),
        Glyph::new(7425, 4, 8, 8, 2, -20),
        Glyph::new(7433, 4, 8, 7, 2, -2),
        Glyph::new(7441, 10, 8, 13, 2, -20),
        Glyph::new(7457, 10, 8, 13, 2, -20),
        Glyph::new(7473, 9, 8, 12, 2, -2),
        Glyph::new(7489, 8, 8, 13, 3, -12),
        Glyph::new(7497, 20, 4, 25, 2, -4),
        Glyph::new(7509, 8, 13, 11, 2, -15),
        Glyph::new(7522, 8, 13, 11, 1, -15),
        Glyph::new(7535, 15, 20, 18, 1, -20),
        Glyph::new(7575, 14, 7, 16, 1, -19),
        Glyph::new(7589, 13, 3, 17, 2, -9),
    ],
    bitmap: &[
        0x70, 0x70, 0x70, 0x70, 0x70, 0x70, 0x70, 0x70, 0x70, 0x70, 0x70, 0x70, 0x70, 0x00, 0x00,
        0x00, 0x60, 0xF0, 0xF0, 0x60, 0xE7, 0xE7, 0xE7, 0xE7, 0xE7, 0xE7, 0xE7, 0xE7, 0x07, 0x0C,
        0x07, 0x0C, 0x06, 0x0C, 0x06, 0x1C, 0x06, 0x1C, 0x3F, 0xFF, 0x3F, 0xFF, 0x3F, 0xFF, 0x0E,
        0x18, 0x0C, 0x38, 0x0C, 0x38, 0x0C, 0x38, 0x7F, 0xFE, 0x7F, 0xFE, 0xFF, 0xFE, 0x18, 0x30,
        0x18, 0x70, 0x18, 0x70, 0x38, 0x70, 0x38, 0x60, 0x03, 0x00, 0x03, 0x00, 0x03, 0x00, 0x0F,
        0xC0, 0x3F, 0xF0, 0x7F, 0xF8, 0x73, 0x78, 0xF3, 0x3C, 0xE3, 0x00, 0xF3, 0x00, 0xFB, 0x00,
        0x7F, 0x00, 0x3F, 0xE0, 0x1F, 0xF0, 0x03, 0xF8, 0x03, 0x7C, 0x03, 0x3C, 0xE3, 0x1C, 0xE3,
        0x3C, 0xF3, 0x78, 0x7F, 0xF8, 0x3F, 0xF0, 0x0F, 0xC0, 0x03, 0x00, 0x03, 0x00, 0x02, 0x00,
        0x3C, 0x01, 0xC0, 0x7E, 0x03, 0x80, 0xFF, 0x03, 0x80, 0xC3, 0x07, 0x00, 0xC3, 0x06, 0x00,
        0xC3, 0x0E, 0x00, 0xFF, 0x1C, 0x00, 0x7E, 0x1C, 0x00, 0x3C, 0x38, 0x00, 0x00, 0x70, 0x00,
        0x00, 0x70, 0x00, 0x00, 0xE1, 0xE0, 0x01, 0xC3, 0xF0, 0x01, 0xC7, 0x38, 0x03, 0x86, 0x18,
        0x07, 0x06, 0x18, 0x07, 0x07, 0x18, 0x0E, 0x07, 0xF8, 0x1C, 0x03, 0xF0, 0x1C, 0x01, 0xE0,
        0x0F, 0x80, 0x1F, 0xC0, 0x3F, 0xE0, 0x39, 0xE0, 0x38, 0xE0, 0x39, 0xE0, 0x3D, 0xC0, 0x3F,
        0xC0, 0x1F, 0x80, 0x1F, 0x00, 0x3F, 0x80, 0x7F, 0x8E, 0xF3, 0xDE, 0xF1, 0xFE, 0xE0, 0xFC,
        0xF0, 0xFC, 0xF0, 0x7C, 0x7F, 0xFC, 0x3F, 0xFE, 0x0F, 0x8F, 0xE0, 0xE0, 0xE0, 0xE0, 0xE0,
        0xE0, 0xE0, 0xE0, 0x1C, 0x1C, 0x38, 0x38, 0x78, 0x70, 0x70, 0x70, 0xF0, 0xF0, 0xF0, 0xE0,
        0xE0, 0xE0, 0xE0, 0xF0, 0xF0, 0xF0, 0x70, 0x70, 0x78, 0x38, 0x38, 0x1C, 0x1C, 0xE0, 0x70,
        0x70, 0x78, 0x38, 0x38, 0x3C, 0x3C, 0x1C, 0x1C, 0x1C, 0x1C, 0x1C, 0x1C, 0x1C, 0x1C, 0x1C,
        0x3C, 0x3C, 0x38, 0x38, 0x78, 0x70, 0x70, 0xE0, 0x0C, 0x00, 0x0C, 0x00, 0x4C, 0x80, 0xED,
        0xC0, 0x7F, 0x80, 0x1E, 0x00, 0x7F, 0x80, 0xED, 0xC0, 0x4C, 0x80, 0x0C, 0x00, 0x0C, 0x00,
        0x07, 0x00, 0x07, 0x00, 0x07, 0x00, 0x07, 0x00, 0x07, 0x00, 0xFF, 0xF8, 0xFF, 0xF8, 0xFF,
        0xF8, 0x07, 0x00, 0x07, 0x00, 0x07, 0x00, 0x07, 0x00, 0x07, 0x00, 0x07, 0x00, 0x70, 0xF0,
        0xE0, 0xE0, 0xE0, 0xE0, 0xC0, 0xC0, 0xFF, 0x80, 0xFF, 0x80, 0xFF, 0x80, 0x60, 0xF0, 0xF0,
        0x60, 0x03, 0x07, 0x07, 0x07, 0x0E, 0x0E, 0x0E, 0x0E, 0x1C, 0x1C, 0x1C, 0x1C, 0x38, 0x38,
        0x38, 0x38, 0x70, 0x70, 0x70, 0x60, 0xE0, 0xE0, 0xE0, 0xC0, 0x07, 0xC0, 0x1F, 0xE0, 0x3F,
        0xF0, 0x78, 0x78, 0x78, 0x38, 0x70, 0x3C, 0xF0, 0x1C, 0xF0, 0x1C, 0xE0, 0x1C, 0xE0, 0x1C,
        0xE0, 0x1C, 0xE0, 0x1C, 0xF0, 0x1C, 0xF0, 0x1C, 0x70, 0x3C, 0x70, 0x38, 0x78, 0x78, 0x3F,
        0xF0, 0x1F, 0xE0, 0x07, 0xC0, 0x0F, 0x1F, 0x7F, 0x77, 0xE7, 0xC7, 0x07, 0x07, 0x07, 0x07,
        0x07, 0x07, 0x07, 0x07, 0x07, 0x07, 0x07, 0x07, 0x07, 0x07, 0x0F, 0x80, 0x3F, 0xE0, 0x7F,
        0xF0, 0x70, 0x70, 0xF0, 0x78, 0xE0, 0x38, 0x00, 0x38, 0x00, 0x78, 0x00, 0x70, 0x00, 0xF0,
        0x01, 0xE0, 0x03, 0xC0, 0x07, 0x80, 0x0F, 0x00, 0x1E, 0x00, 0x3E, 0x00, 0x7C, 0x00, 0xFF,
        0xF8, 0xFF, 0xF8, 0xFF, 0xF8, 0x0F, 0xC0, 0x3F, 0xE0, 0x7F, 0xF0, 0xF0, 0x78, 0xF0, 0x38,
        0x00, 0x38, 0x00, 0x38, 0x00, 0x78, 0x07, 0xF0, 0x07, 0xC0, 0x07, 0xF0, 0x00, 0x78, 0x00,
        0x3C, 0x00, 0x1C, 0xE0, 0x1C, 0xF0, 0x3C, 0xF8, 0x78, 0x7F, 0xF8, 0x3F, 0xF0, 0x0F, 0xC0,
        0x00, 0xF0, 0x01, 0xF0, 0x01, 0xF0, 0x03, 0xF0, 0x07, 0xF0, 0x07, 0x70, 0x0E, 0x70, 0x0E,
        0x70, 0x1C, 0x70, 0x3C, 0x70, 0x38, 0x70, 0x70, 0x70, 0x70, 0x70, 0xFF, 0xFC, 0xFF, 0xFE,
        0xFF, 0xFE, 0x00, 0x70, 0x00, 0x70, 0x00, 0x70, 0x00, 0x70, 0x7F, 0xF0, 0x7F, 0xF0, 0x7F,
        0xF0, 0x70, 0x00, 0x70, 0x00, 0x70, 0x00, 0x70, 0x00, 0x77, 0xC0, 0x7F, 0xE0, 0xFF, 0xF0,
        0x70, 0x78, 0x00, 0x78, 0x00, 0x38, 0x00, 0x38, 0x00, 0x38, 0xF0, 0x78, 0xF0, 0x78, 0x7F,
        0xF0, 0x3F, 0xE0, 0x0F, 0x80, 0x07, 0xC0, 0x1F, 0xF0, 0x3F, 0xF8, 0x38, 0x78, 0x78, 0x3C,
        0x70, 0x00, 0xF0, 0x00, 0xF3, 0xC0, 0xEF, 0xF0, 0xFF, 0xF8, 0xF8, 0x78, 0xF0, 0x3C, 0xF0,
        0x1C, 0xF0, 0x1C, 0xF0, 0x3C, 0x70, 0x3C, 0x78, 0x78, 0x3F, 0xF8, 0x1F, 0xF0, 0x07, 0xC0,
        0xFF, 0xF8, 0xFF, 0xF8, 0xFF, 0xF8, 0x00, 0x78, 0x00, 0x70, 0x00, 0xF0, 0x00, 0xE0, 0x01,
        0xE0, 0x01, 0xC0, 0x03, 0xC0, 0x03, 0x80, 0x07, 0x80, 0x07, 0x00, 0x0F, 0x00, 0x0E, 0x00,
        0x1E, 0x00, 0x1E, 0x00, 0x3C, 0x00, 0x3C, 0x00, 0x38, 0x00, 0x0F, 0xC0, 0x3F, 0xF0, 0x3F,
        0xF0, 0x78, 0x78, 0x70, 0x38, 0x70, 0x38, 0x70, 0x38, 0x78, 0x78, 0x3F, 0xF0, 0x1F, 0xE0,
        0x3F, 0xF0, 0x78, 0x78, 0xF0, 0x3C, 0xE0, 0x1C, 0xE0, 0x1C, 0xF0, 0x3C, 0xF8, 0x78, 0x7F,
        0xF8, 0x3F, 0xF0, 0x0F, 0xC0, 0x0F, 0x80, 0x3F, 0xE0, 0x7F, 0xF0, 0x78, 0x78, 0xF0, 0x38,
        0xF0, 0x3C, 0xE0, 0x3C, 0xE0, 0x3C, 0xF0, 0x3C, 0x78, 0x7C, 0x7F, 0xFC, 0x3F, 0xDC, 0x0F,
        0x3C, 0x00, 0x3C, 0x00, 0x38, 0xF0, 0x78, 0x78, 0x70, 0x7F, 0xF0, 0x3F, 0xE0, 0x0F, 0x80,
        0x60, 0xF0, 0xF0, 0x60, 0x00, 0x00, 0x00, 0x00, 0x00, 0x00, 0x60, 0xF0, 0xF0, 0x60, 0x30,
        0x78, 0x78, 0x30, 0x00, 0x00, 0x00, 0x00, 0x00, 0x00, 0x00, 0x70, 0x70, 0x70, 0x70, 0x60,
        0x60, 0xE0, 0xE0, 0x00, 0x18, 0x00, 0x78, 0x01, 0xF8, 0x07, 0xF0, 0x1F, 0x80, 0x7E, 0x00,
        0xF8, 0x00, 0xF0, 0x00, 0xFC, 0x00, 0x3F, 0x80, 0x0F, 0xE0, 0x03, 0xF0, 0x00, 0xF8, 0x00,
        0x38, 0xFF, 0xF0, 0xFF, 0xF0, 0xFF, 0xF0, 0x00, 0x00, 0x00, 0x00, 0x00, 0x00, 0xFF, 0xF0,
        0xFF, 0xF0, 0xFF, 0xF0, 0xC0, 0x00, 0xF0, 0x00, 0xFC, 0x00, 0x7F, 0x00, 0x1F, 0xC0, 0x07,
        0xF0, 0x01, 0xF8, 0x00, 0xF8, 0x03, 0xF0, 0x0F, 0xE0, 0x3F, 0x00, 0xFC, 0x00, 0xF0, 0x00,
        0xC0, 0x00, 0x1F, 0x80, 0x3F, 0xC0, 0x7F, 0xE0, 0xF0, 0xF0, 0xF0, 0xF0, 0x00, 0x70, 0x00,
        0xF0, 0x00, 0xE0, 0x03, 0xE0, 0x07, 0xC0, 0x0F, 0x00, 0x0F, 0x00, 0x0E, 0x00, 0x0E, 0x00,
        0x00, 0x00, 0x00, 0x00, 0x0C, 0x00, 0x1E, 0x00, 0x1E, 0x00, 0x0C, 0x00, 0x00, 0xFE, 0x00,
        0x03, 0xFF, 0xC0, 0x0F, 0xFF, 0xE0, 0x1F, 0x00, 0xF0, 0x3E, 0x00, 0x78, 0x3C, 0x00, 0x38,
        0x78, 0x00, 0x1C, 0x70, 0x7B, 0x9C, 0x70, 0xFF, 0x8E, 0xF1, 0xFF, 0x8E, 0xF1, 0xC7, 0x8E,
        0xE3, 0x83, 0x8E, 0xE3, 0x83, 0x8E, 0xE3, 0x83, 0x8E, 0xE3, 0x83, 0x8E, 0xF3, 0x83, 0x8E,
        0xF3, 0xC7, 0x9C, 0x71, 0xFF, 0xFC, 0x70, 0xFD, 0xF8, 0x78, 0x78, 0xF0, 0x3C, 0x00, 0x00,
        0x3E, 0x00, 0x00, 0x1F, 0x00, 0x80, 0x0F, 0xFF, 0xC0, 0x03, 0xFF, 0xC0, 0x00, 0xFF, 0x00,
        0x01, 0xE0, 0x00, 0x03, 0xF0, 0x00, 0x03, 0xF0, 0x00, 0x03, 0xF0, 0x00, 0x07, 0x78, 0x00,
        0x07, 0x38, 0x00, 0x07, 0x38, 0x00, 0x0F, 0x3C, 0x00, 0x0E, 0x3C, 0x00, 0x0E, 0x1C, 0x00,
        0x1E, 0x1E, 0x00, 0x1E, 0x1E, 0x00, 0x1F, 0xFE, 0x00, 0x3F, 0xFF, 0x00, 0x3F, 0xFF, 0x00,
        0x38, 0x07, 0x00, 0x78, 0x07, 0x80, 0x78, 0x07, 0x80, 0x70, 0x03, 0x80, 0xF0, 0x03, 0xC0,
        0xFF, 0xC0, 0xFF, 0xF0, 0xFF, 0xF8, 0xE0, 0x78, 0xE0, 0x38, 0xE0, 0x38, 0xE0, 0x38, 0xE0,
        0x78, 0xFF, 0xF0, 0xFF, 0xE0, 0xFF, 0xF0, 0xE0, 0x78, 0xE0, 0x3C, 0xE0, 0x1C, 0xE0, 0x1C,
        0xE0, 0x3C, 0xE0, 0x3C, 0xFF, 0xF8, 0xFF, 0xF0, 0xFF, 0xE0, 0x03, 0xF0, 0x0F, 0xFC, 0x1F,
        0xFE, 0x3C, 0x1E, 0x78, 0x0F, 0x70, 0x07, 0xF0, 0x07, 0xF0, 0x00, 0xE0, 0x00, 0xE0, 0x00,
        0xE0, 0x00, 0xE0, 0x00, 0xF0, 0x00, 0xF0, 0x07, 0x70, 0x07, 0x78, 0x0F, 0x3C, 0x1E, 0x1F,
        0xFE, 0x0F, 0xF8, 0x03, 0xF0, 0xFF, 0xC0, 0xFF, 0xF0, 0xFF, 0xF8, 0xE0, 0x7C, 0xE0, 0x3C,
        0xE0, 0x1E, 0xE0, 0x1E, 0xE0, 0x0E, 0xE0, 0x0E, 0xE0, 0x0E, 0xE0, 0x0E, 0xE0, 0x0E, 0xE0,
        0x0E, 0xE0, 0x1E, 0xE0, 0x1E, 0xE0, 0x3C, 0xE0, 0x7C, 0xFF, 0xF8, 0xFF, 0xF0, 0xFF, 0xC0,
        0xFF, 0xF8, 0xFF, 0xF8, 0xFF, 0xF0, 0xE0, 0x00, 0xE0, 0x00, 0xE0, 0x00, 0xE0, 0x00, 0xE0,
        0x00, 0xE0, 0x00, 0xFF, 0xF0, 0xFF, 0xF0, 0xFF, 0xE0, 0xE0, 0x00, 0xE0, 0x00, 0xE0, 0x00,
        0xE0, 0x00, 0xE0, 0x00, 0xFF, 0xF0, 0xFF, 0xF8, 0xFF, 0xF8, 0xFF, 0xF0, 0xFF, 0xF0, 0xFF,
        0xF0, 0xE0, 0x00, 0xE0, 0x00, 0xE0, 0x00, 0xE0, 0x00, 0xE0, 0x00, 0xE0, 0x00, 0xFF, 0xE0,
        0xFF, 0xF0, 0xFF, 0xF0, 0xE0, 0x00, 0xE0, 0x00, 0xE0, 0x00, 0xE0, 0x00, 0xE0, 0x00, 0xE0,
        0x00, 0xE0, 0x00, 0xE0, 0x00, 0x03, 0xF0, 0x00, 0x0F, 0xFC, 0x00, 0x1F, 0xFE, 0x00, 0x3C,
        0x1F, 0x00, 0x78, 0x0F, 0x00, 0x70, 0x07, 0x80, 0xF0, 0x00, 0x00, 0xF0, 0x00, 0x00, 0xE0,
        0x00, 0x00, 0xE0, 0x7F, 0x80, 0xE0, 0x7F, 0x80, 0xE0, 0x7F, 0x80, 0xF0, 0x03, 0x80, 0xF0,
        0x07, 0x80, 0x70, 0x07, 0x80, 0x78, 0x07, 0x00, 0x3C, 0x1F, 0x00, 0x1F, 0xFE, 0x00, 0x0F,
        0xFC, 0x00, 0x03, 0xF0, 0x00, 0xE0, 0x0E, 0xE0, 0x0E, 0xE0, 0x0E, 0xE0, 0x0E, 0xE0, 0x0E,
        0xE0, 0x0E, 0xE0, 0x0E, 0xE0, 0x0E, 0xFF, 0xFE, 0xFF, 0xFE, 0xFF, 0xFE, 0xE0, 0x0E, 0xE0,
        0x0E, 0xE0, 0x0E, 0xE0, 0x0E, 0xE0, 0x0E, 0xE0, 0x0E, 0xE0, 0x0E, 0xE0, 0x0E, 0xE0, 0x0E,
        0xE0, 0xE0, 0xE0, 0xE0, 0xE0, 0xE0, 0xE0, 0xE0, 0xE0, 0xE0, 0xE0, 0xE0, 0xE0, 0xE0, 0xE0,
        0xE0, 0xE0, 0xE0, 0xE0, 0xE0, 0x00, 0x70, 0x00, 0x70, 0x00, 0x70, 0x00, 0x70, 0x00, 0x70,
        0x00, 0x70, 0x00, 0x70, 0x00, 0x70, 0x00, 0x70, 0x00, 0x70, 0x00, 0x70, 0x00, 0x70, 0x00,
        0x70, 0xE0, 0x70, 0xE0, 0x70, 0xF0, 0x70, 0xF0, 0xF0, 0x7F, 0xE0, 0x3F, 0xE0, 0x1F, 0x80,
        0xE0, 0x1E, 0xE0, 0x3C, 0xE0, 0x78, 0xE0, 0xF8, 0xE0, 0xF0, 0xE1, 0xE0, 0xE3, 0xC0, 0xE7,
        0x80, 0xEF, 0x80, 0xFF, 0x80, 0xFF, 0xC0, 0xFF, 0xC0, 0xF9, 0xE0, 0xF0, 0xE0, 0xE0, 0xF0,
        0xE0, 0x78, 0xE0, 0x78, 0xE0, 0x3C, 0xE0, 0x1E, 0xE0, 0x1E, 0xE0, 0x00, 0xE0, 0x00, 0xE0,
        0x00, 0xE0, 0x00, 0xE0, 0x00, 0xE0, 0x00, 0xE0, 0x00, 0xE0, 0x00, 0xE0, 0x00, 0xE0, 0x00,
        0xE0, 0x00, 0xE0, 0x00, 0xE0, 0x00, 0xE0, 0x00, 0xE0, 0x00, 0xE0, 0x00, 0xE0, 0x00, 0xFF,
        0xE0, 0xFF, 0xF0, 0xFF, 0xF0, 0xF8, 0x01, 0xF0, 0xFC, 0x01, 0xF0, 0xFC, 0x03, 0xF0, 0xFC,
        0x03, 0xF0, 0xFE, 0x03, 0xF0, 0xEE, 0x07, 0x70, 0xEE, 0x07, 0x70, 0xEF, 0x07, 0x70, 0xE7,
        0x0F, 0x70, 0xE7, 0x0E, 0x70, 0xE7, 0x9E, 0x70, 0xE3, 0x9E, 0x70, 0xE3, 0x9C, 0x70, 0xE3,
        0xDC, 0x70, 0xE1, 0xFC, 0x70, 0xE1, 0xF8, 0x70, 0xE0, 0xF8, 0x70, 0xE0, 0xF0, 0x70, 0xE0,
        0xF0, 0x70, 0xE0, 0x70, 0x70, 0xF0, 0x07, 0xF8, 0x07, 0xF8, 0x07, 0xFC, 0x07, 0xFE, 0x07,
        0xEE, 0x07, 0xEF, 0x07, 0xE7, 0x07, 0xE7, 0x87, 0xE3, 0x87, 0xE1, 0xC7, 0xE1, 0xE7, 0xE0,
        0xE7, 0xE0, 0xF7, 0xE0, 0x7F, 0xE0, 0x3F, 0xE0, 0x3F, 0xE0, 0x1F, 0xE0, 0x1F, 0xE0, 0x0F,
        0x03, 0xF0, 0x00, 0x0F, 0xFC, 0x00, 0x1F, 0xFE, 0x00, 0x3C, 0x1F, 0x00, 0x78, 0x0F, 0x00,
        0x70, 0x07, 0x80, 0xF0, 0x07, 0x80, 0xF0, 0x03, 0x80, 0xE0, 0x03, 0x80, 0xE0, 0x03, 0x80,
        0xE0, 0x03, 0x80, 0xE0, 0x03, 0x80, 0xF0, 0x03, 0x80, 0xF0, 0x07, 0x80, 0x70, 0x07, 0x80,
        0x78, 0x0F, 0x00, 0x3C, 0x1F, 0x00, 0x1F, 0xFE, 0x00, 0x0F, 0xFC, 0x00, 0x03, 0xF0, 0x00,
        0xFF, 0xC0, 0xFF, 0xF0, 0xFF, 0xF8, 0xE0, 0x78, 0xE0, 0x3C, 0xE0, 0x1C, 0xE0, 0x1C, 0xE0,
        0x1C, 0xE0, 0x3C, 0xE0, 0x78, 0xFF, 0xF8, 0xFF, 0xF0, 0xFF, 0xC0, 0xE0, 0x00, 0xE0, 0x00,
        0xE0, 0x00, 0xE0, 0x00, 0xE0, 0x00, 0xE0, 0x00, 0xE0, 0x00, 0x03, 0xF0, 0x00, 0x0F, 0xFC,
        0x00, 0x1F, 0xFE, 0x00, 0x3C, 0x1F, 0x00, 0x78, 0x0F, 0x00, 0x70, 0x07, 0x80, 0xF0, 0x07,
        0x80, 0xF0, 0x03, 0x80, 0xE0, 0x03, 0x80, 0xE0, 0x03, 0x80, 0xE0, 0x03, 0x80, 0xE0, 0x03,
        0x80, 0xF0, 0x03, 0x80, 0xF0, 0xE7, 0x80, 0x70, 0xF7, 0x80, 0x78, 0x7F, 0x00, 0x3C, 0x3F,
        0x00, 0x1F, 0xFE, 0x00, 0x0F, 0xFE, 0x00, 0x03, 0xFE, 0x00, 0x00, 0x07, 0x00, 0x00, 0x03,
        0x00, 0xFF, 0xC0, 0xFF, 0xF0, 0xFF, 0xF8, 0xE0, 0x78, 0xE0, 0x3C, 0xE0, 0x1C, 0xE0, 0x1C,
        0xE0, 0x1C, 0xE0, 0x3C, 0xE0, 0x78, 0xFF, 0xF8, 0xFF, 0xF0, 0xFF, 0xE0, 0xE1, 0xE0, 0xE0,
        0xF0, 0xE0, 0x70, 0xE0, 0x78, 0xE0, 0x38, 0xE0, 0x3C, 0xE0, 0x1C, 0x0F, 0xC0, 0x3F, 0xF0,
        0x7F, 0xF8, 0x70, 0x78, 0xF0, 0x3C, 0xE0, 0x00, 0xF0, 0x00, 0xF8, 0x00, 0x7F, 0x00, 0x3F,
        0xE0, 0x1F, 0xF0, 0x01, 0xF8, 0x00, 0x7C, 0x00, 0x3C, 0xE0, 0x1C, 0xE0, 0x3C, 0xF0, 0x78,
        0x7F, 0xF8, 0x3F, 0xF0, 0x0F, 0xC0, 0xFF, 0xFE, 0xFF, 0xFE, 0xFF, 0xFE, 0x03, 0x80, 0x03,
        0x80, 0x03, 0x80, 0x03, 0x80, 0x03, 0x80, 0x03, 0x80, 0x03, 0x80, 0x03, 0x80, 0x03, 0x80,
        0x03, 0x80, 0x03, 0x80, 0x03, 0x80, 0x03, 0x80, 0x03, 0x80, 0x03, 0x80, 0x03, 0x80, 0x03,
        0x80, 0xE0, 0x0E, 0xE0, 0x0E, 0xE0, 0x0E, 0xE0, 0x0E, 0xE0, 0x0E, 0xE0, 0x0E, 0xE0, 0x0E,
        0xE0, 0x0E, 0xE0, 0x0E, 0xE0, 0x0E, 0xE0, 0x0E, 0xE0, 0x0E, 0xE0, 0x0E, 0xE0, 0x0E, 0xF0,
        0x0E, 0x70, 0x1E, 0x78, 0x3C, 0x3F, 0xFC, 0x1F, 0xF8, 0x07, 0xE0, 0xF0, 0x07, 0x80, 0xF0,
        0x07, 0x80, 0xF0, 0x07, 0x00, 0x70, 0x0F, 0x00, 0x78, 0x0F, 0x00, 0x78, 0x0E, 0x00, 0x38,
        0x0E, 0x00, 0x3C, 0x1E, 0x00, 0x3C, 0x1C, 0x00, 0x1C, 0x1C, 0x00, 0x1E, 0x3C, 0x00, 0x0E,
        0x38, 0x00, 0x0E, 0x38, 0x00, 0x0F, 0x78, 0x00, 0x07, 0x70, 0x00, 0x07, 0x70, 0x00, 0x07,
        0xF0, 0x00, 0x03, 0xE0, 0x00, 0x03, 0xE0, 0x00, 0x03, 0xE0, 0x00, 0xE0, 0x3C, 0x07, 0x80,
        0xF0, 0x3C, 0x07, 0x80, 0xF0, 0x3E, 0x07, 0x00, 0x70, 0x3E, 0x0F, 0x00, 0x70, 0x7E, 0x0F,
        0x00, 0x78, 0x7E, 0x0E, 0x00, 0x78, 0x77, 0x0E, 0x00, 0x38, 0x77, 0x0E, 0x00, 0x38, 0xE7,
        0x1E, 0x00, 0x38, 0xE7, 0x1C, 0x00, 0x3C, 0xE3, 0x9C, 0x00, 0x1C, 0xE3, 0x9C, 0x00, 0x1C,
        0xC3, 0xBC, 0x00, 0x1D, 0xC3, 0xB8, 0x00, 0x1D, 0xC1, 0xB8, 0x00, 0x0F, 0xC1, 0xF8, 0x00,
        0x0F, 0x81, 0xF8, 0x00, 0x0F, 0x81, 0xF0, 0x00, 0x0F, 0x80, 0xF0, 0x00, 0x07, 0x80, 0xF0,
        0x00, 0xF0, 0x0F, 0x78, 0x1E, 0x78, 0x1C, 0x3C, 0x3C, 0x1E, 0x78, 0x1E, 0x78, 0x0F, 0xF0,
        0x07, 0xE0, 0x07, 0xE0, 0x03, 0xC0, 0x03, 0xC0, 0x07, 0xE0, 0x0F, 0xF0, 0x0E, 0x70, 0x1E,
        0x78, 0x3C, 0x3C, 0x38, 0x3C, 0x78, 0x1E, 0xF0, 0x0F, 0xF0, 0x0F, 0xF0, 0x07, 0x80, 0x78,
        0x07, 0x00, 0x78, 0x0F, 0x00, 0x3C, 0x1E, 0x00, 0x1C, 0x1E, 0x00, 0x1E, 0x3C, 0x00, 0x0E,
        0x3C, 0x00, 0x0F, 0x78, 0x00, 0x07, 0x70, 0x00, 0x07, 0xF0, 0x00, 0x03, 0xE0, 0x00, 0x01,
        0xE0, 0x00, 0x01, 0xC0, 0x00, 0x01, 0xC0, 0x00, 0x01, 0xC0, 0x00, 0x01, 0xC0, 0x00, 0x01,
        0xC0, 0x00, 0x01, 0xC0, 0x00, 0x01, 0xC0, 0x00, 0x01, 0xC0, 0x00, 0xFF, 0xFC, 0xFF, 0xFC,
        0xFF, 0xFC, 0x00, 0x38, 0x00, 0x70, 0x00, 0xF0, 0x01, 0xE0, 0x01, 0xC0, 0x03, 0xC0, 0x07,
        0x80, 0x07, 0x80, 0x0F, 0x00, 0x0E, 0x00, 0x1E, 0x00, 0x3C, 0x00, 0x38, 0x00, 0x70, 0x00,
        0xFF, 0xFC, 0xFF, 0xFC, 0xFF, 0xFC, 0xFC, 0xFC, 0xFC, 0xE0, 0xE0, 0xE0, 0xE0, 0xE0, 0xE0,
        0xE0, 0xE0, 0xE0, 0xE0, 0xE0, 0xE0, 0xE0, 0xE0, 0xE0, 0xE0, 0xE0, 0xE0, 0xE0, 0xFC, 0xFC,
        0xFC, 0xC0, 0xE0, 0xE0, 0xE0, 0xE0, 0x70, 0x70, 0x70, 0x30, 0x38, 0x38, 0x38, 0x18, 0x1C,
        0x1C, 0x1C, 0x0C, 0x0E, 0x0E, 0x0E, 0x07, 0x07, 0x07, 0x07, 0x7C, 0xFC, 0xFC, 0x1C, 0x1C,
        0x1C, 0x1C, 0x1C, 0x1C, 0x1C, 0x1C, 0x1C, 0x1C, 0x1C, 0x1C, 0x1C, 0x1C, 0x1C, 0x1C, 0x1C,
        0x1C, 0x1C, 0x7C, 0xFC, 0xFC, 0x0E, 0x00, 0x1F, 0x00, 0x1F, 0x00, 0x3B, 0x80, 0x31, 0x80,
        0x71, 0xC0, 0x60, 0xC0, 0xE0, 0xE0, 0xFF, 0xF0, 0xFF, 0xF0, 0xFF, 0xF0, 0xE0, 0x70, 0x30,
        0x38, 0x0F, 0x80, 0x3F, 0xE0, 0x7F, 0xF0, 0x70, 0xF0, 0x00, 0x70, 0x00, 0x70, 0x07, 0xF0,
        0x3F, 0xF0, 0x7C, 0x70, 0xF0, 0x70, 0xE0, 0x70, 0xF0, 0xF0, 0xFF, 0xF0, 0x7F, 0x70, 0x3E,
        0x70, 0xE0, 0x00, 0xE0, 0x00, 0xE0, 0x00, 0xE0, 0x00, 0xE0, 0x00, 0xE7, 0xC0, 0xEF, 0xE0,
        0xFF, 0xF0, 0xF8, 0x78, 0xF0, 0x78, 0xF0, 0x38, 0xE0, 0x38, 0xE0, 0x38, 0xE0, 0x38, 0xF0,
        0x38, 0xF0, 0x78, 0xF8, 0x78, 0xFF, 0xF0, 0xEF, 0xE0, 0xE7, 0xC0, 0x0F, 0x80, 0x1F, 0xE0,
        0x3F, 0xF0, 0x78, 0x78, 0x70, 0x78, 0xF0, 0x00, 0xE0, 0x00, 0xE0, 0x00, 0xE0, 0x00, 0xF0,
        0x00, 0x70, 0x38, 0x78, 0x78, 0x3F, 0xF0, 0x1F, 0xE0, 0x0F, 0x80, 0x00, 0x38, 0x00, 0x38,
        0x00, 0x38, 0x00, 0x38, 0x00, 0x38, 0x0F, 0x38, 0x3F, 0xB8, 0x7F, 0xF8, 0x78, 0x78, 0xF0,
        0x78, 0xF0, 0x38, 0xE0, 0x38, 0xE0, 0x38, 0xE0, 0x38, 0xF0, 0x38, 0xF0, 0x78, 0x78, 0x78,
        0x7F, 0xF8, 0x3F, 0xB8, 0x0F, 0x38, 0x0F, 0x80, 0x1F, 0xE0, 0x3F, 0xF0, 0x78, 0x70, 0x70,
        0x78, 0xE0, 0x38, 0xFF, 0xF8, 0xFF, 0xF8, 0xFF, 0xF8, 0xF0, 0x00, 0xF0, 0x00, 0x78, 0x78,
        0x3F, 0xF0, 0x1F, 0xF0, 0x0F, 0xC0, 0x03, 0xC0, 0x0F, 0xC0, 0x1F, 0xC0, 0x1E, 0x00, 0x1C,
        0x00, 0x1C, 0x00, 0xFF, 0xC0, 0xFF, 0xC0, 0x7F, 0x80, 0x1C, 0x00, 0x1C, 0x00, 0x1C, 0x00,
        0x1C, 0x00, 0x1C, 0x00, 0x1C, 0x00, 0x1C, 0x00, 0x1C, 0x00, 0x1C, 0x00, 0x1C, 0x00, 0x1C,
        0x00, 0x1C, 0x00, 0x0F, 0x38, 0x3F, 0xB8, 0x7F, 0xF8, 0x78, 0x78, 0xF0, 0x78, 0xF0, 0x38,
        0xE0, 0x38, 0xE0, 0x38, 0xE0, 0x38, 0xF0, 0x38, 0xF0, 0x78, 0x78, 0x78, 0x7F, 0xF8, 0x3F,
        0xB8, 0x0F, 0x38, 0x00, 0x38, 0x00, 0x38, 0x70, 0x78, 0x7F, 0xF0, 0x3F, 0xE0, 0x0F, 0xC0,
        0xE0, 0x00, 0xE0, 0x00, 0xE0, 0x00, 0xE0, 0x00, 0xE0, 0x00, 0xE3, 0xC0, 0xEF, 0xE0, 0xFF,
        0xF0, 0xF0, 0xF0, 0xF0, 0x70, 0xE0, 0x70, 0xE0, 0x70, 0xE0, 0x70, 0xE0, 0x70, 0xE0, 0x70,
        0xE0, 0x70, 0xE0, 0x70, 0xE0, 0x70, 0xE0, 0x70, 0xE0, 0x70, 0x60, 0xE0, 0xE0, 0x60, 0x00,
        0x00, 0xE0, 0xE0, 0xE0, 0xE0, 0xE0, 0xE0, 0xE0, 0xE0, 0xE0, 0xE0, 0xE0, 0xE0, 0xE0, 0xE0,
        0xE0, 0x18, 0x38, 0x38, 0x18, 0x00, 0x38, 0x38, 0x38, 0x38, 0x38, 0x38, 0x38, 0x38, 0x38,
        0x38, 0x38, 0x38, 0x38, 0x38, 0x38, 0x38, 0x38, 0x38, 0xF8, 0xF0, 0xE0, 0xE0, 0x00, 0xE0,
        0x00, 0xE0, 0x00, 0xE0, 0x00, 0xE0, 0x00, 0xE0, 0xF0, 0xE1, 0xE0, 0xE1, 0xC0, 0xE3, 0xC0,
        0xE7, 0x80, 0xEF, 0x00, 0xFE, 0x00, 0xFF, 0x00, 0xFF, 0x00, 0xF7, 0x80, 0xE3, 0xC0, 0xE1,
        0xE0, 0xE1, 0xE0, 0xE0, 0xF0, 0xE0, 0x78, 0xE0, 0xE0, 0xE0, 0xE0, 0xE0, 0xE0, 0xE0, 0xE0,
        0xE0, 0xE0, 0xE0, 0xE0, 0xE0, 0xE0, 0xE0, 0xE0, 0xE0, 0xE0, 0xE0, 0xE0, 0xE7, 0x87, 0x80,
        0xEF, 0xCF, 0xC0, 0xFF, 0xFF, 0xE0, 0xF1, 0xF1, 0xE0, 0xF0, 0xF0, 0xE0, 0xE0, 0xE0, 0xE0,
        0xE0, 0xE0, 0xE0, 0xE0, 0xE0, 0xE0, 0xE0, 0xE0, 0xE0, 0xE0, 0xE0, 0xE0, 0xE0, 0xE0, 0xE0,
        0xE0, 0xE0, 0xE0, 0xE0, 0xE0, 0xE0, 0xE0, 0xE0, 0xE0, 0xE0, 0xE0, 0xE0, 0xE3, 0xC0, 0xEF,
        0xE0, 0xFF, 0xF0, 0xF0, 0xF0, 0xF0, 0x70, 0xE0, 0x70, 0xE0, 0x70, 0xE0, 0x70, 0xE0, 0x70,
        0xE0, 0x70, 0xE0, 0x70, 0xE0, 0x70, 0xE0, 0x70, 0xE0, 0x70, 0xE0, 0x70, 0x0F, 0x80, 0x3F,
        0xE0, 0x3F, 0xF0, 0x78, 0x70, 0x70, 0x78, 0xF0, 0x38, 0xE0, 0x38, 0xE0, 0x38, 0xE0, 0x38,
        0xF0, 0x38, 0xF0, 0x78, 0x78, 0x70, 0x3F, 0xF0, 0x3F, 0xE0, 0x0F, 0x80, 0xE3, 0xC0, 0xEF,
        0xE0, 0xFF, 0xF0, 0xF8, 0x78, 0xF0, 0x78, 0xF0, 0x38, 0xE0, 0x38, 0xE0, 0x38, 0xE0, 0x38,
        0xF0, 0x38, 0xF0, 0x78, 0xF8, 0x78, 0xFF, 0xF0, 0xEF, 0xE0, 0xE7, 0xC0, 0xE0, 0x00, 0xE0,
        0x00, 0xE0, 0x00, 0xE0, 0x00, 0xE0, 0x00, 0xE0, 0x00, 0x0F, 0x38, 0x3F, 0xB8, 0x7F, 0xF8,
        0x78, 0x78, 0xF0, 0x78, 0xF0, 0x38, 0xE0, 0x38, 0xE0, 0x38, 0xE0, 0x38, 0xF0, 0x38, 0xF0,
        0x78, 0x78, 0x78, 0x7F, 0xF8, 0x3F, 0xB8, 0x0F, 0x38, 0x00, 0x38, 0x00, 0x38, 0x00, 0x38,
        0x00, 0x38, 0x00, 0x38, 0x00, 0x38, 0xE7, 0xEF, 0xFF, 0xF8, 0xF0, 0xE0, 0xE0, 0xE0, 0xE0,
        0xE0, 0xE0, 0xE0, 0xE0, 0xE0, 0xE0, 0x1F, 0x80, 0x7F, 0xC0, 0xFF, 0xE0, 0xF0, 0xF0, 0xE0,
        0x00, 0xF0, 0x00, 0x7E, 0x00, 0x3F, 0xC0, 0x07, 0xE0, 0x00, 0xF0, 0x60, 0x70, 0xF0, 0xF0,
        0xFF, 0xE0, 0x7F, 0xC0, 0x1F, 0x80, 0x38, 0x38, 0x38, 0x38, 0xFF, 0xFF, 0xFF, 0x38, 0x38,
        0x38, 0x38, 0x38, 0x38, 0x38, 0x38, 0x3C, 0x3F, 0x1F, 0x0F, 0xE0, 0x70, 0xE0, 0x70, 0xE0,
        0x70, 0xE0, 0x70, 0xE0, 0x70, 0xE0, 0x70, 0xE0, 0x70, 0xE0, 0x70, 0xE0, 0x70, 0xE0, 0x70,
        0xF0, 0x70, 0xF0, 0xF0, 0x7F, 0xF0, 0x7F, 0x70, 0x1E, 0x70, 0xE0, 0x3C, 0xF0, 0x38, 0xF0,
        0x78, 0x70, 0x78, 0x70, 0x70, 0x78, 0x70, 0x38, 0xE0, 0x38, 0xE0, 0x3C, 0xE0, 0x1D, 0xC0,
        0x1D, 0xC0, 0x0F, 0xC0, 0x0F, 0x80, 0x0F, 0x80, 0x07, 0x80, 0xE0, 0xF0, 0x70, 0xE0, 0xF0,
        0xF0, 0xF0, 0xF0, 0xF0, 0x70, 0xF0, 0xE0, 0x71, 0xF8, 0xE0, 0x71, 0xF9, 0xE0, 0x79, 0xB9,
        0xC0, 0x39, 0x99, 0xC0, 0x3B, 0x99, 0xC0, 0x3B, 0x9D, 0xC0, 0x1F, 0x1F, 0x80, 0x1F, 0x0F,
        0x80, 0x1F, 0x0F, 0x80, 0x1F, 0x0F, 0x00, 0x0E, 0x07, 0x00, 0xF0, 0x70, 0x70, 0xF0, 0x78,
        0xE0, 0x39, 0xE0, 0x3D, 0xC0, 0x1F, 0x80, 0x0F, 0x80, 0x0F, 0x80, 0x1F, 0x80, 0x1F, 0xC0,
        0x3D, 0xC0, 0x39, 0xE0, 0x78, 0xE0, 0xF0, 0x70, 0xE0, 0x78, 0xE0, 0x3C, 0xE0, 0x38, 0xF0,
        0x38, 0x70, 0x78, 0x70, 0x70, 0x78, 0x70, 0x38, 0xE0, 0x38, 0xE0, 0x3C, 0xE0, 0x1D, 0xC0,
        0x1D, 0xC0, 0x0F, 0xC0, 0x0F, 0x80, 0x0F, 0x80, 0x07, 0x80, 0x07, 0x00, 0x07, 0x00, 0x0F,
        0x00, 0x7E, 0x00, 0x7C, 0x00, 0x78, 0x00, 0xFF, 0xE0, 0xFF, 0xE0, 0xFF, 0xE0, 0x01, 0xC0,
        0x03, 0x80, 0x07, 0x80, 0x0F, 0x00, 0x0E, 0x00, 0x1E, 0x00, 0x3C, 0x00, 0x38, 0x00, 0x78,
        0x00, 0xFF, 0xE0, 0xFF, 0xE0, 0xFF, 0xE0, 0x03, 0x00, 0x0F, 0x80, 0x1F, 0x80, 0x1E, 0x00,
        0x1C, 0x00, 0x1C, 0x00, 0x1C, 0x00, 0x1C, 0x00, 0x1C, 0x00, 0x3C, 0x00, 0x3C, 0x00, 0xF8,
        0x00, 0xF0, 0x00, 0xF8, 0x00, 0x3C, 0x00, 0x3C, 0x00, 0x1C, 0x00, 0x1C, 0x00, 0x1C, 0x00,
        0x1C, 0x00, 0x1C, 0x00, 0x1E, 0x00, 0x1F, 0x00, 0x0F, 0x80, 0x07, 0x00, 0xE0, 0xE0, 0xE0,
        0xE0, 0xE0, 0xE0, 0xE0, 0xE0, 0xE0, 0xE0, 0xE0, 0xE0, 0xE0, 0xE0, 0xE0, 0xE0, 0xE0, 0xE0,
        0xE0, 0xE0, 0xE0, 0xE0, 0xE0, 0xE0, 0xE0, 0xE0, 0xE0, 0xE0, 0xE0, 0xE0, 0xE0, 0xE0, 0xE0,
        0xE0, 0x00, 0xF8, 0x00, 0xFC, 0x00, 0x3C, 0x00, 0x1C, 0x00, 0x1C, 0x00, 0x1C, 0x00, 0x1C,
        0x00, 0x1C, 0x00, 0x1E, 0x00, 0x1E, 0x00, 0x0F, 0x80, 0x07, 0x80, 0x0F, 0x80, 0x1E, 0x00,
        0x1E, 0x00, 0x1C, 0x00, 0x1C, 0x00, 0x1C, 0x00, 0x1C, 0x00, 0x1C, 0x00, 0x3C, 0x00, 0xFC,
        0x00, 0xF8, 0x00, 0xF0, 0x00, 0x18, 0x00, 0x7E, 0x1C, 0x7F, 0x3C, 0xE3, 0xF8, 0xE1, 0xF8,
        0x00, 0xF0, 0x60, 0xF0, 0xF0, 0x60, 0x00, 0x00, 0x00, 0x70, 0x70, 0x70, 0x70, 0x70, 0x70,
        0x70, 0x70, 0x70, 0x70, 0x70, 0x70, 0x70, 0x03, 0x00, 0x03, 0x00, 0x07, 0x80, 0x1F, 0xE0,
        0x3F, 0xF0, 0x7B, 0x78, 0x73, 0x38, 0xF3, 0x00, 0xF3, 0x00, 0xE3, 0x00, 0xE3, 0x00, 0xF3,
        0x00, 0xF3, 0x20, 0x73, 0x38, 0x7B, 0x78, 0x3F, 0xF0, 0x1F, 0xE0, 0x07, 0x80, 0x03, 0x00,
        0x03, 0x00, 0x03, 0xC0, 0x0F, 0xF0, 0x1F, 0xF8, 0x1C, 0x38, 0x3C, 0x3C, 0x38, 0x00, 0x38,
        0x00, 0x38, 0x00, 0x38, 0x00, 0xFF, 0xC0, 0xFF, 0xC0, 0xFF, 0xC0, 0x38, 0x00, 0x38, 0x00,
        0x38, 0x00, 0x38, 0x00, 0x70, 0x1C, 0xFF, 0xFC, 0xFF, 0xF8, 0xFF, 0xF0, 0x43, 0x84, 0xEF,
        0xF6, 0xFF, 0xFE, 0x78, 0x3C, 0x70, 0x1C, 0x60, 0x0E, 0xE0, 0x06, 0xC0, 0x06, 0xC0, 0x06,
        0xC0, 0x06, 0xE0, 0x06, 0xE0, 0x0E, 0x70, 0x1C, 0x78, 0x3C, 0xFF, 0xFE, 0xDF, 0xF6, 0x07,
        0xC0, 0xF0, 0x38, 0xF0, 0x78, 0x70, 0x70, 0x78, 0x70, 0x38, 0xF0, 0x38, 0xE0, 0x1D, 0xE0,
        0x1D, 0xC0, 0x0F, 0xC0, 0x0F, 0x80, 0x7F, 0xF0, 0x7F, 0xF0, 0x07, 0x80, 0x07, 0x80, 0x7F,
        0xF0, 0x7F, 0xF0, 0x07, 0x00, 0x07, 0x00, 0x07, 0x00, 0x07, 0x00, 0xE0, 0xE0, 0xE0, 0xE0,
        0xE0, 0xE0, 0xE0, 0xE0, 0xE0, 0x00, 0x00, 0x00, 0x00, 0x00, 0xE0, 0xE0, 0xE0, 0xE0, 0xE0,
        0xE0, 0xE0, 0xE0, 0xE0, 0x1F, 0x80, 0x3F, 0xC0, 0x7F, 0xE0, 0x70, 0xE0, 0x70, 0xE0, 0x70,
        0x00, 0x78, 0x00, 0x3E, 0x00, 0x3F, 0x80, 0x67, 0xE0, 0xE1, 0xE0, 0xE0, 0xF0, 0xE0, 0x70,
        0x78, 0x70, 0x7E, 0x60, 0x1F, 0xC0, 0x07, 0xC0, 0x01, 0xE0, 0x00, 0xE0, 0x70, 0xE0, 0x70,
        0xE0, 0x7F, 0xE0, 0x3F, 0xC0, 0x1F, 0x80, 0x63, 0x00, 0xE3, 0x80, 0xE3, 0x80, 0x63, 0x00,
        0x01, 0xF8, 0x00, 0x07, 0xFE, 0x00, 0x1F, 0xFF, 0x80, 0x3E, 0x07, 0xC0, 0x38, 0xE3, 0xC0,
        0x71, 0xF9, 0xE0, 0x73, 0xFC, 0xE0, 0xE7, 0x1C, 0xF0, 0xE6, 0x0E, 0xF0, 0xE6, 0x00, 0x70,
        0xE6, 0x00, 0x70, 0xE6, 0x0C, 0xF0, 0xE7, 0x1C, 0xF0, 0x73, 0xFC, 0xE0, 0x71, 0xF9, 0xE0,
        0x38, 0xE3, 0xC0, 0x3E, 0x07, 0xC0, 0x1F, 0xFF, 0x80, 0x07, 0xFE, 0x00, 0x01, 0xF8, 0x00,
        0x1E, 0x00, 0x7F, 0x80, 0x73, 0xC0, 0x01, 0xC0, 0x07, 0xC0, 0x7F, 0xC0, 0xF1, 0xC0, 0xE1,
        0xC0, 0xE3, 0xC0, 0xFF, 0xC0, 0x3D, 0xC0, 0x07, 0x1C, 0x0F, 0x38, 0x1E, 0x78, 0x1C, 0xF0,
        0x39, 0xE0, 0x79, 0xC0, 0xF3, 0xC0, 0x79, 0xC0, 0x39, 0xE0, 0x1C, 0xF0, 0x1E, 0x78, 0x0F,
        0x38, 0x07, 0x1C, 0x7F, 0xF0, 0xFF, 0xF0, 0xFF, 0xF0, 0x00, 0x70, 0x00, 0x70, 0x00, 0x70,
        0x00, 0x70, 0xFF, 0x80, 0xFF, 0x80, 0xFF, 0x80, 0x07, 0xC0, 0x1F, 0xF0, 0x38, 0x38, 0x70,
        0x1C, 0x67, 0x8C, 0xC6, 0xC6, 0xC6, 0xC6, 0xC7, 0x86, 0xC6, 0x86, 0xC6, 0xC6, 0x66, 0xCC,
        0x70, 0x1C, 0x38, 0x38, 0x1F, 0xF0, 0x07, 0xC0, 0xFE, 0xFE, 0xFE, 0x1C, 0x00, 0x3E, 0x00,
        0x7F, 0x00, 0xE3, 0x80, 0xC1, 0x80, 0xC1, 0x80, 0xE3, 0x80, 0x7F, 0x00, 0x7F, 0x00, 0x1C,
        0x00, 0x07, 0x00, 0x07, 0x00, 0x07, 0x00, 0xFF, 0xF8, 0xFF, 0xF8, 0xFF, 0xF8, 0x07, 0x00,
        0x07, 0x00, 0x07, 0x00, 0x07, 0x00, 0x00, 0x00, 0xFF, 0xF8, 0xFF, 0xF8, 0xFF, 0xF8, 0x3E,
        0x00, 0x7F, 0x00, 0xE7, 0x80, 0x03, 0x80, 0x03, 0x80, 0x07, 0x00, 0x1E, 0x00, 0x3C, 0x00,
        0x70, 0x00, 0xFF, 0x80, 0xFF, 0x80, 0x3E, 0x00, 0xFF, 0x00, 0xE3, 0x80, 0x03, 0x80, 0x1E,
        0x00, 0x1F, 0x00, 0x07, 0x00, 0x03, 0x80, 0xE7, 0x80, 0xFF, 0x00, 0x3E, 0x00, 0x38, 0x70,
        0x70, 0xE0, 0xE0, 0x70, 0xE0, 0x70, 0xE0, 0x70, 0xE0, 0x70, 0xE0, 0x70, 0xE0, 0x70, 0xE0,
        0x70, 0xE0, 0x70, 0xE0, 0x70, 0xE0, 0x70, 0xF0, 0x70, 0xF0, 0xF0, 0xFF, 0xFC, 0xFF, 0xBC,
        0xE7, 0x1C, 0xE0, 0x00, 0xE0, 0x00, 0xE0, 0x00, 0xE0, 0x00, 0xE0, 0x00, 0xE0, 0x00, 0x0F,
        0xF8, 0x3F, 0xF8, 0x7F, 0xF8, 0x7E, 0x38, 0xFE, 0x38, 0xFE, 0x38, 0xFE, 0x38, 0xFE, 0x38,
        0xFE, 0x38, 0x7E, 0x38, 0x7E, 0x38, 0x3E, 0x38, 0x06, 0x38, 0x00, 0x38, 0x00, 0x38, 0x00,
        0x38, 0x00, 0x38, 0x00, 0x38, 0x00, 0x38, 0x00, 0x38, 0x60, 0xF0, 0xF0, 0x60, 0x60, 0x60,
        0x78, 0x18, 0x78, 0xF0, 0x3C, 0xFC, 0xFC, 0x9C, 0x1C, 0x1C, 0x1C, 0x1C, 0x1C, 0x1C, 0x1C,
        0x1F, 0x00, 0x3F, 0x80, 0x71, 0xC0, 0xE0, 0xE0, 0xE0, 0xE0, 0xE0, 0xE0, 0xE0, 0xE0, 0xE0,
        0xE0, 0x71, 0xC0, 0x3F, 0x80, 0x1F, 0x00, 0xF3, 0xC0, 0x79, 0xC0, 0x38, 0xE0, 0x1C, 0xF0,
        0x1E, 0x78, 0x0F, 0x3C, 0x07, 0x3C, 0x0F, 0x3C, 0x1E, 0x78, 0x1C, 0xF0, 0x38, 0xE0, 0x79,
        0xC0, 0xF3, 0xC0, 0x38, 0x01, 0x80, 0x78, 0x03, 0x80, 0xD8, 0x03, 0x00, 0x18, 0x06, 0x00,
        0x18, 0x0E, 0x00, 0x18, 0x0C, 0x00, 0x18, 0x18, 0x00, 0x18, 0x38, 0x00, 0x18, 0x30, 0x00,
        0x18, 0x60, 0xE0, 0x18, 0xE1, 0xE0, 0x01, 0xC1, 0xE0, 0x01, 0x83, 0xE0, 0x03, 0x87, 0x60,
        0x07, 0x06, 0x60, 0x06, 0x0E, 0x60, 0x0C, 0x0F, 0xF0, 0x1C, 0x0F, 0xF0, 0x18, 0x00, 0x60,
        0x10, 0x00, 0x60, 0x38, 0x01, 0x80, 0x78, 0x01, 0x80, 0xF8, 0x03, 0x00, 0x18, 0x07, 0x00,
        0x18, 0x06, 0x00, 0x18, 0x0C, 0x00, 0x18, 0x1C, 0x00, 0x18, 0x38, 0x00, 0x18, 0x30, 0x00,
        0x18, 0x70, 0xE0, 0x18, 0xE1, 0xF0, 0x00, 0xC3, 0xB8, 0x01, 0xC0, 0x18, 0x03, 0x80, 0x38,
        0x03, 0x00, 0x30, 0x06, 0x00, 0x60, 0x0E, 0x00, 0xC0, 0x0C, 0x01, 0xC0, 0x18, 0x03, 0xF8,
        0x38, 0x03, 0xF8, 0x7C, 0x00, 0xC0, 0xFE, 0x01, 0xC0, 0xC6, 0x01, 0x80, 0x06, 0x03, 0x00,
        0x3C, 0x07, 0x00, 0x3E, 0x06, 0x00, 0x07, 0x0C, 0x00, 0x07, 0x1C, 0x00, 0xC7, 0x38, 0x00,
        0xFE, 0x30, 0x70, 0x7C, 0x70, 0xF0, 0x00, 0xE0, 0xF0, 0x00, 0xC1, 0xF0, 0x01, 0xC1, 0xB0,
        0x03, 0x83, 0x30, 0x03, 0x07, 0x30, 0x07, 0x07, 0xF8, 0x0E, 0x07, 0xF8, 0x0C, 0x00, 0x30,
        0x08, 0x00, 0x30, 0x06, 0x00, 0x0F, 0x00, 0x0F, 0x00, 0x06, 0x00, 0x00, 0x00, 0x00, 0x00,
        0x07, 0x00, 0x07, 0x00, 0x0F, 0x00, 0x0F, 0x00, 0x1E, 0x00, 0x7C, 0x00, 0x78, 0x00, 0xF0,
        0x00, 0xF0, 0x00, 0xE0, 0x70, 0xF0, 0xF0, 0xF0, 0xF0, 0x7F, 0xE0, 0x3F, 0xC0, 0x1F, 0x80,
        0x03, 0x80, 0x00, 0x03, 0x80, 0x00, 0x01, 0xC0, 0x00, 0x01, 0xC0, 0x00, 0x00, 0x00, 0x00,
        0x00, 0x00, 0x00, 0x01, 0xE0, 0x00, 0x03, 0xF0, 0x00, 0x03, 0xF0, 0x00, 0x03, 0xF0, 0x00,
        0x07, 0x78, 0x00, 0x07, 0x38, 0x00, 0x07, 0x38, 0x00, 0x0F, 0x3C, 0x00, 0x0E, 0x3C, 0x00,
        0x0E, 0x1C, 0x00, 0x1E, 0x1E, 0x00, 0x1E, 0x1E, 0x00, 0x1F, 0xFE, 0x00, 0x3F, 0xFF, 0x00,
        0x3F, 0xFF, 0x00, 0x38, 0x07, 0x00, 0x78, 0x07, 0x80, 0x78, 0x07, 0x80, 0x70, 0x03, 0x80,
        0xF0, 0x03, 0xC0, 0x00, 0x70, 0x00, 0x00, 0x70, 0x00, 0x00, 0xE0, 0x00, 0x00, 0xC0, 0x00,
        0x00, 0x00, 0x00, 0x00, 0x00, 0x00, 0x01, 0xE0, 0x00, 0x03, 0xF0, 0x00, 0x03, 0xF0, 0x00,
        0x03, 0xF0, 0x00, 0x07, 0x78, 0x00, 0x07, 0x38, 0x00, 0x07, 0x38, 0x00, 0x0F, 0x3C, 0x00,
        0x0E, 0x3C, 0x00, 0x0E, 0x1C, 0x00, 0x1E, 0x1E, 0x00, 0x1E, 0x1E, 0x00, 0x1F, 0xFE, 0x00,
        0x3F, 0xFF, 0x00, 0x3F, 0xFF, 0x00, 0x38, 0x07, 0x00, 0x78, 0x07, 0x80, 0x78, 0x07, 0x80,
        0x70, 0x03, 0x80, 0xF0, 0x03, 0xC0, 0x00, 0xC0, 0x00, 0x01, 0xE0, 0x00, 0x03, 0x70, 0x00,
        0x07, 0x38, 0x00, 0x00, 0x00, 0x00, 0x00, 0x00, 0x00, 0x01, 0xE0, 0x00, 0x03, 0xF0, 0x00,
        0x03, 0xF0, 0x00, 0x03, 0xF0, 0x00, 0x07, 0x78, 0x00, 0x07, 0x38, 0x00, 0x07, 0x38, 0x00,
        0x0F, 0x3C, 0x00, 0x0E, 0x3C, 0x00, 0x0E, 0x1C, 0x00, 0x1E, 0x1E, 0x00, 0x1E, 0x1E, 0x00,
        0x1F, 0xFE, 0x00, 0x3F, 0xFF, 0x00, 0x3F, 0xFF, 0x00, 0x38, 0x07, 0x00, 0x78, 0x07, 0x80,
        0x78, 0x07, 0x80, 0x70, 0x03, 0x80, 0xF0, 0x03, 0xC0, 0x03, 0x98, 0x00, 0x07, 0xF8, 0x00,
        0x06, 0x70, 0x00, 0x00, 0x00, 0x00, 0x00, 0x00, 0x00, 0x01, 0xE0, 0x00, 0x03, 0xF0, 0x00,
        0x03, 0xF0, 0x00, 0x03, 0xF0, 0x00, 0x07, 0x78, 0x00, 0x07, 0x38, 0x00, 0x07, 0x38, 0x00,
        0x0F, 0x3C, 0x00, 0x0E, 0x3C, 0x00, 0x0E, 0x1C, 0x00, 0x1E, 0x1E, 0x00, 0x1E, 0x1E, 0x00,
        0x1F, 0xFE, 0x00, 0x3F, 0xFF, 0x00, 0x3F, 0xFF, 0x00, 0x38, 0x07, 0x00, 0x78, 0x07, 0x80,
        0x78, 0x07, 0x80, 0x70, 0x03, 0x80, 0xF0, 0x03, 0xC0, 0x06, 0x18, 0x00, 0x07, 0x38, 0x00,
        0x07, 0x38, 0x00, 0x06, 0x18, 0x00, 0x00, 0x00, 0x00, 0x00, 0x00, 0x00, 0x01, 0xE0, 0x00,
        0x03, 0xF0, 0x00, 0x03, 0xF0, 0x00, 0x03, 0xF0, 0x00, 0x07, 0x78, 0x00, 0x07, 0x38, 0x00,
        0x07, 0x38, 0x00, 0x0F, 0x3C, 0x00, 0x0E, 0x3C, 0x00, 0x0E, 0x1C, 0x00, 0x1E, 0x1E, 0x00,
        0x1E, 0x1E, 0x00, 0x1F, 0xFE, 0x00, 0x3F, 0xFF, 0x00, 0x3F, 0xFF, 0x00, 0x38, 0x07, 0x00,
        0x78, 0x07, 0x80, 0x78, 0x07, 0x80, 0x70, 0x03, 0x80, 0xF0, 0x03, 0xC0, 0x01, 0xC0, 0x00,
        0x03, 0xE0, 0x00, 0x06, 0x30, 0x00, 0x06, 0x30, 0x00, 0x06, 0x30, 0x00, 0x03, 0xE0, 0x00,
        0x01, 0xC0, 0x00, 0x00, 0x00, 0x00, 0x03, 0xE0, 0x00, 0x03, 0xE0, 0x00, 0x03, 0xF0, 0x00,
        0x07, 0xF0, 0x00, 0x07, 0x70, 0x00, 0x07, 0x78, 0x00, 0x0F, 0x38, 0x00, 0x0E, 0x38, 0x00,
        0x0E, 0x3C, 0x00, 0x1E, 0x3C, 0x00, 0x1E, 0x1C, 0x00, 0x1C, 0x1E, 0x00, 0x3F, 0xFE, 0x00,
        0x3F, 0xFF, 0x00, 0x3F, 0xFF, 0x00, 0x38, 0x07, 0x00, 0x78, 0x07, 0x80, 0x78, 0x07, 0x80,
        0x70, 0x03, 0x80, 0xF0, 0x03, 0xC0, 0x00, 0xFF, 0xFF, 0x00, 0xFF, 0xFF, 0x01, 0xEF, 0xFF,
        0x01, 0xCE, 0x00, 0x01, 0xCE, 0x00, 0x03, 0xCE, 0x00, 0x03, 0x8E, 0x00, 0x07, 0x8E, 0x00,
        0x07, 0x0E, 0x00, 0x07, 0x0F, 0xFF, 0x0F, 0x0F, 0xFF, 0x0E, 0x0F, 0xFE, 0x1F, 0xFE, 0x00,
        0x1F, 0xFE, 0x00, 0x3F, 0xFE, 0x00, 0x3C, 0x0E, 0x00, 0x38, 0x0E, 0x00, 0x78, 0x0F, 0xFF,
        0x70, 0x0F, 0xFF, 0xF0, 0x0F, 0xFF, 0x03, 0xF0, 0x00, 0x0F, 0xFC, 0x00, 0x1F, 0xFE, 0x00,
        0x3C, 0x1F, 0x00, 0x78, 0x0F, 0x00, 0x70, 0x07, 0x80, 0xF0, 0x03, 0x00, 0xF0, 0x00, 0x00,
        0xE0, 0x00, 0x00, 0xE0, 0x00, 0x00, 0xE0, 0x00, 0x00, 0xE0, 0x00, 0x00, 0xF0, 0x00, 0x00,
        0xF0, 0x03, 0x00, 0x70, 0x07, 0x80, 0x78, 0x0F, 0x00, 0x3C, 0x1F, 0x00, 0x1F, 0xFE, 0x00,
        0x0F, 0xFC, 0x00, 0x03, 0xF0, 0x00, 0x00, 0x80, 0x00, 0x00, 0xE0, 0x00, 0x00, 0x30, 0x00,
        0x00, 0x30, 0x00, 0x01, 0xF0, 0x00, 0x00, 0x80, 0x00, 0x1C, 0x00, 0x1C, 0x00, 0x0E, 0x00,
        0x06, 0x00, 0x00, 0x00, 0x00, 0x00, 0xFF, 0xF8, 0xFF, 0xF8, 0xFF, 0xF0, 0xE0, 0x00, 0xE0,
        0x00, 0xE0, 0x00, 0xE0, 0x00, 0xE0, 0x00, 0xE0, 0x00, 0xFF, 0xF0, 0xFF, 0xF0, 0xFF, 0xE0,
        0xE0, 0x00, 0xE0, 0x00, 0xE0, 0x00, 0xE0, 0x00, 0xE0, 0x00, 0xFF, 0xF0, 0xFF, 0xF8, 0xFF,
        0xF8, 0x03, 0x80, 0x03, 0x80, 0x03, 0x00, 0x07, 0x00, 0x00, 0x00, 0x00, 0x00, 0xFF, 0xF8,
        0xFF, 0xF8, 0xFF, 0xF0, 0xE0, 0x00, 0xE0, 0x00, 0xE0, 0x00, 0xE0, 0x00, 0xE0, 0x00, 0xE0,
        0x00, 0xFF, 0xF0, 0xFF, 0xF0, 0xFF, 0xE0, 0xE0, 0x00, 0xE0, 0x00, 0xE0, 0x00, 0xE0, 0x00,
        0xE0, 0x00, 0xFF, 0xF0, 0xFF, 0xF8, 0xFF, 0xF8, 0x06, 0x00, 0x0F, 0x00, 0x1D, 0x80, 0x39,
        0xC0, 0x00, 0x00, 0x00, 0x00, 0xFF, 0xF8, 0xFF, 0xF8, 0xFF, 0xF0, 0xE0, 0x00, 0xE0, 0x00,
        0xE0, 0x00, 0xE0, 0x00, 0xE0, 0x00, 0xE0, 0x00, 0xFF, 0xF0, 0xFF, 0xF0, 0xFF, 0xE0, 0xE0,
        0x00, 0xE0, 0x00, 0xE0, 0x00, 0xE0, 0x00, 0xE0, 0x00, 0xFF, 0xF0, 0xFF, 0xF8, 0xFF, 0xF8,
        0x30, 0xC0, 0x39, 0xC0, 0x39, 0xC0, 0x30, 0xC0, 0x00, 0x00, 0x00, 0x00, 0xFF, 0xF8, 0xFF,
        0xF8, 0xFF, 0xF0, 0xE0, 0x00, 0xE0, 0x00, 0xE0, 0x00, 0xE0, 0x00, 0xE0, 0x00, 0xE0, 0x00,
        0xFF, 0xF0, 0xFF, 0xF0, 0xFF, 0xE0, 0xE0, 0x00, 0xE0, 0x00, 0xE0, 0x00, 0xE0, 0x00, 0xE0,
        0x00, 0xFF, 0xF0, 0xFF, 0xF8, 0xFF, 0xF8, 0xE0, 0x70, 0x30, 0x38, 0x00, 0x00, 0x38, 0x38,
        0x38, 0x38, 0x38, 0x38, 0x38, 0x38, 0x38, 0x38, 0x38, 0x38, 0x38, 0x38, 0x38, 0x38, 0x38,
        0x38, 0x38, 0x38, 0x38, 0x30, 0x70, 0x60, 0x00, 0x00, 0xE0, 0xE0, 0xE0, 0xE0, 0xE0, 0xE0,
        0xE0, 0xE0, 0xE0, 0xE0, 0xE0, 0xE0, 0xE0, 0xE0, 0xE0, 0xE0, 0xE0, 0xE0, 0xE0, 0xE0, 0x0C,
        0x00, 0x3E, 0x00, 0x77, 0x00, 0xE3, 0x80, 0x00, 0x00, 0x00, 0x00, 0x1C, 0x00, 0x1C, 0x00,
        0x1C, 0x00, 0x1C, 0x00, 0x1C, 0x00, 0x1C, 0x00, 0x1C, 0x00, 0x1C, 0x00, 0x1C, 0x00, 0x1C,
        0x00, 0x1C, 0x00, 0x1C, 0x00, 0x1C, 0x00, 0x1C, 0x00, 0x1C, 0x00, 0x1C, 0x00, 0x1C, 0x00,
        0x1C, 0x00, 0x1C, 0x00, 0x1C, 0x00, 0x63, 0x00, 0xE3, 0x80, 0xE3, 0x80, 0x63, 0x00, 0x00,
        0x00, 0x00, 0x00, 0x1C, 0x00, 0x1C, 0x00, 0x1C, 0x00, 0x1C, 0x00, 0x1C, 0x00, 0x1C, 0x00,
        0x1C, 0x00, 0x1C, 0x00, 0x1C, 0x00, 0x1C, 0x00, 0x1C, 0x00, 0x1C, 0x00, 0x1C, 0x00, 0x1C,
        0x00, 0x1C, 0x00, 0x1C, 0x00, 0x1C, 0x00, 0x1C, 0x00, 0x1C, 0x00, 0x1C, 0x00, 0x1F, 0xF8,
        0x00, 0x1F, 0xFE, 0x00, 0x1F, 0xFF, 0x00, 0x1C, 0x0F, 0x80, 0x1C, 0x07, 0x80, 0x1C, 0x03,
        0xC0, 0x1C, 0x03, 0xC0, 0x1C, 0x01, 0xC0, 0x1C, 0x01, 0xC0, 0xFF, 0xE1, 0xC0, 0xFF, 0xE1,
        0xC0, 0x7F, 0xC1, 0xC0, 0x1C, 0x01, 0xC0, 0x1C, 0x03, 0xC0, 0x1C, 0x03, 0xC0, 0x1C, 0x07,
        0x80, 0x1C, 0x0F, 0x80, 0x1F, 0xFF, 0x00, 0x1F, 0xFE, 0x00, 0x1F, 0xF8, 0x00, 0x07, 0x30,
        0x0F, 0xF0, 0x0C, 0xE0, 0x00, 0x00, 0x00, 0x00, 0xF0, 0x07, 0xF8, 0x07, 0xF8, 0x07, 0xFC,
        0x07, 0xFE, 0x07, 0xEE, 0x07, 0xEF, 0x07, 0xE7, 0x07, 0xE7, 0x87, 0xE3, 0x87, 0xE1, 0xC7,
        0xE1, 0xE7, 0xE0, 0xE7, 0xE0, 0xF7, 0xE0, 0x7F, 0xE0, 0x3F, 0xE0, 0x3F, 0xE0, 0x1F, 0xE0,
        0x1F, 0xE0, 0x0F, 0x07, 0x00, 0x00, 0x03, 0x80, 0x00, 0x01, 0x80, 0x00, 0x01, 0xC0, 0x00,
        0x00, 0x00, 0x00, 0x00, 0x00, 0x00, 0x03, 0xF0, 0x00, 0x0F, 0xFC, 0x00, 0x1F, 0xFE, 0x00,
        0x3C, 0x1F, 0x00, 0x78, 0x0F, 0x00, 0x70, 0x07, 0x80, 0xF0, 0x07, 0x80, 0xF0, 0x03, 0x80,
        0xE0, 0x03, 0x80, 0xE0, 0x03, 0x80, 0xE0, 0x03, 0x80, 0xE0, 0x03, 0x80, 0xF0, 0x03, 0x80,
        0xF0, 0x07, 0x80, 0x70, 0x07, 0x80, 0x78, 0x0F, 0x00, 0x3C, 0x1F, 0x00, 0x1F, 0xFE, 0x00,
        0x0F, 0xFC, 0x00, 0x03, 0xF0, 0x00, 0x00, 0x70, 0x00, 0x00, 0x60, 0x00, 0x00, 0xE0, 0x00,
        0x00, 0xC0, 0x00, 0x00, 0x00, 0x00, 0x00, 0x00, 0x00, 0x03, 0xF0, 0x00, 0x0F, 0xFC, 0x00,
        0x1F, 0xFE, 0x00, 0x3C, 0x1F, 0x00, 0x78, 0x0F, 0x00, 0x70, 0x07, 0x80, 0xF0, 0x07, 0x80,
        0xF0, 0x03, 0x80, 0xE0, 0x03, 0x80, 0xE0, 0x03, 0x80, 0xE0, 0x03, 0x80, 0xE0, 0x03, 0x80,
        0xF0, 0x03, 0x80, 0xF0, 0x07, 0x80, 0x70, 0x07, 0x80, 0x78, 0x0F, 0x00, 0x3C, 0x1F, 0x00,
        0x1F, 0xFE, 0x00, 0x0F, 0xFC, 0x00, 0x03, 0xF0, 0x00, 0x01, 0xC0, 0x00, 0x03, 0xE0, 0x00,
        0x07, 0x70, 0x00, 0x0E, 0x38, 0x00, 0x00, 0x00, 0x00, 0x00, 0x00, 0x00, 0x03, 0xF0, 0x00,
        0x0F, 0xFC, 0x00, 0x1F, 0xFE, 0x00, 0x3C, 0x1F, 0x00, 0x78, 0x0F, 0x00, 0x70, 0x07, 0x80,
        0xF0, 0x07, 0x80, 0xF0, 0x03, 0x80, 0xE0, 0x03, 0x80, 0xE0, 0x03, 0x80, 0xE0, 0x03, 0x80,
        0xE0, 0x03, 0x80, 0xF0, 0x03, 0x80, 0xF0, 0x07, 0x80, 0x70, 0x07, 0x80, 0x78, 0x0F, 0x00,
        0x3C, 0x1F, 0x00, 0x1F, 0xFE, 0x00, 0x0F, 0xFC, 0x00, 0x03, 0xF0, 0x00, 0x07, 0x98, 0x00,
        0x07, 0xF8, 0x00, 0x06, 0x70, 0x00, 0x00, 0x00, 0x00, 0x00, 0x00, 0x00, 0x03, 0xF0, 0x00,
        0x0F, 0xFC, 0x00, 0x1F, 0xFE, 0x00, 0x3C, 0x1F, 0x00, 0x78, 0x0F, 0x00, 0x70, 0x07, 0x80,
        0xF0, 0x07, 0x80, 0xF0, 0x03, 0x80, 0xE0, 0x03, 0x80, 0xE0, 0x03, 0x80, 0xE0, 0x03, 0x80,
        0xE0, 0x03, 0x80, 0xF0, 0x03, 0x80, 0xF0, 0x07, 0x80, 0x70, 0x07, 0x80, 0x78, 0x0F, 0x00,
        0x3C, 0x1F, 0x00, 0x1F, 0xFE, 0x00, 0x0F, 0xFC, 0x00, 0x03, 0xF0, 0x00, 0x06, 0x30, 0x00,
        0x0E, 0x38, 0x00, 0x0E, 0x38, 0x00, 0x06, 0x30, 0x00, 0x00, 0x00, 0x00, 0x00, 0x00, 0x00,
        0x03, 0xF0, 0x00, 0x0F, 0xFC, 0x00, 0x1F, 0xFE, 0x00, 0x3C, 0x1F, 0x00, 0x78, 0x0F, 0x00,
        0x70, 0x07, 0x80, 0xF0, 0x07, 0x80, 0xF0, 0x03, 0x80, 0xE0, 0x03, 0x80, 0xE0, 0x03, 0x80,
        0xE0, 0x03, 0x80, 0xE0, 0x03, 0x80, 0xF0, 0x03, 0x80, 0xF0, 0x07, 0x80, 0x70, 0x07, 0x80,
        0x78, 0x0F, 0x00, 0x3C, 0x1F, 0x00, 0x1F, 0xFE, 0x00, 0x0F, 0xFC, 0x00, 0x03, 0xF0, 0x00,
        0xC0, 0x60, 0xE0, 0xF0, 0xF1, 0xE0, 0x7B, 0xC0, 0x3F, 0x80, 0x1F, 0x00, 0x1F, 0x00, 0x3F,
        0x80, 0x7F, 0xC0, 0x79, 0xE0, 0xF0, 0xF0, 0xE0, 0x60, 0x40, 0x20, 0x03, 0xF3, 0x00, 0x0F,
        0xFF, 0x00, 0x1F, 0xFE, 0x00, 0x3C, 0x1F, 0x00, 0x78, 0x1F, 0x00, 0x70, 0x3F, 0x80, 0xF0,
        0x37, 0x80, 0xF0, 0x73, 0x80, 0xE0, 0xE3, 0x80, 0xE0, 0xC3, 0x80, 0xE1, 0xC3, 0x80, 0xE3,
        0x83, 0x80, 0xF3, 0x03, 0x80, 0xF7, 0x07, 0x80, 0x7E, 0x07, 0x80, 0x7C, 0x0F, 0x00, 0x3C,
        0x1F, 0x00, 0x3F, 0xFE, 0x00, 0x3F, 0xFC, 0x00, 0x73, 0xF0, 0x00, 0x0E, 0x00, 0x07, 0x00,
        0x03, 0x00, 0x03, 0x80, 0x00, 0x00, 0x00, 0x00, 0xE0, 0x0E, 0xE0, 0x0E, 0xE0, 0x0E, 0xE0,
        0x0E, 0xE0, 0x0E, 0xE0, 0x0E, 0xE0, 0x0E, 0xE0, 0x0E, 0xE0, 0x0E, 0xE0, 0x0E, 0xE0, 0x0E,
        0xE0, 0x0E, 0xE0, 0x0E, 0xE0, 0x0E, 0xF0, 0x0E, 0x70, 0x1E, 0x78, 0x3C, 0x3F, 0xFC, 0x1F,
        0xF8, 0x07, 0xE0, 0x00, 0xE0, 0x00, 0xC0, 0x01, 0xC0, 0x01, 0x80, 0x00, 0x00, 0x00, 0x00,
        0xE0, 0x0E, 0xE0, 0x0E, 0xE0, 0x0E, 0xE0, 0x0E, 0xE0, 0x0E, 0xE0, 0x0E, 0xE0, 0x0E, 0xE0,
        0x0E, 0xE0, 0x0E, 0xE0, 0x0E, 0xE0, 0x0E, 0xE0, 0x0E, 0xE0, 0x0E, 0xE0, 0x0E, 0xF0, 0x0E,
        0x70, 0x1E, 0x78, 0x3C, 0x3F, 0xFC, 0x1F, 0xF8, 0x07, 0xE0, 0x03, 0x80, 0x07, 0xC0, 0x0E,
        0xE0, 0x1C, 0x70, 0x00, 0x00, 0x00, 0x00, 0xE0, 0x0E, 0xE0, 0x0E, 0xE0, 0x0E, 0xE0, 0x0E,
        0xE0, 0x0E, 0xE0, 0x0E, 0xE0, 0x0E, 0xE0, 0x0E, 0xE0, 0x0E, 0xE0, 0x0E, 0xE0, 0x0E, 0xE0,
        0x0E, 0xE0, 0x0E, 0xE0, 0x0E, 0xF0, 0x0E, 0x70, 0x1E, 0x78, 0x3C, 0x3F, 0xFC, 0x1F, 0xF8,
        0x07, 0xE0, 0x0C, 0x60, 0x1C, 0x70, 0x1C, 0x70, 0x0C, 0x60, 0x00, 0x00, 0x00, 0x00, 0xE0,
        0x0E, 0xE0, 0x0E, 0xE0, 0x0E, 0xE0, 0x0E, 0xE0, 0x0E, 0xE0, 0x0E, 0xE0, 0x0E, 0xE0, 0x0E,
        0xE0, 0x0E, 0xE0, 0x0E, 0xE0, 0x0E, 0xE0, 0x0E, 0xE0, 0x0E, 0xE0, 0x0E, 0xF0, 0x0E, 0x70,
        0x1E, 0x78, 0x3C, 0x3F, 0xFC, 0x1F, 0xF8, 0x07, 0xE0, 0x00, 0x70, 0x00, 0x00, 0xE0, 0x00,
        0x00, 0xE0, 0x00, 0x00, 0xC0, 0x00, 0x00, 0x00, 0x00, 0x00, 0x00, 0x00, 0xF0, 0x07, 0x80,
        0x78, 0x07, 0x00, 0x78, 0x0F, 0x00, 0x3C, 0x1E, 0x00, 0x1C, 0x1E, 0x00, 0x1E, 0x3C, 0x00,
        0x0E, 0x3C, 0x00, 0x0F, 0x78, 0x00, 0x07, 0x70, 0x00, 0x07, 0xF0, 0x00, 0x03, 0xE0, 0x00,
        0x01, 0xE0, 0x00, 0x01, 0xC0, 0x00, 0x01, 0xC0, 0x00, 0x01, 0xC0, 0x00, 0x01, 0xC0, 0x00,
        0x01, 0xC0, 0x00, 0x01, 0xC0, 0x00, 0x01, 0xC0, 0x00, 0x01, 0xC0, 0x00, 0xE0, 0x00, 0xE0,
        0x00, 0xE0, 0x00, 0xE0, 0x00, 0xFF, 0x80, 0xFF, 0xE0, 0xFF, 0xF0, 0xE0, 0x78, 0xE0, 0x38,
        0xE0, 0x38, 0xE0, 0x38, 0xE0, 0x38, 0xE0, 0x78, 0xFF, 0xF0, 0xFF, 0xE0, 0xFF, 0x80, 0xE0,
        0x00, 0xE0, 0x00, 0xE0, 0x00, 0xE0, 0x00, 0x1F, 0x80, 0x3F, 0xE0, 0x7F, 0xF0, 0xF0, 0xF0,
        0xF0, 0x70, 0xE0, 0x70, 0xE0, 0x70, 0xE0, 0xF0, 0xE3, 0xE0, 0xE7, 0xC0, 0xE7, 0xF0, 0xE0,
        0x78, 0xE0, 0x38, 0xE0, 0x38, 0xE0, 0x38, 0xE0, 0x38, 0xE0, 0x78, 0xE3, 0xF8, 0xE7, 0xF0,
        0xE7, 0xC0, 0x1C, 0x00, 0x0E, 0x00, 0x0E, 0x00, 0x07, 0x00, 0x00, 0x00, 0x00, 0x00, 0x0F,
        0x80, 0x3F, 0xE0, 0x7F, 0xF0, 0x70, 0xF0, 0x00, 0x70, 0x00, 0x70, 0x07, 0xF0, 0x3F, 0xF0,
        0x7C, 0x70, 0xF0, 0x70, 0xE0, 0x70, 0xF0, 0xF0, 0xFF, 0xF0, 0x7F, 0x70, 0x3E, 0x70, 0x01,
        0xC0, 0x03, 0x80, 0x03, 0x80, 0x07, 0x00, 0x00, 0x00, 0x00, 0x00, 0x0F, 0x80, 0x3F, 0xE0,
        0x7F, 0xF0, 0x70, 0xF0, 0x00, 0x70, 0x00, 0x70, 0x07, 0xF0, 0x3F, 0xF0, 0x7C, 0x70, 0xF0,
        0x70, 0xE0, 0x70, 0xF0, 0xF0, 0xFF, 0xF0, 0x7F, 0x70, 0x3E, 0x70, 0x07, 0x00, 0x0F, 0x80,
        0x1D, 0xC0, 0x38, 0xE0, 0x00, 0x00, 0x00, 0x00, 0x0F, 0x80, 0x3F, 0xE0, 0x7F, 0xF0, 0x70,
        0xF0, 0x00, 0x70, 0x00, 0x70, 0x07, 0xF0, 0x3F, 0xF0, 0x7C, 0x70, 0xF0, 0x70, 0xE0, 0x70,
        0xF0, 0xF0, 0xFF, 0xF0, 0x7F, 0x70, 0x3E, 0x70, 0x1E, 0x60, 0x1F, 0xC0, 0x31, 0xC0, 0x00,
        0x00, 0x00, 0x00, 0x0F, 0x80, 0x3F, 0xE0, 0x7F, 0xF0, 0x70, 0xF0, 0x00, 0x70, 0x00, 0x70,
        0x07, 0xF0, 0x3F, 0xF0, 0x7C, 0x70, 0xF0, 0x70, 0xE0, 0x70, 0xF0, 0xF0, 0xFF, 0xF0, 0x7F,
        0x70, 0x3E, 0x70, 0x18, 0xC0, 0x38, 0xE0, 0x38, 0xE0, 0x18, 0xC0, 0x00, 0x00, 0x00, 0x00,
        0x0F, 0x80, 0x3F, 0xE0, 0x7F, 0xF0, 0x70, 0xF0, 0x00, 0x70, 0x00, 0x70, 0x07, 0xF0, 0x3F,
        0xF0, 0x7C, 0x70, 0xF0, 0x70, 0xE0, 0x70, 0xF0, 0xF0, 0xFF, 0xF0, 0x7F, 0x70, 0x3E, 0x70,
        0x07, 0x00, 0x0F, 0x80, 0x19, 0xC0, 0x18, 0xC0, 0x18, 0xC0, 0x0F, 0x80, 0x07, 0x00, 0x00,
        0x00, 0x0F, 0x80, 0x3F, 0xE0, 0x7F, 0xF0, 0x70, 0xF0, 0x00, 0x70, 0x00, 0x70, 0x07, 0xF0,
        0x3F, 0xF0, 0x7C, 0x70, 0xF0, 0x70, 0xE0, 0x70, 0xF0, 0xF0, 0xFF, 0xF0, 0x7F, 0x70, 0x3E,
        0x70, 0x0F, 0x8F, 0x80, 0x3F, 0xFF, 0xE0, 0x7F, 0xFF, 0xF0, 0x70, 0xF8, 0x78, 0x00, 0xF0,
        0x38, 0x00, 0xF0, 0x38, 0x1F, 0xFF, 0xF8, 0x7F, 0xFF, 0xF8, 0x7F, 0xFF, 0xF8, 0xF0, 0xF0,
        0x00, 0xE0, 0xF0, 0x00, 0xF1, 0xF8, 0x78, 0xFF, 0xFF, 0xF8, 0x7F, 0x9F, 0xF0, 0x3E, 0x0F,
        0xC0, 0x0F, 0x80, 0x1F, 0xE0, 0x3F, 0xF0, 0x78, 0x78, 0x70, 0x38, 0xF0, 0x00, 0xE0, 0x00,
        0xE0, 0x00, 0xE0, 0x00, 0xF0, 0x00, 0x70, 0x38, 0x78, 0x78, 0x3F, 0xF0, 0x1F, 0xE0, 0x0F,
        0x80, 0x03, 0x00, 0x03, 0x80, 0x00, 0xC0, 0x03, 0xC0, 0x07, 0x80, 0x1C, 0x00, 0x0E, 0x00,
        0x06, 0x00, 0x07, 0x00, 0x00, 0x00, 0x00, 0x00, 0x0F, 0x80, 0x1F, 0xE0, 0x3F, 0xF0, 0x78,
        0x70, 0x70, 0x78, 0xE0, 0x38, 0xFF, 0xF8, 0xFF, 0xF8, 0xFF, 0xF8, 0xF0, 0x00, 0xF0, 0x00,
        0x78, 0x78, 0x3F, 0xF0, 0x1F, 0xF0, 0x0F, 0xC0, 0x01, 0xC0, 0x01, 0x80, 0x03, 0x80, 0x03,
        0x00, 0x00, 0x00, 0x00, 0x00, 0x0F, 0x80, 0x1F, 0xE0, 0x3F, 0xF0, 0x78, 0x70, 0x70, 0x78,
        0xE0, 0x38, 0xFF, 0xF8, 0xFF, 0xF8, 0xFF, 0xF8, 0xF0, 0x00, 0xF0, 0x00, 0x78, 0x78, 0x3F,
        0xF0, 0x1F, 0xF0, 0x0F, 0xC0, 0x07, 0x00, 0x0F, 0x80, 0x1D, 0xC0, 0x38, 0xE0, 0x00, 0x00,
        0x00, 0x00, 0x0F, 0x80, 0x1F, 0xE0, 0x3F, 0xF0, 0x78, 0x70, 0x70, 0x78, 0xE0, 0x38, 0xFF,
        0xF8, 0xFF, 0xF8, 0xFF, 0xF8, 0xF0, 0x00, 0xF0, 0x00, 0x78, 0x78, 0x3F, 0xF0, 0x1F, 0xF0,
        0x0F, 0xC0, 0x18, 0xC0, 0x38, 0xE0, 0x38, 0xE0, 0x18, 0xC0, 0x00, 0x00, 0x00, 0x00, 0x0F,
        0x80, 0x1F, 0xE0, 0x3F, 0xF0, 0x78, 0x70, 0x70, 0x78, 0xE0, 0x38, 0xFF, 0xF8, 0xFF, 0xF8,
        0xFF, 0xF8, 0xF0, 0x00, 0xF0, 0x00, 0x78, 0x78, 0x3F, 0xF0, 0x1F, 0xF0, 0x0F, 0xC0, 0xE0,
        0x70, 0x30, 0x38, 0x00, 0x00, 0x38, 0x38, 0x38, 0x38, 0x38, 0x38, 0x38, 0x38, 0x38, 0x38,
        0x38, 0x38, 0x38, 0x38, 0x38, 0x38, 0x30, 0x70, 0x60, 0x00, 0x00, 0xE0, 0xE0, 0xE0, 0xE0,
        0xE0, 0xE0, 0xE0, 0xE0, 0xE0, 0xE0, 0xE0, 0xE0, 0xE0, 0xE0, 0xE0, 0x1C, 0x00, 0x3E, 0x00,
        0x77, 0x00, 0xE3, 0x80, 0x00, 0x00, 0x00, 0x00, 0x1C, 0x00, 0x1C, 0x00, 0x1C, 0x00, 0x1C,
        0x00, 0x1C, 0x00, 0x1C, 0x00, 0x1C, 0x00, 0x1C, 0x00, 0x1C, 0x00, 0x1C, 0x00, 0x1C, 0x00,
        0x1C, 0x00, 0x1C, 0x00, 0x1C, 0x00, 0x1C, 0x00, 0x63, 0x00, 0xE3, 0x80, 0xE3, 0x80, 0x63,
        0x00, 0x00, 0x00, 0x00, 0x00, 0x1C, 0x00, 0x1C, 0x00, 0x1C, 0x00, 0x1C, 0x00, 0x1C, 0x00,
        0x1C, 0x00, 0x1C, 0x00, 0x1C, 0x00, 0x1C, 0x00, 0x1C, 0x00, 0x1C, 0x00, 0x1C, 0x00, 0x1C,
        0x00, 0x1C, 0x00, 0x1C, 0x00, 0x18, 0x00, 0x1E, 0x60, 0x0F, 0xC0, 0x07, 0x80, 0x1F, 0xC0,
        0x19, 0xE0, 0x00, 0xF0, 0x0F, 0x70, 0x3F, 0xF0, 0x7F, 0xF8, 0x78, 0x78, 0xF0, 0x78, 0xF0,
        0x38, 0xE0, 0x38, 0xE0, 0x38, 0xF0, 0x38, 0xF0, 0x78, 0x78, 0x70, 0x7F, 0xF0, 0x3F, 0xE0,
        0x0F, 0x80, 0x1E, 0xC0, 0x3F, 0xC0, 0x33, 0x80, 0x00, 0x00, 0x00, 0x00, 0xE3, 0xC0, 0xEF,
        0xE0, 0xFF, 0xF0, 0xF0, 0xF0, 0xF0, 0x70, 0xE0, 0x70, 0xE0, 0x70, 0xE0, 0x70, 0xE0, 0x70,
        0xE0, 0x70, 0xE0, 0x70, 0xE0, 0x70, 0xE0, 0x70, 0xE0, 0x70, 0xE0, 0x70, 0x1C, 0x00, 0x0E,
        0x00, 0x06, 0x00, 0x07, 0x00, 0x00, 0x00, 0x00, 0x00, 0x0F, 0x80, 0x3F, 0xE0, 0x3F, 0xF0,
        0x78, 0x70, 0x70, 0x78, 0xF0, 0x38, 0xE0, 0x38, 0xE0, 0x38, 0xE0, 0x38, 0xF0, 0x38, 0xF0,
        0x78, 0x78, 0x70, 0x3F, 0xF0, 0x3F, 0xE0, 0x0F, 0x80, 0x01, 0xC0, 0x01, 0x80, 0x03, 0x80,
        0x03, 0x00, 0x00, 0x00, 0x00, 0x00, 0x0F, 0x80, 0x3F, 0xE0, 0x3F, 0xF0, 0x78, 0x70, 0x70,
        0x78, 0xF0, 0x38, 0xE0, 0x38, 0xE0, 0x38, 0xE0, 0x38, 0xF0, 0x38, 0xF0, 0x78, 0x78, 0x70,
        0x3F, 0xF0, 0x3F, 0xE0, 0x0F, 0x80, 0x07, 0x00, 0x0F, 0x80, 0x1D, 0xC0, 0x38, 0xE0, 0x00,
        0x00, 0x00, 0x00, 0x0F, 0x80, 0x3F, 0xE0, 0x3F, 0xF0, 0x78, 0x70, 0x70, 0x78, 0xF0, 0x38,
        0xE0, 0x38, 0xE0, 0x38, 0xE0, 0x38, 0xF0, 0x38, 0xF0, 0x78, 0x78, 0x70, 0x3F, 0xF0, 0x3F,
        0xE0, 0x0F, 0x80, 0x1E, 0x60, 0x1F, 0xC0, 0x19, 0xC0, 0x00, 0x00, 0x00, 0x00, 0x0F, 0x80,
        0x3F, 0xE0, 0x3F, 0xF0, 0x78, 0x70, 0x70, 0x78, 0xF0, 0x38, 0xE0, 0x38, 0xE0, 0x38, 0xE0,
        0x38, 0xF0, 0x38, 0xF0, 0x78, 0x78, 0x70, 0x3F, 0xF0, 0x3F, 0xE0, 0x0F, 0x80, 0x18, 0x60,
        0x1C, 0xE0, 0x1C, 0xE0, 0x18, 0x60, 0x00, 0x00, 0x00, 0x00, 0x0F, 0x80, 0x3F, 0xE0, 0x3F,
        0xF0, 0x78, 0x70, 0x70, 0x78, 0xF0, 0x38, 0xE0, 0x38, 0xE0, 0x38, 0xE0, 0x38, 0xF0, 0x38,
        0xF0, 0x78, 0x78, 0x70, 0x3F, 0xF0, 0x3F, 0xE0, 0x0F, 0x80, 0x06, 0x00, 0x0F, 0x00, 0x0F,
        0x00, 0x06, 0x00, 0x00, 0x00, 0x00, 0x00, 0xFF, 0xF8, 0xFF, 0xF8, 0xFF, 0xF8, 0x00, 0x00,
        0x00, 0x00, 0x06, 0x00, 0x0F, 0x00, 0x0F, 0x00, 0x06, 0x00, 0x0F, 0x98, 0x3F, 0xF8, 0x3F,
        0xF0, 0x78, 0xF0, 0x70, 0xF8, 0xF1, 0xF8, 0xE3, 0xB8, 0xE7, 0x38, 0xE6, 0x38, 0xFC, 0x38,
        0xF8, 0x78, 0x78, 0x70, 0x7F, 0xF0, 0xFF, 0xE0, 0xCF, 0x80, 0x1C, 0x00, 0x1C, 0x00, 0x0E,
        0x00, 0x06, 0x00, 0x00, 0x00, 0x00, 0x00, 0xE0, 0x70, 0xE0, 0x70, 0xE0, 0x70, 0xE0, 0x70,
        0xE0, 0x70, 0xE0, 0x70, 0xE0, 0x70, 0xE0, 0x70, 0xE0, 0x70, 0xE0, 0x70, 0xF0, 0x70, 0xF0,
        0xF0, 0x7F, 0xF0, 0x7F, 0x70, 0x1E, 0x70, 0x03, 0xC0, 0x03, 0x80, 0x03, 0x00, 0x07, 0x00,
        0x00, 0x00, 0x00, 0x00, 0xE0, 0x70, 0xE0, 0x70, 0xE0, 0x70, 0xE0, 0x70, 0xE0, 0x70, 0xE0,
        0x70, 0xE0, 0x70, 0xE0, 0x70, 0xE0, 0x70, 0xE0, 0x70, 0xF0, 0x70, 0xF0, 0xF0, 0x7F, 0xF0,
        0x7F, 0x70, 0x1E, 0x70, 0x0F, 0x00, 0x0F, 0x80, 0x1D, 0xC0, 0x38, 0xC0, 0x00, 0x00, 0x00,
        0x00, 0xE0, 0x70, 0xE0, 0x70, 0xE0, 0x70, 0xE0, 0x70, 0xE0, 0x70, 0xE0, 0x70, 0xE0, 0x70,
        0xE0, 0x70, 0xE0, 0x70, 0xE0, 0x70, 0xF0, 0x70, 0xF0, 0xF0, 0x7F, 0xF0, 0x7F, 0x70, 0x1E,
        0x70, 0x30, 0xC0, 0x39, 0xC0, 0x39, 0xC0, 0x30, 0xC0, 0x00, 0x00, 0x00, 0x00, 0xE0, 0x70,
        0xE0, 0x70, 0xE0, 0x70, 0xE0, 0x70, 0xE0, 0x70, 0xE0, 0x70, 0xE0, 0x70, 0xE0, 0x70, 0xE0,
        0x70, 0xE0, 0x70, 0xF0, 0x70, 0xF0, 0xF0, 0x7F, 0xF0, 0x7F, 0x70, 0x1E, 0x70, 0x01, 0xC0,
        0x01, 0x80, 0x03, 0x80, 0x03, 0x00, 0x00, 0x00, 0xE0, 0x3C, 0xE0, 0x38, 0xF0, 0x38, 0x70,
        0x78, 0x70, 0x70, 0x78, 0x70, 0x38, 0xE0, 0x38, 0xE0, 0x3C, 0xE0, 0x1D, 0xC0, 0x1D, 0xC0,
        0x0F, 0xC0, 0x0F, 0x80, 0x0F, 0x80, 0x07, 0x80, 0x07, 0x00, 0x07, 0x00, 0x0F, 0x00, 0x7E,
        0x00, 0x7C, 0x00, 0x78, 0x00, 0xE0, 0x00, 0xE0, 0x00, 0xE0, 0x00, 0xE0, 0x00, 0xE0, 0x00,
        0xE7, 0xC0, 0xEF, 0xE0, 0xFF, 0xF0, 0xF8, 0x78, 0xF0, 0x78, 0xF0, 0x38, 0xE0, 0x38, 0xE0,
        0x38, 0xE0, 0x38, 0xF0, 0x38, 0xF0, 0x78, 0xF8, 0x78, 0xFF, 0xF0, 0xEF, 0xE0, 0xE7, 0xC0,
        0xE0, 0x00, 0xE0, 0x00, 0xE0, 0x00, 0xE0, 0x00, 0xE0, 0x00, 0xE0, 0x00, 0x18, 0xC0, 0x38,
        0xE0, 0x38, 0xE0, 0x18, 0xC0, 0x00, 0x00, 0xE0, 0x38, 0xE0, 0x38, 0xF0, 0x78, 0x70, 0x70,
        0x70, 0x70, 0x78, 0xF0, 0x38, 0xE0, 0x38, 0xE0, 0x3D, 0xE0, 0x1D, 0xC0, 0x1D, 0xC0, 0x1F,
        0xC0, 0x0F, 0x80, 0x0F, 0x80, 0x0F, 0x00, 0x07, 0x00, 0x0F, 0x00, 0x0E, 0x00, 0x7E, 0x00,
        0x7C, 0x00, 0x78, 0x00, 0xFF, 0xF8, 0xFF, 0xF8, 0xFF, 0xF8, 0xFF, 0xFF, 0xFF, 0xC0, 0xFF,
        0xFF, 0xFF, 0xC0, 0xFF, 0xFF, 0xFF, 0xC0, 0x38, 0x30, 0x30, 0x70, 0x70, 0x70, 0xF0, 0xF0,
        0x70, 0x70, 0x70, 0x70, 0x60, 0xE0, 0xE0, 0xE0, 0x70, 0xF0, 0xE0, 0xE0, 0xE0, 0xE0, 0xC0,
        0xC0, 0x38, 0xC0, 0x31, 0xC0, 0x31, 0xC0, 0x71, 0xC0, 0x71, 0xC0, 0x73, 0x80, 0xF3, 0x80,
        0xF3, 0x80, 0x71, 0xC0, 0x73, 0xC0, 0x73, 0x80, 0x73, 0x80, 0x63, 0x80, 0xE3, 0x00, 0xE3,
        0x00, 0xE3, 0x00, 0x73, 0x80, 0xF3, 0x80, 0xE3, 0x80, 0xE3, 0x00, 0xE7, 0x00, 0xE7, 0x00,
        0xC7, 0x00, 0xC6, 0x00, 0x3C, 0x7E, 0xFF, 0xFF, 0xFF, 0xFF, 0x7E, 0x3C, 0x60, 0x60, 0x60,
        0xF0, 0xF0, 0xF0, 0xF0, 0xF0, 0xF0, 0x60, 0x60, 0x60, 0x07, 0x0F, 0x1E, 0x1C, 0x38, 0x78,
        0xF0, 0x78, 0x38, 0x1C, 0x1E, 0x0F, 0x07, 0xF0, 0x78, 0x38, 0x1C, 0x1E, 0x0F, 0x07, 0x0F,
        0x1E, 0x1C, 0x38, 0x78, 0xF0, 0x01, 0xF8, 0x07, 0xFE, 0x0F, 0xFE, 0x0F, 0x0C, 0x1E, 0x00,
        0x1C, 0x00, 0x3C, 0x00, 0xFF, 0xF8, 0xFF, 0xF0, 0x38, 0x00, 0x38, 0x00, 0xFF, 0xE0, 0xFF,
        0xC0, 0x3C, 0x00, 0x1C, 0x00, 0x1E, 0x00, 0x0F, 0x0C, 0x0F, 0xFE, 0x07, 0xFE, 0x01, 0xF8,
        0xFD, 0x8C, 0x31, 0x8C, 0x31, 0xDC, 0x31, 0xDC, 0x31, 0xFC, 0x31, 0xAC, 0x21, 0x24, 0xFF,
        0xF8, 0xFF, 0xF8, 0xFF, 0xF8,
    ],
    line_height: 34,
};

// ATKINSON_COMPACT_DETAIL: 11 px, cap 8, line height 13, gray 128
pub static ATKINSON_COMPACT_DETAIL: BitmapFont = BitmapFont {
    glyphs: &[
        Glyph::new(0, 0, 0, 3, 0, 0),
        Glyph::new(0, 1, 8, 3, 1, -8),
        Glyph::new(8, 3, 3, 3, 0, -8),
        Glyph::new(11, 6, 8, 7, 1, -8),
        Glyph::new(19, 5, 9, 7, 1, -9),
        Glyph::new(28, 9, 8, 10, 1, -8),
        Glyph::new(44, 7, 8, 8, 1, -8),
        Glyph::new(52, 1, 1, 2, 0, -8),
        Glyph::new(53, 2, 9, 3, 1, -7),
        Glyph::new(62, 2, 10, 3, 1, -8),
        Glyph::new(72, 3, 3, 5, 1, -8),
        Glyph::new(75, 5, 6, 7, 1, -6),
        Glyph::new(81, 1, 2, 2, 1, -1),
        Glyph::new(83, 4, 1, 4, 0, -3),
        Glyph::new(84, 1, 1, 2, 1, -1),
        Glyph::new(85, 4, 8, 4, 0, -8),
        Glyph::new(93, 5, 8, 7, 1, -8),
        Glyph::new(101, 2, 8, 4, 1, -8),
        Glyph::new(109, 6, 8, 6, 0, -8),
        Glyph::new(117, 5, 8, 6, 1, -8),
        Glyph::new(125, 6, 8, 7, 0, -8),
        Glyph::new(133, 5, 8, 6, 1, -8),
        Glyph::new(141, 5, 8, 7, 1, -8),
        Glyph::new(149, 5, 8, 6, 0, -8),
        Glyph::new(157, 5, 8, 7, 1, -8),
        Glyph::new(165, 5, 8, 7, 1, -8),
        Glyph::new(173, 1, 6, 2, 1, -6),
        Glyph::new(179, 1, 7, 2, 1, -6),
        Glyph::new(186, 5, 5, 6, 1, -5),
        Glyph::new(191, 5, 3, 7, 1, -4),
        Glyph::new(194, 5, 5, 6, 1, -5),
        Glyph::new(199, 4, 8, 6, 1, -8),
        Glyph::new(207, 7, 8, 9, 1, -8),
        Glyph::new(215, 7, 8, 7, 0, -8),
        Glyph::new(223, 5, 8, 7, 1, -8),
        Glyph::new(231, 6, 8, 7, 1, -8),
        Glyph::new(239, 6, 8, 7, 1, -8),
        Glyph::new(247, 5, 8, 6, 1, -8),
        Glyph::new(255, 5, 8, 6, 1, -8),
        Glyph::new(263, 6, 8, 8, 1, -8),
        Glyph::new(271, 6, 8, 8, 1, -8),
        Glyph::new(279, 3, 8, 5, 1, -8),
        Glyph::new(287, 5, 8, 6, 0, -8),
        Glyph::new(295, 5, 8, 7, 1, -8),
        Glyph::new(303, 5, 8, 6, 1, -8),
        Glyph::new(311, 7, 8, 9, 1, -8),
        Glyph::new(319, 6, 8, 8, 1, -8),
        Glyph::new(327, 6, 8, 8, 1, -8),
        Glyph::new(335, 5, 8, 7, 1, -8),
        Glyph::new(343, 7, 8, 8, 1, -8),
        Glyph::new(351, 5, 8, 7, 1, -8),
        Glyph::new(359, 5, 8, 7, 1, -8),
        Glyph::new(367, 6, 8, 6, 0, -8),
        Glyph::new(375, 6, 8, 8, 1, -8),
        Glyph::new(383, 6, 8, 6, 0, -8),
        Glyph::new(391, 9, 8, 9, 0, -8),
        Glyph::new(407, 6, 8, 7, 0, -8),
        Glyph::new(415, 6, 8, 7, 0, -8),
        Glyph::new(423, 6, 8, 7, 0, -8),
        Glyph::new(431, 2, 10, 3, 1, -8),
        Glyph::new(441, 4, 8, 4, 0, -8),
        Glyph::new(449, 3, 10, 3, 0, -8),
        Glyph::new(459, 4, 4, 6, 1, -8),
        Glyph::new(463, 4, 1, 4, 0, 0),
        Glyph::new(464, 1, 1, 3, 1, -8),
        Glyph::new(465, 5, 6, 6, 0, -6),
        Glyph::new(471, 5, 8, 6, 1, -8),
        Glyph::new(479, 5, 6, 6, 0, -6),
        Glyph::new(485, 6, 6, 6, 0, -6),
        Glyph::new(491, 6, 6, 6, 0, -6),
        Glyph::new(497, 3, 8, 3, 0, -8),
        Glyph::new(505, 5, 8, 6, 0, -6),
        Glyph::new(513, 4, 8, 6, 1, -8),
        Glyph::new(521, 1, 8, 3, 1, -8),
        Glyph::new(529, 3, 10, 3, -1, -8),
        Glyph::new(539, 4, 8, 5, 1, -8),
        Glyph::new(547, 1, 8, 3, 1, -8),
        Glyph::new(555, 8, 6, 9, 1, -6),
        Glyph::new(561, 4, 6, 6, 1, -6),
        Glyph::new(567, 6, 6, 6, 0, -6),
        Glyph::new(573, 5, 8, 6, 1, -6),
        Glyph::new(581, 7, 8, 6, 0, -6),
        Glyph::new(589, 3, 6, 4, 1, -6),
        Glyph::new(595, 4, 6, 5, 1, -6),
        Glyph::new(601, 3, 7, 4, 0, -7),
        Glyph::new(608, 4, 6, 6, 1, -6),
        Glyph::new(614, 5, 6, 5, 0, -6),
        Glyph::new(620, 7, 6, 7, 0, -6),
        Glyph::new(626, 5, 6, 5, 0, -6),
        Glyph::new(632, 5, 8, 5, 0, -6),
        Glyph::new(640, 5, 6, 5, 0, -6),
        Glyph::new(646, 3, 10, 4, 0, -8),
        Glyph::new(656, 1, 10, 3, 1, -8),
        Glyph::new(666, 3, 10, 4, 0, -8),
        Glyph::new(676, 4, 2, 6, 1, -4),
        Glyph::new(678, 0, 0, 3, 0, 0),
        Glyph::new(678, 1, 8, 3, 1, -6),
        Glyph::new(686, 5, 6, 6, 0, -6),
        Glyph::new(692, 5, 8, 6, 1, -8),
        Glyph::new(700, 5, 5, 6, 1, -6),
        Glyph::new(705, 6, 8, 7, 0, -8),
        Glyph::new(713, 1, 10, 3, 1, -8),
        Glyph::new(723, 5, 10, 6, 0, -8),
        Glyph::new(733, 3, 1, 5, 1, -8),
        Glyph::new(734, 7, 8, 9, 1, -8),
        Glyph::new(742, 2, 3, 4, 1, -7),
        Glyph::new(745, 4, 5, 6, 1, -5),
        Glyph::new(750, 5, 3, 7, 1, -5),
        Glyph::new(753, 0, 0, 0, 0, 0),
        Glyph::new(753, 7, 8, 9, 1, -8),
        Glyph::new(761, 3, 1, 4, 1, -8),
        Glyph::new(762, 2, 3, 4, 1, -8),
        Glyph::new(765, 5, 6, 6, 1, -6),
        Glyph::new(771, 2, 5, 4, 1, -9),
        Glyph::new(776, 3, 5, 4, 1, -9),
        Glyph::new(781, 1, 1, 3, 1, -8),
        Glyph::new(782, 5, 8, 6, 1, -6),
        Glyph::new(790, 5, 10, 6, 0, -8),
        Glyph::new(800, 1, 2, 3, 1, -4),
        Glyph::new(802, 2, 1, 3, 1, 0),
        Glyph::new(803, 1, 5, 3, 1, -9),
        Glyph::new(808, 3, 3, 4, 1, -7),
        Glyph::new(811, 4, 5, 6, 1, -5),
        Glyph::new(816, 7, 8, 9, 1, -8),
        Glyph::new(824, 7, 8, 9, 1, -8),
        Glyph::new(832, 8, 8, 10, 1, -8),
        Glyph::new(840, 4, 8, 6, 1, -6),
        Glyph::new(848, 7, 10, 7, 0, -10),
        Glyph::new(858, 7, 10, 7, 0, -10),
        Glyph::new(868, 7, 10, 7, 0, -10),
        Glyph::new(878, 7, 10, 7, 0, -10),
        Glyph::new(888, 7, 10, 7, 0, -10),
        Glyph::new(898, 7, 10, 7, 0, -10),
        Glyph::new(908, 10, 8, 11, 0, -8),
        Glyph::new(924, 6, 9, 7, 1, -8),
        Glyph::new(933, 5, 10, 6, 1, -10),
        Glyph::new(943, 5, 10, 6, 1, -10),
        Glyph::new(953, 5, 10, 6, 1, -10),
        Glyph::new(963, 5, 10, 6, 1, -10),
        Glyph::new(973, 3, 10, 5, 1, -10),
        Glyph::new(983, 3, 10, 5, 1, -10),
        Glyph::new(993, 3, 10, 5, 1, -10),
        Glyph::new(1003, 3, 10, 5, 1, -10),
        Glyph::new(1013, 7, 8, 8, 0, -8),
        Glyph::new(1021, 6, 10, 8, 1, -10),
        Glyph::new(1031, 6, 10, 8, 1, -10),
        Glyph::new(1041, 6, 10, 8, 1, -10),
        Glyph::new(1051, 6, 10, 8, 1, -10),
        Glyph::new(1061, 6, 10, 8, 1, -10),
        Glyph::new(1071, 6, 10, 8, 1, -10),
        Glyph::new(1081, 4, 4, 6, 1, -5),
        Glyph::new(1085, 6, 8, 8, 1, -8),
        Glyph::new(1093, 6, 10, 8, 1, -10),
        Glyph::new(1103, 6, 10, 8, 1, -10),
        Glyph::new(1113, 6, 10, 8, 1, -10),
        Glyph::new(1123, 6, 10, 8, 1, -10),
        Glyph::new(1133, 6, 10, 7, 0, -10),
        Glyph::new(1143, 5, 8, 6, 1, -8),
        Glyph::new(1151, 5, 8, 7, 1, -8),
        Glyph::new(1159, 5, 8, 6, 0, -8),
        Glyph::new(1167, 5, 8, 6, 0, -8),
        Glyph::new(1175, 5, 8, 6, 0, -8),
        Glyph::new(1183, 5, 8, 6, 0, -8),
        Glyph::new(1191, 5, 8, 6, 0, -8),
        Glyph::new(1199, 5, 9, 6, 0, -9),
        Glyph::new(1208, 8, 6, 10, 1, -6),
        Glyph::new(1214, 5, 7, 6, 0, -6),
        Glyph::new(1221, 6, 8, 6, 0, -8),
        Glyph::new(1229, 6, 8, 6, 0, -8),
        Glyph::new(1237, 6, 8, 6, 0, -8),
        Glyph::new(1245, 6, 8, 6, 0, -8),
        Glyph::new(1253, 1, 8, 3, 1, -8),
        Glyph::new(1261, 1, 8, 3, 1, -8),
        Glyph::new(1269, 3, 8, 3, 0, -8),
        Glyph::new(1277, 3, 8, 3, 0, -8),
        Glyph::new(1285, 6, 8, 6, 0, -8),
        Glyph::new(1293, 4, 8, 6, 1, -8),
        Glyph::new(1301, 6, 8, 6, 0, -8),
        Glyph::new(1309, 6, 8, 6, 0, -8),
        Glyph::new(1317, 6, 8, 6, 0, -8),
        Glyph::new(1325, 6, 8, 6, 0, -8),
        Glyph::new(1333, 6, 8, 6, 0, -8),
        Glyph::new(1341, 5, 6, 7, 1, -6),
        Glyph::new(1347, 6, 6, 6, 0, -6),
        Glyph::new(1353, 4, 8, 6, 1, -8),
        Glyph::new(1361, 4, 8, 6, 1, -8),
        Glyph::new(1369, 4, 8, 6, 1, -8),
        Glyph::new(1377, 4, 8, 6, 1, -8),
        Glyph::new(1385, 5, 10, 5, 0, -8),
        Glyph::new(1395, 5, 10, 6, 1, -8),
        Glyph::new(1405, 5, 10, 5, 0, -8),
        Glyph::new(1415, 4, 1, 5, 1, -3),
        Glyph::new(1416, 7, 1, 9, 1, -3),
        Glyph::new(1417, 1, 3, 3, 1, -8),
        Glyph::new(1420, 1, 2, 3, 1, -8),
        Glyph::new(1422, 1, 2, 3, 1, -1),
        Glyph::new(1424, 3, 3, 4, 1, -8),
        Glyph::new(1427, 3, 2, 4, 1, -8),
        Glyph::new(1429, 3, 2, 4, 1, -1),
        Glyph::new(1431, 3, 4, 5, 1, -5),
        Glyph::new(1435, 6, 1, 8, 1, -1),
        Glyph::new(1436, 2, 5, 4, 1, -5),
        Glyph::new(1441, 2, 5, 4, 1, -5),
        Glyph::new(1446, 6, 8, 7, 1, -8),
        Glyph::new(1454, 8, 4, 9, 1, -8),
        Glyph::new(1458, 5, 1, 7, 1, -3),
    ],
    bitmap: &[
        0x80, 0x80, 0x80, 0x80, 0x80, 0x80, 0x00, 0x80, 0xA0, 0x20, 0x20, 0x48, 0x48, 0xFC, 0x50,
        0x50, 0xF8, 0x50, 0x10, 0x20, 0xF0, 0x80, 0x80, 0xE0, 0x38, 0x08, 0x88, 0x70, 0xE2, 0x00,
        0x24, 0x00, 0x24, 0x00, 0xE8, 0x00, 0x13, 0x00, 0x14, 0x80, 0x24, 0x80, 0x43, 0x00, 0x38,
        0x28, 0x28, 0x38, 0x52, 0x8C, 0x4C, 0x7A, 0x80, 0x80, 0x80, 0x00, 0x00, 0x00, 0x80, 0x80,
        0x80, 0x40, 0x80, 0x80, 0x00, 0x40, 0x40, 0x40, 0x40, 0x00, 0x80, 0x80, 0x40, 0xE0, 0xC0,
        0x20, 0x20, 0x20, 0xF8, 0x20, 0x20, 0x80, 0x80, 0xF0, 0x80, 0x10, 0x20, 0x20, 0x20, 0x40,
        0x40, 0x40, 0x80, 0x70, 0xC8, 0xC8, 0xA8, 0xB8, 0x98, 0x88, 0x70, 0x40, 0xC0, 0x40, 0x40,
        0x40, 0x40, 0x40, 0x40, 0x38, 0x48, 0x08, 0x08, 0x10, 0x20, 0x40, 0xFC, 0xF0, 0x90, 0x10,
        0x70, 0x10, 0x08, 0x90, 0xF0, 0x08, 0x18, 0x28, 0x28, 0x48, 0xFC, 0x08, 0x08, 0xF0, 0x80,
        0xF0, 0x90, 0x08, 0x08, 0x90, 0x70, 0x70, 0x80, 0x80, 0xF0, 0x98, 0x88, 0x88, 0x70, 0xF8,
        0x08, 0x18, 0x10, 0x10, 0x20, 0x20, 0x40, 0x70, 0x90, 0x10, 0x70, 0x88, 0x88, 0x88, 0x70,
        0x70, 0x98, 0x88, 0x88, 0x90, 0x70, 0x20, 0x20, 0x80, 0x00, 0x00, 0x00, 0x00, 0x80, 0x80,
        0x80, 0x00, 0x00, 0x00, 0x80, 0x80, 0x10, 0xC0, 0x80, 0x60, 0x08, 0xF8, 0x00, 0xF8, 0xC0,
        0x30, 0x18, 0x60, 0x80, 0xE0, 0x90, 0x10, 0x30, 0x60, 0x40, 0x00, 0x40, 0x38, 0xC4, 0xBA,
        0x6A, 0x4A, 0xBC, 0xC0, 0x38, 0x10, 0x38, 0x28, 0x28, 0x44, 0x7C, 0x44, 0x82, 0xF0, 0x88,
        0x88, 0xF8, 0x88, 0x88, 0x88, 0xF0, 0x78, 0x8C, 0x80, 0x80, 0x80, 0x80, 0xCC, 0x78, 0xF0,
        0x88, 0x84, 0x84, 0x84, 0x84, 0x88, 0xF0, 0xF8, 0x80, 0x80, 0xF0, 0x80, 0x80, 0x80, 0xF8,
        0xF8, 0x80, 0x80, 0xF8, 0x80, 0x80, 0x80, 0x80, 0x78, 0x8C, 0x80, 0x80, 0x9C, 0x84, 0x84,
        0x7C, 0x84, 0x84, 0x84, 0xFC, 0x84, 0x84, 0x84, 0x84, 0xE0, 0x40, 0x40, 0x40, 0x40, 0x40,
        0x40, 0xE0, 0x08, 0x08, 0x08, 0x08, 0x08, 0x08, 0x98, 0x70, 0x88, 0x90, 0xA0, 0xE0, 0xE0,
        0x90, 0x88, 0x88, 0x80, 0x80, 0x80, 0x80, 0x80, 0x80, 0x80, 0xF8, 0xC6, 0xC6, 0xC6, 0xAA,
        0xAA, 0xAA, 0x9A, 0x92, 0xC4, 0xC4, 0xA4, 0xA4, 0xB4, 0x94, 0x9C, 0x8C, 0x78, 0xCC, 0x84,
        0x84, 0x84, 0x84, 0xCC, 0x78, 0xF0, 0x88, 0x88, 0x88, 0xF0, 0x80, 0x80, 0x80, 0x78, 0xCC,
        0x84, 0x84, 0x94, 0x8C, 0xCC, 0x7A, 0xF0, 0x88, 0x88, 0x88, 0xF0, 0xB0, 0x90, 0x88, 0x70,
        0x80, 0x80, 0xE0, 0x18, 0x08, 0x88, 0x70, 0xFC, 0x10, 0x10, 0x10, 0x10, 0x10, 0x10, 0x10,
        0x84, 0x84, 0x84, 0x84, 0x84, 0x84, 0x88, 0x78, 0x84, 0x44, 0x4C, 0x48, 0x28, 0x28, 0x30,
        0x30, 0x88, 0x80, 0xCC, 0x80, 0x4D, 0x80, 0x55, 0x00, 0x55, 0x00, 0x77, 0x00, 0x33, 0x00,
        0x22, 0x00, 0x44, 0x4C, 0x28, 0x10, 0x30, 0x28, 0x44, 0xC4, 0xC4, 0x44, 0x68, 0x38, 0x10,
        0x10, 0x10, 0x10, 0x7C, 0x0C, 0x08, 0x10, 0x30, 0x20, 0x40, 0xFC, 0xC0, 0x80, 0x80, 0x80,
        0x80, 0x80, 0x80, 0x80, 0x80, 0xC0, 0x80, 0x40, 0x40, 0x40, 0x20, 0x20, 0x20, 0x10, 0xE0,
        0x20, 0x20, 0x20, 0x20, 0x20, 0x20, 0x20, 0x20, 0xE0, 0x60, 0x60, 0x90, 0x90, 0xF0, 0x80,
        0x30, 0x48, 0x18, 0x48, 0xC8, 0x78, 0x80, 0x80, 0xF0, 0x98, 0x88, 0x88, 0x98, 0xF0, 0x30,
        0x48, 0xC0, 0xC0, 0x40, 0x30, 0x78, 0x48, 0xC8, 0xC8, 0x48, 0x74, 0x30, 0x48, 0xFC, 0x80,
        0x40, 0x38, 0x40, 0x40, 0xE0, 0x40, 0x40, 0x40, 0x40, 0x40, 0x70, 0x48, 0x88, 0x88, 0x48,
        0x78, 0x08, 0x30, 0x80, 0x80, 0xF0, 0x90, 0x90, 0x90, 0x90, 0x90, 0x80, 0x00, 0x80, 0x80,
        0x80, 0x80, 0x80, 0x80, 0x20, 0x00, 0x20, 0x20, 0x20, 0x20, 0x20, 0x20, 0x20, 0xC0, 0x80,
        0x80, 0xB0, 0xA0, 0xC0, 0xE0, 0xA0, 0x90, 0x80, 0x80, 0x80, 0x80, 0x80, 0x80, 0x80, 0x80,
        0xEE, 0x92, 0x90, 0x91, 0x91, 0x91, 0xF0, 0x90, 0x90, 0x90, 0x90, 0x90, 0x30, 0x48, 0x04,
        0x84, 0x48, 0x30, 0xF0, 0x98, 0x88, 0x88, 0x98, 0xF0, 0x80, 0x80, 0x70, 0x48, 0x88, 0x88,
        0x48, 0x78, 0x04, 0x06, 0xE0, 0x80, 0x80, 0x80, 0x80, 0x80, 0xE0, 0x80, 0xC0, 0x30, 0x10,
        0xE0, 0x40, 0xE0, 0x40, 0x40, 0x40, 0x40, 0x60, 0x90, 0x90, 0x90, 0x90, 0x90, 0xF0, 0x88,
        0x90, 0x50, 0x50, 0x60, 0x20, 0x92, 0x92, 0x4A, 0x6C, 0x6C, 0x64, 0xC8, 0x50, 0x20, 0x20,
        0x50, 0x88, 0x88, 0x90, 0x50, 0x50, 0x60, 0x20, 0x20, 0xC0, 0x78, 0x10, 0x20, 0x20, 0x40,
        0xF8, 0x20, 0x40, 0x40, 0x40, 0x40, 0xC0, 0x40, 0x40, 0x40, 0x60, 0x80, 0x80, 0x80, 0x80,
        0x80, 0x80, 0x80, 0x80, 0x80, 0x80, 0xC0, 0x40, 0x40, 0x40, 0x40, 0x20, 0x40, 0x40, 0x40,
        0xC0, 0xC0, 0x30, 0x80, 0x80, 0x80, 0x80, 0x80, 0x80, 0x80, 0x80, 0x30, 0x48, 0x80, 0x80,
        0x40, 0x70, 0x70, 0x88, 0x80, 0xF0, 0x40, 0x40, 0x40, 0xF8, 0xF0, 0x90, 0x88, 0x90, 0xF0,
        0x84, 0x44, 0x48, 0x28, 0x30, 0x78, 0x78, 0x10, 0x80, 0x80, 0x80, 0x80, 0x00, 0x00, 0x80,
        0x80, 0x80, 0x80, 0x70, 0x40, 0x60, 0x70, 0x88, 0x48, 0x38, 0x18, 0x48, 0x70, 0xA0, 0x38,
        0x7C, 0xA2, 0x02, 0x22, 0xB2, 0x44, 0x38, 0xC0, 0x40, 0xC0, 0x50, 0x90, 0xA0, 0x90, 0x50,
        0xF8, 0x08, 0x08, 0x38, 0x7C, 0xAA, 0x3A, 0x2A, 0x8A, 0x44, 0x38, 0xE0, 0xC0, 0x00, 0xC0,
        0x20, 0x20, 0xF8, 0x20, 0x00, 0xF8, 0xC0, 0x00, 0x40, 0x80, 0xC0, 0xC0, 0x00, 0x40, 0x20,
        0xC0, 0x80, 0x90, 0x90, 0x90, 0x90, 0x90, 0xF8, 0x80, 0x80, 0x78, 0x68, 0xE8, 0x68, 0x28,
        0x28, 0x28, 0x28, 0x28, 0x28, 0x80, 0x80, 0xC0, 0x80, 0x80, 0x80, 0x80, 0x80, 0xC0, 0x20,
        0xC0, 0xA0, 0x50, 0x50, 0x50, 0xA0, 0x84, 0x88, 0x88, 0x90, 0x02, 0x22, 0x4E, 0x42, 0x84,
        0x88, 0x88, 0x96, 0x22, 0x22, 0x44, 0x4E, 0xC0, 0x04, 0x48, 0x28, 0xD2, 0x26, 0x27, 0x42,
        0x20, 0x20, 0x00, 0x20, 0xC0, 0x80, 0x90, 0xE0, 0x10, 0x00, 0x10, 0x38, 0x28, 0x28, 0x44,
        0x7C, 0x44, 0x82, 0x10, 0x00, 0x10, 0x38, 0x28, 0x28, 0x44, 0x7C, 0x44, 0x82, 0x28, 0x00,
        0x10, 0x38, 0x28, 0x28, 0x44, 0x7C, 0x44, 0x82, 0x38, 0x00, 0x10, 0x38, 0x28, 0x28, 0x44,
        0x7C, 0x44, 0x82, 0x28, 0x00, 0x10, 0x38, 0x28, 0x28, 0x44, 0x7C, 0x44, 0x82, 0x10, 0x28,
        0x30, 0x38, 0x28, 0x28, 0x44, 0x7C, 0x44, 0x82, 0x07, 0xC0, 0x0E, 0x00, 0x0A, 0x00, 0x13,
        0x80, 0x22, 0x00, 0x3E, 0x00, 0x42, 0x00, 0xC3, 0xC0, 0x78, 0x8C, 0x80, 0x80, 0x80, 0x80,
        0xCC, 0x78, 0x30, 0x40, 0x00, 0xF8, 0x80, 0x80, 0xF0, 0x80, 0x80, 0x80, 0xF8, 0x20, 0x00,
        0xF8, 0x80, 0x80, 0xF0, 0x80, 0x80, 0x80, 0xF8, 0x70, 0x00, 0xF8, 0x80, 0x80, 0xF0, 0x80,
        0x80, 0x80, 0xF8, 0x50, 0x00, 0xF8, 0x80, 0x80, 0xF0, 0x80, 0x80, 0x80, 0xF8, 0x80, 0x00,
        0xE0, 0x40, 0x40, 0x40, 0x40, 0x40, 0x40, 0xE0, 0x40, 0x00, 0xE0, 0x40, 0x40, 0x40, 0x40,
        0x40, 0x40, 0xE0, 0xE0, 0x00, 0xE0, 0x40, 0x40, 0x40, 0x40, 0x40, 0x40, 0xE0, 0x20, 0x00,
        0xE0, 0x40, 0x40, 0x40, 0x40, 0x40, 0x40, 0xE0, 0x7C, 0x46, 0x42, 0xF2, 0x42, 0x42, 0x46,
        0x78, 0x30, 0x00, 0xC4, 0xC4, 0xA4, 0xA4, 0xB4, 0x94, 0x9C, 0x8C, 0x20, 0x00, 0x78, 0xCC,
        0x84, 0x84, 0x84, 0x84, 0xCC, 0x78, 0x10, 0x00, 0x78, 0xCC, 0x84, 0x84, 0x84, 0x84, 0xCC,
        0x78, 0x30, 0x00, 0x78, 0xCC, 0x84, 0x84, 0x84, 0x84, 0xCC, 0x78, 0x38, 0x00, 0x78, 0xCC,
        0x84, 0x84, 0x84, 0x84, 0xCC, 0x78, 0x40, 0x00, 0x78, 0xCC, 0x84, 0x84, 0x84, 0x84, 0xCC,
        0x78, 0x90, 0x60, 0x60, 0x90, 0x7C, 0xCC, 0x8C, 0x94, 0xA4, 0xC4, 0xCC, 0xF8, 0x20, 0x00,
        0x84, 0x84, 0x84, 0x84, 0x84, 0x84, 0x88, 0x78, 0x10, 0x00, 0x84, 0x84, 0x84, 0x84, 0x84,
        0x84, 0x88, 0x78, 0x30, 0x00, 0x84, 0x84, 0x84, 0x84, 0x84, 0x84, 0x88, 0x78, 0x40, 0x00,
        0x84, 0x84, 0x84, 0x84, 0x84, 0x84, 0x88, 0x78, 0x10, 0x00, 0xC4, 0x44, 0x68, 0x38, 0x10,
        0x10, 0x10, 0x10, 0x80, 0x80, 0xF0, 0x88, 0x88, 0xF0, 0x80, 0x80, 0x70, 0x88, 0x98, 0xB0,
        0x88, 0x88, 0x88, 0xB0, 0x20, 0x00, 0x30, 0x48, 0x18, 0x48, 0xC8, 0x78, 0x10, 0x00, 0x30,
        0x48, 0x18, 0x48, 0xC8, 0x78, 0x30, 0x00, 0x30, 0x48, 0x18, 0x48, 0xC8, 0x78, 0x70, 0x00,
        0x30, 0x48, 0x18, 0x48, 0xC8, 0x78, 0x40, 0x00, 0x30, 0x48, 0x18, 0x48, 0xC8, 0x78, 0x30,
        0x10, 0x30, 0x30, 0x48, 0x18, 0x48, 0xC8, 0x78, 0xEE, 0x11, 0x7F, 0x90, 0x98, 0xEE, 0x30,
        0x48, 0xC0, 0xC0, 0x40, 0x30, 0x10, 0x20, 0x00, 0x30, 0x48, 0xFC, 0x80, 0x40, 0x38, 0x10,
        0x00, 0x30, 0x48, 0xFC, 0x80, 0x40, 0x38, 0x30, 0x00, 0x30, 0x48, 0xFC, 0x80, 0x40, 0x38,
        0x08, 0x00, 0x30, 0x48, 0xFC, 0x80, 0x40, 0x38, 0x80, 0x00, 0x80, 0x80, 0x80, 0x80, 0x80,
        0x80, 0x80, 0x00, 0x80, 0x80, 0x80, 0x80, 0x80, 0x80, 0xA0, 0x00, 0x40, 0x40, 0x40, 0x40,
        0x40, 0x40, 0xA0, 0x00, 0x40, 0x40, 0x40, 0x40, 0x40, 0x40, 0x38, 0x18, 0x08, 0x3C, 0x4C,
        0x84, 0x48, 0x30, 0x70, 0x00, 0xF0, 0x90, 0x90, 0x90, 0x90, 0x90, 0x20, 0x00, 0x30, 0x48,
        0x04, 0x84, 0x48, 0x30, 0x10, 0x00, 0x30, 0x48, 0x04, 0x84, 0x48, 0x30, 0x30, 0x00, 0x30,
        0x48, 0x04, 0x84, 0x48, 0x30, 0x38, 0x00, 0x30, 0x48, 0x04, 0x84, 0x48, 0x30, 0x08, 0x00,
        0x30, 0x48, 0x04, 0x84, 0x48, 0x30, 0x20, 0x20, 0x00, 0xF8, 0x20, 0x20, 0x38, 0x48, 0x14,
        0xE4, 0x48, 0x70, 0x40, 0x00, 0x90, 0x90, 0x90, 0x90, 0x90, 0xF0, 0x20, 0x00, 0x90, 0x90,
        0x90, 0x90, 0x90, 0xF0, 0x60, 0x00, 0x90, 0x90, 0x90, 0x90, 0x90, 0xF0, 0x80, 0x00, 0x90,
        0x90, 0x90, 0x90, 0x90, 0xF0, 0x20, 0x00, 0x88, 0x90, 0x50, 0x50, 0x60, 0x20, 0x20, 0xC0,
        0x80, 0x80, 0xF0, 0x98, 0x88, 0x88, 0x98, 0xF0, 0x80, 0x80, 0x50, 0x00, 0x88, 0x90, 0x50,
        0x50, 0x60, 0x20, 0x20, 0xC0, 0xF0, 0xFE, 0x80, 0x80, 0x80, 0x80, 0x80, 0x80, 0x80, 0xA0,
        0x80, 0xA0, 0xA0, 0xA0, 0xA0, 0xA0, 0xC0, 0xE0, 0xE0, 0xE0, 0xA4, 0x40, 0x80, 0x80, 0x80,
        0x40, 0x80, 0x40, 0x40, 0x40, 0x80, 0x38, 0x4C, 0x80, 0xE0, 0xE0, 0x80, 0x4C, 0x38, 0xFB,
        0x5B, 0x5B, 0x55, 0xF8,
    ],
    line_height: 13,
};

// ATKINSON_COMPACT_BODY: 13 px, cap 9, line height 15, gray 128
pub static ATKINSON_COMPACT_BODY: BitmapFont = BitmapFont {
    glyphs: &[
        Glyph::new(0, 0, 0, 4, 0, 0),
        Glyph::new(0, 1, 9, 4, 1, -9),
        Glyph::new(9, 2, 2, 4, 1, -9),
        Glyph::new(11, 7, 9, 9, 1, -9),
        Glyph::new(20, 6, 11, 8, 1, -10),
        Glyph::new(31, 11, 9, 12, 1, -9),
        Glyph::new(49, 8, 9, 9, 1, -9),
        Glyph::new(58, 1, 1, 2, 1, -9),
        Glyph::new(59, 2, 11, 4, 1, -9),
        Glyph::new(70, 2, 11, 4, 1, -9),
        Glyph::new(81, 4, 4, 6, 1, -9),
        Glyph::new(85, 6, 7, 8, 1, -7),
        Glyph::new(92, 1, 3, 3, 1, -1),
        Glyph::new(95, 3, 1, 5, 1, -4),
        Glyph::new(96, 1, 2, 3, 1, -2),
        Glyph::new(98, 5, 9, 5, 0, -9),
        Glyph::new(107, 7, 9, 8, 1, -9),
        Glyph::new(116, 3, 9, 5, 1, -9),
        Glyph::new(125, 7, 9, 7, 0, -9),
        Glyph::new(134, 6, 9, 7, 1, -9),
        Glyph::new(143, 6, 9, 8, 1, -9),
        Glyph::new(152, 6, 9, 8, 1, -9),
        Glyph::new(161, 6, 9, 8, 1, -9),
        Glyph::new(170, 6, 9, 7, 0, -9),
        Glyph::new(179, 6, 9, 8, 1, -9),
        Glyph::new(188, 6, 9, 8, 1, -9),
        Glyph::new(197, 1, 7, 3, 1, -7),
        Glyph::new(204, 1, 9, 3, 1, -7),
        Glyph::new(213, 6, 6, 7, 1, -6),
        Glyph::new(219, 6, 4, 8, 1, -6),
        Glyph::new(223, 6, 6, 7, 1, -6),
        Glyph::new(229, 5, 9, 7, 1, -9),
        Glyph::new(238, 8, 9, 10, 1, -9),
        Glyph::new(247, 8, 9, 8, 0, -9),
        Glyph::new(256, 7, 9, 8, 1, -9),
        Glyph::new(265, 7, 9, 9, 1, -9),
        Glyph::new(274, 7, 9, 9, 1, -9),
        Glyph::new(283, 6, 9, 7, 1, -9),
        Glyph::new(292, 6, 9, 7, 1, -9),
        Glyph::new(301, 7, 9, 9, 1, -9),
        Glyph::new(310, 7, 9, 9, 1, -9),
        Glyph::new(319, 4, 9, 5, 1, -9),
        Glyph::new(328, 6, 9, 7, 0, -9),
        Glyph::new(337, 7, 9, 8, 1, -9),
        Glyph::new(346, 6, 9, 7, 1, -9),
        Glyph::new(355, 9, 9, 11, 1, -9),
        Glyph::new(373, 7, 9, 9, 1, -9),
        Glyph::new(382, 8, 9, 9, 1, -9),
        Glyph::new(391, 6, 9, 8, 1, -9),
        Glyph::new(400, 9, 9, 10, 1, -9),
        Glyph::new(418, 6, 9, 8, 1, -9),
        Glyph::new(427, 6, 9, 8, 1, -9),
        Glyph::new(436, 7, 9, 7, 0, -9),
        Glyph::new(445, 7, 9, 9, 1, -9),
        Glyph::new(454, 7, 9, 8, 0, -9),
        Glyph::new(463, 11, 9, 11, 0, -9),
        Glyph::new(481, 8, 9, 8, 0, -9),
        Glyph::new(490, 7, 9, 8, 0, -9),
        Glyph::new(499, 6, 9, 8, 1, -9),
        Glyph::new(508, 3, 11, 4, 1, -9),
        Glyph::new(519, 5, 9, 5, 0, -9),
        Glyph::new(528, 3, 11, 4, 0, -9),
        Glyph::new(539, 5, 5, 7, 1, -9),
        Glyph::new(544, 5, 1, 5, 0, 0),
        Glyph::new(545, 1, 2, 3, 1, -10),
        Glyph::new(547, 5, 7, 7, 1, -7),
        Glyph::new(554, 6, 9, 7, 1, -9),
        Glyph::new(563, 5, 7, 7, 1, -7),
        Glyph::new(570, 6, 9, 7, 1, -9),
        Glyph::new(579, 6, 7, 7, 1, -7),
        Glyph::new(586, 4, 9, 4, 0, -9),
        Glyph::new(595, 5, 10, 7, 1, -7),
        Glyph::new(605, 5, 9, 7, 1, -9),
        Glyph::new(614, 2, 9, 4, 1, -9),
        Glyph::new(623, 3, 11, 3, -1, -9),
        Glyph::new(634, 5, 9, 6, 1, -9),
        Glyph::new(643, 2, 9, 3, 1, -9),
        Glyph::new(652, 9, 7, 11, 1, -7),
        Glyph::new(666, 5, 7, 7, 1, -7),
        Glyph::new(673, 6, 7, 7, 1, -7),
        Glyph::new(680, 6, 9, 7, 1, -7),
        Glyph::new(689, 7, 9, 7, 1, -7),
        Glyph::new(698, 3, 7, 4, 1, -7),
        Glyph::new(705, 5, 7, 6, 1, -7),
        Glyph::new(712, 4, 8, 4, 0, -8),
        Glyph::new(720, 5, 7, 7, 1, -7),
        Glyph::new(727, 6, 7, 6, 0, -7),
        Glyph::new(734, 8, 7, 9, 0, -7),
        Glyph::new(741, 6, 7, 6, 0, -7),
        Glyph::new(748, 5, 9, 6, 0, -7),
        Glyph::new(757, 5, 7, 6, 1, -7),
        Glyph::new(764, 3, 11, 4, 1, -9),
        Glyph::new(775, 1, 11, 3, 1, -9),
        Glyph::new(786, 4, 11, 4, 0, -9),
        Glyph::new(797, 5, 2, 7, 1, -5),
        Glyph::new(799, 0, 0, 4, 0, 0),
        Glyph::new(799, 1, 9, 4, 1, -7),
        Glyph::new(808, 5, 9, 7, 1, -8),
        Glyph::new(817, 6, 9, 8, 1, -9),
        Glyph::new(826, 6, 6, 8, 1, -8),
        Glyph::new(832, 7, 9, 8, 0, -9),
        Glyph::new(841, 1, 11, 3, 1, -9),
        Glyph::new(852, 6, 11, 7, 0, -9),
        Glyph::new(863, 4, 1, 6, 1, -10),
        Glyph::new(864, 9, 10, 10, 1, -10),
        Glyph::new(884, 3, 4, 5, 1, -9),
        Glyph::new(888, 5, 6, 7, 1, -7),
        Glyph::new(894, 6, 4, 8, 1, -6),
        Glyph::new(898, 0, 0, 0, 0, 0),
        Glyph::new(898, 9, 10, 10, 1, -10),
        Glyph::new(918, 3, 1, 5, 1, -9),
        Glyph::new(919, 3, 4, 5, 1, -10),
        Glyph::new(923, 6, 7, 8, 1, -7),
        Glyph::new(930, 3, 5, 5, 1, -10),
        Glyph::new(935, 3, 5, 5, 1, -10),
        Glyph::new(940, 2, 2, 3, 1, -10),
        Glyph::new(942, 6, 9, 7, 1, -7),
        Glyph::new(951, 5, 11, 7, 1, -9),
        Glyph::new(962, 1, 2, 3, 1, -5),
        Glyph::new(964, 2, 2, 4, 1, 1),
        Glyph::new(966, 2, 5, 3, 1, -10),
        Glyph::new(971, 3, 4, 5, 1, -9),
        Glyph::new(975, 5, 6, 7, 1, -7),
        Glyph::new(981, 9, 9, 11, 1, -9),
        Glyph::new(999, 9, 9, 11, 1, -9),
        Glyph::new(1017, 9, 10, 11, 1, -10),
        Glyph::new(1037, 5, 9, 7, 1, -7),
        Glyph::new(1046, 8, 11, 8, 0, -11),
        Glyph::new(1057, 8, 12, 8, 0, -12),
        Glyph::new(1069, 8, 12, 8, 0, -12),
        Glyph::new(1081, 8, 12, 8, 0, -12),
        Glyph::new(1093, 8, 12, 8, 0, -12),
        Glyph::new(1105, 8, 12, 8, 0, -12),
        Glyph::new(1117, 12, 9, 13, 0, -9),
        Glyph::new(1135, 7, 12, 9, 1, -9),
        Glyph::new(1147, 6, 11, 7, 1, -11),
        Glyph::new(1158, 6, 12, 7, 1, -12),
        Glyph::new(1170, 6, 12, 7, 1, -12),
        Glyph::new(1182, 6, 12, 7, 1, -12),
        Glyph::new(1194, 4, 11, 5, 1, -11),
        Glyph::new(1205, 4, 12, 5, 1, -12),
        Glyph::new(1217, 4, 12, 5, 1, -12),
        Glyph::new(1229, 4, 12, 5, 1, -12),
        Glyph::new(1241, 9, 9, 9, 0, -9),
        Glyph::new(1259, 7, 12, 9, 1, -12),
        Glyph::new(1271, 8, 11, 9, 1, -11),
        Glyph::new(1282, 8, 12, 9, 1, -12),
        Glyph::new(1294, 8, 12, 9, 1, -12),
        Glyph::new(1306, 8, 12, 9, 1, -12),
        Glyph::new(1318, 8, 12, 9, 1, -12),
        Glyph::new(1330, 5, 5, 7, 1, -6),
        Glyph::new(1335, 8, 9, 9, 1, -9),
        Glyph::new(1344, 7, 11, 9, 1, -11),
        Glyph::new(1355, 7, 12, 9, 1, -12),
        Glyph::new(1367, 7, 12, 9, 1, -12),
        Glyph::new(1379, 7, 12, 9, 1, -12),
        Glyph::new(1391, 7, 12, 8, 0, -12),
        Glyph::new(1403, 6, 9, 7, 1, -9),
        Glyph::new(1412, 6, 9, 8, 1, -9),
        Glyph::new(1421, 5, 10, 7, 1, -10),
        Glyph::new(1431, 5, 10, 7, 1, -10),
        Glyph::new(1441, 5, 9, 7, 1, -9),
        Glyph::new(1450, 5, 10, 7, 1, -10),
        Glyph::new(1460, 5, 10, 7, 1, -10),
        Glyph::new(1470, 5, 11, 7, 1, -11),
        Glyph::new(1481, 10, 7, 11, 1, -7),
        Glyph::new(1495, 5, 10, 7, 1, -7),
        Glyph::new(1505, 6, 10, 7, 1, -10),
        Glyph::new(1515, 6, 10, 7, 1, -10),
        Glyph::new(1525, 6, 9, 7, 1, -9),
        Glyph::new(1534, 6, 10, 7, 1, -10),
        Glyph::new(1544, 3, 10, 4, 0, -10),
        Glyph::new(1554, 2, 10, 4, 1, -10),
        Glyph::new(1564, 3, 9, 4, 0, -9),
        Glyph::new(1573, 4, 10, 4, 0, -10),
        Glyph::new(1583, 6, 9, 7, 1, -9),
        Glyph::new(1592, 5, 10, 7, 1, -10),
        Glyph::new(1602, 6, 10, 7, 1, -10),
        Glyph::new(1612, 6, 10, 7, 1, -10),
        Glyph::new(1622, 6, 9, 7, 1, -9),
        Glyph::new(1631, 6, 10, 7, 1, -10),
        Glyph::new(1641, 6, 10, 7, 1, -10),
        Glyph::new(1651, 6, 7, 8, 1, -7),
        Glyph::new(1658, 6, 7, 7, 1, -7),
        Glyph::new(1665, 5, 10, 7, 1, -10),
        Glyph::new(1675, 5, 10, 7, 1, -10),
        Glyph::new(1685, 5, 9, 7, 1, -9),
        Glyph::new(1694, 5, 10, 7, 1, -10),
        Glyph::new(1704, 5, 12, 6, 0, -10),
        Glyph::new(1716, 6, 11, 7, 1, -9),
        Glyph::new(1727, 5, 12, 6, 0, -10),
        Glyph::new(1739, 5, 1, 6, 1, -4),
        Glyph::new(1740, 9, 1, 10, 1, -4),
        Glyph::new(1742, 1, 3, 3, 1, -9),
        Glyph::new(1745, 1, 3, 3, 1, -9),
        Glyph::new(1748, 1, 3, 3, 1, -1),
        Glyph::new(1751, 3, 3, 5, 1, -9),
        Glyph::new(1754, 3, 3, 5, 1, -9),
        Glyph::new(1757, 3, 3, 5, 1, -1),
        Glyph::new(1760, 4, 5, 6, 1, -6),
        Glyph::new(1765, 7, 2, 9, 1, -2),
        Glyph::new(1767, 3, 6, 5, 1, -7),
        Glyph::new(1773, 3, 6, 5, 1, -7),
        Glyph::new(1779, 7, 9, 9, 1, -9),
        Glyph::new(1788, 9, 5, 11, 1, -9),
        Glyph::new(1798, 6, 1, 8, 1, -4),
    ],
    bitmap: &[
        0x80, 0x80, 0x80, 0x80, 0x80, 0x80, 0x00, 0x80, 0x80, 0xC0, 0x40, 0x24, 0x28, 0xFE, 0x68,
        0x48, 0xFC, 0x48, 0x48, 0x48, 0x20, 0xF8, 0xA0, 0xA0, 0xE0, 0x38, 0x2C, 0x24, 0xAC, 0x78,
        0x20, 0xE1, 0x00, 0x93, 0x00, 0x92, 0x00, 0xE4, 0x00, 0x0D, 0x80, 0x0A, 0x40, 0x12, 0x20,
        0x32, 0x40, 0x21, 0xC0, 0x38, 0x48, 0x48, 0x70, 0xF2, 0x9E, 0x8C, 0x8E, 0x73, 0x80, 0x40,
        0x80, 0x80, 0x80, 0x80, 0x80, 0x80, 0x80, 0x80, 0x40, 0x40, 0x80, 0x40, 0x40, 0x40, 0x40,
        0x40, 0x40, 0x40, 0x40, 0x80, 0x80, 0x40, 0xF0, 0x60, 0x20, 0x20, 0x20, 0x20, 0xFC, 0x20,
        0x20, 0x20, 0x80, 0x80, 0x80, 0xE0, 0x80, 0x80, 0x18, 0x10, 0x10, 0x20, 0x20, 0x20, 0x40,
        0x40, 0xC0, 0x78, 0xCC, 0xC4, 0xA6, 0x96, 0x9E, 0x8C, 0xCC, 0x78, 0x20, 0xE0, 0x20, 0x20,
        0x20, 0x20, 0x20, 0x20, 0x20, 0x38, 0x44, 0x04, 0x04, 0x0C, 0x18, 0x30, 0x60, 0xFE, 0x78,
        0x88, 0x08, 0x30, 0x08, 0x0C, 0x8C, 0x88, 0x70, 0x18, 0x18, 0x28, 0x68, 0x48, 0x88, 0xFC,
        0x08, 0x08, 0xF8, 0x80, 0x80, 0xF0, 0xC8, 0x04, 0x04, 0x88, 0x70, 0x78, 0x48, 0x80, 0xB8,
        0xCC, 0x84, 0x84, 0xCC, 0x78, 0xFC, 0x04, 0x0C, 0x08, 0x18, 0x10, 0x30, 0x20, 0x60, 0x30,
        0x48, 0x48, 0x78, 0xCC, 0x84, 0x84, 0xCC, 0x78, 0x78, 0xC8, 0x84, 0x84, 0xCC, 0x78, 0x18,
        0x10, 0x20, 0x80, 0x80, 0x00, 0x00, 0x00, 0x80, 0x80, 0x80, 0x80, 0x00, 0x00, 0x00, 0x00,
        0x80, 0x80, 0x80, 0x0C, 0x70, 0xC0, 0xE0, 0x38, 0x04, 0xFC, 0x00, 0x00, 0xFC, 0xC0, 0x70,
        0x0C, 0x18, 0xE0, 0x80, 0x70, 0x88, 0x08, 0x18, 0x20, 0x60, 0x00, 0x40, 0x60, 0x3C, 0x42,
        0x9D, 0xA4, 0x24, 0xA5, 0xBF, 0x40, 0x3C, 0x18, 0x18, 0x3C, 0x24, 0x24, 0x66, 0x7E, 0x42,
        0xC1, 0xF8, 0x8C, 0x84, 0x84, 0xFC, 0x84, 0x86, 0x84, 0xF8, 0x3C, 0x46, 0x80, 0x80, 0x80,
        0x80, 0x80, 0x46, 0x3C, 0xF8, 0x8C, 0x86, 0x82, 0x82, 0x82, 0x86, 0x8C, 0xF8, 0xFC, 0x80,
        0x80, 0x80, 0xF8, 0x80, 0x80, 0x80, 0xFC, 0xFC, 0x80, 0x80, 0x80, 0xFC, 0x80, 0x80, 0x80,
        0x80, 0x3C, 0x46, 0x80, 0x80, 0x8E, 0x82, 0x82, 0x46, 0x38, 0x82, 0x82, 0x82, 0x82, 0xFE,
        0x82, 0x82, 0x82, 0x82, 0xF0, 0x40, 0x40, 0x40, 0x40, 0x40, 0x40, 0x40, 0xF0, 0x0C, 0x0C,
        0x0C, 0x0C, 0x0C, 0x0C, 0x8C, 0xC8, 0x78, 0x84, 0x88, 0x90, 0xB0, 0xF0, 0xD8, 0x88, 0x8C,
        0x86, 0x80, 0x80, 0x80, 0x80, 0x80, 0x80, 0x80, 0x80, 0xFC, 0xC3, 0x80, 0xC3, 0x80, 0xE3,
        0x80, 0xA3, 0x80, 0xA5, 0x80, 0x95, 0x80, 0x95, 0x80, 0x99, 0x80, 0x89, 0x80, 0xC2, 0xE2,
        0xA2, 0xB2, 0x92, 0x9A, 0x8A, 0x8E, 0x86, 0x3C, 0x46, 0x82, 0x83, 0x81, 0x83, 0x82, 0x46,
        0x3C, 0xF8, 0x84, 0x84, 0x84, 0xF8, 0x80, 0x80, 0x80, 0x80, 0x3C, 0x00, 0x46, 0x00, 0x82,
        0x00, 0x83, 0x00, 0x81, 0x00, 0x8F, 0x00, 0x86, 0x00, 0x47, 0x00, 0x3D, 0x80, 0xF8, 0x84,
        0x84, 0x84, 0xF8, 0x90, 0x98, 0x8C, 0x84, 0x78, 0x88, 0x80, 0xC0, 0x78, 0x0C, 0x04, 0x8C,
        0x78, 0xFE, 0x10, 0x10, 0x10, 0x10, 0x10, 0x10, 0x10, 0x10, 0x82, 0x82, 0x82, 0x82, 0x82,
        0x82, 0x82, 0x44, 0x7C, 0xC2, 0x42, 0x46, 0x64, 0x24, 0x2C, 0x38, 0x18, 0x18, 0xC4, 0x60,
        0xCC, 0x40, 0x4E, 0x40, 0x4A, 0x40, 0x4A, 0xC0, 0x6A, 0x80, 0x31, 0x80, 0x31, 0x80, 0x31,
        0x80, 0x42, 0x66, 0x24, 0x18, 0x18, 0x1C, 0x24, 0x66, 0xC3, 0xC2, 0x46, 0x24, 0x2C, 0x18,
        0x18, 0x10, 0x10, 0x10, 0xFC, 0x0C, 0x08, 0x10, 0x30, 0x60, 0x40, 0x80, 0xFC, 0xE0, 0x80,
        0x80, 0x80, 0x80, 0x80, 0x80, 0x80, 0x80, 0x80, 0xE0, 0xC0, 0x40, 0x40, 0x20, 0x20, 0x20,
        0x10, 0x10, 0x18, 0xE0, 0x20, 0x20, 0x20, 0x20, 0x20, 0x20, 0x20, 0x20, 0x20, 0xE0, 0x20,
        0x70, 0x50, 0xC8, 0x88, 0xF8, 0x80, 0x80, 0x70, 0x98, 0x08, 0x78, 0x88, 0x98, 0xE8, 0x80,
        0x80, 0xB8, 0xC8, 0x8C, 0x84, 0x8C, 0xC8, 0xB8, 0x70, 0x88, 0x80, 0x80, 0x80, 0x88, 0x70,
        0x08, 0x08, 0x78, 0x88, 0x88, 0x88, 0x88, 0x88, 0x74, 0x70, 0x88, 0x88, 0xFC, 0x80, 0x80,
        0x70, 0x60, 0x40, 0xF0, 0x40, 0x40, 0x40, 0x40, 0x40, 0x40, 0x78, 0x88, 0x88, 0x88, 0x88,
        0x88, 0x78, 0x08, 0x88, 0x70, 0x80, 0x80, 0xB0, 0xC8, 0x88, 0x88, 0x88, 0x88, 0x88, 0xC0,
        0x00, 0xC0, 0xC0, 0xC0, 0xC0, 0xC0, 0xC0, 0xC0, 0x20, 0x00, 0x20, 0x20, 0x20, 0x20, 0x20,
        0x20, 0x20, 0x20, 0xE0, 0x80, 0x80, 0x98, 0xB0, 0xA0, 0xE0, 0xB0, 0x90, 0x88, 0x80, 0x80,
        0x80, 0x80, 0x80, 0x80, 0x80, 0x80, 0xC0, 0xB3, 0x00, 0xDC, 0x80, 0x88, 0x80, 0x88, 0x80,
        0x88, 0x80, 0x88, 0x80, 0x88, 0x80, 0xB0, 0xC8, 0x88, 0x88, 0x88, 0x88, 0x88, 0x70, 0x88,
        0x8C, 0x8C, 0x8C, 0x88, 0x70, 0xB8, 0xC8, 0x8C, 0x84, 0x8C, 0xC8, 0xB8, 0x80, 0x80, 0x70,
        0x88, 0x88, 0x88, 0x88, 0x88, 0x78, 0x0C, 0x06, 0xA0, 0xC0, 0x80, 0x80, 0x80, 0x80, 0x80,
        0xF0, 0x90, 0x80, 0x70, 0x18, 0x98, 0xF0, 0x40, 0xF0, 0x40, 0x40, 0x40, 0x40, 0x60, 0x30,
        0x88, 0x88, 0x88, 0x88, 0x88, 0x98, 0x68, 0x8C, 0xC8, 0x48, 0x58, 0x70, 0x30, 0x30, 0x89,
        0xD9, 0x51, 0x57, 0x66, 0x66, 0x22, 0xCC, 0x48, 0x30, 0x30, 0x30, 0x48, 0xCC, 0x88, 0x48,
        0x48, 0x50, 0x30, 0x30, 0x20, 0x20, 0xC0, 0xF0, 0x10, 0x20, 0x60, 0x40, 0x80, 0xF8, 0x60,
        0xC0, 0xC0, 0x80, 0x80, 0x80, 0x80, 0x80, 0xC0, 0xC0, 0x60, 0x80, 0x80, 0x80, 0x80, 0x80,
        0x80, 0x80, 0x80, 0x80, 0x80, 0x80, 0xC0, 0x20, 0x20, 0x20, 0x20, 0x30, 0x20, 0x20, 0x20,
        0x20, 0xC0, 0xE0, 0xB8, 0x80, 0x80, 0x00, 0x80, 0x80, 0x80, 0x80, 0x80, 0x80, 0x20, 0x70,
        0xE8, 0xA0, 0xA0, 0xA0, 0xA8, 0x70, 0x20, 0x78, 0x44, 0x40, 0xF8, 0x60, 0x20, 0x40, 0x60,
        0x1C, 0xF4, 0xC8, 0x8C, 0x84, 0xC8, 0xF8, 0xC2, 0x46, 0x24, 0x2C, 0x18, 0x7C, 0x18, 0x7C,
        0x18, 0x80, 0x80, 0x80, 0x80, 0x00, 0x00, 0x00, 0x80, 0x80, 0x80, 0x80, 0x38, 0x48, 0x60,
        0x30, 0x4C, 0xC4, 0x64, 0x18, 0x0C, 0x4C, 0x38, 0x90, 0x3C, 0x00, 0x62, 0x00, 0x99, 0x00,
        0xA4, 0x00, 0xA0, 0x80, 0xA0, 0x80, 0xA0, 0x00, 0x9D, 0x00, 0x42, 0x00, 0x3C, 0x00, 0xC0,
        0x20, 0xA0, 0xE0, 0x68, 0x58, 0x90, 0x90, 0x58, 0x68, 0xFC, 0x04, 0x04, 0x04, 0x3C, 0x00,
        0x62, 0x00, 0xB9, 0x00, 0xA4, 0x00, 0xA4, 0x80, 0xBC, 0x80, 0xA8, 0x00, 0x85, 0x00, 0x42,
        0x00, 0x3C, 0x00, 0xE0, 0xC0, 0xA0, 0x20, 0xC0, 0x20, 0x20, 0xFC, 0x20, 0x20, 0x00, 0xFC,
        0xE0, 0x20, 0x20, 0x40, 0xE0, 0xE0, 0x20, 0x60, 0x20, 0xE0, 0x40, 0x80, 0x88, 0x88, 0x88,
        0x88, 0x88, 0x98, 0xFC, 0x80, 0x80, 0x78, 0xE8, 0xC8, 0xC8, 0xC8, 0x48, 0x48, 0x48, 0x48,
        0x48, 0x48, 0x80, 0x80, 0x40, 0xC0, 0x40, 0xC0, 0x40, 0x40, 0x40, 0x40, 0xA0, 0xA0, 0xE0,
        0x90, 0x58, 0x68, 0x68, 0x58, 0x90, 0xC2, 0x00, 0x42, 0x00, 0x44, 0x00, 0x48, 0x00, 0x49,
        0x00, 0x13, 0x00, 0x25, 0x00, 0x27, 0x80, 0x41, 0x00, 0xC2, 0x00, 0x42, 0x00, 0x44, 0x00,
        0x48, 0x00, 0x4B, 0x00, 0x10, 0x80, 0x21, 0x00, 0x22, 0x00, 0x47, 0x80, 0x41, 0x00, 0xA2,
        0x00, 0x22, 0x00, 0x64, 0x00, 0x2C, 0x00, 0xE9, 0x80, 0x11, 0x80, 0x12, 0x80, 0x23, 0x80,
        0x40, 0x80, 0x20, 0x20, 0x00, 0x20, 0x60, 0xC0, 0x80, 0x88, 0x70, 0x10, 0x00, 0x18, 0x18,
        0x3C, 0x24, 0x24, 0x66, 0x7E, 0x42, 0xC1, 0x08, 0x00, 0x00, 0x18, 0x18, 0x3C, 0x24, 0x24,
        0x66, 0x7E, 0x42, 0xC1, 0x1C, 0x00, 0x00, 0x18, 0x18, 0x3C, 0x24, 0x24, 0x66, 0x7E, 0x42,
        0xC1, 0x14, 0x2C, 0x00, 0x18, 0x18, 0x3C, 0x24, 0x24, 0x66, 0x7E, 0x42, 0xC1, 0x24, 0x00,
        0x00, 0x18, 0x18, 0x3C, 0x24, 0x24, 0x66, 0x7E, 0x42, 0xC1, 0x18, 0x10, 0x18, 0x18, 0x18,
        0x3C, 0x24, 0x24, 0x66, 0x7E, 0x42, 0xC1, 0x03, 0xF0, 0x07, 0x00, 0x07, 0x00, 0x09, 0x00,
        0x19, 0xE0, 0x11, 0x00, 0x3F, 0x00, 0x61, 0x00, 0xC1, 0xF0, 0x3C, 0x46, 0x80, 0x80, 0x80,
        0x80, 0x80, 0x46, 0x3C, 0x10, 0x08, 0x10, 0x20, 0x00, 0xFC, 0x80, 0x80, 0x80, 0xF8, 0x80,
        0x80, 0x80, 0xFC, 0x10, 0x00, 0x00, 0xFC, 0x80, 0x80, 0x80, 0xF8, 0x80, 0x80, 0x80, 0xFC,
        0x70, 0x00, 0x00, 0xFC, 0x80, 0x80, 0x80, 0xF8, 0x80, 0x80, 0x80, 0xFC, 0x48, 0x00, 0x00,
        0xFC, 0x80, 0x80, 0x80, 0xF8, 0x80, 0x80, 0x80, 0xFC, 0x40, 0x00, 0xF0, 0x40, 0x40, 0x40,
        0x40, 0x40, 0x40, 0x40, 0xF0, 0x60, 0x00, 0x00, 0xF0, 0x40, 0x40, 0x40, 0x40, 0x40, 0x40,
        0x40, 0xF0, 0xE0, 0x00, 0x00, 0xF0, 0x40, 0x40, 0x40, 0x40, 0x40, 0x40, 0x40, 0xF0, 0x90,
        0x00, 0x00, 0xF0, 0x40, 0x40, 0x40, 0x40, 0x40, 0x40, 0x40, 0xF0, 0x7C, 0x00, 0x63, 0x00,
        0x61, 0x00, 0x61, 0x80, 0xF1, 0x80, 0x61, 0x80, 0x61, 0x00, 0x63, 0x00, 0x7C, 0x00, 0x34,
        0x28, 0x00, 0xC2, 0xE2, 0xA2, 0xB2, 0x92, 0x9A, 0x8A, 0x8E, 0x86, 0x10, 0x00, 0x3C, 0x46,
        0x82, 0x83, 0x81, 0x83, 0x82, 0x46, 0x3C, 0x18, 0x00, 0x00, 0x3C, 0x46, 0x82, 0x83, 0x81,
        0x83, 0x82, 0x46, 0x3C, 0x38, 0x00, 0x00, 0x3C, 0x46, 0x82, 0x83, 0x81, 0x83, 0x82, 0x46,
        0x3C, 0x34, 0x28, 0x00, 0x3C, 0x46, 0x82, 0x83, 0x81, 0x83, 0x82, 0x46, 0x3C, 0x24, 0x00,
        0x00, 0x3C, 0x46, 0x82, 0x83, 0x81, 0x83, 0x82, 0x46, 0x3C, 0x88, 0xD0, 0x60, 0x70, 0x98,
        0x3C, 0x46, 0x86, 0x8B, 0x91, 0xA3, 0xC2, 0xC6, 0xBC, 0x30, 0x00, 0x82, 0x82, 0x82, 0x82,
        0x82, 0x82, 0x82, 0x44, 0x7C, 0x18, 0x00, 0x00, 0x82, 0x82, 0x82, 0x82, 0x82, 0x82, 0x82,
        0x44, 0x7C, 0x28, 0x00, 0x00, 0x82, 0x82, 0x82, 0x82, 0x82, 0x82, 0x82, 0x44, 0x7C, 0x28,
        0x00, 0x00, 0x82, 0x82, 0x82, 0x82, 0x82, 0x82, 0x82, 0x44, 0x7C, 0x08, 0x00, 0x00, 0xC2,
        0x46, 0x24, 0x2C, 0x18, 0x18, 0x10, 0x10, 0x10, 0x80, 0x80, 0xF8, 0x8C, 0x84, 0x8C, 0xF8,
        0x80, 0x80, 0x78, 0xCC, 0x8C, 0x98, 0x8C, 0x84, 0x84, 0x8C, 0x98, 0x40, 0x20, 0x00, 0x70,
        0x98, 0x08, 0x78, 0x88, 0x98, 0xE8, 0x10, 0x20, 0x00, 0x70, 0x98, 0x08, 0x78, 0x88, 0x98,
        0xE8, 0x50, 0x00, 0x70, 0x98, 0x08, 0x78, 0x88, 0x98, 0xE8, 0x40, 0xB0, 0x00, 0x70, 0x98,
        0x08, 0x78, 0x88, 0x98, 0xE8, 0x50, 0x00, 0x00, 0x70, 0x98, 0x08, 0x78, 0x88, 0x98, 0xE8,
        0x20, 0x50, 0x60, 0x00, 0x70, 0x98, 0x08, 0x78, 0x88, 0x98, 0xE8, 0x77, 0x00, 0x9C, 0x80,
        0x08, 0x40, 0x7F, 0xC0, 0x88, 0x00, 0x9C, 0x00, 0xF7, 0x80, 0x70, 0x88, 0x80, 0x80, 0x80,
        0x88, 0x70, 0x20, 0x10, 0x20, 0x40, 0x20, 0x00, 0x70, 0x88, 0x88, 0xFC, 0x80, 0x80, 0x70,
        0x10, 0x20, 0x00, 0x70, 0x88, 0x88, 0xFC, 0x80, 0x80, 0x70, 0x50, 0x00, 0x70, 0x88, 0x88,
        0xFC, 0x80, 0x80, 0x70, 0x48, 0x00, 0x00, 0x70, 0x88, 0x88, 0xFC, 0x80, 0x80, 0x70, 0x80,
        0x40, 0x00, 0x60, 0x60, 0x60, 0x60, 0x60, 0x60, 0x60, 0x40, 0xC0, 0x00, 0xC0, 0xC0, 0xC0,
        0xC0, 0xC0, 0xC0, 0xC0, 0xE0, 0x00, 0x60, 0x60, 0x60, 0x60, 0x60, 0x60, 0x60, 0x90, 0x00,
        0x00, 0x60, 0x60, 0x60, 0x60, 0x60, 0x60, 0x60, 0x78, 0x18, 0x08, 0x7C, 0x8C, 0x8C, 0x8C,
        0x88, 0x70, 0x68, 0x58, 0x00, 0xB0, 0xC8, 0x88, 0x88, 0x88, 0x88, 0x88, 0x40, 0x20, 0x00,
        0x70, 0x88, 0x8C, 0x8C, 0x8C, 0x88, 0x70, 0x10, 0x20, 0x00, 0x70, 0x88, 0x8C, 0x8C, 0x8C,
        0x88, 0x70, 0x50, 0x00, 0x70, 0x88, 0x8C, 0x8C, 0x8C, 0x88, 0x70, 0x68, 0x70, 0x00, 0x70,
        0x88, 0x8C, 0x8C, 0x8C, 0x88, 0x70, 0x50, 0x00, 0x00, 0x70, 0x88, 0x8C, 0x8C, 0x8C, 0x88,
        0x70, 0x30, 0x20, 0x00, 0xFC, 0x00, 0x20, 0x30, 0x78, 0xD8, 0x9C, 0xAC, 0xCC, 0xC8, 0xF0,
        0x40, 0x20, 0x00, 0x88, 0x88, 0x88, 0x88, 0x88, 0x98, 0x68, 0x10, 0x20, 0x00, 0x88, 0x88,
        0x88, 0x88, 0x88, 0x98, 0x68, 0x50, 0x00, 0x88, 0x88, 0x88, 0x88, 0x88, 0x98, 0x68, 0x50,
        0x00, 0x00, 0x88, 0x88, 0x88, 0x88, 0x88, 0x98, 0x68, 0x10, 0x10, 0x00, 0x88, 0x48, 0x48,
        0x50, 0x30, 0x30, 0x20, 0x20, 0xC0, 0x80, 0x80, 0xB8, 0xC8, 0x8C, 0x84, 0x8C, 0xC8, 0xB8,
        0x80, 0x80, 0x48, 0x00, 0x00, 0x88, 0x48, 0x48, 0x50, 0x30, 0x30, 0x20, 0x20, 0xC0, 0xF8,
        0xFF, 0x80, 0x80, 0x80, 0x80, 0x80, 0x80, 0x80, 0x80, 0x80, 0x80, 0xA0, 0xA0, 0xA0, 0xA0,
        0xA0, 0xA0, 0xA0, 0xA0, 0xA0, 0x60, 0xF0, 0xF0, 0xF0, 0x60, 0x92, 0x92, 0x60, 0x40, 0x80,
        0x80, 0x40, 0x60, 0x80, 0x40, 0x60, 0x60, 0x40, 0x80, 0x3C, 0x66, 0x40, 0xF0, 0x80, 0xE0,
        0x40, 0x66, 0x3C, 0xFC, 0x80, 0x4D, 0x80, 0x4D, 0x80, 0x4B, 0x80, 0x4A, 0x00, 0xFC,
    ],
    line_height: 15,
};

// ATKINSON_COMPACT_HEADING: 18 px, cap 12, line height 20, gray 128
pub static ATKINSON_COMPACT_HEADING: BitmapFont = BitmapFont {
    glyphs: &[
        Glyph::new(0, 0, 0, 6, 0, 0),
        Glyph::new(0, 3, 12, 5, 1, -12),
        Glyph::new(12, 6, 4, 7, 1, -12),
        Glyph::new(16, 13, 12, 14, 1, -12),
        Glyph::new(40, 10, 15, 11, 1, -13),
        Glyph::new(70, 17, 12, 18, 0, -12),
        Glyph::new(106, 12, 13, 13, 0, -13),
        Glyph::new(132, 2, 4, 4, 1, -12),
        Glyph::new(136, 5, 15, 7, 1, -12),
        Glyph::new(151, 5, 15, 7, 1, -12),
        Glyph::new(166, 6, 5, 8, 1, -12),
        Glyph::new(171, 9, 9, 11, 1, -9),
        Glyph::new(189, 4, 6, 4, 0, -3),
        Glyph::new(195, 6, 2, 7, 0, -5),
        Glyph::new(197, 4, 3, 4, 0, -3),
        Glyph::new(200, 7, 12, 8, 0, -12),
        Glyph::new(212, 10, 12, 12, 1, -12),
        Glyph::new(236, 5, 12, 8, 1, -12),
        Glyph::new(248, 9, 12, 11, 1, -12),
        Glyph::new(272, 9, 12, 11, 1, -12),
        Glyph::new(296, 11, 12, 11, 0, -12),
        Glyph::new(320, 9, 12, 11, 1, -12),
        Glyph::new(344, 9, 12, 11, 1, -12),
        Glyph::new(368, 9, 12, 10, 0, -12),
        Glyph::new(392, 10, 12, 11, 1, -12),
        Glyph::new(416, 8, 12, 10, 1, -12),
        Glyph::new(428, 4, 9, 4, 0, -9),
        Glyph::new(437, 4, 12, 4, 0, -9),
        Glyph::new(449, 9, 9, 10, 1, -9),
        Glyph::new(467, 9, 5, 11, 1, -7),
        Glyph::new(477, 9, 9, 10, 1, -9),
        Glyph::new(495, 9, 12, 11, 1, -12),
        Glyph::new(519, 12, 12, 14, 1, -12),
        Glyph::new(543, 12, 12, 12, 0, -12),
        Glyph::new(567, 10, 12, 12, 1, -12),
        Glyph::new(591, 10, 12, 12, 1, -12),
        Glyph::new(615, 11, 12, 12, 1, -12),
        Glyph::new(639, 9, 12, 10, 1, -12),
        Glyph::new(663, 8, 12, 10, 1, -12),
        Glyph::new(675, 11, 12, 13, 1, -12),
        Glyph::new(699, 10, 12, 12, 1, -12),
        Glyph::new(723, 6, 12, 8, 1, -12),
        Glyph::new(735, 9, 12, 10, 0, -12),
        Glyph::new(759, 10, 12, 12, 1, -12),
        Glyph::new(783, 8, 12, 10, 1, -12),
        Glyph::new(795, 13, 12, 15, 1, -12),
        Glyph::new(819, 11, 12, 13, 1, -12),
        Glyph::new(843, 12, 12, 14, 1, -12),
        Glyph::new(867, 10, 12, 11, 1, -12),
        Glyph::new(891, 13, 13, 14, 1, -12),
        Glyph::new(917, 10, 12, 12, 1, -12),
        Glyph::new(941, 10, 12, 11, 1, -12),
        Glyph::new(965, 11, 12, 11, 0, -12),
        Glyph::new(989, 10, 12, 12, 1, -12),
        Glyph::new(1013, 11, 12, 12, 0, -12),
        Glyph::new(1037, 16, 12, 16, 0, -12),
        Glyph::new(1061, 11, 12, 13, 1, -12),
        Glyph::new(1085, 12, 12, 12, 0, -12),
        Glyph::new(1109, 10, 12, 11, 1, -12),
        Glyph::new(1133, 4, 15, 6, 1, -12),
        Glyph::new(1148, 7, 12, 8, 0, -12),
        Glyph::new(1160, 4, 15, 6, 1, -12),
        Glyph::new(1175, 8, 7, 11, 1, -13),
        Glyph::new(1182, 8, 2, 8, 0, 0),
        Glyph::new(1184, 3, 2, 6, 1, -12),
        Glyph::new(1186, 9, 9, 10, 0, -9),
        Glyph::new(1204, 9, 12, 11, 1, -12),
        Glyph::new(1228, 9, 9, 9, 0, -9),
        Glyph::new(1246, 10, 12, 11, 0, -12),
        Glyph::new(1270, 10, 9, 10, 0, -9),
        Glyph::new(1288, 6, 13, 7, 0, -13),
        Glyph::new(1301, 10, 13, 11, 0, -9),
        Glyph::new(1327, 8, 12, 10, 1, -12),
        Glyph::new(1339, 5, 13, 6, 0, -13),
        Glyph::new(1352, 5, 16, 5, -1, -13),
        Glyph::new(1368, 9, 12, 10, 1, -12),
        Glyph::new(1392, 5, 12, 6, 1, -12),
        Glyph::new(1404, 14, 9, 16, 1, -9),
        Glyph::new(1422, 8, 9, 10, 1, -9),
        Glyph::new(1431, 10, 9, 10, 0, -9),
        Glyph::new(1449, 9, 12, 11, 1, -9),
        Glyph::new(1473, 12, 12, 11, 0, -9),
        Glyph::new(1497, 5, 9, 7, 1, -9),
        Glyph::new(1506, 8, 9, 10, 1, -9),
        Glyph::new(1515, 6, 11, 7, 0, -11),
        Glyph::new(1526, 8, 9, 10, 1, -9),
        Glyph::new(1535, 9, 9, 9, 0, -9),
        Glyph::new(1553, 13, 9, 13, 0, -9),
        Glyph::new(1571, 9, 9, 10, 0, -9),
        Glyph::new(1589, 9, 12, 9, 0, -9),
        Glyph::new(1613, 8, 9, 9, 1, -9),
        Glyph::new(1622, 6, 15, 7, 0, -12),
        Glyph::new(1637, 2, 15, 4, 1, -12),
        Glyph::new(1652, 5, 15, 7, 1, -12),
        Glyph::new(1667, 8, 3, 10, 1, -6),
        Glyph::new(1670, 0, 0, 6, 0, 0),
        Glyph::new(1670, 3, 12, 5, 1, -9),
        Glyph::new(1682, 9, 12, 9, 0, -10),
        Glyph::new(1706, 10, 12, 11, 1, -12),
        Glyph::new(1730, 9, 8, 11, 1, -10),
        Glyph::new(1746, 12, 12, 12, 0, -12),
        Glyph::new(1770, 2, 15, 4, 1, -12),
        Glyph::new(1785, 10, 15, 10, 0, -12),
        Glyph::new(1815, 6, 2, 8, 1, -12),
        Glyph::new(1817, 12, 12, 14, 1, -12),
        Glyph::new(1841, 5, 5, 7, 1, -12),
        Glyph::new(1846, 10, 7, 12, 1, -8),
        Glyph::new(1860, 9, 6, 11, 1, -7),
        Glyph::new(1872, 0, 0, 0, 0, 0),
        Glyph::new(1872, 12, 12, 14, 1, -12),
        Glyph::new(1896, 5, 2, 7, 1, -12),
        Glyph::new(1898, 5, 6, 7, 1, -12),
        Glyph::new(1904, 9, 9, 11, 1, -9),
        Glyph::new(1922, 5, 7, 7, 1, -14),
        Glyph::new(1929, 5, 7, 7, 1, -14),
        Glyph::new(1936, 4, 2, 6, 1, -12),
        Glyph::new(1938, 10, 12, 11, 1, -9),
        Glyph::new(1962, 9, 15, 9, 0, -12),
        Glyph::new(1992, 3, 3, 5, 1, -6),
        Glyph::new(1995, 3, 3, 6, 2, 0),
        Glyph::new(1998, 3, 7, 5, 1, -14),
        Glyph::new(2005, 5, 5, 7, 1, -12),
        Glyph::new(2010, 10, 7, 12, 1, -8),
        Glyph::new(2024, 13, 12, 15, 1, -12),
        Glyph::new(2048, 13, 12, 15, 1, -12),
        Glyph::new(2072, 14, 12, 17, 2, -12),
        Glyph::new(2096, 9, 12, 11, 1, -9),
        Glyph::new(2120, 12, 16, 12, 0, -16),
        Glyph::new(2152, 12, 16, 12, 0, -16),
        Glyph::new(2184, 12, 16, 12, 0, -16),
        Glyph::new(2216, 12, 15, 12, 0, -15),
        Glyph::new(2246, 12, 15, 12, 0, -15),
        Glyph::new(2276, 12, 15, 12, 0, -15),
        Glyph::new(2306, 18, 12, 18, 0, -12),
        Glyph::new(2342, 10, 15, 12, 1, -12),
        Glyph::new(2372, 9, 16, 10, 1, -16),
        Glyph::new(2404, 9, 16, 10, 1, -16),
        Glyph::new(2436, 9, 16, 10, 1, -16),
        Glyph::new(2468, 9, 15, 10, 1, -15),
        Glyph::new(2498, 6, 16, 8, 1, -16),
        Glyph::new(2514, 6, 16, 8, 1, -16),
        Glyph::new(2530, 6, 16, 8, 1, -16),
        Glyph::new(2546, 6, 15, 8, 1, -15),
        Glyph::new(2561, 13, 12, 14, 0, -12),
        Glyph::new(2585, 11, 15, 13, 1, -15),
        Glyph::new(2615, 12, 16, 14, 1, -16),
        Glyph::new(2647, 12, 16, 14, 1, -16),
        Glyph::new(2679, 12, 16, 14, 1, -16),
        Glyph::new(2711, 12, 15, 14, 1, -15),
        Glyph::new(2741, 12, 15, 14, 1, -15),
        Glyph::new(2771, 8, 7, 10, 1, -8),
        Glyph::new(2778, 12, 12, 14, 1, -12),
        Glyph::new(2802, 10, 16, 12, 1, -16),
        Glyph::new(2834, 10, 16, 12, 1, -16),
        Glyph::new(2866, 10, 16, 12, 1, -16),
        Glyph::new(2898, 10, 15, 12, 1, -15),
        Glyph::new(2928, 12, 16, 12, 0, -16),
        Glyph::new(2960, 10, 12, 11, 1, -12),
        Glyph::new(2984, 10, 12, 11, 1, -12),
        Glyph::new(3008, 9, 12, 10, 0, -12),
        Glyph::new(3032, 9, 12, 10, 0, -12),
        Glyph::new(3056, 9, 12, 10, 0, -12),
        Glyph::new(3080, 9, 12, 10, 0, -12),
        Glyph::new(3104, 9, 12, 10, 0, -12),
        Glyph::new(3128, 9, 14, 10, 0, -14),
        Glyph::new(3156, 15, 9, 16, 0, -9),
        Glyph::new(3174, 9, 12, 9, 0, -9),
        Glyph::new(3198, 10, 12, 10, 0, -12),
        Glyph::new(3222, 10, 12, 10, 0, -12),
        Glyph::new(3246, 10, 12, 10, 0, -12),
        Glyph::new(3270, 10, 12, 10, 0, -12),
        Glyph::new(3294, 5, 12, 5, 0, -12),
        Glyph::new(3306, 5, 12, 5, 0, -12),
        Glyph::new(3318, 6, 12, 5, 0, -12),
        Glyph::new(3330, 6, 12, 5, 0, -12),
        Glyph::new(3342, 10, 13, 11, 0, -13),
        Glyph::new(3368, 8, 12, 10, 1, -12),
        Glyph::new(3380, 10, 12, 10, 0, -12),
        Glyph::new(3404, 10, 12, 10, 0, -12),
        Glyph::new(3428, 10, 12, 10, 0, -12),
        Glyph::new(3452, 10, 12, 10, 0, -12),
        Glyph::new(3476, 10, 12, 10, 0, -12),
        Glyph::new(3500, 9, 9, 11, 1, -9),
        Glyph::new(3518, 10, 9, 10, 0, -9),
        Glyph::new(3536, 8, 12, 10, 1, -12),
        Glyph::new(3548, 8, 12, 10, 1, -12),
        Glyph::new(3560, 8, 12, 10, 1, -12),
        Glyph::new(3572, 8, 12, 10, 1, -12),
        Glyph::new(3584, 9, 15, 9, 0, -12),
        Glyph::new(3614, 9, 15, 11, 1, -12),
        Glyph::new(3644, 9, 15, 9, 0, -12),
        Glyph::new(3674, 7, 2, 9, 1, -5),
        Glyph::new(3676, 13, 2, 15, 1, -5),
        Glyph::new(3680, 3, 6, 5, 1, -12),
        Glyph::new(3686, 3, 6, 5, 1, -12),
        Glyph::new(3692, 3, 6, 5, 1, -3),
        Glyph::new(3698, 7, 6, 9, 1, -12),
        Glyph::new(3704, 7, 6, 9, 1, -12),
        Glyph::new(3710, 7, 6, 9, 1, -3),
        Glyph::new(3716, 6, 6, 8, 1, -8),
        Glyph::new(3722, 13, 3, 14, 1, -3),
        Glyph::new(3728, 5, 7, 7, 1, -8),
        Glyph::new(3735, 5, 7, 7, 1, -8),
        Glyph::new(3742, 10, 12, 12, 1, -12),
        Glyph::new(3766, 15, 7, 17, 1, -12),
        Glyph::new(3780, 9, 2, 11, 1, -5),
    ],
    bitmap: &[
        0xE0, 0xE0, 0xE0, 0xE0, 0xE0, 0xE0, 0xE0, 0xE0, 0x00, 0xE0, 0xE0, 0xE0, 0xDC, 0xDC, 0xD8,
        0xD8, 0x1C, 0xE0, 0x1C, 0xE0, 0x18, 0xC0, 0xFF, 0xF8, 0xFF, 0xF0, 0x39, 0xC0, 0x39, 0xC0,
        0x39, 0xC0, 0xFF, 0xF0, 0xFF, 0xF0, 0x31, 0x80, 0x73, 0x80, 0x08, 0x00, 0x1C, 0x00, 0x7F,
        0x00, 0xFF, 0x80, 0xEA, 0x00, 0xE8, 0x00, 0xFE, 0x00, 0x7F, 0x80, 0x0F, 0x80, 0x09, 0xC0,
        0xE9, 0xC0, 0xFF, 0x80, 0x7F, 0x00, 0x1C, 0x00, 0x08, 0x00, 0x3C, 0x0C, 0x00, 0x7E, 0x18,
        0x00, 0x66, 0x30, 0x00, 0xE6, 0x70, 0x00, 0x66, 0x60, 0x00, 0x7E, 0xCE, 0x00, 0x3D, 0xDF,
        0x00, 0x01, 0xB9, 0x80, 0x03, 0x31, 0x80, 0x06, 0x39, 0x80, 0x06, 0x1F, 0x00, 0x0C, 0x0E,
        0x00, 0x0F, 0x00, 0x1F, 0x80, 0x39, 0x80, 0x39, 0x80, 0x3B, 0x80, 0x1F, 0x00, 0x1E, 0x30,
        0x7F, 0x70, 0x77, 0xE0, 0xE3, 0xE0, 0x71, 0xE0, 0x7F, 0xE0, 0x1E, 0x70, 0xC0, 0xC0, 0xC0,
        0xC0, 0x70, 0x60, 0xE0, 0xE0, 0xC0, 0xC0, 0xC0, 0xC0, 0xC0, 0xC0, 0xE0, 0xE0, 0x70, 0x70,
        0x38, 0x60, 0x70, 0x30, 0x30, 0x38, 0x38, 0x38, 0x38, 0x38, 0x38, 0x30, 0x30, 0x70, 0x60,
        0xE0, 0x30, 0x30, 0xFC, 0x70, 0x78, 0x1C, 0x00, 0x1C, 0x00, 0x1C, 0x00, 0x1C, 0x00, 0xFF,
        0x80, 0xFF, 0x80, 0x1C, 0x00, 0x1C, 0x00, 0x1C, 0x00, 0x60, 0xF0, 0x70, 0x60, 0x60, 0x60,
        0xFC, 0xFC, 0x60, 0xF0, 0x60, 0x06, 0x0E, 0x0E, 0x0C, 0x1C, 0x1C, 0x38, 0x38, 0x30, 0x70,
        0x70, 0xE0, 0x1E, 0x00, 0x7F, 0x80, 0x73, 0x80, 0xF1, 0xC0, 0xF9, 0xC0, 0xE9, 0xC0, 0xED,
        0xC0, 0xE7, 0xC0, 0xE3, 0xC0, 0x73, 0x80, 0x7F, 0x80, 0x1E, 0x00, 0x18, 0x38, 0xF8, 0xF8,
        0x18, 0x18, 0x18, 0x18, 0x18, 0x18, 0x18, 0x18, 0x3E, 0x00, 0x7F, 0x00, 0xE7, 0x80, 0x03,
        0x80, 0x03, 0x80, 0x07, 0x00, 0x0F, 0x00, 0x1E, 0x00, 0x38, 0x00, 0xF0, 0x00, 0xFF, 0x80,
        0xFF, 0x80, 0x3E, 0x00, 0xFF, 0x00, 0xE7, 0x80, 0x03, 0x80, 0x07, 0x00, 0x1F, 0x00, 0x1F,
        0x00, 0x07, 0x80, 0x03, 0x80, 0xE3, 0x80, 0xFF, 0x00, 0x3E, 0x00, 0x03, 0x80, 0x07, 0x80,
        0x0F, 0x80, 0x1F, 0x80, 0x1F, 0x80, 0x3B, 0x80, 0x73, 0x80, 0xFF, 0xE0, 0xFF, 0xE0, 0x03,
        0x80, 0x03, 0x80, 0x03, 0x80, 0xFF, 0x80, 0xFF, 0x80, 0xE0, 0x00, 0xE0, 0x00, 0xFE, 0x00,
        0xFF, 0x00, 0x63, 0x80, 0x03, 0x80, 0x03, 0x80, 0xE3, 0x80, 0x7F, 0x00, 0x3E, 0x00, 0x1E,
        0x00, 0x3F, 0x00, 0x72, 0x00, 0xE0, 0x00, 0xFE, 0x00, 0xFF, 0x80, 0xE3, 0x80, 0xE1, 0x80,
        0xE1, 0x80, 0x73, 0x80, 0x7F, 0x00, 0x3E, 0x00, 0xFF, 0x80, 0xFF, 0x80, 0x03, 0x80, 0x03,
        0x80, 0x07, 0x00, 0x07, 0x00, 0x0E, 0x00, 0x0E, 0x00, 0x1C, 0x00, 0x1C, 0x00, 0x38, 0x00,
        0x38, 0x00, 0x1C, 0x00, 0x3E, 0x00, 0x77, 0x00, 0x63, 0x00, 0x77, 0x00, 0x3F, 0x00, 0xFF,
        0x80, 0xE3, 0x80, 0xE1, 0xC0, 0xE3, 0x80, 0x7F, 0x80, 0x3E, 0x00, 0x3C, 0x7E, 0xE7, 0xC3,
        0xC3, 0xE7, 0x7F, 0x3E, 0x0E, 0x1C, 0x1C, 0x38, 0x60, 0xF0, 0x60, 0x00, 0x00, 0x00, 0x60,
        0xF0, 0x60, 0x60, 0xF0, 0x60, 0x00, 0x00, 0x00, 0x60, 0xF0, 0x70, 0x60, 0x60, 0x60, 0x01,
        0x80, 0x07, 0x80, 0x3F, 0x00, 0xFC, 0x00, 0xE0, 0x00, 0xF8, 0x00, 0x3F, 0x00, 0x07, 0x80,
        0x01, 0x80, 0xFF, 0x80, 0xFF, 0x80, 0x00, 0x00, 0xFF, 0x80, 0xFF, 0x80, 0x80, 0x00, 0xF0,
        0x00, 0xFC, 0x00, 0x1F, 0x00, 0x07, 0x80, 0x1F, 0x00, 0xFC, 0x00, 0xF0, 0x00, 0x80, 0x00,
        0x3E, 0x00, 0xFF, 0x80, 0xE3, 0x80, 0x03, 0x80, 0x07, 0x80, 0x1F, 0x00, 0x1C, 0x00, 0x38,
        0x00, 0x00, 0x00, 0x18, 0x00, 0x38, 0x00, 0x18, 0x00, 0x1F, 0x00, 0x30, 0xC0, 0x40, 0x60,
        0xCF, 0x20, 0x9F, 0x30, 0x9B, 0x30, 0x9B, 0xB0, 0x9F, 0xE0, 0xCC, 0xE0, 0x40, 0x00, 0x30,
        0x00, 0x1F, 0x00, 0x0F, 0x00, 0x0F, 0x00, 0x0F, 0x80, 0x1F, 0x80, 0x1D, 0x80, 0x19, 0xC0,
        0x39, 0xC0, 0x39, 0xE0, 0x7F, 0xE0, 0x7F, 0xE0, 0x70, 0x70, 0xE0, 0x70, 0xFF, 0x00, 0xFF,
        0x80, 0xE3, 0xC0, 0xE1, 0xC0, 0xE3, 0x80, 0xFF, 0x80, 0xFF, 0x80, 0xE1, 0xC0, 0xE1, 0xC0,
        0xE1, 0xC0, 0xFF, 0x80, 0xFF, 0x00, 0x1F, 0x00, 0x7F, 0xC0, 0x71, 0xC0, 0xE0, 0x00, 0xE0,
        0x00, 0xE0, 0x00, 0xE0, 0x00, 0xE0, 0x00, 0xE0, 0x00, 0x71, 0xC0, 0x7F, 0xC0, 0x1F, 0x00,
        0xFE, 0x00, 0xFF, 0x80, 0xE3, 0xC0, 0xE1, 0xC0, 0xE0, 0xE0, 0xE0, 0xE0, 0xE0, 0xE0, 0xE0,
        0xE0, 0xE1, 0xC0, 0xE3, 0xC0, 0xFF, 0x80, 0xFE, 0x00, 0xFF, 0x80, 0xFF, 0x80, 0xE0, 0x00,
        0xE0, 0x00, 0xE0, 0x00, 0xFE, 0x00, 0xFE, 0x00, 0xE0, 0x00, 0xE0, 0x00, 0xE0, 0x00, 0xFF,
        0x80, 0xFF, 0x80, 0xFF, 0xFF, 0xE0, 0xE0, 0xE0, 0xFF, 0xFF, 0xE0, 0xE0, 0xE0, 0xE0, 0xE0,
        0x1F, 0x00, 0x3F, 0xC0, 0x71, 0xC0, 0xE0, 0x00, 0xE0, 0x00, 0xE3, 0xE0, 0xE3, 0xE0, 0xE0,
        0xE0, 0xE0, 0xE0, 0x71, 0xE0, 0x7F, 0xE0, 0x1F, 0x60, 0xE0, 0xC0, 0xE0, 0xC0, 0xE0, 0xC0,
        0xE0, 0xC0, 0xE0, 0xC0, 0xFF, 0xC0, 0xFF, 0xC0, 0xE0, 0xC0, 0xE0, 0xC0, 0xE0, 0xC0, 0xE0,
        0xC0, 0xE0, 0xC0, 0xFC, 0xFC, 0x38, 0x38, 0x38, 0x38, 0x38, 0x38, 0x38, 0x38, 0xFC, 0xFC,
        0x03, 0x80, 0x03, 0x80, 0x03, 0x80, 0x03, 0x80, 0x03, 0x80, 0x03, 0x80, 0x03, 0x80, 0x03,
        0x80, 0x63, 0x80, 0xF3, 0x80, 0x7F, 0x00, 0x3E, 0x00, 0xE1, 0xC0, 0xE3, 0x80, 0xE7, 0x00,
        0xEE, 0x00, 0xFC, 0x00, 0xFC, 0x00, 0xFE, 0x00, 0xFE, 0x00, 0xE7, 0x00, 0xE3, 0x80, 0xE3,
        0xC0, 0xE1, 0xC0, 0xE0, 0xE0, 0xE0, 0xE0, 0xE0, 0xE0, 0xE0, 0xE0, 0xE0, 0xE0, 0xFF, 0xFF,
        0xF0, 0x78, 0xF0, 0x78, 0xF8, 0xF8, 0xF8, 0xF8, 0xF8, 0xD8, 0xFD, 0xD8, 0xED, 0x98, 0xED,
        0x98, 0xEF, 0x98, 0xE7, 0x18, 0xE7, 0x18, 0xE7, 0x18, 0xF0, 0xE0, 0xF0, 0xE0, 0xF8, 0xE0,
        0xF8, 0xE0, 0xFC, 0xE0, 0xEC, 0xE0, 0xEE, 0xE0, 0xE6, 0xE0, 0xE7, 0xE0, 0xE3, 0xE0, 0xE3,
        0xE0, 0xE1, 0xE0, 0x1F, 0x00, 0x3F, 0xC0, 0x71, 0xE0, 0xE0, 0xF0, 0xE0, 0x70, 0xE0, 0x70,
        0xE0, 0x70, 0xE0, 0x70, 0xE0, 0xF0, 0x71, 0xE0, 0x3F, 0xC0, 0x1F, 0x00, 0xFF, 0x00, 0xFF,
        0x80, 0xE3, 0xC0, 0xE1, 0xC0, 0xE1, 0xC0, 0xE3, 0xC0, 0xFF, 0x80, 0xFF, 0x00, 0xE0, 0x00,
        0xE0, 0x00, 0xE0, 0x00, 0xE0, 0x00, 0x1F, 0x00, 0x3F, 0xC0, 0x71, 0xE0, 0xE0, 0xF0, 0xE0,
        0x70, 0xE0, 0x70, 0xE7, 0x70, 0xE3, 0xF0, 0xE1, 0xF0, 0x71, 0xE0, 0x3F, 0xF0, 0x1F, 0xB8,
        0x00, 0x10, 0xFF, 0x00, 0xFF, 0x80, 0xE3, 0xC0, 0xE1, 0xC0, 0xE3, 0xC0, 0xFF, 0x80, 0xFF,
        0x00, 0xEE, 0x00, 0xE7, 0x00, 0xE3, 0x80, 0xE3, 0x80, 0xE1, 0xC0, 0x3E, 0x00, 0xFF, 0x80,
        0xE3, 0x80, 0xE0, 0x00, 0xF0, 0x00, 0xFF, 0x00, 0x3F, 0x80, 0x03, 0xC0, 0x41, 0xC0, 0xE3,
        0x80, 0xFF, 0x80, 0x3E, 0x00, 0xFF, 0xE0, 0xFF, 0xE0, 0x0E, 0x00, 0x0E, 0x00, 0x0E, 0x00,
        0x0E, 0x00, 0x0E, 0x00, 0x0E, 0x00, 0x0E, 0x00, 0x0E, 0x00, 0x0E, 0x00, 0x0E, 0x00, 0xE1,
        0xC0, 0xE1, 0xC0, 0xE1, 0xC0, 0xE1, 0xC0, 0xE1, 0xC0, 0xE1, 0xC0, 0xE1, 0xC0, 0xE1, 0xC0,
        0xE1, 0xC0, 0xF3, 0xC0, 0x7F, 0x80, 0x3F, 0x00, 0xE0, 0xE0, 0x70, 0xE0, 0x70, 0xE0, 0x70,
        0xC0, 0x39, 0xC0, 0x39, 0xC0, 0x39, 0x80, 0x1B, 0x80, 0x1F, 0x80, 0x1F, 0x00, 0x0F, 0x00,
        0x0F, 0x00, 0xE3, 0xC7, 0x63, 0xC6, 0x73, 0xCE, 0x73, 0xCE, 0x73, 0xCE, 0x37, 0xEC, 0x36,
        0x6C, 0x3E, 0x7C, 0x3E, 0x7C, 0x3E, 0x78, 0x1C, 0x78, 0x1C, 0x38, 0xE1, 0xE0, 0xF1, 0xC0,
        0x7B, 0x80, 0x3F, 0x80, 0x1F, 0x00, 0x1E, 0x00, 0x1E, 0x00, 0x3F, 0x00, 0x3F, 0x80, 0x73,
        0xC0, 0xF1, 0xC0, 0xE0, 0xE0, 0xF0, 0x70, 0x70, 0xE0, 0x39, 0xE0, 0x3D, 0xC0, 0x1F, 0x80,
        0x0F, 0x80, 0x0F, 0x00, 0x07, 0x00, 0x07, 0x00, 0x07, 0x00, 0x07, 0x00, 0x07, 0x00, 0xFF,
        0x80, 0xFF, 0x80, 0x07, 0x80, 0x07, 0x00, 0x0E, 0x00, 0x1E, 0x00, 0x3C, 0x00, 0x38, 0x00,
        0x70, 0x00, 0xF0, 0x00, 0xFF, 0xC0, 0xFF, 0xC0, 0xF0, 0xF0, 0xC0, 0xC0, 0xC0, 0xC0, 0xC0,
        0xC0, 0xC0, 0xC0, 0xC0, 0xC0, 0xC0, 0xF0, 0xF0, 0xE0, 0x70, 0x70, 0x30, 0x38, 0x38, 0x1C,
        0x1C, 0x0C, 0x0E, 0x0E, 0x06, 0xF0, 0xF0, 0x30, 0x30, 0x30, 0x30, 0x30, 0x30, 0x30, 0x30,
        0x30, 0x30, 0x30, 0xF0, 0xF0, 0x08, 0x1C, 0x3C, 0x3E, 0x76, 0x67, 0xE3, 0xFF, 0xFF, 0xC0,
        0x60, 0x1E, 0x00, 0x3F, 0x80, 0x33, 0x80, 0x03, 0x80, 0x3F, 0x80, 0x73, 0x80, 0xF3, 0x80,
        0x7F, 0x80, 0x39, 0x80, 0xE0, 0x00, 0xE0, 0x00, 0xE0, 0x00, 0xEE, 0x00, 0xFF, 0x00, 0xE3,
        0x80, 0xE3, 0x80, 0xE3, 0x80, 0xE3, 0x80, 0xE3, 0x80, 0xFF, 0x00, 0xCE, 0x00, 0x1E, 0x00,
        0x7F, 0x00, 0x73, 0x00, 0x60, 0x00, 0xE0, 0x00, 0x60, 0x00, 0x73, 0x00, 0x7F, 0x80, 0x1E,
        0x00, 0x01, 0xC0, 0x01, 0xC0, 0x01, 0xC0, 0x3D, 0xC0, 0x7F, 0xC0, 0x73, 0xC0, 0x61, 0xC0,
        0xE1, 0xC0, 0x61, 0xC0, 0x73, 0xC0, 0x7F, 0xC0, 0x3D, 0xC0, 0x1E, 0x00, 0x3F, 0x80, 0x71,
        0x80, 0x7F, 0xC0, 0xFF, 0xC0, 0x60, 0x00, 0x71, 0x00, 0x3F, 0x80, 0x1E, 0x00, 0x1C, 0x3C,
        0x30, 0x30, 0xFC, 0xFC, 0x30, 0x30, 0x30, 0x30, 0x30, 0x30, 0x30, 0x3D, 0xC0, 0x7F, 0xC0,
        0x73, 0xC0, 0x61, 0xC0, 0xE1, 0xC0, 0x61, 0xC0, 0x73, 0xC0, 0x7F, 0xC0, 0x1D, 0xC0, 0x01,
        0xC0, 0x33, 0xC0, 0x3F, 0x80, 0x1F, 0x00, 0xE0, 0xE0, 0xE0, 0xEE, 0xFF, 0xE7, 0xE3, 0xE3,
        0xE3, 0xE3, 0xE3, 0xE3, 0x38, 0x38, 0x38, 0x00, 0xF8, 0xF8, 0x38, 0x38, 0x38, 0x38, 0x38,
        0x38, 0x38, 0x30, 0x38, 0x30, 0x00, 0x38, 0x38, 0x38, 0x38, 0x38, 0x38, 0x38, 0x38, 0x38,
        0x38, 0xF8, 0xF0, 0xE0, 0x00, 0xE0, 0x00, 0xE0, 0x00, 0xE7, 0x00, 0xEE, 0x00, 0xFE, 0x00,
        0xFC, 0x00, 0xFC, 0x00, 0xFE, 0x00, 0xEE, 0x00, 0xE7, 0x00, 0xE3, 0x80, 0xE0, 0xE0, 0xE0,
        0xE0, 0xE0, 0xE0, 0xE0, 0xE0, 0xE0, 0xE0, 0xF8, 0x78, 0xCE, 0x78, 0xFF, 0xFC, 0xE7, 0x9C,
        0xE3, 0x1C, 0xE3, 0x1C, 0xE3, 0x1C, 0xE3, 0x1C, 0xE3, 0x1C, 0xE3, 0x1C, 0xCE, 0xFF, 0xE7,
        0xE3, 0xE3, 0xE3, 0xE3, 0xE3, 0xE3, 0x1E, 0x00, 0x3F, 0x80, 0x73, 0x80, 0x61, 0xC0, 0xE1,
        0xC0, 0x61, 0xC0, 0x73, 0x80, 0x3F, 0x80, 0x1E, 0x00, 0xCE, 0x00, 0xFF, 0x00, 0xE3, 0x80,
        0xE3, 0x80, 0xE3, 0x80, 0xE3, 0x80, 0xE3, 0x80, 0xFF, 0x00, 0xEE, 0x00, 0xE0, 0x00, 0xE0,
        0x00, 0xE0, 0x00, 0x1D, 0xC0, 0x7F, 0xC0, 0x73, 0xC0, 0x61, 0xC0, 0xE1, 0xC0, 0x61, 0xC0,
        0x73, 0xC0, 0x7F, 0xC0, 0x3D, 0xC0, 0x01, 0xF0, 0x01, 0xF0, 0x00, 0xF0, 0xD8, 0xF8, 0xE0,
        0xE0, 0xE0, 0xE0, 0xE0, 0xE0, 0xE0, 0x7C, 0xFE, 0xC4, 0xF0, 0x7E, 0x07, 0xC7, 0xFF, 0x7C,
        0x30, 0x30, 0xFC, 0xFC, 0x38, 0x30, 0x30, 0x30, 0x38, 0x3C, 0x3C, 0xE3, 0xE3, 0xE3, 0xE3,
        0xE3, 0xE7, 0xE7, 0xFF, 0x7B, 0xE3, 0x80, 0x63, 0x80, 0x73, 0x80, 0x73, 0x00, 0x37, 0x00,
        0x3F, 0x00, 0x3E, 0x00, 0x1E, 0x00, 0x1C, 0x00, 0xE7, 0x38, 0xE7, 0x38, 0x67, 0x30, 0x67,
        0x30, 0x7D, 0xF0, 0x7D, 0xF0, 0x3D, 0xE0, 0x3D, 0xE0, 0x38, 0xE0, 0x73, 0x80, 0x77, 0x00,
        0x3F, 0x00, 0x1E, 0x00, 0x1C, 0x00, 0x3E, 0x00, 0x3F, 0x00, 0x73, 0x80, 0xE3, 0x80, 0xE3,
        0x80, 0x63, 0x80, 0x73, 0x00, 0x77, 0x00, 0x37, 0x00, 0x3E, 0x00, 0x3E, 0x00, 0x1C, 0x00,
        0x1C, 0x00, 0x1C, 0x00, 0x78, 0x00, 0x70, 0x00, 0xFF, 0xFF, 0x0E, 0x1C, 0x38, 0x70, 0xF0,
        0xFF, 0xFF, 0x1C, 0x3C, 0x38, 0x30, 0x30, 0x30, 0x70, 0xE0, 0xF0, 0x70, 0x30, 0x30, 0x30,
        0x3C, 0x1C, 0xC0, 0xC0, 0xC0, 0xC0, 0xC0, 0xC0, 0xC0, 0xC0, 0xC0, 0xC0, 0xC0, 0xC0, 0xC0,
        0xC0, 0xC0, 0xE0, 0xF0, 0x70, 0x70, 0x70, 0x70, 0x30, 0x38, 0x38, 0x70, 0x70, 0x70, 0x70,
        0xF0, 0xE0, 0x73, 0xFF, 0xCE, 0xE0, 0xE0, 0xE0, 0x00, 0xE0, 0xE0, 0xE0, 0xE0, 0xE0, 0xE0,
        0xE0, 0xE0, 0x0C, 0x00, 0x1E, 0x00, 0x3F, 0x00, 0x7F, 0x80, 0x6C, 0x00, 0xEC, 0x00, 0xEC,
        0x00, 0x7C, 0x00, 0x7F, 0x80, 0x3F, 0x00, 0x0C, 0x00, 0x0C, 0x00, 0x3E, 0x00, 0x7F, 0x80,
        0x73, 0x80, 0x60, 0x00, 0x70, 0x00, 0xFE, 0x00, 0x38, 0x00, 0x38, 0x00, 0x30, 0x00, 0x70,
        0x00, 0xFF, 0x80, 0xFF, 0xC0, 0xDD, 0x80, 0x7F, 0x00, 0x67, 0x00, 0xE3, 0x00, 0xE3, 0x00,
        0x67, 0x00, 0x7F, 0x00, 0xFD, 0x80, 0xF0, 0x70, 0x70, 0xE0, 0x39, 0xE0, 0x39, 0xC0, 0x1F,
        0x80, 0x0F, 0x80, 0x0F, 0x00, 0x3F, 0xC0, 0x07, 0x00, 0x3F, 0xC0, 0x07, 0x00, 0x07, 0x00,
        0xC0, 0xC0, 0xC0, 0xC0, 0xC0, 0x00, 0x00, 0x00, 0x00, 0x00, 0xC0, 0xC0, 0xC0, 0xC0, 0xC0,
        0x1E, 0x00, 0x3F, 0x00, 0x73, 0x00, 0x78, 0x00, 0x3E, 0x00, 0x7F, 0x80, 0xE7, 0xC0, 0x71,
        0xC0, 0x7D, 0xC0, 0x3F, 0x80, 0x0F, 0x80, 0x03, 0x80, 0x33, 0x80, 0x3F, 0x00, 0x1E, 0x00,
        0xCC, 0xCC, 0x0F, 0x80, 0x30, 0xC0, 0x6F, 0x20, 0x5F, 0xB0, 0x98, 0x10, 0x98, 0x10, 0x98,
        0x10, 0x9F, 0x90, 0x4F, 0x30, 0x60, 0x20, 0x30, 0xC0, 0x0F, 0x80, 0x70, 0x18, 0xF8, 0xD8,
        0x78, 0x39, 0xC0, 0x7B, 0x80, 0x77, 0x00, 0xEF, 0x00, 0x77, 0x00, 0x7B, 0x80, 0x39, 0xC0,
        0xFF, 0x80, 0xFF, 0x80, 0x01, 0x80, 0x01, 0x80, 0x01, 0x80, 0x01, 0x80, 0x0F, 0x80, 0x30,
        0xC0, 0x60, 0x20, 0x5F, 0x30, 0x99, 0x90, 0x9F, 0x90, 0x9B, 0x10, 0x99, 0x10, 0x59, 0xB0,
        0x60, 0x20, 0x30, 0xC0, 0x0F, 0x80, 0xF8, 0xF8, 0x70, 0xF8, 0xC8, 0xC8, 0xF8, 0x70, 0x1C,
        0x00, 0x1C, 0x00, 0xFF, 0x80, 0xFF, 0x80, 0x1C, 0x00, 0x1C, 0x00, 0x00, 0x00, 0xFF, 0x80,
        0xFF, 0x80, 0x78, 0xD8, 0x18, 0x18, 0x70, 0xF8, 0xF8, 0x78, 0x58, 0x38, 0x38, 0x18, 0xD8,
        0x70, 0x70, 0xE0, 0xE3, 0x00, 0xE3, 0x00, 0xE3, 0x00, 0xE3, 0x00, 0xE3, 0x00, 0xE7, 0x00,
        0xE7, 0x80, 0xFF, 0xC0, 0xF9, 0xC0, 0xE0, 0x00, 0xE0, 0x00, 0xE0, 0x00, 0x3F, 0x80, 0x7B,
        0x00, 0x7B, 0x00, 0xFB, 0x00, 0x7B, 0x00, 0x7B, 0x00, 0x3B, 0x00, 0x1B, 0x00, 0x1B, 0x00,
        0x1B, 0x00, 0x1B, 0x00, 0x1B, 0x00, 0x1B, 0x00, 0x1B, 0x00, 0x1B, 0x00, 0xE0, 0xE0, 0xE0,
        0xC0, 0x60, 0xE0, 0x20, 0xE0, 0xE0, 0x60, 0x60, 0x60, 0x60, 0x78, 0xD8, 0xC8, 0xF8, 0x70,
        0xE7, 0x00, 0x77, 0x80, 0x3B, 0x80, 0x3D, 0xC0, 0x3B, 0x80, 0x77, 0x80, 0xE7, 0x00, 0x20,
        0x60, 0xE0, 0xE0, 0xE0, 0xC0, 0x61, 0x80, 0x63, 0x80, 0x63, 0x30, 0x66, 0x70, 0x0C, 0x70,
        0x1C, 0xD0, 0x19, 0xF8, 0x30, 0xF8, 0x70, 0x10, 0x60, 0x60, 0xE0, 0xE0, 0xE0, 0xC0, 0x61,
        0x80, 0x63, 0x80, 0x63, 0x78, 0x66, 0xD8, 0x0C, 0x18, 0x1C, 0x30, 0x18, 0x60, 0x30, 0xF8,
        0x70, 0xF8, 0xF0, 0x30, 0xB0, 0x60, 0x70, 0xE0, 0x70, 0xC0, 0x31, 0x80, 0xB3, 0x00, 0xF7,
        0x18, 0x06, 0x38, 0x0C, 0x78, 0x1C, 0xFC, 0x18, 0x7C, 0x30, 0x18, 0x0E, 0x00, 0x0E, 0x00,
        0x0E, 0x00, 0x00, 0x00, 0x0E, 0x00, 0x1C, 0x00, 0x7C, 0x00, 0xF0, 0x00, 0xE0, 0x00, 0xE3,
        0x80, 0x7F, 0x80, 0x3E, 0x00, 0x08, 0x00, 0x0C, 0x00, 0x06, 0x00, 0x00, 0x00, 0x0F, 0x00,
        0x0F, 0x00, 0x0F, 0x80, 0x1F, 0x80, 0x1D, 0x80, 0x19, 0xC0, 0x39, 0xC0, 0x39, 0xE0, 0x7F,
        0xE0, 0x7F, 0xE0, 0x70, 0x70, 0xE0, 0x70, 0x01, 0x80, 0x03, 0x80, 0x07, 0x00, 0x00, 0x00,
        0x0F, 0x00, 0x0F, 0x00, 0x0F, 0x80, 0x1F, 0x80, 0x1D, 0x80, 0x19, 0xC0, 0x39, 0xC0, 0x39,
        0xE0, 0x7F, 0xE0, 0x7F, 0xE0, 0x70, 0x70, 0xE0, 0x70, 0x06, 0x00, 0x0F, 0x00, 0x1D, 0x80,
        0x00, 0x00, 0x0F, 0x00, 0x0F, 0x00, 0x0F, 0x80, 0x1F, 0x80, 0x1D, 0x80, 0x19, 0xC0, 0x39,
        0xC0, 0x39, 0xE0, 0x7F, 0xE0, 0x7F, 0xE0, 0x70, 0x70, 0xE0, 0x70, 0x0C, 0x80, 0x1B, 0x80,
        0x00, 0x00, 0x0F, 0x00, 0x0F, 0x00, 0x0F, 0x80, 0x1F, 0x80, 0x1D, 0x80, 0x19, 0xC0, 0x39,
        0xC0, 0x39, 0xE0, 0x7F, 0xE0, 0x7F, 0xE0, 0x70, 0x70, 0xE0, 0x70, 0x1D, 0x80, 0x19, 0x80,
        0x00, 0x00, 0x0F, 0x00, 0x0F, 0x00, 0x0F, 0x80, 0x1F, 0x80, 0x1D, 0x80, 0x19, 0xC0, 0x39,
        0xC0, 0x39, 0xE0, 0x7F, 0xE0, 0x7F, 0xE0, 0x70, 0x70, 0xE0, 0x70, 0x07, 0x00, 0x0F, 0x00,
        0x0D, 0x80, 0x0F, 0x00, 0x0F, 0x00, 0x0F, 0x80, 0x1F, 0x80, 0x1D, 0x80, 0x19, 0xC0, 0x39,
        0xC0, 0x39, 0xE0, 0x7F, 0xE0, 0x7F, 0xE0, 0x70, 0x70, 0xE0, 0x70, 0x00, 0xFF, 0xC0, 0x00,
        0xFF, 0xC0, 0x01, 0xF0, 0x00, 0x03, 0xF0, 0x00, 0x07, 0xF0, 0x00, 0x07, 0x7E, 0x00, 0x0E,
        0x7E, 0x00, 0x1C, 0x70, 0x00, 0x1F, 0xF0, 0x00, 0x3F, 0xF0, 0x00, 0x70, 0x7F, 0xC0, 0xF0,
        0x7F, 0xC0, 0x1F, 0x00, 0x7F, 0xC0, 0x71, 0xC0, 0xE0, 0x00, 0xE0, 0x00, 0xE0, 0x00, 0xE0,
        0x00, 0xE0, 0x00, 0xE0, 0x00, 0x71, 0xC0, 0x7F, 0xC0, 0x1F, 0x00, 0x0C, 0x00, 0x02, 0x00,
        0x0E, 0x00, 0x30, 0x00, 0x30, 0x00, 0x18, 0x00, 0x00, 0x00, 0xFF, 0x80, 0xFF, 0x80, 0xE0,
        0x00, 0xE0, 0x00, 0xE0, 0x00, 0xFE, 0x00, 0xFE, 0x00, 0xE0, 0x00, 0xE0, 0x00, 0xE0, 0x00,
        0xFF, 0x80, 0xFF, 0x80, 0x06, 0x00, 0x0E, 0x00, 0x0C, 0x00, 0x00, 0x00, 0xFF, 0x80, 0xFF,
        0x80, 0xE0, 0x00, 0xE0, 0x00, 0xE0, 0x00, 0xFE, 0x00, 0xFE, 0x00, 0xE0, 0x00, 0xE0, 0x00,
        0xE0, 0x00, 0xFF, 0x80, 0xFF, 0x80, 0x18, 0x00, 0x3C, 0x00, 0x76, 0x00, 0x00, 0x00, 0xFF,
        0x80, 0xFF, 0x80, 0xE0, 0x00, 0xE0, 0x00, 0xE0, 0x00, 0xFE, 0x00, 0xFE, 0x00, 0xE0, 0x00,
        0xE0, 0x00, 0xE0, 0x00, 0xFF, 0x80, 0xFF, 0x80, 0x36, 0x00, 0x36, 0x00, 0x00, 0x00, 0xFF,
        0x80, 0xFF, 0x80, 0xE0, 0x00, 0xE0, 0x00, 0xE0, 0x00, 0xFE, 0x00, 0xFE, 0x00, 0xE0, 0x00,
        0xE0, 0x00, 0xE0, 0x00, 0xFF, 0x80, 0xFF, 0x80, 0x40, 0x60, 0x30, 0x00, 0xFC, 0xFC, 0x38,
        0x38, 0x38, 0x38, 0x38, 0x38, 0x38, 0x38, 0xFC, 0xFC, 0x0C, 0x1C, 0x38, 0x00, 0xFC, 0xFC,
        0x38, 0x38, 0x38, 0x38, 0x38, 0x38, 0x38, 0x38, 0xFC, 0xFC, 0x30, 0x78, 0xCC, 0x00, 0xFC,
        0xFC, 0x38, 0x38, 0x38, 0x38, 0x38, 0x38, 0x38, 0x38, 0xFC, 0xFC, 0xCC, 0xCC, 0x00, 0xFC,
        0xFC, 0x38, 0x38, 0x38, 0x38, 0x38, 0x38, 0x38, 0x38, 0xFC, 0xFC, 0x3F, 0xC0, 0x3F, 0xE0,
        0x38, 0xF0, 0x38, 0x38, 0x38, 0x38, 0xFE, 0x38, 0xFE, 0x38, 0x38, 0x38, 0x38, 0x38, 0x38,
        0x70, 0x3F, 0xE0, 0x3F, 0xC0, 0x1D, 0x80, 0x37, 0x00, 0x00, 0x00, 0xF0, 0xE0, 0xF0, 0xE0,
        0xF8, 0xE0, 0xF8, 0xE0, 0xFC, 0xE0, 0xEC, 0xE0, 0xEE, 0xE0, 0xE6, 0xE0, 0xE7, 0xE0, 0xE3,
        0xE0, 0xE3, 0xE0, 0xE1, 0xE0, 0x18, 0x00, 0x1C, 0x00, 0x0E, 0x00, 0x00, 0x00, 0x1F, 0x00,
        0x3F, 0xC0, 0x71, 0xE0, 0xE0, 0xF0, 0xE0, 0x70, 0xE0, 0x70, 0xE0, 0x70, 0xE0, 0x70, 0xE0,
        0xF0, 0x71, 0xE0, 0x3F, 0xC0, 0x1F, 0x00, 0x01, 0x00, 0x03, 0x00, 0x06, 0x00, 0x00, 0x00,
        0x1F, 0x00, 0x3F, 0xC0, 0x71, 0xE0, 0xE0, 0xF0, 0xE0, 0x70, 0xE0, 0x70, 0xE0, 0x70, 0xE0,
        0x70, 0xE0, 0xF0, 0x71, 0xE0, 0x3F, 0xC0, 0x1F, 0x00, 0x06, 0x00, 0x0F, 0x00, 0x19, 0x80,
        0x00, 0x00, 0x1F, 0x00, 0x3F, 0xC0, 0x71, 0xE0, 0xE0, 0xF0, 0xE0, 0x70, 0xE0, 0x70, 0xE0,
        0x70, 0xE0, 0x70, 0xE0, 0xF0, 0x71, 0xE0, 0x3F, 0xC0, 0x1F, 0x00, 0x1C, 0x80, 0x1B, 0x80,
        0x00, 0x00, 0x1F, 0x00, 0x3F, 0xC0, 0x71, 0xE0, 0xE0, 0xF0, 0xE0, 0x70, 0xE0, 0x70, 0xE0,
        0x70, 0xE0, 0x70, 0xE0, 0xF0, 0x71, 0xE0, 0x3F, 0xC0, 0x1F, 0x00, 0x19, 0x80, 0x19, 0x80,
        0x00, 0x00, 0x1F, 0x00, 0x3F, 0xC0, 0x71, 0xE0, 0xE0, 0xF0, 0xE0, 0x70, 0xE0, 0x70, 0xE0,
        0x70, 0xE0, 0x70, 0xE0, 0xF0, 0x71, 0xE0, 0x3F, 0xC0, 0x1F, 0x00, 0xC6, 0xEF, 0x7E, 0x3C,
        0x7C, 0xFE, 0xE6, 0x1F, 0x20, 0x3F, 0xE0, 0x71, 0xE0, 0xE1, 0xF0, 0xE3, 0x70, 0xE6, 0x70,
        0xEC, 0x70, 0xE8, 0x70, 0xF8, 0xF0, 0x71, 0xE0, 0x7F, 0xC0, 0x5F, 0x00, 0x10, 0x00, 0x38,
        0x00, 0x1C, 0x00, 0x00, 0x00, 0xE1, 0xC0, 0xE1, 0xC0, 0xE1, 0xC0, 0xE1, 0xC0, 0xE1, 0xC0,
        0xE1, 0xC0, 0xE1, 0xC0, 0xE1, 0xC0, 0xE1, 0xC0, 0xF3, 0xC0, 0x7F, 0x80, 0x3F, 0x00, 0x02,
        0x00, 0x07, 0x00, 0x0E, 0x00, 0x00, 0x00, 0xE1, 0xC0, 0xE1, 0xC0, 0xE1, 0xC0, 0xE1, 0xC0,
        0xE1, 0xC0, 0xE1, 0xC0, 0xE1, 0xC0, 0xE1, 0xC0, 0xE1, 0xC0, 0xF3, 0xC0, 0x7F, 0x80, 0x3F,
        0x00, 0x0C, 0x00, 0x1E, 0x00, 0x33, 0x00, 0x00, 0x00, 0xE1, 0xC0, 0xE1, 0xC0, 0xE1, 0xC0,
        0xE1, 0xC0, 0xE1, 0xC0, 0xE1, 0xC0, 0xE1, 0xC0, 0xE1, 0xC0, 0xE1, 0xC0, 0xF3, 0xC0, 0x7F,
        0x80, 0x3F, 0x00, 0x33, 0x00, 0x33, 0x00, 0x00, 0x00, 0xE1, 0xC0, 0xE1, 0xC0, 0xE1, 0xC0,
        0xE1, 0xC0, 0xE1, 0xC0, 0xE1, 0xC0, 0xE1, 0xC0, 0xE1, 0xC0, 0xE1, 0xC0, 0xF3, 0xC0, 0x7F,
        0x80, 0x3F, 0x00, 0x01, 0x80, 0x03, 0x80, 0x07, 0x00, 0x00, 0x00, 0xF0, 0x70, 0x70, 0xE0,
        0x39, 0xE0, 0x3D, 0xC0, 0x1F, 0x80, 0x0F, 0x80, 0x0F, 0x00, 0x07, 0x00, 0x07, 0x00, 0x07,
        0x00, 0x07, 0x00, 0x07, 0x00, 0xE0, 0x00, 0xE0, 0x00, 0xFF, 0x00, 0xFF, 0x80, 0xE3, 0x80,
        0xE1, 0xC0, 0xE3, 0xC0, 0xFF, 0x80, 0xFF, 0x00, 0xE0, 0x00, 0xE0, 0x00, 0xE0, 0x00, 0x3E,
        0x00, 0x7F, 0x80, 0xE3, 0x80, 0xE3, 0x80, 0xEF, 0x00, 0xEF, 0x80, 0xE3, 0x80, 0xE1, 0xC0,
        0xE1, 0xC0, 0xE3, 0xC0, 0xEF, 0x80, 0xE7, 0x00, 0x18, 0x00, 0x0C, 0x00, 0x00, 0x00, 0x1E,
        0x00, 0x3F, 0x80, 0x33, 0x80, 0x03, 0x80, 0x3F, 0x80, 0x73, 0x80, 0xF3, 0x80, 0x7F, 0x80,
        0x39, 0x80, 0x07, 0x00, 0x0E, 0x00, 0x00, 0x00, 0x1E, 0x00, 0x3F, 0x80, 0x33, 0x80, 0x03,
        0x80, 0x3F, 0x80, 0x73, 0x80, 0xF3, 0x80, 0x7F, 0x80, 0x39, 0x80, 0x1E, 0x00, 0x3B, 0x00,
        0x00, 0x00, 0x1E, 0x00, 0x3F, 0x80, 0x33, 0x80, 0x03, 0x80, 0x3F, 0x80, 0x73, 0x80, 0xF3,
        0x80, 0x7F, 0x80, 0x39, 0x80, 0x19, 0x00, 0x37, 0x00, 0x00, 0x00, 0x1E, 0x00, 0x3F, 0x80,
        0x33, 0x80, 0x03, 0x80, 0x3F, 0x80, 0x73, 0x80, 0xF3, 0x80, 0x7F, 0x80, 0x39, 0x80, 0x33,
        0x00, 0x33, 0x00, 0x00, 0x00, 0x1E, 0x00, 0x3F, 0x80, 0x33, 0x80, 0x03, 0x80, 0x3F, 0x80,
        0x73, 0x80, 0xF3, 0x80, 0x7F, 0x80, 0x39, 0x80, 0x0C, 0x00, 0x1E, 0x00, 0x1A, 0x00, 0x1E,
        0x00, 0x0C, 0x00, 0x1E, 0x00, 0x3F, 0x80, 0x33, 0x80, 0x03, 0x80, 0x3F, 0x80, 0x73, 0x80,
        0xF3, 0x80, 0x7F, 0x80, 0x39, 0x80, 0x1E, 0x78, 0x7F, 0xFC, 0x03, 0x86, 0x1F, 0xFE, 0x7F,
        0xFE, 0x73, 0x80, 0xE3, 0xC8, 0x7F, 0xFE, 0x3C, 0x78, 0x1E, 0x00, 0x7F, 0x00, 0x73, 0x00,
        0x60, 0x00, 0xE0, 0x00, 0x60, 0x00, 0x73, 0x00, 0x7F, 0x80, 0x1E, 0x00, 0x0C, 0x00, 0x06,
        0x00, 0x1C, 0x00, 0x18, 0x00, 0x0C, 0x00, 0x00, 0x00, 0x1E, 0x00, 0x3F, 0x80, 0x71, 0x80,
        0x7F, 0xC0, 0xFF, 0xC0, 0x60, 0x00, 0x71, 0x00, 0x3F, 0x80, 0x1E, 0x00, 0x07, 0x00, 0x0E,
        0x00, 0x00, 0x00, 0x1E, 0x00, 0x3F, 0x80, 0x71, 0x80, 0x7F, 0xC0, 0xFF, 0xC0, 0x60, 0x00,
        0x71, 0x00, 0x3F, 0x80, 0x1E, 0x00, 0x1E, 0x00, 0x33, 0x00, 0x00, 0x00, 0x1E, 0x00, 0x3F,
        0x80, 0x71, 0x80, 0x7F, 0xC0, 0xFF, 0xC0, 0x60, 0x00, 0x71, 0x00, 0x3F, 0x80, 0x1E, 0x00,
        0x33, 0x00, 0x33, 0x00, 0x00, 0x00, 0x1E, 0x00, 0x3F, 0x80, 0x71, 0x80, 0x7F, 0xC0, 0xFF,
        0xC0, 0x60, 0x00, 0x71, 0x00, 0x3F, 0x80, 0x1E, 0x00, 0xE0, 0x70, 0x00, 0xF8, 0xF8, 0x38,
        0x38, 0x38, 0x38, 0x38, 0x38, 0x38, 0x18, 0x30, 0x00, 0xF8, 0xF8, 0x38, 0x38, 0x38, 0x38,
        0x38, 0x38, 0x38, 0x78, 0xCC, 0x00, 0xF8, 0xF8, 0x38, 0x38, 0x38, 0x38, 0x38, 0x38, 0x38,
        0xCC, 0xCC, 0x00, 0xF8, 0xF8, 0x38, 0x38, 0x38, 0x38, 0x38, 0x38, 0x38, 0x1D, 0x00, 0x1F,
        0x00, 0x07, 0x80, 0x0F, 0x80, 0x01, 0xC0, 0x3F, 0xC0, 0x7F, 0xC0, 0x73, 0xC0, 0xE1, 0xC0,
        0x61, 0xC0, 0x73, 0x80, 0x7F, 0x80, 0x1E, 0x00, 0x3B, 0x6E, 0x00, 0xCE, 0xFF, 0xE7, 0xE3,
        0xE3, 0xE3, 0xE3, 0xE3, 0xE3, 0x18, 0x00, 0x0C, 0x00, 0x00, 0x00, 0x1E, 0x00, 0x3F, 0x80,
        0x73, 0x80, 0x61, 0xC0, 0xE1, 0xC0, 0x61, 0xC0, 0x73, 0x80, 0x3F, 0x80, 0x1E, 0x00, 0x07,
        0x00, 0x0E, 0x00, 0x00, 0x00, 0x1E, 0x00, 0x3F, 0x80, 0x73, 0x80, 0x61, 0xC0, 0xE1, 0xC0,
        0x61, 0xC0, 0x73, 0x80, 0x3F, 0x80, 0x1E, 0x00, 0x1E, 0x00, 0x3B, 0x00, 0x00, 0x00, 0x1E,
        0x00, 0x3F, 0x80, 0x73, 0x80, 0x61, 0xC0, 0xE1, 0xC0, 0x61, 0xC0, 0x73, 0x80, 0x3F, 0x80,
        0x1E, 0x00, 0x19, 0x00, 0x37, 0x00, 0x00, 0x00, 0x1E, 0x00, 0x3F, 0x80, 0x73, 0x80, 0x61,
        0xC0, 0xE1, 0xC0, 0x61, 0xC0, 0x73, 0x80, 0x3F, 0x80, 0x1E, 0x00, 0x33, 0x00, 0x33, 0x00,
        0x00, 0x00, 0x1E, 0x00, 0x3F, 0x80, 0x73, 0x80, 0x61, 0xC0, 0xE1, 0xC0, 0x61, 0xC0, 0x73,
        0x80, 0x3F, 0x80, 0x1E, 0x00, 0x18, 0x00, 0x1C, 0x00, 0x08, 0x00, 0xFF, 0x80, 0xFF, 0x80,
        0x00, 0x00, 0x08, 0x00, 0x1C, 0x00, 0x18, 0x00, 0x1F, 0x80, 0x7F, 0x80, 0x73, 0x80, 0x67,
        0xC0, 0xED, 0xC0, 0x79, 0xC0, 0x73, 0x80, 0x7F, 0x80, 0x7E, 0x00, 0x30, 0x18, 0x00, 0xE3,
        0xE3, 0xE3, 0xE3, 0xE3, 0xE7, 0xE7, 0xFF, 0x7B, 0x0E, 0x1C, 0x00, 0xE3, 0xE3, 0xE3, 0xE3,
        0xE3, 0xE7, 0xE7, 0xFF, 0x7B, 0x3C, 0x76, 0x00, 0xE3, 0xE3, 0xE3, 0xE3, 0xE3, 0xE7, 0xE7,
        0xFF, 0x7B, 0x66, 0x66, 0x00, 0xE3, 0xE3, 0xE3, 0xE3, 0xE3, 0xE7, 0xE7, 0xFF, 0x7B, 0x06,
        0x00, 0x0C, 0x00, 0x00, 0x00, 0xE3, 0x80, 0x63, 0x80, 0x73, 0x00, 0x77, 0x00, 0x37, 0x00,
        0x3E, 0x00, 0x3E, 0x00, 0x1C, 0x00, 0x1C, 0x00, 0x1C, 0x00, 0x78, 0x00, 0x70, 0x00, 0xE0,
        0x00, 0xE0, 0x00, 0xE0, 0x00, 0xEE, 0x00, 0xFF, 0x00, 0xE3, 0x80, 0xE3, 0x80, 0xE3, 0x80,
        0xE3, 0x80, 0xE3, 0x80, 0xFF, 0x00, 0xEE, 0x00, 0xE0, 0x00, 0xE0, 0x00, 0xE0, 0x00, 0x36,
        0x00, 0x36, 0x00, 0x00, 0x00, 0xE3, 0x80, 0x63, 0x80, 0x73, 0x00, 0x77, 0x00, 0x37, 0x00,
        0x3E, 0x00, 0x3E, 0x00, 0x1C, 0x00, 0x1C, 0x00, 0x1C, 0x00, 0x78, 0x00, 0x70, 0x00, 0xFE,
        0xFE, 0xFF, 0xF8, 0xFF, 0xF8, 0x60, 0x40, 0xC0, 0xE0, 0xE0, 0xE0, 0xE0, 0xE0, 0xE0, 0x60,
        0x40, 0xC0, 0xE0, 0xE0, 0xE0, 0x60, 0x40, 0xC0, 0x66, 0x44, 0xCC, 0xEE, 0xEE, 0xEE, 0xEE,
        0xEE, 0xEE, 0x66, 0x44, 0xCC, 0xEE, 0xEE, 0xEE, 0x66, 0x44, 0xCC, 0x78, 0xF8, 0xFC, 0xFC,
        0xF8, 0x78, 0xE6, 0x30, 0xE7, 0x78, 0xE6, 0x30, 0x38, 0x70, 0x70, 0xE0, 0xF0, 0x70, 0x38,
        0xE0, 0x70, 0x38, 0x38, 0x38, 0x70, 0xE0, 0x0F, 0x00, 0x3F, 0xC0, 0x38, 0xC0, 0x70, 0x00,
        0xFE, 0x00, 0x70, 0x00, 0xF8, 0x00, 0x70, 0x00, 0x70, 0x80, 0x39, 0xC0, 0x1F, 0xC0, 0x0F,
        0x00, 0xFD, 0xCE, 0xFF, 0xCE, 0x33, 0xDE, 0x33, 0xDE, 0x33, 0x76, 0x33, 0x76, 0x33, 0x36,
        0xFF, 0x80, 0xFF, 0x80,
    ],
    line_height: 20,
};

// ATKINSON_COMPACT_LARGE: 22 px, cap 14, line height 24, gray 128
pub static ATKINSON_COMPACT_LARGE: BitmapFont = BitmapFont {
    glyphs: &[
        Glyph::new(0, 0, 0, 7, 0, 0),
        Glyph::new(0, 4, 14, 6, 1, -14),
        Glyph::new(14, 7, 5, 9, 1, -14),
        Glyph::new(19, 16, 14, 17, 1, -14),
        Glyph::new(47, 12, 18, 14, 1, -16),
        Glyph::new(83, 20, 14, 21, 1, -14),
        Glyph::new(125, 14, 16, 15, 1, -16),
        Glyph::new(157, 3, 5, 5, 1, -14),
        Glyph::new(162, 6, 17, 8, 1, -14),
        Glyph::new(179, 6, 17, 8, 1, -14),
        Glyph::new(196, 7, 7, 10, 1, -14),
        Glyph::new(203, 11, 11, 14, 1, -11),
        Glyph::new(225, 4, 7, 5, 1, -4),
        Glyph::new(232, 7, 3, 8, 1, -7),
        Glyph::new(235, 4, 4, 5, 1, -4),
        Glyph::new(239, 8, 14, 10, 1, -14),
        Glyph::new(253, 13, 14, 14, 1, -14),
        Glyph::new(281, 7, 14, 10, 1, -14),
        Glyph::new(295, 11, 14, 13, 1, -14),
        Glyph::new(323, 11, 14, 13, 1, -14),
        Glyph::new(351, 13, 14, 14, 0, -14),
        Glyph::new(379, 11, 14, 13, 1, -14),
        Glyph::new(407, 12, 14, 14, 1, -14),
        Glyph::new(435, 11, 14, 12, 0, -14),
        Glyph::new(463, 12, 14, 14, 1, -14),
        Glyph::new(491, 10, 14, 12, 1, -14),
        Glyph::new(519, 4, 11, 5, 1, -11),
        Glyph::new(530, 4, 14, 5, 1, -11),
        Glyph::new(544, 11, 11, 13, 1, -11),
        Glyph::new(566, 11, 7, 14, 1, -9),
        Glyph::new(580, 11, 11, 13, 1, -11),
        Glyph::new(602, 11, 14, 14, 1, -14),
        Glyph::new(630, 15, 14, 17, 1, -14),
        Glyph::new(658, 15, 14, 15, 0, -14),
        Glyph::new(686, 13, 14, 14, 1, -14),
        Glyph::new(714, 13, 14, 15, 1, -14),
        Glyph::new(742, 13, 14, 15, 1, -14),
        Glyph::new(770, 11, 14, 13, 1, -14),
        Glyph::new(798, 10, 14, 12, 1, -14),
        Glyph::new(826, 14, 14, 16, 1, -14),
        Glyph::new(854, 13, 14, 15, 1, -14),
        Glyph::new(882, 8, 14, 10, 1, -14),
        Glyph::new(896, 11, 14, 12, 0, -14),
        Glyph::new(924, 13, 14, 14, 1, -14),
        Glyph::new(952, 10, 14, 12, 1, -14),
        Glyph::new(980, 17, 14, 19, 1, -14),
        Glyph::new(1022, 13, 14, 15, 1, -14),
        Glyph::new(1050, 15, 14, 17, 1, -14),
        Glyph::new(1078, 12, 14, 14, 1, -14),
        Glyph::new(1106, 16, 15, 17, 1, -14),
        Glyph::new(1136, 13, 14, 14, 1, -14),
        Glyph::new(1164, 12, 14, 14, 1, -14),
        Glyph::new(1192, 13, 14, 14, 0, -14),
        Glyph::new(1220, 13, 14, 15, 1, -14),
        Glyph::new(1248, 14, 14, 14, 0, -14),
        Glyph::new(1276, 19, 14, 19, 0, -14),
        Glyph::new(1318, 14, 14, 15, 1, -14),
        Glyph::new(1346, 14, 14, 15, 1, -14),
        Glyph::new(1374, 12, 14, 14, 1, -14),
        Glyph::new(1402, 6, 17, 7, 1, -14),
        Glyph::new(1419, 8, 14, 10, 1, -14),
        Glyph::new(1433, 5, 17, 7, 1, -14),
        Glyph::new(1450, 11, 8, 13, 1, -15),
        Glyph::new(1466, 9, 3, 9, 0, 0),
        Glyph::new(1472, 4, 3, 7, 1, -15),
        Glyph::new(1475, 10, 11, 12, 1, -11),
        Glyph::new(1497, 12, 14, 13, 1, -14),
        Glyph::new(1525, 10, 11, 11, 1, -11),
        Glyph::new(1547, 11, 14, 13, 1, -14),
        Glyph::new(1575, 11, 11, 12, 1, -11),
        Glyph::new(1597, 8, 16, 8, 0, -16),
        Glyph::new(1613, 11, 16, 13, 1, -11),
        Glyph::new(1645, 10, 14, 13, 1, -14),
        Glyph::new(1673, 5, 16, 7, 1, -16),
        Glyph::new(1689, 7, 20, 6, -2, -17),
        Glyph::new(1709, 11, 14, 12, 1, -14),
        Glyph::new(1737, 6, 14, 7, 1, -14),
        Glyph::new(1751, 17, 11, 19, 1, -11),
        Glyph::new(1784, 10, 11, 13, 1, -11),
        Glyph::new(1806, 11, 11, 13, 1, -11),
        Glyph::new(1828, 12, 14, 13, 1, -11),
        Glyph::new(1856, 14, 14, 13, 1, -11),
        Glyph::new(1884, 7, 11, 8, 1, -11),
        Glyph::new(1895, 10, 11, 12, 1, -11),
        Glyph::new(1917, 8, 14, 8, 0, -14),
        Glyph::new(1931, 10, 11, 13, 1, -11),
        Glyph::new(1953, 11, 11, 12, 0, -11),
        Glyph::new(1975, 16, 11, 16, 0, -11),
        Glyph::new(1997, 11, 11, 12, 0, -11),
        Glyph::new(2019, 11, 14, 11, 0, -11),
        Glyph::new(2047, 10, 11, 11, 1, -11),
        Glyph::new(2069, 6, 17, 8, 1, -14),
        Glyph::new(2086, 3, 17, 5, 1, -14),
        Glyph::new(2103, 7, 17, 8, 1, -14),
        Glyph::new(2120, 10, 4, 12, 1, -8),
        Glyph::new(2128, 0, 0, 7, 0, 0),
        Glyph::new(2128, 4, 14, 6, 1, -11),
        Glyph::new(2142, 10, 14, 11, 1, -12),
        Glyph::new(2170, 12, 14, 14, 1, -14),
        Glyph::new(2198, 11, 10, 13, 1, -12),
        Glyph::new(2218, 14, 14, 15, 1, -14),
        Glyph::new(2246, 3, 17, 5, 1, -14),
        Glyph::new(2263, 11, 17, 13, 1, -14),
        Glyph::new(2297, 8, 2, 10, 1, -14),
        Glyph::new(2299, 15, 15, 18, 1, -15),
        Glyph::new(2329, 6, 6, 9, 1, -15),
        Glyph::new(2335, 12, 9, 15, 1, -10),
        Glyph::new(2353, 11, 8, 14, 1, -9),
        Glyph::new(2369, 0, 0, 0, 0, 0),
        Glyph::new(2369, 15, 15, 18, 1, -15),
        Glyph::new(2399, 7, 3, 9, 1, -15),
        Glyph::new(2402, 7, 8, 9, 1, -16),
        Glyph::new(2410, 11, 11, 14, 1, -11),
        Glyph::new(2432, 7, 8, 9, 1, -17),
        Glyph::new(2440, 7, 8, 9, 1, -17),
        Glyph::new(2448, 4, 3, 7, 1, -15),
        Glyph::new(2451, 12, 14, 13, 1, -11),
        Glyph::new(2479, 10, 17, 11, 1, -14),
        Glyph::new(2513, 4, 4, 7, 1, -7),
        Glyph::new(2517, 4, 4, 7, 2, 0),
        Glyph::new(2521, 4, 8, 6, 1, -17),
        Glyph::new(2529, 7, 7, 9, 1, -16),
        Glyph::new(2536, 11, 9, 15, 2, -10),
        Glyph::new(2554, 17, 14, 19, 1, -14),
        Glyph::new(2596, 17, 14, 19, 1, -14),
        Glyph::new(2638, 18, 15, 21, 2, -15),
        Glyph::new(2683, 11, 14, 14, 1, -11),
        Glyph::new(2711, 15, 19, 15, 0, -19),
        Glyph::new(2749, 15, 19, 15, 0, -19),
        Glyph::new(2787, 15, 19, 15, 0, -19),
        Glyph::new(2825, 15, 19, 15, 0, -19),
        Glyph::new(2863, 15, 18, 15, 0, -18),
        Glyph::new(2899, 15, 19, 15, 0, -19),
        Glyph::new(2937, 22, 14, 22, 0, -14),
        Glyph::new(2979, 13, 18, 15, 1, -14),
        Glyph::new(3015, 11, 19, 13, 1, -19),
        Glyph::new(3053, 11, 19, 13, 1, -19),
        Glyph::new(3091, 11, 19, 13, 1, -19),
        Glyph::new(3129, 11, 18, 13, 1, -18),
        Glyph::new(3165, 8, 19, 10, 1, -19),
        Glyph::new(3184, 8, 19, 10, 1, -19),
        Glyph::new(3203, 8, 19, 10, 1, -19),
        Glyph::new(3222, 8, 17, 10, 1, -17),
        Glyph::new(3239, 16, 14, 17, 0, -14),
        Glyph::new(3267, 13, 19, 15, 1, -19),
        Glyph::new(3305, 15, 19, 17, 1, -19),
        Glyph::new(3343, 15, 19, 17, 1, -19),
        Glyph::new(3381, 15, 19, 17, 1, -19),
        Glyph::new(3419, 15, 19, 17, 1, -19),
        Glyph::new(3457, 15, 18, 17, 1, -18),
        Glyph::new(3493, 10, 9, 12, 1, -10),
        Glyph::new(3511, 15, 14, 17, 1, -14),
        Glyph::new(3539, 13, 19, 15, 1, -19),
        Glyph::new(3577, 13, 19, 15, 1, -19),
        Glyph::new(3615, 13, 19, 15, 1, -19),
        Glyph::new(3653, 13, 18, 15, 1, -18),
        Glyph::new(3689, 14, 19, 15, 1, -19),
        Glyph::new(3727, 12, 14, 14, 1, -14),
        Glyph::new(3755, 12, 14, 14, 1, -14),
        Glyph::new(3783, 10, 15, 12, 1, -15),
        Glyph::new(3813, 10, 15, 12, 1, -15),
        Glyph::new(3843, 10, 15, 12, 1, -15),
        Glyph::new(3873, 10, 15, 12, 1, -15),
        Glyph::new(3903, 10, 15, 12, 1, -15),
        Glyph::new(3933, 10, 18, 12, 1, -18),
        Glyph::new(3969, 18, 11, 19, 1, -11),
        Glyph::new(4002, 10, 15, 11, 1, -11),
        Glyph::new(4032, 11, 15, 12, 1, -15),
        Glyph::new(4062, 11, 15, 12, 1, -15),
        Glyph::new(4092, 11, 15, 12, 1, -15),
        Glyph::new(4122, 11, 15, 12, 1, -15),
        Glyph::new(4152, 5, 15, 7, 1, -15),
        Glyph::new(4167, 6, 15, 7, 1, -15),
        Glyph::new(4182, 7, 15, 7, 0, -15),
        Glyph::new(4197, 7, 15, 7, 0, -15),
        Glyph::new(4212, 11, 16, 13, 1, -16),
        Glyph::new(4244, 10, 15, 13, 1, -15),
        Glyph::new(4274, 11, 15, 13, 1, -15),
        Glyph::new(4304, 11, 15, 13, 1, -15),
        Glyph::new(4334, 11, 15, 13, 1, -15),
        Glyph::new(4364, 11, 15, 13, 1, -15),
        Glyph::new(4394, 11, 15, 13, 1, -15),
        Glyph::new(4424, 11, 11, 13, 1, -11),
        Glyph::new(4446, 11, 11, 13, 1, -11),
        Glyph::new(4468, 10, 15, 13, 1, -15),
        Glyph::new(4498, 10, 15, 13, 1, -15),
        Glyph::new(4528, 10, 15, 13, 1, -15),
        Glyph::new(4558, 10, 15, 13, 1, -15),
        Glyph::new(4588, 11, 18, 11, 0, -15),
        Glyph::new(4624, 12, 17, 13, 1, -14),
        Glyph::new(4658, 11, 18, 11, 0, -15),
        Glyph::new(4694, 9, 3, 11, 1, -7),
        Glyph::new(4700, 17, 3, 19, 1, -7),
        Glyph::new(4709, 4, 7, 6, 1, -14),
        Glyph::new(4716, 4, 7, 6, 1, -14),
        Glyph::new(4723, 4, 7, 6, 1, -4),
        Glyph::new(4730, 9, 7, 11, 1, -14),
        Glyph::new(4744, 9, 7, 11, 1, -14),
        Glyph::new(4758, 9, 7, 11, 1, -4),
        Glyph::new(4772, 7, 7, 10, 1, -9),
        Glyph::new(4779, 16, 4, 18, 1, -4),
        Glyph::new(4787, 7, 9, 9, 1, -10),
        Glyph::new(4796, 7, 9, 9, 1, -10),
        Glyph::new(4805, 14, 14, 15, 0, -14),
        Glyph::new(4833, 19, 8, 21, 1, -15),
        Glyph::new(4857, 11, 3, 13, 1, -7),
    ],
    bitmap: &[
        0xF0, 0xF0, 0xF0, 0xF0, 0xF0, 0xF0, 0xF0, 0x70, 0x60, 0x00, 0x60, 0xF0, 0xF0, 0x60, 0xEE,
        0xEE, 0xEE, 0xEE, 0xEE, 0x0E, 0x38, 0x0E, 0x38, 0x7F, 0xFE, 0x7F, 0xFF, 0xFF, 0xFE, 0x1C,
        0x70, 0x1C, 0x70, 0x1C, 0x70, 0xFF, 0xFC, 0xFF, 0xFE, 0xFF, 0xFC, 0x38, 0xE0, 0x38, 0xE0,
        0x38, 0xE0, 0x06, 0x00, 0x06, 0x00, 0x3F, 0xC0, 0x7F, 0xE0, 0xF7, 0xE0, 0xE6, 0x80, 0xF6,
        0x00, 0xFE, 0x00, 0x7F, 0xC0, 0x1F, 0xE0, 0x07, 0xF0, 0x06, 0xF0, 0xE6, 0xF0, 0xFF, 0xF0,
        0x7F, 0xE0, 0x3F, 0xC0, 0x06, 0x00, 0x06, 0x00, 0x3C, 0x07, 0x00, 0xFE, 0x0E, 0x00, 0xFF,
        0x0C, 0x00, 0xC7, 0x1C, 0x00, 0xE7, 0x38, 0x00, 0xFF, 0x71, 0x00, 0x7E, 0x77, 0xC0, 0x10,
        0xEF, 0xE0, 0x01, 0xDE, 0x70, 0x01, 0x9C, 0x70, 0x03, 0x9C, 0x70, 0x07, 0x0F, 0xF0, 0x0E,
        0x0F, 0xE0, 0x0C, 0x03, 0xC0, 0x02, 0x00, 0x1F, 0x80, 0x3F, 0xC0, 0x39, 0xC0, 0x38, 0xC0,
        0x39, 0xC0, 0x3F, 0xC0, 0x1F, 0x80, 0x3F, 0x1C, 0x7F, 0x38, 0xF7, 0xB8, 0xE3, 0xF0, 0xE1,
        0xF0, 0xFF, 0xF0, 0x7F, 0xF8, 0x3F, 0x3C, 0xE0, 0xE0, 0xE0, 0xE0, 0xE0, 0x38, 0x70, 0x70,
        0x70, 0xE0, 0xE0, 0xE0, 0xE0, 0xE0, 0xE0, 0xE0, 0xE0, 0x70, 0x70, 0x78, 0x38, 0x1C, 0x70,
        0x38, 0x38, 0x3C, 0x1C, 0x1C, 0x1C, 0x1C, 0x1C, 0x1C, 0x1C, 0x1C, 0x38, 0x38, 0x78, 0x70,
        0xE0, 0x18, 0x18, 0xFE, 0x7E, 0x3C, 0x7C, 0x24, 0x0E, 0x00, 0x0E, 0x00, 0x0E, 0x00, 0x0E,
        0x00, 0x7F, 0xE0, 0xFF, 0xE0, 0xFF, 0xE0, 0x0E, 0x00, 0x0E, 0x00, 0x0E, 0x00, 0x0E, 0x00,
        0xE0, 0xF0, 0xF0, 0xE0, 0x60, 0x60, 0xC0, 0xFC, 0xFE, 0xFE, 0xE0, 0xF0, 0xF0, 0xE0, 0x07,
        0x0F, 0x0E, 0x0E, 0x1E, 0x1C, 0x3C, 0x38, 0x38, 0x78, 0x70, 0xF0, 0xE0, 0xE0, 0x0F, 0x80,
        0x3F, 0xE0, 0x7F, 0xE0, 0x78, 0xF0, 0xF8, 0x70, 0xFC, 0x70, 0xE6, 0x78, 0xE7, 0x78, 0xF3,
        0x70, 0xF1, 0xF0, 0x70, 0xF0, 0x7F, 0xE0, 0x3F, 0xE0, 0x0F, 0x80, 0x0E, 0xFE, 0xFE, 0xFE,
        0x1E, 0x1E, 0x1E, 0x1E, 0x1E, 0x1E, 0x1E, 0x1E, 0x1E, 0x1E, 0x1F, 0x00, 0x3F, 0xC0, 0x7F,
        0xE0, 0x71, 0xE0, 0x00, 0xE0, 0x01, 0xE0, 0x03, 0xC0, 0x07, 0x80, 0x0F, 0x00, 0x1E, 0x00,
        0x7C, 0x00, 0xFF, 0xE0, 0xFF, 0xE0, 0xFF, 0xE0, 0x1F, 0x00, 0x7F, 0xC0, 0xFF, 0xE0, 0x21,
        0xE0, 0x01, 0xE0, 0x0F, 0xC0, 0x0F, 0xC0, 0x0F, 0xE0, 0x01, 0xE0, 0x00, 0xE0, 0xE1, 0xE0,
        0xFF, 0xE0, 0x7F, 0xC0, 0x1F, 0x00, 0x01, 0xE0, 0x03, 0xE0, 0x03, 0xE0, 0x07, 0xE0, 0x0F,
        0xE0, 0x1C, 0xE0, 0x38, 0xE0, 0x78, 0xE0, 0x7F, 0xF8, 0xFF, 0xF8, 0x7F, 0xF8, 0x00, 0xE0,
        0x00, 0xE0, 0x00, 0xE0, 0x7F, 0xE0, 0x7F, 0xE0, 0x7F, 0xC0, 0xF0, 0x00, 0xFF, 0x80, 0xFF,
        0xC0, 0xFF, 0xE0, 0x21, 0xE0, 0x00, 0xE0, 0x00, 0xE0, 0xE1, 0xE0, 0xFF, 0xE0, 0x7F, 0xC0,
        0x1F, 0x00, 0x0F, 0x80, 0x3F, 0xC0, 0x7F, 0xC0, 0x70, 0x00, 0x77, 0x80, 0xFF, 0xC0, 0xFF,
        0xE0, 0xF0, 0xF0, 0xF0, 0xF0, 0xF0, 0xF0, 0x70, 0xE0, 0x7F, 0xE0, 0x3F, 0xC0, 0x1F, 0x80,
        0xFF, 0xE0, 0xFF, 0xE0, 0x7F, 0xE0, 0x01, 0xE0, 0x01, 0xC0, 0x03, 0xC0, 0x03, 0x80, 0x07,
        0x80, 0x07, 0x00, 0x0F, 0x00, 0x0E, 0x00, 0x1E, 0x00, 0x1C, 0x00, 0x3C, 0x00, 0x0F, 0x00,
        0x3F, 0x80, 0x3F, 0xC0, 0x31, 0xC0, 0x39, 0xC0, 0x3F, 0xC0, 0x7F, 0xC0, 0xFF, 0xE0, 0xF0,
        0xF0, 0xE0, 0xF0, 0xF0, 0xF0, 0xFF, 0xE0, 0x7F, 0xE0, 0x1F, 0x80, 0x1E, 0x00, 0x7F, 0x80,
        0x7F, 0xC0, 0xE1, 0xC0, 0xE1, 0xC0, 0xE1, 0xC0, 0xF3, 0xC0, 0x7F, 0xC0, 0x3F, 0x80, 0x0F,
        0x80, 0x07, 0x00, 0x0F, 0x00, 0x0E, 0x00, 0x1E, 0x00, 0xE0, 0xF0, 0xF0, 0xE0, 0x00, 0x00,
        0x00, 0xE0, 0xF0, 0xF0, 0xE0, 0xE0, 0xF0, 0xF0, 0xE0, 0x00, 0x00, 0x00, 0xE0, 0xF0, 0xF0,
        0xE0, 0x60, 0x60, 0xC0, 0x00, 0x60, 0x01, 0xE0, 0x0F, 0xE0, 0x3F, 0x80, 0xFC, 0x00, 0xF0,
        0x00, 0xFC, 0x00, 0x3F, 0x80, 0x0F, 0xE0, 0x01, 0xE0, 0x00, 0x60, 0x7F, 0xE0, 0xFF, 0xE0,
        0xFF, 0xE0, 0x00, 0x00, 0x7F, 0xE0, 0xFF, 0xE0, 0xFF, 0xE0, 0xC0, 0x00, 0xF0, 0x00, 0xFC,
        0x00, 0x3F, 0x80, 0x0F, 0xE0, 0x03, 0xE0, 0x0F, 0xE0, 0x3F, 0x80, 0xFC, 0x00, 0xF0, 0x00,
        0xC0, 0x00, 0x1F, 0x80, 0x7F, 0xE0, 0xFF, 0xE0, 0x60, 0xE0, 0x01, 0xE0, 0x07, 0xE0, 0x0F,
        0x80, 0x1E, 0x00, 0x1C, 0x00, 0x00, 0x00, 0x1C, 0x00, 0x1E, 0x00, 0x1E, 0x00, 0x1C, 0x00,
        0x07, 0xC0, 0x1F, 0xF0, 0x30, 0x38, 0x67, 0xCC, 0xCF, 0xCC, 0xCF, 0xC6, 0x9C, 0xC6, 0x9C,
        0xC6, 0xCC, 0xEC, 0xCF, 0xFC, 0x67, 0x38, 0x30, 0x00, 0x1F, 0xC0, 0x07, 0xC0, 0x07, 0xC0,
        0x07, 0xC0, 0x07, 0xC0, 0x0F, 0xE0, 0x0E, 0xE0, 0x1E, 0xF0, 0x1E, 0x70, 0x1C, 0x70, 0x3C,
        0x78, 0x3F, 0xF8, 0x7F, 0xFC, 0x7F, 0xFC, 0x70, 0x1C, 0xF0, 0x1E, 0xFF, 0xC0, 0xFF, 0xE0,
        0xFF, 0xF0, 0xE0, 0xF0, 0xE0, 0xF0, 0xFF, 0xE0, 0xFF, 0xE0, 0xFF, 0xF0, 0xE0, 0xF0, 0xE0,
        0x78, 0xE0, 0x70, 0xFF, 0xF0, 0xFF, 0xE0, 0xFF, 0xC0, 0x0F, 0xC0, 0x3F, 0xF0, 0x7F, 0xF8,
        0x78, 0x30, 0xF0, 0x00, 0xF0, 0x00, 0xE0, 0x00, 0xE0, 0x00, 0xF0, 0x00, 0xF0, 0x00, 0x78,
        0x30, 0x7F, 0xF8, 0x3F, 0xF0, 0x0F, 0xC0, 0xFF, 0x80, 0xFF, 0xE0, 0xFF, 0xF0, 0xE0, 0xF8,
        0xE0, 0x78, 0xE0, 0x38, 0xE0, 0x38, 0xE0, 0x38, 0xE0, 0x38, 0xE0, 0x78, 0xE0, 0xF8, 0xFF,
        0xF0, 0xFF, 0xE0, 0xFF, 0x80, 0xFF, 0xE0, 0xFF, 0xE0, 0xFF, 0xE0, 0xE0, 0x00, 0xE0, 0x00,
        0xFF, 0x00, 0xFF, 0x00, 0xFF, 0x00, 0xE0, 0x00, 0xE0, 0x00, 0xE0, 0x00, 0xFF, 0xE0, 0xFF,
        0xE0, 0xFF, 0xE0, 0xFF, 0xC0, 0xFF, 0xC0, 0xFF, 0xC0, 0xE0, 0x00, 0xE0, 0x00, 0xFF, 0xC0,
        0xFF, 0xC0, 0xFF, 0xC0, 0xE0, 0x00, 0xE0, 0x00, 0xE0, 0x00, 0xE0, 0x00, 0xE0, 0x00, 0xE0,
        0x00, 0x0F, 0xC0, 0x3F, 0xF0, 0x7F, 0xF8, 0x78, 0x20, 0xF0, 0x00, 0xF0, 0xFC, 0xE1, 0xFC,
        0xE1, 0xFC, 0xF0, 0x1C, 0xF0, 0x3C, 0x78, 0x3C, 0x7F, 0xFC, 0x3F, 0xFC, 0x0F, 0xCC, 0xE0,
        0x78, 0xE0, 0x78, 0xE0, 0x78, 0xE0, 0x78, 0xE0, 0x78, 0xFF, 0xF8, 0xFF, 0xF8, 0xFF, 0xF8,
        0xE0, 0x78, 0xE0, 0x78, 0xE0, 0x78, 0xE0, 0x78, 0xE0, 0x78, 0xE0, 0x78, 0xFF, 0xFF, 0x7E,
        0x3C, 0x3C, 0x3C, 0x3C, 0x3C, 0x3C, 0x3C, 0x3C, 0x7E, 0xFF, 0xFF, 0x00, 0xE0, 0x00, 0xE0,
        0x00, 0xE0, 0x00, 0xE0, 0x00, 0xE0, 0x00, 0xE0, 0x00, 0xE0, 0x00, 0xE0, 0x00, 0xE0, 0x20,
        0xE0, 0xF1, 0xE0, 0x7F, 0xE0, 0x3F, 0xC0, 0x1F, 0x00, 0xE0, 0xF0, 0xE1, 0xF0, 0xE3, 0xE0,
        0xE7, 0xC0, 0xEF, 0x80, 0xFF, 0x00, 0xFF, 0x00, 0xFF, 0x00, 0xFF, 0x80, 0xF3, 0xC0, 0xE1,
        0xE0, 0xE1, 0xE0, 0xE0, 0xF0, 0xE0, 0x78, 0xE0, 0x00, 0xE0, 0x00, 0xE0, 0x00, 0xE0, 0x00,
        0xE0, 0x00, 0xE0, 0x00, 0xE0, 0x00, 0xE0, 0x00, 0xE0, 0x00, 0xE0, 0x00, 0xE0, 0x00, 0xFF,
        0xC0, 0xFF, 0xC0, 0xFF, 0xC0, 0xF8, 0x1F, 0x80, 0xFC, 0x1F, 0x80, 0xFC, 0x1F, 0x80, 0xFC,
        0x3F, 0x80, 0xFE, 0x3F, 0x80, 0xEE, 0x37, 0x80, 0xEE, 0x77, 0x80, 0xE6, 0x77, 0x80, 0xE7,
        0x67, 0x80, 0xE7, 0xE7, 0x80, 0xE3, 0xE7, 0x80, 0xE3, 0xC7, 0x80, 0xE3, 0xC7, 0x80, 0xE1,
        0xC7, 0x80, 0xF8, 0x38, 0xF8, 0x38, 0xFC, 0x38, 0xFC, 0x38, 0xFE, 0x38, 0xEF, 0x38, 0xE7,
        0x38, 0xE7, 0xB8, 0xE3, 0xB8, 0xE3, 0xF8, 0xE1, 0xF8, 0xE0, 0xF8, 0xE0, 0xF8, 0xE0, 0x78,
        0x0F, 0xC0, 0x1F, 0xF0, 0x7F, 0xF8, 0x78, 0x3C, 0xF0, 0x1E, 0xF0, 0x1E, 0xE0, 0x1E, 0xE0,
        0x1E, 0xF0, 0x1E, 0xF0, 0x1E, 0x78, 0x3C, 0x7F, 0xF8, 0x3F, 0xF0, 0x0F, 0xC0, 0xFF, 0x80,
        0xFF, 0xE0, 0xFF, 0xF0, 0xE0, 0xF0, 0xE0, 0x70, 0xE0, 0xF0, 0xFF, 0xF0, 0xFF, 0xE0, 0xFF,
        0x80, 0xE0, 0x00, 0xE0, 0x00, 0xE0, 0x00, 0xE0, 0x00, 0xE0, 0x00, 0x0F, 0xC0, 0x1F, 0xF0,
        0x7F, 0xF8, 0x78, 0x3C, 0xF0, 0x1E, 0xF0, 0x1E, 0xE0, 0x9E, 0xE1, 0xDE, 0xF1, 0xFE, 0xF0,
        0xFE, 0x78, 0x7C, 0x7F, 0xFC, 0x3F, 0xFE, 0x0F, 0xC7, 0x00, 0x02, 0xFF, 0x80, 0xFF, 0xE0,
        0xFF, 0xF0, 0xE0, 0xF0, 0xE0, 0x70, 0xE0, 0xF0, 0xFF, 0xF0, 0xFF, 0xE0, 0xFF, 0x80, 0xE3,
        0xC0, 0xE3, 0xC0, 0xE1, 0xE0, 0xE0, 0xF0, 0xE0, 0x78, 0x1F, 0x80, 0x7F, 0xC0, 0xFF, 0xE0,
        0xE0, 0xC0, 0xF0, 0x00, 0xFC, 0x00, 0x7F, 0xC0, 0x3F, 0xE0, 0x01, 0xF0, 0x00, 0xF0, 0xE0,
        0xF0, 0xFF, 0xE0, 0x7F, 0xE0, 0x1F, 0x80, 0xFF, 0xF8, 0xFF, 0xF8, 0x7F, 0xF8, 0x07, 0x80,
        0x07, 0x80, 0x07, 0x80, 0x07, 0x80, 0x07, 0x80, 0x07, 0x80, 0x07, 0x80, 0x07, 0x80, 0x07,
        0x80, 0x07, 0x80, 0x07, 0x80, 0xE0, 0x78, 0xE0, 0x78, 0xE0, 0x78, 0xE0, 0x78, 0xE0, 0x78,
        0xE0, 0x78, 0xE0, 0x78, 0xE0, 0x78, 0xF0, 0x78, 0xF0, 0x70, 0xF0, 0xF0, 0x7F, 0xF0, 0x3F,
        0xE0, 0x1F, 0x80, 0xF0, 0x3C, 0x70, 0x3C, 0x78, 0x38, 0x78, 0x78, 0x38, 0x78, 0x3C, 0x70,
        0x1C, 0xF0, 0x1C, 0xF0, 0x1E, 0xE0, 0x0F, 0xE0, 0x0F, 0xC0, 0x0F, 0xC0, 0x07, 0xC0, 0x07,
        0x80, 0xF0, 0xF0, 0xE0, 0x70, 0xF1, 0xE0, 0x71, 0xF1, 0xE0, 0x71, 0xF1, 0xC0, 0x79, 0xF9,
        0xC0, 0x39, 0xB9, 0xC0, 0x3B, 0xBB, 0xC0, 0x3B, 0xBB, 0x80, 0x3F, 0x9B, 0x80, 0x1F, 0x1F,
        0x80, 0x1F, 0x1F, 0x80, 0x1F, 0x1F, 0x00, 0x1F, 0x0F, 0x00, 0x0F, 0x0F, 0x00, 0xF0, 0x78,
        0x78, 0x78, 0x7C, 0xF0, 0x3D, 0xE0, 0x1F, 0xC0, 0x0F, 0xC0, 0x0F, 0x80, 0x0F, 0x80, 0x1F,
        0xC0, 0x1F, 0xE0, 0x3D, 0xF0, 0x78, 0xF0, 0xF8, 0x78, 0xF0, 0x3C, 0xF0, 0x3C, 0xF0, 0x78,
        0x78, 0xF0, 0x38, 0xF0, 0x3D, 0xE0, 0x1F, 0xC0, 0x1F, 0xC0, 0x0F, 0x80, 0x07, 0x00, 0x07,
        0x00, 0x07, 0x00, 0x07, 0x00, 0x07, 0x00, 0x07, 0x00, 0xFF, 0xF0, 0xFF, 0xF0, 0xFF, 0xE0,
        0x03, 0xE0, 0x03, 0xC0, 0x07, 0x80, 0x0F, 0x00, 0x1E, 0x00, 0x3E, 0x00, 0x3C, 0x00, 0x78,
        0x00, 0xFF, 0xF0, 0xFF, 0xF0, 0xFF, 0xF0, 0xFC, 0xFC, 0xF8, 0xE0, 0xE0, 0xE0, 0xE0, 0xE0,
        0xE0, 0xE0, 0xE0, 0xE0, 0xE0, 0xE0, 0xF8, 0xFC, 0xFC, 0xE0, 0xE0, 0xF0, 0x70, 0x78, 0x38,
        0x38, 0x3C, 0x1C, 0x1E, 0x0E, 0x0E, 0x0F, 0x07, 0xF8, 0xF8, 0xF8, 0x18, 0x18, 0x18, 0x18,
        0x18, 0x18, 0x18, 0x18, 0x18, 0x18, 0x18, 0xF8, 0xF8, 0xF8, 0x04, 0x00, 0x0E, 0x00, 0x1F,
        0x00, 0x1F, 0x00, 0x3B, 0x80, 0x3B, 0x80, 0x71, 0xC0, 0xF1, 0xE0, 0x7F, 0x80, 0xFF, 0x80,
        0xFF, 0x80, 0xE0, 0xF0, 0x30, 0x1F, 0x00, 0x7F, 0x80, 0x7F, 0xC0, 0x21, 0xC0, 0x03, 0xC0,
        0x7F, 0xC0, 0xF1, 0xC0, 0xE1, 0xC0, 0xFF, 0xC0, 0xFF, 0xC0, 0x7D, 0xC0, 0xE0, 0x00, 0xE0,
        0x00, 0xE0, 0x00, 0xE7, 0x80, 0xFF, 0xC0, 0xFF, 0xE0, 0xF1, 0xE0, 0xE0, 0xE0, 0xE0, 0xF0,
        0xE0, 0xE0, 0xF1, 0xE0, 0xFF, 0xE0, 0xFF, 0xC0, 0xE7, 0x80, 0x1F, 0x00, 0x7F, 0x80, 0xFF,
        0xC0, 0xE1, 0x00, 0xE0, 0x00, 0xE0, 0x00, 0xE0, 0x00, 0xE0, 0x00, 0xFF, 0xC0, 0x7F, 0x80,
        0x1F, 0x00, 0x00, 0xE0, 0x00, 0xE0, 0x00, 0xE0, 0x3C, 0xE0, 0x7F, 0xE0, 0xFF, 0xE0, 0xF1,
        0xE0, 0xE0, 0xE0, 0xE0, 0xE0, 0xE0, 0xE0, 0xF1, 0xE0, 0xFF, 0xE0, 0x7F, 0xE0, 0x3C, 0xE0,
        0x1F, 0x00, 0x7F, 0x80, 0xFF, 0xC0, 0xE0, 0xE0, 0xFF, 0xE0, 0xFF, 0xE0, 0xE0, 0x00, 0xE0,
        0x00, 0xFF, 0xC0, 0x7F, 0x80, 0x1F, 0x00, 0x06, 0x1F, 0x3F, 0x38, 0x38, 0xFF, 0xFF, 0x7E,
        0x38, 0x38, 0x38, 0x38, 0x38, 0x38, 0x38, 0x38, 0x3C, 0xE0, 0x7F, 0xE0, 0xFF, 0xE0, 0xF1,
        0xE0, 0xE0, 0xE0, 0xE0, 0xE0, 0xE0, 0xE0, 0xF1, 0xE0, 0xFF, 0xE0, 0x7F, 0xE0, 0x3C, 0xE0,
        0x00, 0xE0, 0x01, 0xE0, 0x7F, 0xC0, 0x7F, 0xC0, 0x1F, 0x00, 0xE0, 0x00, 0xE0, 0x00, 0xE0,
        0x00, 0xE7, 0x80, 0xFF, 0xC0, 0xFF, 0xC0, 0xF1, 0xC0, 0xF1, 0xC0, 0xE1, 0xC0, 0xE1, 0xC0,
        0xE1, 0xC0, 0xE1, 0xC0, 0xE1, 0xC0, 0xE1, 0xC0, 0x38, 0x78, 0x78, 0x38, 0x00, 0xF8, 0xF8,
        0xF8, 0x38, 0x38, 0x38, 0x38, 0x38, 0x38, 0x38, 0x38, 0x0C, 0x1E, 0x1E, 0x0C, 0x00, 0x00,
        0x1E, 0x1E, 0x1E, 0x1E, 0x1E, 0x1E, 0x1E, 0x1E, 0x1E, 0x1E, 0x1E, 0x7C, 0xFC, 0xF8, 0xE0,
        0x00, 0xE0, 0x00, 0xE0, 0x00, 0xE1, 0xE0, 0xE3, 0xC0, 0xE7, 0x80, 0xFF, 0x00, 0xFE, 0x00,
        0xFE, 0x00, 0xFF, 0x00, 0xF7, 0x80, 0xE3, 0xC0, 0xE3, 0xC0, 0xE1, 0xE0, 0xE0, 0xE0, 0xE0,
        0xE0, 0xE0, 0xE0, 0xE0, 0xE0, 0xE0, 0xE0, 0xF0, 0xFC, 0xFC, 0x7C, 0xE7, 0x8F, 0x00, 0xFF,
        0xFF, 0x80, 0xFF, 0xFF, 0x80, 0xF1, 0xE3, 0x80, 0xF1, 0xE3, 0x80, 0xE1, 0xC3, 0x80, 0xE1,
        0xC3, 0x80, 0xE1, 0xC3, 0x80, 0xE1, 0xC3, 0x80, 0xE1, 0xC3, 0x80, 0xE1, 0xC3, 0x80, 0xE7,
        0x80, 0xFF, 0xC0, 0xFF, 0xC0, 0xF1, 0xC0, 0xF1, 0xC0, 0xE1, 0xC0, 0xE1, 0xC0, 0xE1, 0xC0,
        0xE1, 0xC0, 0xE1, 0xC0, 0xE1, 0xC0, 0x1F, 0x00, 0x7F, 0x80, 0xFF, 0xC0, 0xE1, 0xE0, 0xE0,
        0xE0, 0xE0, 0xE0, 0xE0, 0xE0, 0xE1, 0xE0, 0xFF, 0xC0, 0x7F, 0x80, 0x1F, 0x00, 0xE7, 0x80,
        0xFF, 0xC0, 0xFF, 0xE0, 0xF1, 0xE0, 0xE0, 0xE0, 0xE0, 0xF0, 0xE0, 0xE0, 0xF1, 0xE0, 0xFF,
        0xE0, 0xFF, 0xC0, 0xE7, 0x80, 0xE0, 0x00, 0xE0, 0x00, 0xE0, 0x00, 0x3C, 0xE0, 0x7F, 0xE0,
        0xFF, 0xE0, 0xF1, 0xE0, 0xE0, 0xE0, 0xE0, 0xE0, 0xE0, 0xE0, 0xF1, 0xE0, 0xFF, 0xE0, 0x7F,
        0xE0, 0x3C, 0xE0, 0x00, 0xFC, 0x00, 0xFC, 0x00, 0x7C, 0xE6, 0xFE, 0xFE, 0xF0, 0xF0, 0xE0,
        0xE0, 0xE0, 0xE0, 0xE0, 0xE0, 0x3E, 0x00, 0xFF, 0x80, 0xFF, 0x80, 0xE0, 0x00, 0xFC, 0x00,
        0x7F, 0x80, 0x07, 0xC0, 0x41, 0xC0, 0xFF, 0xC0, 0xFF, 0x80, 0x3F, 0x00, 0x18, 0x38, 0x38,
        0xFF, 0xFF, 0x7E, 0x38, 0x38, 0x38, 0x38, 0x3C, 0x3F, 0x3F, 0x1F, 0xE1, 0xC0, 0xE1, 0xC0,
        0xE1, 0xC0, 0xE1, 0xC0, 0xE1, 0xC0, 0xE1, 0xC0, 0xE1, 0xC0, 0xF1, 0xC0, 0xFF, 0xC0, 0x7F,
        0xC0, 0x3D, 0xC0, 0xF0, 0xE0, 0x70, 0xE0, 0x71, 0xE0, 0x79, 0xC0, 0x39, 0xC0, 0x3B, 0xC0,
        0x3B, 0x80, 0x1F, 0x80, 0x1F, 0x80, 0x1F, 0x00, 0x0F, 0x00, 0xE3, 0xCF, 0xF3, 0xCF, 0x73,
        0xCE, 0x73, 0xCE, 0x73, 0xCE, 0x7E, 0xFE, 0x3E, 0x7C, 0x3E, 0x7C, 0x3E, 0x7C, 0x3E, 0x7C,
        0x1C, 0x78, 0x71, 0xE0, 0x79, 0xC0, 0x3F, 0xC0, 0x1F, 0x80, 0x1F, 0x00, 0x0F, 0x00, 0x1F,
        0x80, 0x3F, 0x80, 0x3B, 0xC0, 0x79, 0xE0, 0xF0, 0xE0, 0xF0, 0xE0, 0x71, 0xE0, 0x71, 0xC0,
        0x79, 0xC0, 0x3B, 0xC0, 0x3B, 0x80, 0x1F, 0x80, 0x1F, 0x00, 0x1F, 0x00, 0x0F, 0x00, 0x0E,
        0x00, 0x1E, 0x00, 0x7C, 0x00, 0x78, 0x00, 0xFF, 0xC0, 0xFF, 0xC0, 0xFF, 0xC0, 0x0F, 0x80,
        0x1F, 0x00, 0x3E, 0x00, 0x3C, 0x00, 0x78, 0x00, 0xFF, 0x80, 0xFF, 0xC0, 0xFF, 0xC0, 0x1C,
        0x7C, 0x7C, 0x70, 0x70, 0x70, 0x70, 0xF0, 0xE0, 0xF0, 0x70, 0x70, 0x70, 0x70, 0x7C, 0x3C,
        0x1C, 0xE0, 0xE0, 0xE0, 0xE0, 0xE0, 0xE0, 0xE0, 0xE0, 0xE0, 0xE0, 0xE0, 0xE0, 0xE0, 0xE0,
        0xE0, 0xE0, 0xE0, 0xF0, 0xF8, 0xF8, 0x38, 0x38, 0x38, 0x38, 0x1E, 0x1E, 0x3C, 0x38, 0x38,
        0x38, 0x38, 0xF8, 0xF8, 0xF0, 0x79, 0xC0, 0xFF, 0xC0, 0xFF, 0x80, 0xC7, 0x80, 0x60, 0xF0,
        0xF0, 0x60, 0x00, 0x60, 0x70, 0xF0, 0xF0, 0xF0, 0xF0, 0xF0, 0xF0, 0xF0, 0x0C, 0x00, 0x0C,
        0x00, 0x3F, 0x80, 0x7F, 0xC0, 0xFD, 0x80, 0xEC, 0x00, 0xEC, 0x00, 0xEC, 0x00, 0xEC, 0x00,
        0xFD, 0x80, 0x7F, 0xC0, 0x3F, 0x00, 0x0C, 0x00, 0x0C, 0x00, 0x1F, 0x80, 0x3F, 0xE0, 0x7F,
        0xF0, 0x70, 0x40, 0x78, 0x00, 0x78, 0x00, 0xFF, 0x80, 0xFF, 0x80, 0x1C, 0x00, 0x1C, 0x00,
        0x38, 0x00, 0xFF, 0xF0, 0x7F, 0xF0, 0x63, 0xF0, 0x44, 0x40, 0x7F, 0xC0, 0x7F, 0xC0, 0x71,
        0xC0, 0x70, 0xC0, 0x60, 0xC0, 0x71, 0xC0, 0x7F, 0xC0, 0x7F, 0xC0, 0xCF, 0x60, 0xF0, 0x3C,
        0xF0, 0x78, 0x78, 0xF0, 0x38, 0xF0, 0x3D, 0xE0, 0x1F, 0xC0, 0x1F, 0xC0, 0x0F, 0x80, 0x3F,
        0xE0, 0x3F, 0xE0, 0x07, 0x00, 0x3F, 0xE0, 0x3F, 0xE0, 0x07, 0x00, 0xE0, 0xE0, 0xE0, 0xE0,
        0xE0, 0xE0, 0xE0, 0x00, 0x00, 0x00, 0xE0, 0xE0, 0xE0, 0xE0, 0xE0, 0xE0, 0xE0, 0x1F, 0x00,
        0x7F, 0x80, 0x7F, 0x80, 0x70, 0x00, 0x7C, 0x00, 0x7F, 0x00, 0xFF, 0xC0, 0xE7, 0xE0, 0xE1,
        0xE0, 0xF8, 0xE0, 0x3F, 0xC0, 0x0F, 0x80, 0x03, 0xC0, 0x21, 0xC0, 0x7F, 0xC0, 0x7F, 0x80,
        0x1F, 0x00, 0xE7, 0x66, 0x07, 0xC0, 0x1C, 0x30, 0x30, 0x18, 0x60, 0x0C, 0x43, 0xC6, 0xC7,
        0xE6, 0xCE, 0x42, 0xCC, 0x02, 0xCC, 0x02, 0xCE, 0x42, 0x47, 0xE6, 0x63, 0xC4, 0x30, 0x0C,
        0x18, 0x30, 0x07, 0xE0, 0x7C, 0x0C, 0x7C, 0xEC, 0xFC, 0x7C, 0x1E, 0xF0, 0x3C, 0xE0, 0x39,
        0xE0, 0x7B, 0xC0, 0xF3, 0x80, 0x7B, 0xC0, 0x39, 0xE0, 0x3C, 0xE0, 0x1E, 0xF0, 0x7F, 0xE0,
        0xFF, 0xE0, 0xFF, 0xE0, 0x00, 0x60, 0x00, 0x60, 0x00, 0x60, 0x00, 0x60, 0x00, 0x60, 0x07,
        0xC0, 0x1C, 0x30, 0x30, 0x18, 0x6F, 0xCC, 0x4F, 0xE6, 0xCC, 0x66, 0xCC, 0x62, 0xCF, 0xE2,
        0xCF, 0xC2, 0xCC, 0xC2, 0x4C, 0xE6, 0x6C, 0x64, 0x30, 0x0C, 0x18, 0x30, 0x07, 0xE0, 0x7C,
        0xFE, 0xFE, 0x10, 0x7C, 0xFE, 0xC6, 0xC6, 0xFE, 0x7C, 0x38, 0x0E, 0x00, 0x0E, 0x00, 0x7F,
        0xE0, 0xFF, 0xE0, 0xFF, 0xE0, 0x0E, 0x00, 0x0E, 0x00, 0x00, 0x00, 0x7F, 0xE0, 0xFF, 0xE0,
        0xFF, 0xE0, 0x3C, 0x7E, 0x0E, 0x0C, 0x18, 0x70, 0xFE, 0xFE, 0x7C, 0x7E, 0x0E, 0x1C, 0x1E,
        0x06, 0xFE, 0x7C, 0x70, 0xE0, 0xC0, 0xE1, 0xC0, 0xE1, 0xC0, 0xE1, 0xC0, 0xE1, 0xC0, 0xE1,
        0xC0, 0xE1, 0xC0, 0xF1, 0xC0, 0xF1, 0xC0, 0xFF, 0xF0, 0xFF, 0xF0, 0xFC, 0xF0, 0xE0, 0x00,
        0xF0, 0x00, 0xF0, 0x00, 0x3F, 0xC0, 0xF9, 0x80, 0xF9, 0x80, 0xF9, 0x80, 0xF9, 0x80, 0xF9,
        0x80, 0x79, 0x80, 0x39, 0x80, 0x19, 0x80, 0x19, 0x80, 0x19, 0x80, 0x19, 0x80, 0x19, 0x80,
        0x19, 0x80, 0x19, 0x80, 0x19, 0x80, 0x19, 0x80, 0x70, 0xF0, 0xF0, 0x70, 0x40, 0xF0, 0x30,
        0xF0, 0x30, 0xF0, 0xF0, 0x30, 0x30, 0x30, 0x30, 0x30, 0x38, 0x7C, 0xEE, 0xE6, 0xE6, 0x7C,
        0x38, 0xE7, 0x80, 0xF3, 0x80, 0x7B, 0xC0, 0x3D, 0xE0, 0x3C, 0xE0, 0x3D, 0xE0, 0x7B, 0xC0,
        0xF3, 0x80, 0xE7, 0x80, 0x30, 0x1C, 0x00, 0xF0, 0x18, 0x00, 0xF0, 0x38, 0x00, 0x30, 0x70,
        0x00, 0x30, 0xE0, 0x00, 0x30, 0xC0, 0x00, 0x31, 0xC6, 0x00, 0x33, 0x8E, 0x00, 0x07, 0x1E,
        0x00, 0x07, 0x36, 0x00, 0x0E, 0x7F, 0x80, 0x1C, 0x7F, 0x80, 0x18, 0x06, 0x00, 0x38, 0x06,
        0x00, 0x30, 0x1C, 0x00, 0xF0, 0x18, 0x00, 0xF0, 0x38, 0x00, 0x30, 0x70, 0x00, 0x30, 0xE0,
        0x00, 0x30, 0xC0, 0x00, 0x31, 0xCF, 0x00, 0x33, 0x9F, 0x00, 0x07, 0x03, 0x80, 0x07, 0x03,
        0x00, 0x0E, 0x06, 0x00, 0x1C, 0x1C, 0x00, 0x18, 0x3F, 0x80, 0x38, 0x3F, 0x80, 0x70, 0x06,
        0x00, 0xF8, 0x0E, 0x00, 0x1C, 0x1C, 0x00, 0x38, 0x18, 0x00, 0x38, 0x38, 0x00, 0x1C, 0x70,
        0x00, 0xDC, 0xE0, 0x00, 0xF8, 0xE3, 0x80, 0x71, 0xC7, 0x80, 0x03, 0x8F, 0x80, 0x03, 0x1B,
        0x80, 0x07, 0x1F, 0xC0, 0x0E, 0x3F, 0xC0, 0x1C, 0x03, 0x80, 0x1C, 0x03, 0x80, 0x07, 0x00,
        0x07, 0x80, 0x07, 0x80, 0x07, 0x00, 0x00, 0x00, 0x07, 0x00, 0x0F, 0x00, 0x3F, 0x00, 0x7C,
        0x00, 0xF0, 0x00, 0xF0, 0xC0, 0xFF, 0xE0, 0x7F, 0xC0, 0x1F, 0x80, 0x0E, 0x00, 0x07, 0x00,
        0x03, 0x80, 0x00, 0x00, 0x00, 0x00, 0x07, 0xC0, 0x07, 0xC0, 0x07, 0xC0, 0x0F, 0xE0, 0x0E,
        0xE0, 0x1E, 0xF0, 0x1E, 0x70, 0x1C, 0x70, 0x3C, 0x78, 0x3F, 0xF8, 0x7F, 0xFC, 0x7F, 0xFC,
        0x70, 0x1C, 0xF0, 0x1E, 0x00, 0xE0, 0x01, 0xE0, 0x03, 0x80, 0x00, 0x00, 0x00, 0x00, 0x07,
        0xC0, 0x07, 0xC0, 0x07, 0xC0, 0x0F, 0xE0, 0x0E, 0xE0, 0x1E, 0xF0, 0x1E, 0x70, 0x1C, 0x70,
        0x3C, 0x78, 0x3F, 0xF8, 0x7F, 0xFC, 0x7F, 0xFC, 0x70, 0x1C, 0xF0, 0x1E, 0x03, 0x80, 0x07,
        0xC0, 0x0E, 0x60, 0x00, 0x00, 0x00, 0x00, 0x07, 0xC0, 0x07, 0xC0, 0x07, 0xC0, 0x0F, 0xE0,
        0x0E, 0xE0, 0x1E, 0xF0, 0x1E, 0x70, 0x1C, 0x70, 0x3C, 0x78, 0x3F, 0xF8, 0x7F, 0xFC, 0x7F,
        0xFC, 0x70, 0x1C, 0xF0, 0x1E, 0x07, 0x20, 0x0F, 0xF0, 0x0C, 0xE0, 0x00, 0x00, 0x00, 0x00,
        0x07, 0xC0, 0x07, 0xC0, 0x07, 0xC0, 0x0F, 0xE0, 0x0E, 0xE0, 0x1E, 0xF0, 0x1E, 0x70, 0x1C,
        0x70, 0x3C, 0x78, 0x3F, 0xF8, 0x7F, 0xFC, 0x7F, 0xFC, 0x70, 0x1C, 0xF0, 0x1E, 0x04, 0x00,
        0x0E, 0xE0, 0x0E, 0x60, 0x00, 0x00, 0x07, 0xC0, 0x07, 0xC0, 0x07, 0xC0, 0x0F, 0xE0, 0x0E,
        0xE0, 0x1E, 0xF0, 0x1E, 0x70, 0x1C, 0x70, 0x3C, 0x78, 0x3F, 0xF8, 0x7F, 0xFC, 0x7F, 0xFC,
        0x70, 0x1C, 0xF0, 0x1E, 0x03, 0x80, 0x07, 0xC0, 0x06, 0xC0, 0x06, 0xC0, 0x07, 0xC0, 0x07,
        0xC0, 0x07, 0xC0, 0x07, 0xC0, 0x0F, 0xE0, 0x0E, 0xE0, 0x1E, 0xF0, 0x1E, 0x70, 0x1C, 0x70,
        0x3C, 0x78, 0x3F, 0xF8, 0x7F, 0xFC, 0x7F, 0xFC, 0x70, 0x1C, 0xF0, 0x1E, 0x00, 0x3F, 0xFC,
        0x00, 0x7F, 0xFC, 0x00, 0x7F, 0xF8, 0x00, 0xFC, 0x00, 0x01, 0xFC, 0x00, 0x03, 0xDF, 0xC0,
        0x03, 0x9F, 0xE0, 0x07, 0x9F, 0xE0, 0x0F, 0x1C, 0x00, 0x1F, 0xFC, 0x00, 0x1F, 0xFC, 0x00,
        0x3F, 0xFF, 0xF8, 0x78, 0x1F, 0xFC, 0xF0, 0x1F, 0xFC, 0x0F, 0xC0, 0x3F, 0xF0, 0x7F, 0xF8,
        0x78, 0x30, 0xF0, 0x00, 0xF0, 0x00, 0xE0, 0x00, 0xE0, 0x00, 0xF0, 0x00, 0xF0, 0x00, 0x78,
        0x30, 0x7F, 0xF8, 0x3F, 0xF0, 0x0F, 0xC0, 0x02, 0x00, 0x07, 0x80, 0x01, 0x80, 0x07, 0x80,
        0x18, 0x00, 0x1C, 0x00, 0x0E, 0x00, 0x00, 0x00, 0x00, 0x00, 0xFF, 0xE0, 0xFF, 0xE0, 0xFF,
        0xE0, 0xE0, 0x00, 0xE0, 0x00, 0xFF, 0x00, 0xFF, 0x00, 0xFF, 0x00, 0xE0, 0x00, 0xE0, 0x00,
        0xE0, 0x00, 0xFF, 0xE0, 0xFF, 0xE0, 0xFF, 0xE0, 0x03, 0x80, 0x07, 0x80, 0x07, 0x00, 0x00,
        0x00, 0x00, 0x00, 0xFF, 0xE0, 0xFF, 0xE0, 0xFF, 0xE0, 0xE0, 0x00, 0xE0, 0x00, 0xFF, 0x00,
        0xFF, 0x00, 0xFF, 0x00, 0xE0, 0x00, 0xE0, 0x00, 0xE0, 0x00, 0xFF, 0xE0, 0xFF, 0xE0, 0xFF,
        0xE0, 0x0E, 0x00, 0x1F, 0x00, 0x39, 0x80, 0x00, 0x00, 0x00, 0x00, 0xFF, 0xE0, 0xFF, 0xE0,
        0xFF, 0xE0, 0xE0, 0x00, 0xE0, 0x00, 0xFF, 0x00, 0xFF, 0x00, 0xFF, 0x00, 0xE0, 0x00, 0xE0,
        0x00, 0xE0, 0x00, 0xFF, 0xE0, 0xFF, 0xE0, 0xFF, 0xE0, 0x10, 0x00, 0x3B, 0x80, 0x39, 0x80,
        0x00, 0x00, 0xFF, 0xE0, 0xFF, 0xE0, 0xFF, 0xE0, 0xE0, 0x00, 0xE0, 0x00, 0xFF, 0x00, 0xFF,
        0x00, 0xFF, 0x00, 0xE0, 0x00, 0xE0, 0x00, 0xE0, 0x00, 0xFF, 0xE0, 0xFF, 0xE0, 0xFF, 0xE0,
        0x60, 0x70, 0x38, 0x00, 0x00, 0xFF, 0xFF, 0x7E, 0x3C, 0x3C, 0x3C, 0x3C, 0x3C, 0x3C, 0x3C,
        0x3C, 0x7E, 0xFF, 0xFF, 0x06, 0x0E, 0x1C, 0x00, 0x00, 0xFF, 0xFF, 0x7E, 0x3C, 0x3C, 0x3C,
        0x3C, 0x3C, 0x3C, 0x3C, 0x3C, 0x7E, 0xFF, 0xFF, 0x3C, 0x7E, 0xE7, 0x00, 0x00, 0xFF, 0xFF,
        0x7E, 0x3C, 0x3C, 0x3C, 0x3C, 0x3C, 0x3C, 0x3C, 0x3C, 0x7E, 0xFF, 0xFF, 0xE7, 0x66, 0x00,
        0xFF, 0xFF, 0x7E, 0x3C, 0x3C, 0x3C, 0x3C, 0x3C, 0x3C, 0x3C, 0x3C, 0x7E, 0xFF, 0xFF, 0x1F,
        0xF0, 0x1F, 0xFC, 0x1F, 0xFE, 0x1C, 0x1E, 0x1C, 0x0F, 0x7F, 0x0F, 0xFF, 0x07, 0xFF, 0x07,
        0x1C, 0x0F, 0x1C, 0x0F, 0x1C, 0x1E, 0x1F, 0xFE, 0x1F, 0xFC, 0x1F, 0xF0, 0x0E, 0x20, 0x1F,
        0xE0, 0x19, 0xC0, 0x00, 0x00, 0x00, 0x00, 0xF8, 0x38, 0xF8, 0x38, 0xFC, 0x38, 0xFC, 0x38,
        0xFE, 0x38, 0xEF, 0x38, 0xE7, 0x38, 0xE7, 0xB8, 0xE3, 0xB8, 0xE3, 0xF8, 0xE1, 0xF8, 0xE0,
        0xF8, 0xE0, 0xF8, 0xE0, 0x78, 0x0E, 0x00, 0x0F, 0x00, 0x03, 0x80, 0x00, 0x00, 0x00, 0x00,
        0x0F, 0xC0, 0x1F, 0xF0, 0x7F, 0xF8, 0x78, 0x3C, 0xF0, 0x1E, 0xF0, 0x1E, 0xE0, 0x1E, 0xE0,
        0x1E, 0xF0, 0x1E, 0xF0, 0x1E, 0x78, 0x3C, 0x7F, 0xF8, 0x3F, 0xF0, 0x0F, 0xC0, 0x00, 0xE0,
        0x01, 0xC0, 0x03, 0x80, 0x00, 0x00, 0x00, 0x00, 0x0F, 0xC0, 0x1F, 0xF0, 0x7F, 0xF8, 0x78,
        0x3C, 0xF0, 0x1E, 0xF0, 0x1E, 0xE0, 0x1E, 0xE0, 0x1E, 0xF0, 0x1E, 0xF0, 0x1E, 0x78, 0x3C,
        0x7F, 0xF8, 0x3F, 0xF0, 0x0F, 0xC0, 0x03, 0x80, 0x07, 0xC0, 0x0C, 0xE0, 0x00, 0x00, 0x00,
        0x00, 0x0F, 0xC0, 0x1F, 0xF0, 0x7F, 0xF8, 0x78, 0x3C, 0xF0, 0x1E, 0xF0, 0x1E, 0xE0, 0x1E,
        0xE0, 0x1E, 0xF0, 0x1E, 0xF0, 0x1E, 0x78, 0x3C, 0x7F, 0xF8, 0x3F, 0xF0, 0x0F, 0xC0, 0x06,
        0x20, 0x0F, 0xE0, 0x1D, 0xC0, 0x00, 0x00, 0x00, 0x00, 0x0F, 0xC0, 0x1F, 0xF0, 0x7F, 0xF8,
        0x78, 0x3C, 0xF0, 0x1E, 0xF0, 0x1E, 0xE0, 0x1E, 0xE0, 0x1E, 0xF0, 0x1E, 0xF0, 0x1E, 0x78,
        0x3C, 0x7F, 0xF8, 0x3F, 0xF0, 0x0F, 0xC0, 0x00, 0x40, 0x0E, 0xE0, 0x0C, 0xE0, 0x00, 0x00,
        0x0F, 0xC0, 0x1F, 0xF0, 0x7F, 0xF8, 0x78, 0x3C, 0xF0, 0x1E, 0xF0, 0x1E, 0xE0, 0x1E, 0xE0,
        0x1E, 0xF0, 0x1E, 0xF0, 0x1E, 0x78, 0x3C, 0x7F, 0xF8, 0x3F, 0xF0, 0x0F, 0xC0, 0x61, 0x80,
        0xF3, 0xC0, 0x7F, 0x80, 0x3F, 0x00, 0x1E, 0x00, 0x3F, 0x00, 0x7F, 0x80, 0xF3, 0xC0, 0x61,
        0x80, 0x0F, 0xC8, 0x1F, 0xF8, 0x7F, 0xF8, 0x78, 0x7C, 0xF0, 0x7E, 0xF0, 0xDE, 0xF1, 0x9E,
        0xE3, 0x1E, 0xF6, 0x1E, 0xFC, 0x1E, 0x78, 0x3C, 0x7F, 0xF8, 0x7F, 0xF0, 0x4F, 0xC0, 0x1C,
        0x00, 0x1E, 0x00, 0x0E, 0x00, 0x00, 0x00, 0x00, 0x00, 0xE0, 0x78, 0xE0, 0x78, 0xE0, 0x78,
        0xE0, 0x78, 0xE0, 0x78, 0xE0, 0x78, 0xE0, 0x78, 0xE0, 0x78, 0xF0, 0x78, 0xF0, 0x70, 0xF0,
        0xF0, 0x7F, 0xF0, 0x3F, 0xE0, 0x1F, 0x80, 0x01, 0x80, 0x03, 0x80, 0x07, 0x00, 0x00, 0x00,
        0x00, 0x00, 0xE0, 0x78, 0xE0, 0x78, 0xE0, 0x78, 0xE0, 0x78, 0xE0, 0x78, 0xE0, 0x78, 0xE0,
        0x78, 0xE0, 0x78, 0xF0, 0x78, 0xF0, 0x70, 0xF0, 0xF0, 0x7F, 0xF0, 0x3F, 0xE0, 0x1F, 0x80,
        0x07, 0x00, 0x0F, 0x80, 0x39, 0xC0, 0x00, 0x00, 0x00, 0x00, 0xE0, 0x78, 0xE0, 0x78, 0xE0,
        0x78, 0xE0, 0x78, 0xE0, 0x78, 0xE0, 0x78, 0xE0, 0x78, 0xE0, 0x78, 0xF0, 0x78, 0xF0, 0x70,
        0xF0, 0xF0, 0x7F, 0xF0, 0x3F, 0xE0, 0x1F, 0x80, 0x00, 0x80, 0x1D, 0xC0, 0x19, 0xC0, 0x00,
        0x00, 0xE0, 0x78, 0xE0, 0x78, 0xE0, 0x78, 0xE0, 0x78, 0xE0, 0x78, 0xE0, 0x78, 0xE0, 0x78,
        0xE0, 0x78, 0xF0, 0x78, 0xF0, 0x70, 0xF0, 0xF0, 0x7F, 0xF0, 0x3F, 0xE0, 0x1F, 0x80, 0x01,
        0xC0, 0x03, 0xC0, 0x07, 0x00, 0x00, 0x00, 0x00, 0x00, 0xF0, 0x3C, 0xF0, 0x78, 0x78, 0xF0,
        0x38, 0xF0, 0x3D, 0xE0, 0x1F, 0xC0, 0x1F, 0xC0, 0x0F, 0x80, 0x07, 0x00, 0x07, 0x00, 0x07,
        0x00, 0x07, 0x00, 0x07, 0x00, 0x07, 0x00, 0xE0, 0x00, 0xE0, 0x00, 0xFF, 0x80, 0xFF, 0xE0,
        0xFF, 0xF0, 0xE0, 0xF0, 0xE0, 0xF0, 0xE0, 0xF0, 0xFF, 0xF0, 0xFF, 0xE0, 0xFF, 0x80, 0xE0,
        0x00, 0xE0, 0x00, 0xE0, 0x00, 0x1F, 0x80, 0x7F, 0xC0, 0x7F, 0xE0, 0xF0, 0xE0, 0xE0, 0xE0,
        0xE7, 0xE0, 0xE7, 0xE0, 0xE3, 0xF0, 0xE0, 0xF0, 0xE0, 0x70, 0xE0, 0xF0, 0xE7, 0xF0, 0xE3,
        0xE0, 0xE3, 0xC0, 0x38, 0x00, 0x1C, 0x00, 0x0C, 0x00, 0x00, 0x00, 0x1F, 0x00, 0x7F, 0x80,
        0x7F, 0xC0, 0x21, 0xC0, 0x03, 0xC0, 0x7F, 0xC0, 0xF1, 0xC0, 0xE1, 0xC0, 0xFF, 0xC0, 0xFF,
        0xC0, 0x7D, 0xC0, 0x03, 0x00, 0x07, 0x00, 0x0E, 0x00, 0x00, 0x00, 0x1F, 0x00, 0x7F, 0x80,
        0x7F, 0xC0, 0x21, 0xC0, 0x03, 0xC0, 0x7F, 0xC0, 0xF1, 0xC0, 0xE1, 0xC0, 0xFF, 0xC0, 0xFF,
        0xC0, 0x7D, 0xC0, 0x0E, 0x00, 0x1F, 0x00, 0x73, 0x80, 0x00, 0x00, 0x1F, 0x00, 0x7F, 0x80,
        0x7F, 0xC0, 0x21, 0xC0, 0x03, 0xC0, 0x7F, 0xC0, 0xF1, 0xC0, 0xE1, 0xC0, 0xFF, 0xC0, 0xFF,
        0xC0, 0x7D, 0xC0, 0x18, 0x80, 0x3F, 0x80, 0x67, 0x00, 0x00, 0x00, 0x1F, 0x00, 0x7F, 0x80,
        0x7F, 0xC0, 0x21, 0xC0, 0x03, 0xC0, 0x7F, 0xC0, 0xF1, 0xC0, 0xE1, 0xC0, 0xFF, 0xC0, 0xFF,
        0xC0, 0x7D, 0xC0, 0x01, 0x00, 0x3B, 0x80, 0x33, 0x80, 0x00, 0x00, 0x1F, 0x00, 0x7F, 0x80,
        0x7F, 0xC0, 0x21, 0xC0, 0x03, 0xC0, 0x7F, 0xC0, 0xF1, 0xC0, 0xE1, 0xC0, 0xFF, 0xC0, 0xFF,
        0xC0, 0x7D, 0xC0, 0x0E, 0x00, 0x1F, 0x00, 0x33, 0x00, 0x33, 0x00, 0x1F, 0x00, 0x0E, 0x00,
        0x00, 0x00, 0x1F, 0x00, 0x7F, 0x80, 0x7F, 0xC0, 0x21, 0xC0, 0x03, 0xC0, 0x7F, 0xC0, 0xF1,
        0xC0, 0xE1, 0xC0, 0xFF, 0xC0, 0xFF, 0xC0, 0x7D, 0xC0, 0x1F, 0x3E, 0x00, 0x7F, 0xFF, 0x00,
        0x73, 0xE3, 0x80, 0x01, 0xC1, 0x80, 0x1F, 0xFF, 0xC0, 0x7F, 0xFF, 0xC0, 0xFF, 0xFF, 0xC0,
        0xE1, 0xC0, 0x00, 0xF3, 0xFF, 0x80, 0xFF, 0xFF, 0x00, 0x7C, 0x3E, 0x00, 0x1F, 0x00, 0x7F,
        0x80, 0xFF, 0xC0, 0xE1, 0x00, 0xE0, 0x00, 0xE0, 0x00, 0xE0, 0x00, 0xE0, 0x00, 0xFF, 0xC0,
        0x7F, 0x80, 0x1F, 0x00, 0x08, 0x00, 0x1E, 0x00, 0x06, 0x00, 0x1E, 0x00, 0x38, 0x00, 0x3C,
        0x00, 0x0C, 0x00, 0x00, 0x00, 0x1F, 0x00, 0x7F, 0x80, 0xFF, 0xC0, 0xE0, 0xE0, 0xFF, 0xE0,
        0xFF, 0xE0, 0xE0, 0x00, 0xE0, 0x00, 0xFF, 0xC0, 0x7F, 0x80, 0x1F, 0x00, 0x03, 0x00, 0x07,
        0x00, 0x0E, 0x00, 0x00, 0x00, 0x1F, 0x00, 0x7F, 0x80, 0xFF, 0xC0, 0xE0, 0xE0, 0xFF, 0xE0,
        0xFF, 0xE0, 0xE0, 0x00, 0xE0, 0x00, 0xFF, 0xC0, 0x7F, 0x80, 0x1F, 0x00, 0x0E, 0x00, 0x1F,
        0x00, 0x73, 0x80, 0x00, 0x00, 0x1F, 0x00, 0x7F, 0x80, 0xFF, 0xC0, 0xE0, 0xE0, 0xFF, 0xE0,
        0xFF, 0xE0, 0xE0, 0x00, 0xE0, 0x00, 0xFF, 0xC0, 0x7F, 0x80, 0x1F, 0x00, 0x01, 0x00, 0x3B,
        0x80, 0x33, 0x80, 0x00, 0x00, 0x1F, 0x00, 0x7F, 0x80, 0xFF, 0xC0, 0xE0, 0xE0, 0xFF, 0xE0,
        0xFF, 0xE0, 0xE0, 0x00, 0xE0, 0x00, 0xFF, 0xC0, 0x7F, 0x80, 0x1F, 0x00, 0xC0, 0xE0, 0x70,
        0x00, 0xF8, 0xF8, 0xF8, 0x38, 0x38, 0x38, 0x38, 0x38, 0x38, 0x38, 0x38, 0x1C, 0x38, 0x70,
        0x00, 0xF8, 0xF8, 0xF8, 0x38, 0x38, 0x38, 0x38, 0x38, 0x38, 0x38, 0x38, 0x38, 0x7C, 0xEE,
        0x00, 0x7C, 0x7C, 0x7C, 0x1C, 0x1C, 0x1C, 0x1C, 0x1C, 0x1C, 0x1C, 0x1C, 0x40, 0xEE, 0xE6,
        0x00, 0x7C, 0x7C, 0x7C, 0x1C, 0x1C, 0x1C, 0x1C, 0x1C, 0x1C, 0x1C, 0x1C, 0x1C, 0x80, 0x1F,
        0x80, 0x1F, 0x80, 0x07, 0xC0, 0x0D, 0xC0, 0x01, 0xE0, 0x3E, 0xE0, 0x7F, 0xE0, 0xFF, 0xE0,
        0xE1, 0xE0, 0xE0, 0xE0, 0xE0, 0xE0, 0xE1, 0xE0, 0xFF, 0xC0, 0x7F, 0x80, 0x1F, 0x00, 0x1C,
        0x80, 0x3F, 0xC0, 0x33, 0x80, 0x00, 0x00, 0xE7, 0x80, 0xFF, 0xC0, 0xFF, 0xC0, 0xF1, 0xC0,
        0xF1, 0xC0, 0xE1, 0xC0, 0xE1, 0xC0, 0xE1, 0xC0, 0xE1, 0xC0, 0xE1, 0xC0, 0xE1, 0xC0, 0x38,
        0x00, 0x1C, 0x00, 0x0C, 0x00, 0x00, 0x00, 0x1F, 0x00, 0x7F, 0x80, 0xFF, 0xC0, 0xE1, 0xE0,
        0xE0, 0xE0, 0xE0, 0xE0, 0xE0, 0xE0, 0xE1, 0xE0, 0xFF, 0xC0, 0x7F, 0x80, 0x1F, 0x00, 0x03,
        0x00, 0x07, 0x00, 0x0E, 0x00, 0x00, 0x00, 0x1F, 0x00, 0x7F, 0x80, 0xFF, 0xC0, 0xE1, 0xE0,
        0xE0, 0xE0, 0xE0, 0xE0, 0xE0, 0xE0, 0xE1, 0xE0, 0xFF, 0xC0, 0x7F, 0x80, 0x1F, 0x00, 0x0E,
        0x00, 0x1F, 0x00, 0x33, 0x80, 0x00, 0x00, 0x1F, 0x00, 0x7F, 0x80, 0xFF, 0xC0, 0xE1, 0xE0,
        0xE0, 0xE0, 0xE0, 0xE0, 0xE0, 0xE0, 0xE1, 0xE0, 0xFF, 0xC0, 0x7F, 0x80, 0x1F, 0x00, 0x18,
        0x80, 0x3F, 0x80, 0x67, 0x00, 0x00, 0x00, 0x1F, 0x00, 0x7F, 0x80, 0xFF, 0xC0, 0xE1, 0xE0,
        0xE0, 0xE0, 0xE0, 0xE0, 0xE0, 0xE0, 0xE1, 0xE0, 0xFF, 0xC0, 0x7F, 0x80, 0x1F, 0x00, 0x01,
        0x00, 0x3B, 0x80, 0x33, 0x80, 0x00, 0x00, 0x1F, 0x00, 0x7F, 0x80, 0xFF, 0xC0, 0xE1, 0xE0,
        0xE0, 0xE0, 0xE0, 0xE0, 0xE0, 0xE0, 0xE1, 0xE0, 0xFF, 0xC0, 0x7F, 0x80, 0x1F, 0x00, 0x0E,
        0x00, 0x0E, 0x00, 0x0E, 0x00, 0x00, 0x00, 0xFF, 0xE0, 0xFF, 0xE0, 0xFF, 0xE0, 0x00, 0x00,
        0x0E, 0x00, 0x0E, 0x00, 0x0E, 0x00, 0x1F, 0x40, 0x7F, 0xC0, 0xFF, 0xC0, 0xE3, 0xE0, 0xE7,
        0xE0, 0xEC, 0xE0, 0xF8, 0xE0, 0xF1, 0xE0, 0xFF, 0xC0, 0xFF, 0x80, 0xDF, 0x00, 0x38, 0x00,
        0x1C, 0x00, 0x0C, 0x00, 0x00, 0x00, 0xE1, 0xC0, 0xE1, 0xC0, 0xE1, 0xC0, 0xE1, 0xC0, 0xE1,
        0xC0, 0xE1, 0xC0, 0xE1, 0xC0, 0xF1, 0xC0, 0xFF, 0xC0, 0x7F, 0xC0, 0x3D, 0xC0, 0x03, 0x00,
        0x07, 0x00, 0x0E, 0x00, 0x00, 0x00, 0xE1, 0xC0, 0xE1, 0xC0, 0xE1, 0xC0, 0xE1, 0xC0, 0xE1,
        0xC0, 0xE1, 0xC0, 0xE1, 0xC0, 0xF1, 0xC0, 0xFF, 0xC0, 0x7F, 0xC0, 0x3D, 0xC0, 0x0E, 0x00,
        0x1F, 0x00, 0x73, 0x80, 0x00, 0x00, 0xE1, 0xC0, 0xE1, 0xC0, 0xE1, 0xC0, 0xE1, 0xC0, 0xE1,
        0xC0, 0xE1, 0xC0, 0xE1, 0xC0, 0xF1, 0xC0, 0xFF, 0xC0, 0x7F, 0xC0, 0x3D, 0xC0, 0x01, 0x00,
        0x3B, 0x80, 0x33, 0x80, 0x00, 0x00, 0xE1, 0xC0, 0xE1, 0xC0, 0xE1, 0xC0, 0xE1, 0xC0, 0xE1,
        0xC0, 0xE1, 0xC0, 0xE1, 0xC0, 0xF1, 0xC0, 0xFF, 0xC0, 0x7F, 0xC0, 0x3D, 0xC0, 0x03, 0x80,
        0x07, 0x80, 0x06, 0x00, 0x00, 0x00, 0xF0, 0xE0, 0x71, 0xE0, 0x71, 0xC0, 0x79, 0xC0, 0x3B,
        0xC0, 0x3B, 0x80, 0x1F, 0x80, 0x1F, 0x00, 0x1F, 0x00, 0x0F, 0x00, 0x0E, 0x00, 0x1E, 0x00,
        0x7C, 0x00, 0x78, 0x00, 0xE0, 0x00, 0xE0, 0x00, 0xE0, 0x00, 0xE7, 0x80, 0xFF, 0xC0, 0xFF,
        0xE0, 0xF1, 0xE0, 0xE0, 0xE0, 0xE0, 0xF0, 0xE0, 0xE0, 0xF1, 0xE0, 0xFF, 0xE0, 0xFF, 0xC0,
        0xE7, 0x80, 0xE0, 0x00, 0xE0, 0x00, 0xE0, 0x00, 0x10, 0x00, 0x3B, 0x80, 0x39, 0x80, 0x00,
        0x00, 0xF0, 0xE0, 0x71, 0xE0, 0x71, 0xC0, 0x79, 0xC0, 0x3B, 0xC0, 0x3B, 0x80, 0x1F, 0x80,
        0x1F, 0x00, 0x1F, 0x00, 0x0F, 0x00, 0x0E, 0x00, 0x1E, 0x00, 0x7C, 0x00, 0x78, 0x00, 0xFF,
        0x80, 0xFF, 0x80, 0xFF, 0x80, 0xFF, 0xFF, 0x00, 0xFF, 0xFF, 0x80, 0xFF, 0xFF, 0x80, 0x30,
        0x60, 0x60, 0xF0, 0xF0, 0xF0, 0x60, 0x60, 0xF0, 0xF0, 0x70, 0x60, 0x60, 0x60, 0x60, 0xF0,
        0xF0, 0x70, 0x60, 0x60, 0x60, 0x33, 0x00, 0x63, 0x00, 0x63, 0x00, 0xF7, 0x00, 0xF7, 0x80,
        0xF7, 0x80, 0x63, 0x00, 0x63, 0x00, 0xF7, 0x80, 0xF7, 0x80, 0x77, 0x80, 0x63, 0x00, 0x63,
        0x00, 0x66, 0x00, 0x63, 0x00, 0xF7, 0x80, 0xF7, 0x80, 0x77, 0x80, 0x63, 0x00, 0x63, 0x00,
        0x66, 0x00, 0x3C, 0x7E, 0xFE, 0xFE, 0xFE, 0x7E, 0x3C, 0x63, 0x8E, 0xF3, 0xCF, 0xF3, 0xCF,
        0x61, 0x8E, 0x1E, 0x3C, 0x78, 0x70, 0xF0, 0x70, 0x78, 0x3C, 0x1E, 0xF0, 0x78, 0x3C, 0x3C,
        0x1E, 0x3C, 0x3C, 0x78, 0xF0, 0x03, 0xE0, 0x0F, 0xF8, 0x1F, 0xFC, 0x1C, 0x00, 0x7F, 0xC0,
        0xFF, 0x80, 0x38, 0x00, 0x7F, 0x00, 0xFE, 0x00, 0x3C, 0x00, 0x1E, 0x18, 0x1F, 0xFC, 0x0F,
        0xF8, 0x03, 0xE0, 0xFF, 0xF1, 0xE0, 0xFF, 0xF3, 0xE0, 0x18, 0xFB, 0xE0, 0x18, 0xFB, 0xE0,
        0x18, 0xDF, 0xE0, 0x18, 0xCE, 0xE0, 0x18, 0xCE, 0xE0, 0x18, 0xCE, 0xE0, 0xFF, 0xE0, 0xFF,
        0xE0, 0xFF, 0xE0,
    ],
    line_height: 24,
};

// ATKINSON_STANDARD_DETAIL: 12 px, cap 8, line height 13, gray 128
pub static ATKINSON_STANDARD_DETAIL: BitmapFont = BitmapFont {
    glyphs: &[
        Glyph::new(0, 0, 0, 3, 0, 0),
        Glyph::new(0, 1, 8, 3, 1, -8),
        Glyph::new(8, 1, 3, 4, 1, -8),
        Glyph::new(11, 6, 8, 8, 1, -8),
        Glyph::new(19, 6, 10, 7, 1, -9),
        Glyph::new(29, 10, 8, 11, 1, -8),
        Glyph::new(45, 7, 8, 8, 1, -8),
        Glyph::new(53, 1, 1, 2, 0, -8),
        Glyph::new(54, 2, 10, 4, 1, -8),
        Glyph::new(64, 2, 10, 4, 1, -8),
        Glyph::new(74, 3, 3, 5, 1, -8),
        Glyph::new(77, 6, 6, 7, 1, -6),
        Glyph::new(83, 1, 2, 2, 1, -1),
        Glyph::new(85, 3, 1, 4, 1, -3),
        Glyph::new(86, 1, 2, 2, 1, -2),
        Glyph::new(88, 4, 8, 5, 0, -8),
        Glyph::new(96, 6, 8, 8, 1, -8),
        Glyph::new(104, 3, 8, 5, 1, -8),
        Glyph::new(112, 6, 8, 7, 0, -8),
        Glyph::new(120, 5, 8, 7, 1, -8),
        Glyph::new(128, 7, 8, 7, 0, -8),
        Glyph::new(136, 5, 8, 7, 1, -8),
        Glyph::new(144, 5, 8, 7, 1, -8),
        Glyph::new(152, 6, 8, 6, 0, -8),
        Glyph::new(160, 6, 8, 7, 1, -8),
        Glyph::new(168, 5, 8, 7, 1, -8),
        Glyph::new(176, 1, 6, 2, 1, -6),
        Glyph::new(182, 1, 7, 2, 1, -6),
        Glyph::new(189, 5, 6, 7, 1, -6),
        Glyph::new(195, 6, 3, 7, 1, -4),
        Glyph::new(198, 5, 5, 7, 1, -5),
        Glyph::new(203, 5, 8, 6, 1, -8),
        Glyph::new(211, 8, 8, 9, 1, -8),
        Glyph::new(219, 7, 8, 8, 0, -8),
        Glyph::new(227, 6, 8, 7, 1, -8),
        Glyph::new(235, 6, 8, 8, 1, -8),
        Glyph::new(243, 6, 8, 8, 1, -8),
        Glyph::new(251, 5, 8, 7, 1, -8),
        Glyph::new(259, 5, 8, 7, 1, -8),
        Glyph::new(267, 7, 8, 9, 1, -8),
        Glyph::new(275, 6, 8, 8, 1, -8),
        Glyph::new(283, 3, 8, 5, 1, -8),
        Glyph::new(291, 5, 8, 6, 0, -8),
        Glyph::new(299, 6, 8, 8, 1, -8),
        Glyph::new(307, 5, 8, 6, 1, -8),
        Glyph::new(315, 8, 8, 10, 1, -8),
        Glyph::new(323, 6, 8, 8, 1, -8),
        Glyph::new(331, 7, 8, 9, 1, -8),
        Glyph::new(339, 6, 8, 7, 1, -8),
        Glyph::new(347, 8, 8, 9, 1, -8),
        Glyph::new(355, 6, 8, 7, 1, -8),
        Glyph::new(363, 6, 8, 7, 1, -8),
        Glyph::new(371, 7, 8, 7, 0, -8),
        Glyph::new(379, 6, 8, 8, 1, -8),
        Glyph::new(387, 7, 8, 7, 0, -8),
        Glyph::new(395, 10, 8, 10, 0, -8),
        Glyph::new(411, 7, 8, 7, 0, -8),
        Glyph::new(419, 7, 8, 7, 0, -8),
        Glyph::new(427, 6, 8, 7, 1, -8),
        Glyph::new(435, 2, 10, 4, 1, -8),
        Glyph::new(445, 4, 8, 5, 0, -8),
        Glyph::new(453, 3, 10, 4, 0, -8),
        Glyph::new(463, 5, 4, 7, 1, -8),
        Glyph::new(467, 5, 1, 5, 0, 0),
        Glyph::new(468, 1, 1, 3, 1, -8),
        Glyph::new(469, 5, 6, 6, 1, -6),
        Glyph::new(475, 5, 8, 7, 1, -8),
        Glyph::new(483, 4, 6, 6, 1, -6),
        Glyph::new(489, 5, 8, 7, 1, -8),
        Glyph::new(497, 5, 6, 6, 1, -6),
        Glyph::new(503, 3, 8, 4, 0, -8),
        Glyph::new(511, 5, 8, 7, 1, -6),
        Glyph::new(519, 5, 8, 7, 1, -8),
        Glyph::new(527, 1, 6, 3, 1, -6),
        Glyph::new(533, 3, 8, 3, -1, -6),
        Glyph::new(541, 4, 8, 6, 1, -8),
        Glyph::new(549, 2, 8, 3, 1, -8),
        Glyph::new(557, 8, 6, 10, 1, -6),
        Glyph::new(563, 5, 6, 7, 1, -6),
        Glyph::new(569, 5, 6, 7, 1, -6),
        Glyph::new(575, 5, 8, 7, 1, -6),
        Glyph::new(583, 6, 8, 7, 1, -6),
        Glyph::new(591, 3, 6, 4, 1, -6),
        Glyph::new(597, 4, 6, 6, 1, -6),
        Glyph::new(603, 3, 7, 4, 0, -7),
        Glyph::new(610, 5, 6, 6, 1, -6),
        Glyph::new(616, 5, 6, 5, 0, -6),
        Glyph::new(622, 8, 6, 8, 0, -6),
        Glyph::new(628, 5, 6, 6, 0, -6),
        Glyph::new(634, 5, 8, 5, 0, -6),
        Glyph::new(642, 5, 6, 6, 0, -6),
        Glyph::new(648, 3, 10, 4, 0, -8),
        Glyph::new(658, 1, 10, 3, 1, -8),
        Glyph::new(668, 3, 10, 4, 0, -8),
        Glyph::new(678, 5, 2, 7, 1, -4),
        Glyph::new(680, 0, 0, 3, 0, 0),
        Glyph::new(680, 1, 8, 3, 1, -6),
        Glyph::new(688, 5, 6, 6, 1, -6),
        Glyph::new(694, 5, 8, 7, 1, -8),
        Glyph::new(702, 5, 5, 7, 1, -6),
        Glyph::new(707, 7, 8, 7, 0, -8),
        Glyph::new(715, 1, 10, 3, 1, -8),
        Glyph::new(725, 6, 10, 6, 0, -8),
        Glyph::new(735, 3, 1, 5, 1, -8),
        Glyph::new(736, 8, 8, 10, 1, -8),
        Glyph::new(744, 3, 4, 4, 1, -9),
        Glyph::new(748, 5, 5, 7, 1, -5),
        Glyph::new(753, 6, 3, 7, 1, -5),
        Glyph::new(756, 0, 0, 0, 0, 0),
        Glyph::new(756, 8, 8, 10, 1, -8),
        Glyph::new(764, 3, 1, 5, 1, -8),
        Glyph::new(765, 3, 3, 4, 1, -8),
        Glyph::new(768, 5, 6, 7, 1, -6),
        Glyph::new(774, 3, 4, 5, 1, -9),
        Glyph::new(778, 3, 4, 5, 1, -9),
        Glyph::new(782, 1, 1, 3, 1, -8),
        Glyph::new(783, 5, 8, 7, 1, -6),
        Glyph::new(791, 5, 10, 6, 1, -8),
        Glyph::new(801, 1, 2, 3, 1, -4),
        Glyph::new(803, 2, 2, 3, 1, 0),
        Glyph::new(805, 1, 1, 3, 1, -9),
        Glyph::new(806, 3, 4, 5, 1, -9),
        Glyph::new(810, 5, 5, 7, 1, -5),
        Glyph::new(815, 8, 8, 10, 1, -8),
        Glyph::new(823, 8, 8, 10, 1, -8),
        Glyph::new(831, 9, 8, 10, 1, -8),
        Glyph::new(847, 5, 8, 6, 1, -6),
        Glyph::new(855, 7, 10, 8, 0, -10),
        Glyph::new(865, 7, 10, 8, 0, -10),
        Glyph::new(875, 7, 10, 8, 0, -10),
        Glyph::new(885, 7, 10, 8, 0, -10),
        Glyph::new(895, 7, 10, 8, 0, -10),
        Glyph::new(905, 7, 11, 8, 0, -11),
        Glyph::new(916, 11, 8, 12, 0, -8),
        Glyph::new(932, 6, 10, 8, 1, -8),
        Glyph::new(942, 5, 10, 7, 1, -10),
        Glyph::new(952, 5, 10, 7, 1, -10),
        Glyph::new(962, 5, 10, 7, 1, -10),
        Glyph::new(972, 5, 10, 7, 1, -10),
        Glyph::new(982, 3, 10, 5, 1, -10),
        Glyph::new(992, 3, 10, 5, 1, -10),
        Glyph::new(1002, 3, 10, 5, 1, -10),
        Glyph::new(1012, 3, 10, 5, 1, -10),
        Glyph::new(1022, 8, 8, 9, 0, -8),
        Glyph::new(1030, 6, 10, 8, 1, -10),
        Glyph::new(1040, 7, 10, 9, 1, -10),
        Glyph::new(1050, 7, 10, 9, 1, -10),
        Glyph::new(1060, 7, 10, 9, 1, -10),
        Glyph::new(1070, 7, 10, 9, 1, -10),
        Glyph::new(1080, 7, 10, 9, 1, -10),
        Glyph::new(1090, 4, 4, 6, 1, -5),
        Glyph::new(1094, 7, 8, 9, 1, -8),
        Glyph::new(1102, 6, 10, 8, 1, -10),
        Glyph::new(1112, 6, 10, 8, 1, -10),
        Glyph::new(1122, 6, 10, 8, 1, -10),
        Glyph::new(1132, 6, 10, 8, 1, -10),
        Glyph::new(1142, 7, 10, 7, 0, -10),
        Glyph::new(1152, 5, 8, 7, 1, -8),
        Glyph::new(1160, 6, 8, 7, 1, -8),
        Glyph::new(1168, 5, 8, 6, 1, -8),
        Glyph::new(1176, 5, 8, 6, 1, -8),
        Glyph::new(1184, 5, 8, 6, 1, -8),
        Glyph::new(1192, 5, 8, 6, 1, -8),
        Glyph::new(1200, 5, 8, 6, 1, -8),
        Glyph::new(1208, 5, 10, 6, 1, -10),
        Glyph::new(1218, 9, 6, 10, 1, -6),
        Glyph::new(1230, 4, 8, 6, 1, -6),
        Glyph::new(1238, 5, 8, 6, 1, -8),
        Glyph::new(1246, 5, 8, 6, 1, -8),
        Glyph::new(1254, 5, 8, 6, 1, -8),
        Glyph::new(1262, 5, 8, 6, 1, -8),
        Glyph::new(1270, 1, 8, 3, 1, -8),
        Glyph::new(1278, 2, 8, 3, 1, -8),
        Glyph::new(1286, 3, 8, 3, 0, -8),
        Glyph::new(1294, 3, 8, 3, 0, -8),
        Glyph::new(1302, 6, 8, 7, 0, -8),
        Glyph::new(1310, 5, 8, 7, 1, -8),
        Glyph::new(1318, 5, 8, 7, 1, -8),
        Glyph::new(1326, 5, 8, 7, 1, -8),
        Glyph::new(1334, 5, 8, 7, 1, -8),
        Glyph::new(1342, 5, 8, 7, 1, -8),
        Glyph::new(1350, 5, 8, 7, 1, -8),
        Glyph::new(1358, 6, 6, 7, 1, -6),
        Glyph::new(1364, 5, 6, 7, 1, -6),
        Glyph::new(1370, 5, 8, 6, 1, -8),
        Glyph::new(1378, 5, 8, 6, 1, -8),
        Glyph::new(1386, 5, 8, 6, 1, -8),
        Glyph::new(1394, 5, 8, 6, 1, -8),
        Glyph::new(1402, 5, 10, 5, 0, -8),
        Glyph::new(1412, 5, 10, 7, 1, -8),
        Glyph::new(1422, 5, 10, 5, 0, -8),
        Glyph::new(1432, 4, 1, 6, 1, -3),
        Glyph::new(1433, 8, 1, 10, 1, -3),
        Glyph::new(1434, 1, 3, 3, 1, -8),
        Glyph::new(1437, 1, 3, 3, 1, -8),
        Glyph::new(1440, 1, 3, 3, 1, -1),
        Glyph::new(1443, 3, 3, 5, 1, -8),
        Glyph::new(1446, 3, 3, 5, 1, -8),
        Glyph::new(1449, 3, 3, 5, 1, -1),
        Glyph::new(1452, 4, 4, 5, 1, -5),
        Glyph::new(1456, 7, 2, 8, 1, -2),
        Glyph::new(1458, 2, 5, 4, 1, -5),
        Glyph::new(1463, 2, 5, 4, 1, -5),
        Glyph::new(1468, 6, 8, 8, 1, -8),
        Glyph::new(1476, 9, 5, 10, 1, -8),
        Glyph::new(1486, 6, 1, 7, 1, -3),
    ],
    bitmap: &[
        0x80, 0x80, 0x80, 0x80, 0x80, 0x80, 0x80, 0x80, 0x80, 0x80, 0x80, 0x28, 0x28, 0xFC, 0x48,
        0x48, 0xFC, 0x50, 0x50, 0x20, 0xF8, 0xA8, 0xA0, 0xE0, 0x38, 0x2C, 0xA8, 0x78, 0x20, 0xE3,
        0x00, 0x92, 0x00, 0x94, 0x00, 0xE8, 0x00, 0x0B, 0x80, 0x14, 0x40, 0x24, 0x40, 0x23, 0x80,
        0x70, 0x48, 0x48, 0x70, 0xF4, 0x9C, 0x8C, 0xF6, 0x80, 0x40, 0x80, 0x80, 0x80, 0x80, 0x80,
        0x80, 0x80, 0x80, 0x40, 0x80, 0x00, 0x40, 0x40, 0x40, 0x40, 0x40, 0x40, 0x80, 0x80, 0x40,
        0xE0, 0x60, 0x20, 0x20, 0x20, 0xFC, 0x20, 0x20, 0x80, 0x80, 0xE0, 0x80, 0x80, 0x10, 0x10,
        0x20, 0x20, 0x20, 0x40, 0x40, 0x80, 0x78, 0xC8, 0xC4, 0xA4, 0x94, 0x9C, 0xC8, 0x78, 0x20,
        0xE0, 0x20, 0x20, 0x20, 0x20, 0x20, 0x20, 0x38, 0x44, 0x04, 0x0C, 0x08, 0x10, 0x60, 0xFC,
        0x70, 0x88, 0x08, 0x30, 0x08, 0x08, 0x88, 0x70, 0x08, 0x18, 0x38, 0x28, 0x48, 0xFE, 0x08,
        0x08, 0xF8, 0x80, 0xF0, 0x88, 0x08, 0x08, 0x88, 0x70, 0x70, 0xC8, 0x80, 0xF0, 0x88, 0x88,
        0x88, 0x70, 0xFC, 0x08, 0x08, 0x10, 0x10, 0x30, 0x20, 0x60, 0x70, 0x48, 0x48, 0x78, 0x88,
        0x84, 0x88, 0x78, 0x70, 0x88, 0x88, 0x88, 0x88, 0x70, 0x10, 0x20, 0x80, 0x80, 0x00, 0x00,
        0x80, 0x80, 0x80, 0x80, 0x00, 0x00, 0x00, 0x80, 0x80, 0x08, 0x30, 0xC0, 0xC0, 0x30, 0x08,
        0xFC, 0x00, 0xFC, 0xE0, 0x18, 0x18, 0xE0, 0x80, 0xF0, 0x98, 0x10, 0x30, 0x40, 0x00, 0x40,
        0x40, 0x3C, 0x42, 0xB9, 0x29, 0x29, 0xB6, 0x40, 0x38, 0x18, 0x18, 0x28, 0x24, 0x44, 0x7C,
        0x42, 0x82, 0xF8, 0x8C, 0x88, 0xF8, 0x8C, 0x84, 0x8C, 0xF8, 0x78, 0xC4, 0x80, 0x80, 0x80,
        0x80, 0xC4, 0x78, 0xF8, 0x8C, 0x84, 0x84, 0x84, 0x84, 0x8C, 0xF8, 0xF8, 0x80, 0x80, 0xF0,
        0x80, 0x80, 0x80, 0xF8, 0xF8, 0x80, 0x80, 0xF8, 0x80, 0x80, 0x80, 0x80, 0x78, 0xC4, 0x80,
        0x80, 0x9E, 0x82, 0xC6, 0x7A, 0x84, 0x84, 0x84, 0xFC, 0x84, 0x84, 0x84, 0x84, 0xE0, 0x40,
        0x40, 0x40, 0x40, 0x40, 0x40, 0xE0, 0x08, 0x08, 0x08, 0x08, 0x08, 0x08, 0xC8, 0x70, 0x8C,
        0x98, 0xB0, 0xE0, 0xF0, 0x98, 0x88, 0x84, 0x80, 0x80, 0x80, 0x80, 0x80, 0x80, 0x80, 0xF8,
        0xC3, 0xC3, 0xE7, 0xA5, 0xA5, 0x99, 0x99, 0x99, 0xC4, 0xC4, 0xA4, 0xA4, 0x94, 0x9C, 0x8C,
        0x8C, 0x78, 0xC4, 0x82, 0x82, 0x82, 0x82, 0xC4, 0x78, 0xF8, 0x8C, 0x84, 0x8C, 0xF8, 0x80,
        0x80, 0x80, 0x78, 0xC4, 0x82, 0x82, 0x9A, 0x8E, 0xC6, 0x7B, 0xF8, 0x8C, 0x84, 0x8C, 0xF8,
        0x90, 0x98, 0x8C, 0x70, 0x88, 0x80, 0xE0, 0x18, 0x0C, 0x88, 0x70, 0xFE, 0x10, 0x10, 0x10,
        0x10, 0x10, 0x10, 0x10, 0x84, 0x84, 0x84, 0x84, 0x84, 0x84, 0xC4, 0x78, 0xC2, 0x44, 0x44,
        0x44, 0x28, 0x28, 0x38, 0x10, 0x8C, 0x40, 0xCC, 0xC0, 0x4C, 0x80, 0x48, 0x80, 0x52, 0x80,
        0x33, 0x80, 0x33, 0x00, 0x33, 0x00, 0x46, 0x64, 0x28, 0x18, 0x18, 0x2C, 0x64, 0xC2, 0xC6,
        0x44, 0x2C, 0x38, 0x10, 0x10, 0x10, 0x10, 0xFC, 0x08, 0x10, 0x30, 0x20, 0x40, 0x80, 0xFC,
        0xC0, 0x80, 0x80, 0x80, 0x80, 0x80, 0x80, 0x80, 0x80, 0xC0, 0x80, 0x40, 0x40, 0x20, 0x20,
        0x20, 0x10, 0x10, 0xE0, 0x20, 0x20, 0x20, 0x20, 0x20, 0x20, 0x20, 0x20, 0xE0, 0x60, 0x50,
        0x90, 0x88, 0xF8, 0x80, 0x70, 0x90, 0x30, 0x98, 0x98, 0xE8, 0x80, 0x80, 0xF0, 0x88, 0x88,
        0x88, 0x88, 0xF0, 0x70, 0x80, 0x80, 0x80, 0x80, 0x70, 0x08, 0x08, 0x68, 0x98, 0x88, 0x88,
        0x98, 0x68, 0x70, 0x88, 0xF8, 0x80, 0x80, 0x70, 0x60, 0x40, 0xE0, 0x40, 0x40, 0x40, 0x40,
        0x40, 0x68, 0x98, 0x88, 0x88, 0x98, 0x68, 0x08, 0x70, 0x80, 0x80, 0xF0, 0x98, 0x88, 0x88,
        0x88, 0x88, 0x80, 0x80, 0x80, 0x80, 0x80, 0x80, 0x20, 0x20, 0x20, 0x20, 0x20, 0x20, 0x20,
        0xE0, 0x80, 0x80, 0x90, 0xA0, 0xC0, 0xE0, 0xB0, 0x90, 0x80, 0x80, 0x80, 0x80, 0x80, 0x80,
        0x80, 0xC0, 0xF7, 0x99, 0x89, 0x89, 0x89, 0x89, 0xF0, 0x98, 0x88, 0x88, 0x88, 0x88, 0x70,
        0x88, 0x88, 0x88, 0x88, 0x70, 0xF0, 0x88, 0x88, 0x88, 0x88, 0xF0, 0x80, 0x80, 0x68, 0x98,
        0x88, 0x88, 0x98, 0x68, 0x08, 0x0C, 0xA0, 0x80, 0x80, 0x80, 0x80, 0x80, 0xE0, 0x80, 0xC0,
        0x10, 0x10, 0xE0, 0x40, 0xE0, 0x40, 0x40, 0x40, 0x40, 0x60, 0x88, 0x88, 0x88, 0x88, 0x98,
        0xE8, 0x88, 0x48, 0x50, 0x50, 0x30, 0x20, 0x99, 0x9A, 0x5A, 0x66, 0x66, 0x24, 0xC8, 0x50,
        0x30, 0x30, 0x50, 0xC8, 0x88, 0x48, 0x50, 0x50, 0x30, 0x20, 0x20, 0xC0, 0x78, 0x18, 0x10,
        0x20, 0x40, 0xF8, 0x20, 0x40, 0x40, 0x40, 0x40, 0xC0, 0x40, 0x40, 0x40, 0x20, 0x80, 0x80,
        0x80, 0x80, 0x80, 0x80, 0x80, 0x80, 0x80, 0x80, 0xC0, 0x60, 0x20, 0x20, 0x20, 0x20, 0x20,
        0x20, 0x20, 0xC0, 0xC8, 0x38, 0x80, 0x80, 0x80, 0x80, 0x80, 0x80, 0x80, 0x80, 0x38, 0x40,
        0x40, 0xC0, 0x40, 0x38, 0x78, 0xC0, 0x40, 0xF0, 0x40, 0x40, 0x40, 0xF8, 0xF8, 0x88, 0x88,
        0x88, 0xF8, 0xC2, 0x44, 0x2C, 0x28, 0x18, 0x7C, 0x7C, 0x10, 0x80, 0x80, 0x80, 0x80, 0x00,
        0x00, 0x80, 0x80, 0x80, 0x80, 0x38, 0x48, 0x60, 0x78, 0x8C, 0x44, 0x38, 0x08, 0x48, 0x38,
        0xA0, 0x3C, 0x7E, 0xA1, 0x21, 0x21, 0x99, 0x42, 0x3C, 0xC0, 0x20, 0xE0, 0xE0, 0x48, 0xD0,
        0xA0, 0xD0, 0x48, 0xFC, 0x04, 0x04, 0x3C, 0x7E, 0xA5, 0x39, 0x29, 0xA1, 0x42, 0x3C, 0xE0,
        0xC0, 0x20, 0xC0, 0x20, 0x20, 0xF8, 0x20, 0x00, 0xF8, 0xE0, 0x20, 0x40, 0xE0, 0xE0, 0x60,
        0x20, 0xC0, 0x80, 0x88, 0x88, 0x88, 0x88, 0x98, 0xE8, 0x80, 0x80, 0xF8, 0xD0, 0xD0, 0xD0,
        0x50, 0x50, 0x50, 0x50, 0x50, 0x50, 0x80, 0x80, 0xC0, 0x40, 0x80, 0x40, 0xA0, 0xA0, 0xC0,
        0xB0, 0x50, 0x48, 0x50, 0x90, 0x82, 0x04, 0x08, 0x08, 0x11, 0x25, 0x47, 0x41, 0x82, 0x04,
        0x08, 0x0E, 0x11, 0x21, 0x42, 0x47, 0xC2, 0x00, 0x22, 0x00, 0x64, 0x00, 0x28, 0x00, 0xD1,
        0x00, 0x11, 0x00, 0x27, 0x80, 0x41, 0x00, 0x20, 0x20, 0x00, 0x20, 0x40, 0x80, 0x98, 0xF0,
        0x10, 0x00, 0x18, 0x18, 0x28, 0x24, 0x44, 0x7C, 0x42, 0x82, 0x08, 0x00, 0x18, 0x18, 0x28,
        0x24, 0x44, 0x7C, 0x42, 0x82, 0x38, 0x00, 0x18, 0x18, 0x28, 0x24, 0x44, 0x7C, 0x42, 0x82,
        0x38, 0x00, 0x18, 0x18, 0x28, 0x24, 0x44, 0x7C, 0x42, 0x82, 0x20, 0x00, 0x18, 0x18, 0x28,
        0x24, 0x44, 0x7C, 0x42, 0x82, 0x18, 0x08, 0x18, 0x18, 0x18, 0x28, 0x24, 0x44, 0x7C, 0x42,
        0x82, 0x03, 0xE0, 0x06, 0x00, 0x0A, 0x00, 0x13, 0xC0, 0x12, 0x00, 0x3E, 0x00, 0x42, 0x00,
        0xC3, 0xE0, 0x78, 0xC4, 0x80, 0x80, 0x80, 0x80, 0xC4, 0x78, 0x10, 0x10, 0x20, 0x00, 0xF8,
        0x80, 0x80, 0xF0, 0x80, 0x80, 0x80, 0xF8, 0x30, 0x00, 0xF8, 0x80, 0x80, 0xF0, 0x80, 0x80,
        0x80, 0xF8, 0x50, 0x00, 0xF8, 0x80, 0x80, 0xF0, 0x80, 0x80, 0x80, 0xF8, 0x40, 0x00, 0xF8,
        0x80, 0x80, 0xF0, 0x80, 0x80, 0x80, 0xF8, 0xC0, 0x00, 0xE0, 0x40, 0x40, 0x40, 0x40, 0x40,
        0x40, 0xE0, 0x40, 0x00, 0xE0, 0x40, 0x40, 0x40, 0x40, 0x40, 0x40, 0xE0, 0xA0, 0x00, 0xE0,
        0x40, 0x40, 0x40, 0x40, 0x40, 0x40, 0xE0, 0xA0, 0x00, 0xE0, 0x40, 0x40, 0x40, 0x40, 0x40,
        0x40, 0xE0, 0x7C, 0x62, 0x61, 0xF1, 0x61, 0x61, 0x62, 0x7C, 0x38, 0x00, 0xC4, 0xC4, 0xA4,
        0xA4, 0x94, 0x9C, 0x8C, 0x8C, 0x30, 0x00, 0x78, 0xC4, 0x82, 0x82, 0x82, 0x82, 0xC4, 0x78,
        0x10, 0x00, 0x78, 0xC4, 0x82, 0x82, 0x82, 0x82, 0xC4, 0x78, 0x28, 0x00, 0x78, 0xC4, 0x82,
        0x82, 0x82, 0x82, 0xC4, 0x78, 0x38, 0x00, 0x78, 0xC4, 0x82, 0x82, 0x82, 0x82, 0xC4, 0x78,
        0x08, 0x00, 0x78, 0xC4, 0x82, 0x82, 0x82, 0x82, 0xC4, 0x78, 0x90, 0x60, 0x60, 0x90, 0x78,
        0xC4, 0x8E, 0x92, 0x82, 0x82, 0xC4, 0xF8, 0x20, 0x00, 0x84, 0x84, 0x84, 0x84, 0x84, 0x84,
        0xC4, 0x78, 0x10, 0x00, 0x84, 0x84, 0x84, 0x84, 0x84, 0x84, 0xC4, 0x78, 0x38, 0x00, 0x84,
        0x84, 0x84, 0x84, 0x84, 0x84, 0xC4, 0x78, 0x48, 0x00, 0x84, 0x84, 0x84, 0x84, 0x84, 0x84,
        0xC4, 0x78, 0x18, 0x00, 0xC6, 0x44, 0x2C, 0x38, 0x10, 0x10, 0x10, 0x10, 0x80, 0x80, 0xF8,
        0x88, 0x88, 0xF8, 0x80, 0x80, 0x70, 0x88, 0x88, 0xB8, 0x88, 0x84, 0x88, 0x98, 0x40, 0x00,
        0x70, 0x90, 0x30, 0x98, 0x98, 0xE8, 0x20, 0x00, 0x70, 0x90, 0x30, 0x98, 0x98, 0xE8, 0x70,
        0x00, 0x70, 0x90, 0x30, 0x98, 0x98, 0xE8, 0x70, 0x00, 0x70, 0x90, 0x30, 0x98, 0x98, 0xE8,
        0x90, 0x00, 0x70, 0x90, 0x30, 0x98, 0x98, 0xE8, 0x60, 0x40, 0x60, 0x00, 0x70, 0x90, 0x30,
        0x98, 0x98, 0xE8, 0x77, 0x00, 0x18, 0x80, 0x7F, 0x80, 0x88, 0x00, 0x98, 0x00, 0xE7, 0x00,
        0x70, 0x80, 0x80, 0x80, 0x80, 0x70, 0x20, 0x20, 0x20, 0x00, 0x70, 0x88, 0xF8, 0x80, 0x80,
        0x70, 0x20, 0x00, 0x70, 0x88, 0xF8, 0x80, 0x80, 0x70, 0x50, 0x00, 0x70, 0x88, 0xF8, 0x80,
        0x80, 0x70, 0x10, 0x00, 0x70, 0x88, 0xF8, 0x80, 0x80, 0x70, 0x80, 0x00, 0x80, 0x80, 0x80,
        0x80, 0x80, 0x80, 0xC0, 0x00, 0x80, 0x80, 0x80, 0x80, 0x80, 0x80, 0xA0, 0x00, 0x40, 0x40,
        0x40, 0x40, 0x40, 0x40, 0xA0, 0x00, 0x40, 0x40, 0x40, 0x40, 0x40, 0x40, 0x38, 0x18, 0x04,
        0x34, 0x44, 0xC4, 0x44, 0x38, 0x70, 0x00, 0xF0, 0x98, 0x88, 0x88, 0x88, 0x88, 0x60, 0x00,
        0x70, 0x88, 0x88, 0x88, 0x88, 0x70, 0x20, 0x00, 0x70, 0x88, 0x88, 0x88, 0x88, 0x70, 0x70,
        0x00, 0x70, 0x88, 0x88, 0x88, 0x88, 0x70, 0x70, 0x00, 0x70, 0x88, 0x88, 0x88, 0x88, 0x70,
        0x10, 0x00, 0x70, 0x88, 0x88, 0x88, 0x88, 0x70, 0x20, 0x20, 0x00, 0xFC, 0x20, 0x20, 0x78,
        0x98, 0xA8, 0x88, 0x88, 0xF0, 0x40, 0x00, 0x88, 0x88, 0x88, 0x88, 0x98, 0xE8, 0x20, 0x00,
        0x88, 0x88, 0x88, 0x88, 0x98, 0xE8, 0x70, 0x00, 0x88, 0x88, 0x88, 0x88, 0x98, 0xE8, 0x10,
        0x00, 0x88, 0x88, 0x88, 0x88, 0x98, 0xE8, 0x30, 0x00, 0x88, 0x48, 0x50, 0x50, 0x30, 0x20,
        0x20, 0xC0, 0x80, 0x80, 0xF0, 0x88, 0x88, 0x88, 0x88, 0xF0, 0x80, 0x80, 0x40, 0x00, 0x88,
        0x48, 0x50, 0x50, 0x30, 0x20, 0x20, 0xC0, 0xF0, 0xFF, 0x80, 0x80, 0x80, 0x80, 0x80, 0x80,
        0x80, 0x80, 0x80, 0xA0, 0xA0, 0xA0, 0xA0, 0xA0, 0xA0, 0xA0, 0xA0, 0xA0, 0xE0, 0xF0, 0xF0,
        0xE0, 0x94, 0x96, 0x40, 0xC0, 0x80, 0xC0, 0x40, 0x80, 0x40, 0x40, 0x40, 0x80, 0x38, 0x44,
        0xC0, 0xF0, 0xE0, 0xC0, 0x44, 0x38, 0xE9, 0x80, 0x49, 0x80, 0x4D, 0x80, 0x4E, 0x80, 0x42,
        0x80, 0xFC,
    ],
    line_height: 13,
};

// ATKINSON_STANDARD_BODY: 15 px, cap 11, line height 17, gray 128
pub static ATKINSON_STANDARD_BODY: BitmapFont = BitmapFont {
    glyphs: &[
        Glyph::new(0, 0, 0, 4, 0, 0),
        Glyph::new(0, 2, 11, 4, 1, -11),
        Glyph::new(11, 3, 4, 5, 1, -11),
        Glyph::new(15, 8, 11, 10, 1, -11),
        Glyph::new(26, 7, 13, 9, 1, -12),
        Glyph::new(39, 12, 11, 14, 1, -11),
        Glyph::new(61, 9, 11, 11, 1, -11),
        Glyph::new(83, 1, 4, 2, 1, -11),
        Glyph::new(87, 3, 14, 5, 1, -11),
        Glyph::new(101, 3, 14, 5, 1, -11),
        Glyph::new(115, 4, 4, 6, 1, -11),
        Glyph::new(119, 7, 8, 9, 1, -8),
        Glyph::new(127, 1, 4, 3, 1, -2),
        Glyph::new(131, 4, 1, 6, 1, -5),
        Glyph::new(132, 1, 2, 3, 1, -2),
        Glyph::new(134, 5, 11, 6, 0, -11),
        Glyph::new(145, 8, 11, 10, 1, -11),
        Glyph::new(156, 4, 11, 6, 1, -11),
        Glyph::new(167, 7, 11, 8, 1, -11),
        Glyph::new(178, 7, 11, 9, 1, -11),
        Glyph::new(189, 8, 11, 9, 1, -11),
        Glyph::new(200, 7, 11, 9, 1, -11),
        Glyph::new(211, 7, 11, 9, 1, -11),
        Glyph::new(222, 7, 11, 8, 0, -11),
        Glyph::new(233, 7, 11, 9, 1, -11),
        Glyph::new(244, 7, 11, 9, 1, -11),
        Glyph::new(255, 1, 8, 3, 1, -8),
        Glyph::new(263, 1, 10, 3, 1, -8),
        Glyph::new(273, 7, 7, 8, 1, -7),
        Glyph::new(280, 7, 4, 9, 1, -6),
        Glyph::new(284, 7, 7, 8, 1, -7),
        Glyph::new(291, 6, 11, 8, 1, -11),
        Glyph::new(302, 10, 11, 12, 1, -11),
        Glyph::new(324, 9, 11, 9, 0, -11),
        Glyph::new(346, 8, 11, 9, 1, -11),
        Glyph::new(357, 8, 11, 10, 1, -11),
        Glyph::new(368, 8, 11, 10, 1, -11),
        Glyph::new(379, 7, 11, 9, 1, -11),
        Glyph::new(390, 7, 11, 8, 1, -11),
        Glyph::new(401, 9, 11, 11, 1, -11),
        Glyph::new(423, 8, 11, 10, 1, -11),
        Glyph::new(434, 4, 11, 6, 1, -11),
        Glyph::new(445, 7, 11, 8, 0, -11),
        Glyph::new(456, 8, 11, 9, 1, -11),
        Glyph::new(467, 7, 11, 8, 1, -11),
        Glyph::new(478, 10, 11, 12, 1, -11),
        Glyph::new(500, 8, 11, 10, 1, -11),
        Glyph::new(511, 9, 11, 11, 1, -11),
        Glyph::new(533, 7, 11, 9, 1, -11),
        Glyph::new(544, 10, 11, 11, 1, -11),
        Glyph::new(566, 7, 11, 9, 2, -11),
        Glyph::new(577, 7, 11, 9, 1, -11),
        Glyph::new(588, 8, 11, 8, 0, -11),
        Glyph::new(599, 8, 11, 10, 1, -11),
        Glyph::new(610, 9, 11, 9, 0, -11),
        Glyph::new(632, 12, 11, 13, 0, -11),
        Glyph::new(654, 9, 11, 9, 0, -11),
        Glyph::new(676, 9, 11, 9, 0, -11),
        Glyph::new(698, 7, 11, 9, 1, -11),
        Glyph::new(709, 3, 14, 5, 1, -11),
        Glyph::new(723, 5, 11, 6, 0, -11),
        Glyph::new(734, 4, 14, 5, 0, -11),
        Glyph::new(748, 6, 5, 8, 1, -10),
        Glyph::new(753, 6, 1, 6, 0, 0),
        Glyph::new(754, 2, 2, 4, 1, -11),
        Glyph::new(756, 6, 8, 8, 1, -8),
        Glyph::new(764, 7, 11, 8, 1, -11),
        Glyph::new(775, 6, 8, 8, 1, -8),
        Glyph::new(783, 7, 11, 8, 1, -11),
        Glyph::new(794, 7, 8, 8, 1, -8),
        Glyph::new(802, 4, 11, 5, 0, -11),
        Glyph::new(813, 6, 11, 8, 1, -8),
        Glyph::new(824, 6, 11, 8, 1, -11),
        Glyph::new(835, 2, 11, 4, 1, -11),
        Glyph::new(846, 4, 14, 4, -1, -11),
        Glyph::new(860, 6, 11, 7, 1, -11),
        Glyph::new(871, 2, 11, 4, 1, -11),
        Glyph::new(882, 11, 8, 13, 1, -8),
        Glyph::new(898, 6, 8, 8, 1, -8),
        Glyph::new(906, 7, 8, 8, 1, -8),
        Glyph::new(914, 7, 11, 8, 1, -8),
        Glyph::new(925, 8, 11, 9, 1, -8),
        Glyph::new(936, 4, 8, 5, 1, -8),
        Glyph::new(944, 6, 8, 7, 1, -8),
        Glyph::new(952, 4, 10, 5, 0, -10),
        Glyph::new(962, 6, 8, 8, 1, -8),
        Glyph::new(970, 6, 8, 7, 0, -8),
        Glyph::new(978, 10, 8, 10, 0, -8),
        Glyph::new(994, 7, 8, 7, 0, -8),
        Glyph::new(1002, 6, 11, 6, 0, -8),
        Glyph::new(1013, 5, 8, 7, 1, -8),
        Glyph::new(1021, 3, 14, 5, 1, -11),
        Glyph::new(1035, 1, 14, 3, 1, -11),
        Glyph::new(1049, 3, 14, 5, 1, -11),
        Glyph::new(1063, 6, 2, 8, 1, -5),
        Glyph::new(1065, 0, 0, 4, 0, 0),
        Glyph::new(1065, 2, 11, 4, 1, -8),
        Glyph::new(1076, 6, 8, 8, 1, -8),
        Glyph::new(1084, 7, 11, 9, 1, -11),
        Glyph::new(1095, 7, 7, 9, 1, -9),
        Glyph::new(1102, 8, 11, 9, 0, -11),
        Glyph::new(1113, 1, 14, 3, 1, -11),
        Glyph::new(1127, 6, 14, 8, 1, -11),
        Glyph::new(1141, 4, 1, 6, 1, -11),
        Glyph::new(1142, 10, 11, 12, 1, -11),
        Glyph::new(1164, 4, 5, 6, 1, -11),
        Glyph::new(1169, 6, 7, 8, 1, -8),
        Glyph::new(1176, 7, 5, 9, 1, -6),
        Glyph::new(1181, 0, 0, 0, 0, 0),
        Glyph::new(1181, 10, 11, 12, 1, -11),
        Glyph::new(1203, 4, 1, 6, 1, -11),
        Glyph::new(1204, 4, 4, 5, 1, -11),
        Glyph::new(1208, 7, 8, 9, 1, -8),
        Glyph::new(1216, 4, 6, 6, 1, -12),
        Glyph::new(1222, 4, 6, 6, 1, -12),
        Glyph::new(1228, 2, 2, 4, 1, -11),
        Glyph::new(1230, 7, 11, 8, 1, -8),
        Glyph::new(1241, 6, 14, 8, 1, -11),
        Glyph::new(1255, 2, 2, 4, 1, -5),
        Glyph::new(1257, 3, 3, 4, 1, 0),
        Glyph::new(1260, 2, 6, 4, 1, -12),
        Glyph::new(1266, 4, 5, 6, 1, -11),
        Glyph::new(1271, 6, 7, 8, 1, -8),
        Glyph::new(1278, 11, 11, 12, 1, -11),
        Glyph::new(1300, 10, 10, 12, 1, -10),
        Glyph::new(1320, 11, 11, 13, 1, -11),
        Glyph::new(1342, 6, 11, 8, 1, -8),
        Glyph::new(1353, 9, 14, 9, 0, -14),
        Glyph::new(1381, 9, 14, 9, 0, -14),
        Glyph::new(1409, 9, 14, 9, 0, -14),
        Glyph::new(1437, 9, 14, 9, 0, -14),
        Glyph::new(1465, 9, 13, 9, 0, -13),
        Glyph::new(1491, 9, 13, 9, 0, -13),
        Glyph::new(1517, 14, 11, 15, 0, -11),
        Glyph::new(1539, 8, 14, 10, 1, -11),
        Glyph::new(1553, 7, 14, 9, 1, -14),
        Glyph::new(1567, 7, 14, 9, 1, -14),
        Glyph::new(1581, 7, 14, 9, 1, -14),
        Glyph::new(1595, 7, 13, 9, 1, -13),
        Glyph::new(1608, 4, 14, 6, 1, -14),
        Glyph::new(1622, 4, 14, 6, 1, -14),
        Glyph::new(1636, 4, 14, 6, 1, -14),
        Glyph::new(1650, 4, 13, 6, 1, -13),
        Glyph::new(1663, 10, 11, 11, 0, -11),
        Glyph::new(1685, 8, 14, 10, 1, -14),
        Glyph::new(1699, 9, 14, 11, 1, -14),
        Glyph::new(1727, 9, 14, 11, 1, -14),
        Glyph::new(1755, 9, 14, 11, 1, -14),
        Glyph::new(1783, 9, 14, 11, 1, -14),
        Glyph::new(1811, 9, 13, 11, 1, -13),
        Glyph::new(1837, 6, 6, 8, 1, -7),
        Glyph::new(1843, 9, 11, 11, 1, -11),
        Glyph::new(1865, 8, 14, 10, 1, -14),
        Glyph::new(1879, 8, 14, 10, 1, -14),
        Glyph::new(1893, 8, 14, 10, 1, -14),
        Glyph::new(1907, 8, 13, 10, 1, -13),
        Glyph::new(1920, 9, 14, 9, 0, -14),
        Glyph::new(1948, 7, 11, 9, 1, -11),
        Glyph::new(1959, 7, 11, 9, 1, -11),
        Glyph::new(1970, 6, 11, 8, 1, -11),
        Glyph::new(1981, 6, 11, 8, 1, -11),
        Glyph::new(1992, 6, 11, 8, 1, -11),
        Glyph::new(2003, 6, 11, 8, 1, -11),
        Glyph::new(2014, 6, 11, 8, 1, -11),
        Glyph::new(2025, 6, 12, 8, 1, -12),
        Glyph::new(2037, 12, 8, 13, 1, -8),
        Glyph::new(2053, 6, 11, 8, 1, -8),
        Glyph::new(2064, 7, 11, 8, 1, -11),
        Glyph::new(2075, 7, 11, 8, 1, -11),
        Glyph::new(2086, 7, 11, 8, 1, -11),
        Glyph::new(2097, 7, 11, 8, 1, -11),
        Glyph::new(2108, 2, 11, 4, 1, -11),
        Glyph::new(2119, 3, 11, 4, 1, -11),
        Glyph::new(2130, 4, 11, 4, 0, -11),
        Glyph::new(2141, 4, 11, 4, 0, -11),
        Glyph::new(2152, 7, 11, 9, 1, -11),
        Glyph::new(2163, 6, 11, 8, 1, -11),
        Glyph::new(2174, 7, 11, 8, 1, -11),
        Glyph::new(2185, 7, 11, 8, 1, -11),
        Glyph::new(2196, 7, 11, 8, 1, -11),
        Glyph::new(2207, 7, 11, 8, 1, -11),
        Glyph::new(2218, 7, 11, 8, 1, -11),
        Glyph::new(2229, 7, 8, 9, 1, -8),
        Glyph::new(2237, 7, 8, 8, 1, -8),
        Glyph::new(2245, 6, 11, 8, 1, -11),
        Glyph::new(2256, 6, 11, 8, 1, -11),
        Glyph::new(2267, 6, 11, 8, 1, -11),
        Glyph::new(2278, 6, 11, 8, 1, -11),
        Glyph::new(2289, 6, 14, 6, 0, -11),
        Glyph::new(2303, 7, 14, 8, 1, -11),
        Glyph::new(2317, 6, 14, 6, 0, -11),
        Glyph::new(2331, 6, 1, 7, 1, -5),
        Glyph::new(2332, 10, 1, 12, 1, -5),
        Glyph::new(2334, 2, 3, 4, 1, -10),
        Glyph::new(2337, 2, 4, 4, 1, -11),
        Glyph::new(2341, 2, 4, 4, 1, -2),
        Glyph::new(2345, 4, 4, 6, 1, -11),
        Glyph::new(2349, 4, 4, 6, 1, -11),
        Glyph::new(2353, 4, 4, 6, 1, -2),
        Glyph::new(2357, 5, 5, 7, 1, -6),
        Glyph::new(2362, 8, 2, 10, 1, -2),
        Glyph::new(2364, 3, 7, 5, 1, -8),
        Glyph::new(2371, 3, 7, 5, 1, -8),
        Glyph::new(2378, 8, 11, 10, 1, -11),
        Glyph::new(2389, 11, 5, 13, 1, -10),
        Glyph::new(2399, 7, 1, 9, 1, -4),
    ],
    bitmap: &[
        0xC0, 0xC0, 0xC0, 0xC0, 0x40, 0x40, 0x40, 0x40, 0x00, 0xC0, 0xC0, 0xA0, 0xA0, 0xA0, 0xA0,
        0x36, 0x36, 0x24, 0xFF, 0x24, 0x24, 0x24, 0xFF, 0x6C, 0x4C, 0x48, 0x10, 0x38, 0xFC, 0x90,
        0x90, 0xF0, 0x7C, 0x16, 0x12, 0x92, 0xD6, 0x7C, 0x10, 0x70, 0xC0, 0x98, 0x80, 0x89, 0x80,
        0x89, 0x00, 0x9A, 0x00, 0x76, 0xE0, 0x05, 0xB0, 0x09, 0x10, 0x19, 0x10, 0x11, 0xB0, 0x20,
        0xE0, 0x38, 0x00, 0x64, 0x00, 0x44, 0x00, 0x64, 0x00, 0x38, 0x00, 0x79, 0x00, 0x8D, 0x00,
        0x87, 0x00, 0x86, 0x00, 0xCF, 0x00, 0x79, 0x80, 0x80, 0x80, 0x80, 0x80, 0x40, 0x40, 0x80,
        0x80, 0x80, 0x80, 0x80, 0x80, 0x80, 0x80, 0x80, 0x40, 0x40, 0x20, 0x80, 0x40, 0x40, 0x40,
        0x60, 0x20, 0x20, 0x20, 0x20, 0x40, 0x40, 0x40, 0x80, 0x80, 0x20, 0xF0, 0x60, 0x70, 0x10,
        0x10, 0x10, 0xFE, 0x10, 0x10, 0x10, 0x10, 0x80, 0x80, 0x80, 0x80, 0xF0, 0x80, 0x80, 0x08,
        0x08, 0x18, 0x10, 0x10, 0x20, 0x20, 0x60, 0x40, 0x40, 0xC0, 0x3C, 0x66, 0xE2, 0xE3, 0xB3,
        0x9B, 0x8F, 0x8F, 0xC6, 0x66, 0x3C, 0x10, 0x30, 0xF0, 0x30, 0x30, 0x30, 0x30, 0x30, 0x30,
        0x30, 0x30, 0x78, 0xCC, 0x84, 0x04, 0x04, 0x0C, 0x18, 0x30, 0x60, 0xC0, 0xFE, 0x78, 0xCC,
        0x84, 0x04, 0x0C, 0x38, 0x0C, 0x06, 0x86, 0xCC, 0x78, 0x0C, 0x1C, 0x1C, 0x24, 0x64, 0x44,
        0x84, 0xFF, 0x0C, 0x04, 0x04, 0x7C, 0x40, 0xC0, 0x80, 0xF8, 0xCC, 0x06, 0x06, 0x86, 0xCC,
        0x78, 0x38, 0x64, 0x40, 0x80, 0xBC, 0xC6, 0xC6, 0x82, 0xC6, 0x44, 0x38, 0xFE, 0x06, 0x06,
        0x04, 0x0C, 0x08, 0x18, 0x10, 0x30, 0x30, 0x20, 0x38, 0x6C, 0x44, 0x44, 0x64, 0x7C, 0xC6,
        0x82, 0x82, 0xC6, 0x7C, 0x38, 0x4C, 0xC6, 0x82, 0x82, 0xC6, 0x44, 0x3C, 0x08, 0x18, 0x10,
        0x80, 0x80, 0x00, 0x00, 0x00, 0x00, 0x80, 0x80, 0x80, 0x80, 0x00, 0x00, 0x00, 0x00, 0x80,
        0x80, 0x80, 0x80, 0x06, 0x38, 0xE0, 0xC0, 0x70, 0x1C, 0x02, 0xFE, 0x00, 0x00, 0xFE, 0xC0,
        0x70, 0x1C, 0x0E, 0x38, 0xE0, 0x80, 0x78, 0xCC, 0x84, 0x04, 0x08, 0x30, 0x20, 0x20, 0x00,
        0x20, 0x20, 0x1E, 0x00, 0x61, 0x00, 0x40, 0x80, 0x9E, 0x40, 0x92, 0x40, 0xB2, 0x40, 0xB6,
        0xC0, 0x9F, 0x80, 0x40, 0x00, 0x62, 0x00, 0x1E, 0x00, 0x0C, 0x00, 0x1C, 0x00, 0x14, 0x00,
        0x16, 0x00, 0x32, 0x00, 0x22, 0x00, 0x23, 0x00, 0x7F, 0x00, 0x41, 0x00, 0x41, 0x80, 0xC0,
        0x80, 0xFC, 0xC6, 0xC2, 0xC2, 0xC6, 0xFE, 0xC6, 0xC3, 0xC3, 0xC6, 0xFC, 0x3C, 0x63, 0xC1,
        0x80, 0x80, 0x80, 0x80, 0xC0, 0xC1, 0x63, 0x3C, 0xFC, 0xC6, 0xC3, 0xC1, 0xC1, 0xC1, 0xC1,
        0xC1, 0xC3, 0xC6, 0xFC, 0xFE, 0xC0, 0xC0, 0xC0, 0xC0, 0xFC, 0xC0, 0xC0, 0xC0, 0xC0, 0xFE,
        0xFE, 0xC0, 0xC0, 0xC0, 0xC0, 0xFE, 0xC0, 0xC0, 0xC0, 0xC0, 0xC0, 0x3C, 0x00, 0x63, 0x00,
        0xC1, 0x00, 0x80, 0x00, 0x80, 0x00, 0x8F, 0x80, 0x81, 0x80, 0x81, 0x80, 0xC1, 0x80, 0x63,
        0x80, 0x3C, 0x80, 0xC1, 0xC1, 0xC1, 0xC1, 0xC1, 0xFF, 0xC1, 0xC1, 0xC1, 0xC1, 0xC1, 0xF0,
        0x60, 0x60, 0x60, 0x60, 0x60, 0x60, 0x60, 0x60, 0x60, 0xF0, 0x06, 0x06, 0x06, 0x06, 0x06,
        0x06, 0x06, 0x04, 0xC4, 0x4C, 0x38, 0xC2, 0xC6, 0xCC, 0xD8, 0xF0, 0xF8, 0xC8, 0xCC, 0xC6,
        0xC2, 0xC3, 0xC0, 0xC0, 0xC0, 0xC0, 0xC0, 0xC0, 0xC0, 0xC0, 0xC0, 0xC0, 0xFE, 0xE0, 0xC0,
        0xE1, 0xC0, 0xE1, 0xC0, 0xF1, 0x40, 0xF3, 0x40, 0xD3, 0x40, 0xD2, 0x40, 0xDA, 0x40, 0xCE,
        0x40, 0xCC, 0x40, 0xCC, 0x40, 0xC1, 0xE1, 0xE1, 0xF1, 0xD1, 0xD9, 0xC9, 0xCD, 0xC7, 0xC7,
        0xC3, 0x3C, 0x00, 0x63, 0x00, 0xC1, 0x00, 0xC1, 0x80, 0x80, 0x80, 0x80, 0x80, 0x80, 0x80,
        0xC1, 0x80, 0xC1, 0x00, 0x63, 0x00, 0x3E, 0x00, 0xFC, 0xC6, 0xC2, 0xC2, 0xC2, 0xC6, 0xFC,
        0xC0, 0xC0, 0xC0, 0xC0, 0x3C, 0x00, 0x63, 0x00, 0xC1, 0x00, 0xC1, 0x80, 0x80, 0x80, 0x80,
        0x80, 0x8C, 0x80, 0xC7, 0x80, 0xC3, 0x80, 0x63, 0x80, 0x3E, 0xC0, 0xFC, 0xC6, 0xC2, 0xC2,
        0xC6, 0xFC, 0xD8, 0xCC, 0xC4, 0xC6, 0xC2, 0x78, 0xC4, 0x80, 0x80, 0xE0, 0x3C, 0x06, 0x02,
        0x82, 0xC6, 0x78, 0xFF, 0x18, 0x18, 0x18, 0x18, 0x18, 0x18, 0x18, 0x18, 0x18, 0x18, 0xC1,
        0xC1, 0xC1, 0xC1, 0xC1, 0xC1, 0xC1, 0xC1, 0xC3, 0x66, 0x3C, 0xC1, 0x80, 0x41, 0x00, 0x43,
        0x00, 0x63, 0x00, 0x22, 0x00, 0x22, 0x00, 0x36, 0x00, 0x34, 0x00, 0x1C, 0x00, 0x1C, 0x00,
        0x18, 0x00, 0xC6, 0x10, 0xC6, 0x10, 0x47, 0x30, 0x45, 0x30, 0x65, 0x20, 0x6D, 0x20, 0x29,
        0x20, 0x29, 0xE0, 0x38, 0xE0, 0x38, 0xC0, 0x10, 0xC0, 0x41, 0x80, 0x63, 0x00, 0x32, 0x00,
        0x16, 0x00, 0x1C, 0x00, 0x0C, 0x00, 0x1C, 0x00, 0x36, 0x00, 0x23, 0x00, 0x61, 0x00, 0xC1,
        0x80, 0xC1, 0x80, 0x43, 0x00, 0x62, 0x00, 0x36, 0x00, 0x14, 0x00, 0x1C, 0x00, 0x08, 0x00,
        0x08, 0x00, 0x08, 0x00, 0x08, 0x00, 0x08, 0x00, 0xFE, 0x06, 0x04, 0x0C, 0x18, 0x10, 0x30,
        0x60, 0x40, 0xC0, 0xFE, 0xE0, 0x80, 0x80, 0x80, 0x80, 0x80, 0x80, 0x80, 0x80, 0x80, 0x80,
        0x80, 0x80, 0xE0, 0xC0, 0x40, 0x40, 0x60, 0x20, 0x20, 0x10, 0x10, 0x18, 0x08, 0x08, 0xF0,
        0x30, 0x30, 0x30, 0x30, 0x30, 0x30, 0x30, 0x30, 0x30, 0x30, 0x30, 0x30, 0xF0, 0x30, 0x38,
        0x48, 0x4C, 0x84, 0xFC, 0x80, 0x40, 0x78, 0xCC, 0x04, 0x3C, 0xE4, 0x84, 0x8C, 0x74, 0x80,
        0x80, 0x80, 0xB8, 0xCC, 0xC6, 0x86, 0x86, 0xC6, 0xCC, 0xB8, 0x78, 0xCC, 0x80, 0x80, 0x80,
        0x80, 0xCC, 0x78, 0x04, 0x04, 0x04, 0x74, 0xCC, 0x84, 0x84, 0x84, 0x84, 0xCC, 0x76, 0x78,
        0xCC, 0x84, 0xFE, 0x80, 0x80, 0xCC, 0x78, 0x30, 0x60, 0x60, 0xF0, 0x60, 0x60, 0x60, 0x60,
        0x60, 0x60, 0x60, 0x74, 0xCC, 0x84, 0x84, 0x84, 0x84, 0xCC, 0x74, 0x04, 0xCC, 0x78, 0x80,
        0x80, 0x80, 0xB8, 0xCC, 0xC4, 0x84, 0x84, 0x84, 0x84, 0x84, 0xC0, 0x00, 0x00, 0xC0, 0x40,
        0x40, 0x40, 0x40, 0x40, 0x40, 0x40, 0x30, 0x00, 0x00, 0x30, 0x30, 0x30, 0x30, 0x30, 0x30,
        0x30, 0x30, 0x30, 0x20, 0xE0, 0x80, 0x80, 0x80, 0x88, 0x98, 0xB0, 0xE0, 0xF0, 0x98, 0x88,
        0x8C, 0x80, 0x80, 0x80, 0x80, 0x80, 0x80, 0x80, 0x80, 0x80, 0xC0, 0xC0, 0xB9, 0xC0, 0xCE,
        0x40, 0xC4, 0x60, 0x84, 0x60, 0x84, 0x60, 0x84, 0x60, 0x84, 0x60, 0x84, 0x60, 0xB8, 0xCC,
        0xC4, 0x84, 0x84, 0x84, 0x84, 0x84, 0x78, 0xCC, 0x84, 0x86, 0x86, 0x84, 0xCC, 0x78, 0xB8,
        0xCC, 0xC6, 0x86, 0x86, 0xC6, 0xCC, 0xB8, 0x80, 0x80, 0x80, 0x74, 0xCC, 0x84, 0x84, 0x84,
        0x84, 0xCC, 0x74, 0x04, 0x06, 0x03, 0xB0, 0xE0, 0xC0, 0x80, 0x80, 0x80, 0x80, 0x80, 0x70,
        0x98, 0x80, 0xE0, 0x18, 0x0C, 0x88, 0x70, 0x20, 0x20, 0xF0, 0x60, 0x20, 0x20, 0x20, 0x20,
        0x20, 0x30, 0x84, 0x84, 0x84, 0x84, 0x84, 0x84, 0xCC, 0x74, 0xC4, 0xC4, 0x4C, 0x48, 0x68,
        0x38, 0x30, 0x30, 0x8C, 0xC0, 0xCC, 0x80, 0x4C, 0x80, 0x54, 0x80, 0x53, 0x80, 0x73, 0x00,
        0x33, 0x00, 0x23, 0x00, 0xC4, 0x6C, 0x38, 0x30, 0x38, 0x28, 0x4C, 0xC6, 0xC4, 0xC4, 0x4C,
        0x48, 0x68, 0x38, 0x30, 0x30, 0x10, 0x20, 0x60, 0xF8, 0x18, 0x10, 0x30, 0x60, 0x40, 0x80,
        0xF8, 0x60, 0x40, 0x40, 0x40, 0x40, 0x40, 0xC0, 0x80, 0xC0, 0x40, 0x40, 0x40, 0x40, 0x60,
        0x80, 0x80, 0x80, 0x80, 0x80, 0x80, 0x80, 0x80, 0x80, 0x80, 0x80, 0x80, 0x80, 0x80, 0xC0,
        0x40, 0x40, 0x40, 0x40, 0x40, 0x40, 0x20, 0x60, 0x40, 0x40, 0x40, 0x40, 0xC0, 0xE4, 0x9C,
        0xC0, 0xC0, 0x00, 0x00, 0x40, 0x40, 0x40, 0xC0, 0xC0, 0xC0, 0xC0, 0x38, 0xFC, 0x80, 0x80,
        0x80, 0x80, 0xFC, 0x78, 0x3C, 0x66, 0x40, 0x40, 0x60, 0xFC, 0x20, 0x20, 0x20, 0x72, 0x0E,
        0xBE, 0x4C, 0x84, 0x86, 0x84, 0x44, 0xFE, 0xC1, 0x63, 0x22, 0x36, 0x1C, 0x1C, 0x3E, 0x08,
        0x08, 0x3E, 0x08, 0x80, 0x80, 0x80, 0x80, 0x80, 0x00, 0x00, 0x00, 0x00, 0x80, 0x80, 0x80,
        0x80, 0x80, 0x78, 0xC8, 0xC0, 0x60, 0x70, 0x9C, 0x84, 0xC4, 0x6C, 0x38, 0x08, 0x0C, 0xCC,
        0x78, 0x90, 0x1E, 0x00, 0x61, 0x00, 0x4C, 0x80, 0x92, 0x40, 0x90, 0x40, 0xB0, 0x40, 0x90,
        0x40, 0x92, 0x40, 0x5E, 0x80, 0x61, 0x80, 0x1E, 0x00, 0x60, 0x30, 0x70, 0xB0, 0xF0, 0x24,
        0x6C, 0xC8, 0x98, 0xC8, 0x6C, 0x24, 0xFE, 0x02, 0x02, 0x02, 0x02, 0x1E, 0x00, 0x61, 0x00,
        0x5E, 0x80, 0x92, 0x40, 0x92, 0x40, 0x9E, 0x40, 0x94, 0x40, 0x92, 0x40, 0x40, 0x80, 0x61,
        0x80, 0x1E, 0x00, 0xF0, 0xE0, 0xB0, 0x90, 0xE0, 0x10, 0x10, 0x10, 0xFE, 0x10, 0x10, 0x00,
        0xFE, 0x60, 0x90, 0x30, 0x20, 0x40, 0xF0, 0xE0, 0x10, 0x60, 0x10, 0x90, 0xE0, 0x40, 0x80,
        0x84, 0x84, 0x84, 0x84, 0x84, 0x84, 0xCC, 0xF6, 0x80, 0x80, 0x80, 0x7C, 0xEC, 0xEC, 0xEC,
        0xEC, 0xEC, 0x2C, 0x2C, 0x2C, 0x2C, 0x2C, 0x2C, 0x2C, 0x2C, 0xC0, 0xC0, 0x40, 0x20, 0xC0,
        0x40, 0xC0, 0x40, 0x40, 0x40, 0x40, 0x60, 0x90, 0x90, 0x90, 0x60, 0xD8, 0x48, 0x64, 0x24,
        0x64, 0x48, 0xD8, 0x41, 0x80, 0xC1, 0x00, 0x42, 0x00, 0x42, 0x00, 0x44, 0x00, 0x4C, 0xC0,
        0x08, 0xC0, 0x11, 0x40, 0x32, 0x40, 0x23, 0xE0, 0x40, 0x40, 0xC1, 0x80, 0x41, 0x00, 0x42,
        0x00, 0x46, 0x00, 0x45, 0xC0, 0x49, 0x40, 0x18, 0x40, 0x10, 0x80, 0x21, 0x00, 0x63, 0xC0,
        0x60, 0x80, 0xB1, 0x80, 0x11, 0x00, 0x62, 0x00, 0x12, 0x00, 0xF4, 0x40, 0x0C, 0xC0, 0x08,
        0x40, 0x11, 0x40, 0x33, 0xE0, 0x20, 0x40, 0x10, 0x10, 0x00, 0x10, 0x10, 0x20, 0xC0, 0x80,
        0x84, 0xCC, 0x78, 0x10, 0x00, 0x08, 0x00, 0x00, 0x00, 0x0C, 0x00, 0x1C, 0x00, 0x14, 0x00,
        0x16, 0x00, 0x32, 0x00, 0x22, 0x00, 0x23, 0x00, 0x7F, 0x00, 0x41, 0x00, 0x41, 0x80, 0xC0,
        0x80, 0x04, 0x00, 0x0C, 0x00, 0x00, 0x00, 0x0C, 0x00, 0x1C, 0x00, 0x14, 0x00, 0x16, 0x00,
        0x32, 0x00, 0x22, 0x00, 0x23, 0x00, 0x7F, 0x00, 0x41, 0x00, 0x41, 0x80, 0xC0, 0x80, 0x0C,
        0x00, 0x16, 0x00, 0x00, 0x00, 0x0C, 0x00, 0x1C, 0x00, 0x14, 0x00, 0x16, 0x00, 0x32, 0x00,
        0x22, 0x00, 0x23, 0x00, 0x7F, 0x00, 0x41, 0x00, 0x41, 0x80, 0xC0, 0x80, 0x1A, 0x00, 0x3E,
        0x00, 0x00, 0x00, 0x0C, 0x00, 0x1C, 0x00, 0x14, 0x00, 0x16, 0x00, 0x32, 0x00, 0x22, 0x00,
        0x23, 0x00, 0x7F, 0x00, 0x41, 0x00, 0x41, 0x80, 0xC0, 0x80, 0x32, 0x00, 0x00, 0x00, 0x0C,
        0x00, 0x1C, 0x00, 0x14, 0x00, 0x16, 0x00, 0x32, 0x00, 0x22, 0x00, 0x23, 0x00, 0x7F, 0x00,
        0x41, 0x00, 0x41, 0x80, 0xC0, 0x80, 0x0C, 0x00, 0x14, 0x00, 0x1C, 0x00, 0x1C, 0x00, 0x14,
        0x00, 0x16, 0x00, 0x32, 0x00, 0x22, 0x00, 0x23, 0x00, 0x7F, 0x00, 0x41, 0x00, 0x41, 0x80,
        0xC0, 0x80, 0x01, 0xFC, 0x03, 0x80, 0x03, 0x80, 0x06, 0x80, 0x0C, 0x80, 0x08, 0xF8, 0x18,
        0x80, 0x3F, 0x80, 0x21, 0x80, 0x60, 0x80, 0xC0, 0xFC, 0x3C, 0x63, 0xC1, 0x80, 0x80, 0x80,
        0x80, 0xC0, 0xC1, 0x63, 0x3C, 0x08, 0x0C, 0x18, 0x20, 0x30, 0x00, 0xFE, 0xC0, 0xC0, 0xC0,
        0xC0, 0xFC, 0xC0, 0xC0, 0xC0, 0xC0, 0xFE, 0x08, 0x18, 0x00, 0xFE, 0xC0, 0xC0, 0xC0, 0xC0,
        0xFC, 0xC0, 0xC0, 0xC0, 0xC0, 0xFE, 0x10, 0x28, 0x00, 0xFE, 0xC0, 0xC0, 0xC0, 0xC0, 0xFC,
        0xC0, 0xC0, 0xC0, 0xC0, 0xFE, 0x64, 0x00, 0xFE, 0xC0, 0xC0, 0xC0, 0xC0, 0xFC, 0xC0, 0xC0,
        0xC0, 0xC0, 0xFE, 0xC0, 0x40, 0x00, 0xF0, 0x60, 0x60, 0x60, 0x60, 0x60, 0x60, 0x60, 0x60,
        0x60, 0xF0, 0x10, 0x20, 0x00, 0xF0, 0x60, 0x60, 0x60, 0x60, 0x60, 0x60, 0x60, 0x60, 0x60,
        0xF0, 0x60, 0xD0, 0x00, 0xF0, 0x60, 0x60, 0x60, 0x60, 0x60, 0x60, 0x60, 0x60, 0x60, 0xF0,
        0x90, 0x00, 0xF0, 0x60, 0x60, 0x60, 0x60, 0x60, 0x60, 0x60, 0x60, 0x60, 0xF0, 0x3E, 0x00,
        0x23, 0x80, 0x20, 0x80, 0x20, 0xC0, 0x20, 0xC0, 0xF8, 0xC0, 0x20, 0xC0, 0x20, 0xC0, 0x20,
        0x80, 0x23, 0x80, 0x3E, 0x00, 0x1A, 0x2C, 0x00, 0xC1, 0xE1, 0xE1, 0xF1, 0xD1, 0xD9, 0xC9,
        0xCD, 0xC7, 0xC7, 0xC3, 0x10, 0x00, 0x18, 0x00, 0x00, 0x00, 0x3C, 0x00, 0x63, 0x00, 0xC1,
        0x00, 0xC1, 0x80, 0x80, 0x80, 0x80, 0x80, 0x80, 0x80, 0xC1, 0x80, 0xC1, 0x00, 0x63, 0x00,
        0x3E, 0x00, 0x04, 0x00, 0x08, 0x00, 0x00, 0x00, 0x3C, 0x00, 0x63, 0x00, 0xC1, 0x00, 0xC1,
        0x80, 0x80, 0x80, 0x80, 0x80, 0x80, 0x80, 0xC1, 0x80, 0xC1, 0x00, 0x63, 0x00, 0x3E, 0x00,
        0x08, 0x00, 0x14, 0x00, 0x00, 0x00, 0x3C, 0x00, 0x63, 0x00, 0xC1, 0x00, 0xC1, 0x80, 0x80,
        0x80, 0x80, 0x80, 0x80, 0x80, 0xC1, 0x80, 0xC1, 0x00, 0x63, 0x00, 0x3E, 0x00, 0x1A, 0x00,
        0x2E, 0x00, 0x00, 0x00, 0x3C, 0x00, 0x63, 0x00, 0xC1, 0x00, 0xC1, 0x80, 0x80, 0x80, 0x80,
        0x80, 0x80, 0x80, 0xC1, 0x80, 0xC1, 0x00, 0x63, 0x00, 0x3E, 0x00, 0x36, 0x00, 0x00, 0x00,
        0x3C, 0x00, 0x63, 0x00, 0xC1, 0x00, 0xC1, 0x80, 0x80, 0x80, 0x80, 0x80, 0x80, 0x80, 0xC1,
        0x80, 0xC1, 0x00, 0x63, 0x00, 0x3E, 0x00, 0x84, 0xCC, 0x78, 0x30, 0x78, 0xCC, 0x3E, 0x00,
        0x63, 0x00, 0xC3, 0x00, 0x87, 0x80, 0x84, 0x80, 0x88, 0x80, 0x90, 0x80, 0xE1, 0x80, 0xE1,
        0x00, 0x63, 0x00, 0xBE, 0x00, 0x30, 0x10, 0x00, 0xC1, 0xC1, 0xC1, 0xC1, 0xC1, 0xC1, 0xC1,
        0xC1, 0xC3, 0x66, 0x3C, 0x04, 0x08, 0x00, 0xC1, 0xC1, 0xC1, 0xC1, 0xC1, 0xC1, 0xC1, 0xC1,
        0xC3, 0x66, 0x3C, 0x18, 0x34, 0x00, 0xC1, 0xC1, 0xC1, 0xC1, 0xC1, 0xC1, 0xC1, 0xC1, 0xC3,
        0x66, 0x3C, 0x24, 0x00, 0xC1, 0xC1, 0xC1, 0xC1, 0xC1, 0xC1, 0xC1, 0xC1, 0xC3, 0x66, 0x3C,
        0x04, 0x00, 0x08, 0x00, 0x00, 0x00, 0xC1, 0x80, 0x43, 0x00, 0x62, 0x00, 0x36, 0x00, 0x14,
        0x00, 0x1C, 0x00, 0x08, 0x00, 0x08, 0x00, 0x08, 0x00, 0x08, 0x00, 0x08, 0x00, 0x80, 0x80,
        0x80, 0xFC, 0xC6, 0x82, 0x86, 0xFC, 0xC0, 0x80, 0x80, 0x3C, 0x46, 0xC6, 0x84, 0x9C, 0x86,
        0x82, 0x82, 0x82, 0x86, 0x9C, 0x60, 0x20, 0x00, 0x78, 0xCC, 0x04, 0x3C, 0xE4, 0x84, 0x8C,
        0x74, 0x18, 0x10, 0x00, 0x78, 0xCC, 0x04, 0x3C, 0xE4, 0x84, 0x8C, 0x74, 0x30, 0x58, 0x00,
        0x78, 0xCC, 0x04, 0x3C, 0xE4, 0x84, 0x8C, 0x74, 0x68, 0x58, 0x00, 0x78, 0xCC, 0x04, 0x3C,
        0xE4, 0x84, 0x8C, 0x74, 0x48, 0x00, 0x00, 0x78, 0xCC, 0x04, 0x3C, 0xE4, 0x84, 0x8C, 0x74,
        0x30, 0x78, 0x30, 0x00, 0x78, 0xCC, 0x04, 0x3C, 0xE4, 0x84, 0x8C, 0x74, 0x7B, 0xC0, 0xCE,
        0x60, 0x04, 0x20, 0x7F, 0xF0, 0xC4, 0x00, 0x8C, 0x00, 0x8E, 0x60, 0x73, 0xC0, 0x78, 0xCC,
        0x80, 0x80, 0x80, 0x80, 0xCC, 0x78, 0x00, 0x10, 0x30, 0x20, 0x30, 0x00, 0x78, 0xCC, 0x84,
        0xFE, 0x80, 0x80, 0xCC, 0x78, 0x08, 0x10, 0x00, 0x78, 0xCC, 0x84, 0xFE, 0x80, 0x80, 0xCC,
        0x78, 0x30, 0x68, 0x00, 0x78, 0xCC, 0x84, 0xFE, 0x80, 0x80, 0xCC, 0x78, 0x48, 0x00, 0x00,
        0x78, 0xCC, 0x84, 0xFE, 0x80, 0x80, 0xCC, 0x78, 0x80, 0x80, 0x00, 0xC0, 0x40, 0x40, 0x40,
        0x40, 0x40, 0x40, 0x40, 0x20, 0x40, 0x00, 0xC0, 0x40, 0x40, 0x40, 0x40, 0x40, 0x40, 0x40,
        0x60, 0x90, 0x00, 0x60, 0x20, 0x20, 0x20, 0x20, 0x20, 0x20, 0x20, 0x90, 0x00, 0x00, 0x60,
        0x20, 0x20, 0x20, 0x20, 0x20, 0x20, 0x20, 0x34, 0x18, 0x1C, 0x04, 0x76, 0xCE, 0x86, 0x86,
        0x84, 0xCC, 0x78, 0x24, 0x58, 0x00, 0xB8, 0xCC, 0xC4, 0x84, 0x84, 0x84, 0x84, 0x84, 0x20,
        0x30, 0x00, 0x78, 0xCC, 0x84, 0x86, 0x86, 0x84, 0xCC, 0x78, 0x08, 0x10, 0x00, 0x78, 0xCC,
        0x84, 0x86, 0x86, 0x84, 0xCC, 0x78, 0x30, 0x68, 0x00, 0x78, 0xCC, 0x84, 0x86, 0x86, 0x84,
        0xCC, 0x78, 0x60, 0x58, 0x00, 0x78, 0xCC, 0x84, 0x86, 0x86, 0x84, 0xCC, 0x78, 0x48, 0x00,
        0x00, 0x78, 0xCC, 0x84, 0x86, 0x86, 0x84, 0xCC, 0x78, 0x10, 0x10, 0x00, 0x00, 0xFE, 0x00,
        0x10, 0x10, 0x7C, 0xCC, 0x8C, 0x96, 0xA6, 0xC4, 0xCC, 0xF8, 0x20, 0x20, 0x00, 0x84, 0x84,
        0x84, 0x84, 0x84, 0x84, 0xCC, 0x74, 0x18, 0x10, 0x00, 0x84, 0x84, 0x84, 0x84, 0x84, 0x84,
        0xCC, 0x74, 0x30, 0x48, 0x00, 0x84, 0x84, 0x84, 0x84, 0x84, 0x84, 0xCC, 0x74, 0x48, 0x00,
        0x00, 0x84, 0x84, 0x84, 0x84, 0x84, 0x84, 0xCC, 0x74, 0x08, 0x10, 0x00, 0xC4, 0xC4, 0x4C,
        0x48, 0x68, 0x38, 0x30, 0x30, 0x10, 0x20, 0x60, 0x80, 0x80, 0x80, 0xB8, 0xCC, 0xC6, 0x86,
        0x86, 0xC6, 0xCC, 0xB8, 0x80, 0x80, 0x80, 0x4C, 0x00, 0x00, 0xC4, 0xC4, 0x4C, 0x48, 0x68,
        0x38, 0x30, 0x30, 0x10, 0x20, 0x60, 0xFC, 0xFF, 0xC0, 0x80, 0x80, 0xC0, 0x80, 0xC0, 0x80,
        0x80, 0x80, 0xC0, 0x80, 0x80, 0x10, 0x90, 0xB0, 0xF0, 0xB0, 0xF0, 0x90, 0x80, 0xB0, 0xF0,
        0x90, 0x80, 0x70, 0xF8, 0xF8, 0xF8, 0x70, 0xD9, 0xD9, 0x20, 0x60, 0xC0, 0x80, 0xC0, 0x60,
        0x20, 0xC0, 0x40, 0x60, 0x20, 0x60, 0x40, 0xC0, 0x1E, 0x33, 0x61, 0x40, 0xF8, 0xC0, 0xF0,
        0x40, 0x61, 0x33, 0x1E, 0xF6, 0x60, 0x26, 0x60, 0x26, 0xE0, 0x25, 0xA0, 0x25, 0xA0, 0xFE,
    ],
    line_height: 17,
};

// ATKINSON_STANDARD_HEADING: 20 px, cap 13, line height 22, gray 128
pub static ATKINSON_STANDARD_HEADING: BitmapFont = BitmapFont {
    glyphs: &[
        Glyph::new(0, 0, 0, 6, 0, 0),
        Glyph::new(0, 4, 13, 6, 1, -13),
        Glyph::new(13, 6, 5, 8, 1, -13),
        Glyph::new(18, 14, 13, 16, 1, -13),
        Glyph::new(44, 11, 16, 12, 1, -14),
        Glyph::new(76, 18, 13, 20, 1, -13),
        Glyph::new(115, 13, 14, 14, 1, -14),
        Glyph::new(143, 3, 5, 4, 1, -13),
        Glyph::new(148, 5, 16, 7, 1, -13),
        Glyph::new(164, 6, 16, 7, 1, -13),
        Glyph::new(180, 6, 6, 9, 1, -13),
        Glyph::new(186, 10, 10, 12, 1, -10),
        Glyph::new(206, 3, 6, 5, 1, -3),
        Glyph::new(212, 7, 2, 7, 0, -6),
        Glyph::new(214, 3, 4, 5, 1, -4),
        Glyph::new(218, 8, 13, 9, 0, -13),
        Glyph::new(231, 11, 13, 13, 1, -13),
        Glyph::new(257, 6, 13, 9, 1, -13),
        Glyph::new(270, 10, 13, 12, 1, -13),
        Glyph::new(296, 10, 13, 12, 1, -13),
        Glyph::new(322, 12, 13, 13, 0, -13),
        Glyph::new(348, 10, 13, 12, 1, -13),
        Glyph::new(374, 11, 13, 13, 1, -13),
        Glyph::new(400, 10, 13, 11, 0, -13),
        Glyph::new(426, 11, 13, 13, 1, -13),
        Glyph::new(452, 9, 13, 11, 1, -13),
        Glyph::new(478, 3, 10, 5, 1, -10),
        Glyph::new(488, 3, 13, 5, 1, -10),
        Glyph::new(501, 10, 10, 11, 1, -10),
        Glyph::new(521, 10, 6, 12, 1, -8),
        Glyph::new(533, 10, 10, 11, 1, -10),
        Glyph::new(553, 10, 13, 12, 1, -13),
        Glyph::new(579, 13, 13, 15, 1, -13),
        Glyph::new(605, 14, 13, 14, 0, -13),
        Glyph::new(631, 11, 13, 13, 1, -13),
        Glyph::new(657, 12, 13, 13, 1, -13),
        Glyph::new(683, 12, 13, 14, 1, -13),
        Glyph::new(709, 10, 13, 12, 1, -13),
        Glyph::new(735, 9, 13, 11, 1, -13),
        Glyph::new(761, 13, 13, 14, 1, -13),
        Glyph::new(787, 12, 13, 14, 1, -13),
        Glyph::new(813, 7, 13, 9, 1, -13),
        Glyph::new(826, 10, 13, 11, 0, -13),
        Glyph::new(852, 12, 13, 13, 1, -13),
        Glyph::new(878, 9, 13, 11, 1, -13),
        Glyph::new(904, 15, 13, 17, 1, -13),
        Glyph::new(930, 12, 13, 14, 1, -13),
        Glyph::new(956, 14, 13, 15, 1, -13),
        Glyph::new(982, 11, 13, 13, 1, -13),
        Glyph::new(1008, 14, 14, 16, 1, -13),
        Glyph::new(1036, 11, 13, 13, 1, -13),
        Glyph::new(1062, 11, 13, 12, 1, -13),
        Glyph::new(1088, 12, 13, 12, 0, -13),
        Glyph::new(1114, 11, 13, 13, 1, -13),
        Glyph::new(1140, 13, 13, 13, 0, -13),
        Glyph::new(1166, 17, 13, 18, 0, -13),
        Glyph::new(1205, 12, 13, 14, 1, -13),
        Glyph::new(1231, 12, 13, 14, 1, -13),
        Glyph::new(1257, 11, 13, 12, 1, -13),
        Glyph::new(1283, 5, 16, 7, 1, -13),
        Glyph::new(1299, 8, 13, 9, 0, -13),
        Glyph::new(1312, 5, 16, 7, 1, -13),
        Glyph::new(1328, 9, 7, 12, 1, -13),
        Glyph::new(1342, 8, 2, 9, 0, 0),
        Glyph::new(1344, 4, 3, 6, 1, -14),
        Glyph::new(1347, 9, 10, 11, 1, -10),
        Glyph::new(1367, 10, 13, 12, 1, -13),
        Glyph::new(1393, 9, 10, 10, 1, -10),
        Glyph::new(1413, 10, 13, 12, 1, -13),
        Glyph::new(1439, 10, 10, 11, 1, -10),
        Glyph::new(1459, 7, 14, 7, 0, -14),
        Glyph::new(1473, 10, 14, 12, 1, -10),
        Glyph::new(1501, 9, 13, 11, 1, -13),
        Glyph::new(1527, 6, 15, 6, 0, -15),
        Glyph::new(1542, 5, 18, 5, -1, -15),
        Glyph::new(1560, 10, 13, 11, 1, -13),
        Glyph::new(1586, 5, 13, 6, 1, -13),
        Glyph::new(1599, 16, 10, 18, 1, -10),
        Glyph::new(1619, 9, 10, 11, 1, -10),
        Glyph::new(1639, 10, 10, 11, 1, -10),
        Glyph::new(1659, 10, 13, 12, 1, -10),
        Glyph::new(1685, 12, 13, 12, 1, -10),
        Glyph::new(1711, 6, 10, 7, 1, -10),
        Glyph::new(1721, 9, 10, 11, 1, -10),
        Glyph::new(1741, 7, 12, 8, 0, -12),
        Glyph::new(1753, 9, 10, 11, 1, -10),
        Glyph::new(1773, 10, 10, 11, 0, -10),
        Glyph::new(1793, 14, 10, 14, 0, -10),
        Glyph::new(1813, 10, 10, 11, 0, -10),
        Glyph::new(1833, 10, 13, 10, 0, -10),
        Glyph::new(1859, 9, 10, 10, 1, -10),
        Glyph::new(1879, 7, 16, 7, 0, -13),
        Glyph::new(1895, 3, 16, 5, 1, -13),
        Glyph::new(1911, 6, 16, 7, 1, -13),
        Glyph::new(1927, 9, 3, 11, 1, -6),
        Glyph::new(1933, 0, 0, 6, 0, 0),
        Glyph::new(1933, 4, 13, 6, 1, -10),
        Glyph::new(1946, 9, 13, 10, 1, -11),
        Glyph::new(1972, 11, 14, 12, 1, -13),
        Glyph::new(2000, 10, 8, 12, 1, -10),
        Glyph::new(2016, 13, 13, 14, 0, -13),
        Glyph::new(2042, 2, 16, 4, 1, -13),
        Glyph::new(2058, 11, 16, 12, 0, -13),
        Glyph::new(2090, 7, 2, 9, 1, -13),
        Glyph::new(2092, 14, 13, 16, 1, -13),
        Glyph::new(2118, 6, 6, 8, 1, -14),
        Glyph::new(2124, 11, 8, 13, 1, -9),
        Glyph::new(2140, 10, 6, 12, 1, -8),
        Glyph::new(2152, 0, 0, 0, 0, 0),
        Glyph::new(2152, 14, 13, 16, 1, -13),
        Glyph::new(2178, 6, 2, 8, 1, -13),
        Glyph::new(2180, 6, 6, 8, 1, -13),
        Glyph::new(2186, 10, 10, 12, 1, -10),
        Glyph::new(2206, 6, 8, 8, 1, -16),
        Glyph::new(2214, 6, 8, 8, 1, -16),
        Glyph::new(2222, 4, 3, 6, 1, -14),
        Glyph::new(2225, 11, 13, 12, 1, -10),
        Glyph::new(2251, 9, 16, 10, 1, -13),
        Glyph::new(2283, 4, 4, 6, 1, -7),
        Glyph::new(2287, 4, 4, 6, 2, 0),
        Glyph::new(2291, 4, 8, 6, 1, -16),
        Glyph::new(2299, 6, 6, 8, 1, -14),
        Glyph::new(2305, 11, 8, 13, 1, -9),
        Glyph::new(2321, 15, 13, 17, 1, -13),
        Glyph::new(2347, 15, 13, 17, 1, -13),
        Glyph::new(2373, 16, 13, 19, 2, -13),
        Glyph::new(2399, 10, 13, 12, 1, -10),
        Glyph::new(2425, 14, 18, 14, 0, -18),
        Glyph::new(2461, 14, 18, 14, 0, -18),
        Glyph::new(2497, 14, 18, 14, 0, -18),
        Glyph::new(2533, 14, 17, 14, 0, -17),
        Glyph::new(2567, 14, 16, 14, 0, -16),
        Glyph::new(2599, 14, 17, 14, 0, -17),
        Glyph::new(2633, 20, 13, 20, 0, -13),
        Glyph::new(2672, 12, 17, 13, 1, -13),
        Glyph::new(2706, 10, 18, 12, 1, -18),
        Glyph::new(2742, 10, 18, 12, 1, -18),
        Glyph::new(2778, 10, 18, 12, 1, -18),
        Glyph::new(2814, 10, 16, 12, 1, -16),
        Glyph::new(2846, 7, 18, 9, 1, -18),
        Glyph::new(2864, 7, 18, 9, 1, -18),
        Glyph::new(2882, 7, 18, 9, 1, -18),
        Glyph::new(2900, 7, 16, 9, 1, -16),
        Glyph::new(2916, 15, 13, 15, 0, -13),
        Glyph::new(2942, 12, 17, 14, 1, -17),
        Glyph::new(2976, 14, 18, 15, 1, -18),
        Glyph::new(3012, 14, 18, 15, 1, -18),
        Glyph::new(3048, 14, 18, 15, 1, -18),
        Glyph::new(3084, 14, 17, 15, 1, -17),
        Glyph::new(3118, 14, 16, 15, 1, -16),
        Glyph::new(3150, 9, 8, 11, 1, -9),
        Glyph::new(3166, 14, 13, 15, 1, -13),
        Glyph::new(3192, 11, 18, 13, 1, -18),
        Glyph::new(3228, 11, 18, 13, 1, -18),
        Glyph::new(3264, 11, 18, 13, 1, -18),
        Glyph::new(3300, 11, 16, 13, 1, -16),
        Glyph::new(3332, 12, 18, 14, 1, -18),
        Glyph::new(3368, 11, 13, 12, 1, -13),
        Glyph::new(3394, 11, 13, 12, 1, -13),
        Glyph::new(3420, 9, 14, 11, 1, -14),
        Glyph::new(3448, 9, 14, 11, 1, -14),
        Glyph::new(3476, 9, 14, 11, 1, -14),
        Glyph::new(3504, 9, 14, 11, 1, -14),
        Glyph::new(3532, 9, 13, 11, 1, -13),
        Glyph::new(3558, 9, 16, 11, 1, -16),
        Glyph::new(3590, 16, 10, 18, 1, -10),
        Glyph::new(3610, 9, 14, 10, 1, -10),
        Glyph::new(3638, 10, 14, 11, 1, -14),
        Glyph::new(3666, 10, 14, 11, 1, -14),
        Glyph::new(3694, 10, 14, 11, 1, -14),
        Glyph::new(3722, 10, 13, 11, 1, -13),
        Glyph::new(3748, 5, 14, 6, 0, -14),
        Glyph::new(3762, 6, 14, 6, 0, -14),
        Glyph::new(3776, 7, 14, 6, 0, -14),
        Glyph::new(3790, 6, 13, 6, 0, -13),
        Glyph::new(3803, 10, 14, 12, 1, -14),
        Glyph::new(3831, 9, 14, 11, 1, -14),
        Glyph::new(3859, 10, 14, 11, 1, -14),
        Glyph::new(3887, 10, 14, 11, 1, -14),
        Glyph::new(3915, 10, 14, 11, 1, -14),
        Glyph::new(3943, 10, 14, 11, 1, -14),
        Glyph::new(3971, 10, 13, 11, 1, -13),
        Glyph::new(3997, 10, 10, 12, 1, -10),
        Glyph::new(4017, 10, 10, 11, 1, -10),
        Glyph::new(4037, 9, 14, 11, 1, -14),
        Glyph::new(4065, 9, 14, 11, 1, -14),
        Glyph::new(4093, 9, 14, 11, 1, -14),
        Glyph::new(4121, 9, 13, 11, 1, -13),
        Glyph::new(4147, 10, 17, 10, 0, -14),
        Glyph::new(4181, 10, 16, 12, 1, -13),
        Glyph::new(4213, 10, 16, 10, 0, -13),
        Glyph::new(4245, 8, 2, 10, 1, -6),
        Glyph::new(4247, 15, 2, 17, 1, -6),
        Glyph::new(4251, 4, 6, 6, 1, -13),
        Glyph::new(4257, 4, 6, 6, 1, -13),
        Glyph::new(4263, 4, 6, 6, 1, -3),
        Glyph::new(4269, 8, 6, 10, 1, -13),
        Glyph::new(4275, 8, 6, 10, 1, -13),
        Glyph::new(4281, 8, 6, 10, 1, -3),
        Glyph::new(4287, 7, 7, 9, 1, -9),
        Glyph::new(4294, 14, 4, 16, 1, -4),
        Glyph::new(4302, 6, 8, 8, 1, -9),
        Glyph::new(4310, 6, 8, 8, 1, -9),
        Glyph::new(4318, 12, 13, 13, 1, -13),
        Glyph::new(4344, 17, 7, 19, 1, -14),
        Glyph::new(4365, 10, 3, 12, 1, -7),
    ],
    bitmap: &[
        0xF0, 0xF0, 0xF0, 0xF0, 0xF0, 0xE0, 0xE0, 0x60, 0x00, 0x60, 0xF0, 0xF0, 0x60, 0xEC, 0xEC,
        0xCC, 0xCC, 0xCC, 0x0C, 0x70, 0x1C, 0x70, 0x1C, 0x70, 0x7F, 0xFC, 0xFF, 0xFC, 0x1C, 0xE0,
        0x18, 0xE0, 0x18, 0xE0, 0xFF, 0xF8, 0xFF, 0xF8, 0x39, 0xE0, 0x39, 0xC0, 0x39, 0xC0, 0x0C,
        0x00, 0x0C, 0x00, 0x7F, 0x80, 0xFF, 0xC0, 0xED, 0x80, 0xEC, 0x00, 0xFC, 0x00, 0xFF, 0x80,
        0x3F, 0xC0, 0x0F, 0xE0, 0x0C, 0xE0, 0xED, 0xE0, 0xFF, 0xC0, 0x7F, 0x80, 0x0C, 0x00, 0x0C,
        0x00, 0x38, 0x0C, 0x00, 0xFE, 0x1C, 0x00, 0xEE, 0x38, 0x00, 0xC6, 0x30, 0x00, 0xC6, 0x60,
        0x00, 0xFE, 0xE0, 0x00, 0x7C, 0xCF, 0x80, 0x01, 0x9F, 0x80, 0x03, 0xB9, 0xC0, 0x07, 0x38,
        0xC0, 0x06, 0x39, 0xC0, 0x0C, 0x1F, 0x80, 0x1C, 0x0F, 0x00, 0x1E, 0x00, 0x3F, 0x80, 0x3B,
        0x80, 0x71, 0x80, 0x39, 0x80, 0x3F, 0x00, 0x3E, 0x30, 0x7E, 0x70, 0xF7, 0x70, 0xE3, 0xE0,
        0xE3, 0xE0, 0xF3, 0xE0, 0x7F, 0xF0, 0x3E, 0x78, 0xE0, 0xE0, 0xC0, 0xC0, 0xC0, 0x30, 0x70,
        0x60, 0xE0, 0xE0, 0xE0, 0xE0, 0xE0, 0xE0, 0xE0, 0xE0, 0xE0, 0x70, 0x70, 0x38, 0x38, 0x70,
        0x70, 0x38, 0x38, 0x38, 0x18, 0x1C, 0x1C, 0x1C, 0x18, 0x38, 0x38, 0x38, 0x70, 0x70, 0xE0,
        0x30, 0x30, 0xFC, 0x78, 0x78, 0x68, 0x0C, 0x00, 0x0C, 0x00, 0x0C, 0x00, 0x0C, 0x00, 0xFF,
        0xC0, 0xFF, 0xC0, 0x0E, 0x00, 0x0C, 0x00, 0x0C, 0x00, 0x0C, 0x00, 0xE0, 0xE0, 0xE0, 0x60,
        0x40, 0xC0, 0xFE, 0xFE, 0xE0, 0xE0, 0xE0, 0xE0, 0x07, 0x07, 0x07, 0x0E, 0x0E, 0x1C, 0x1C,
        0x1C, 0x38, 0x38, 0x70, 0x70, 0xF0, 0x1F, 0x00, 0x3F, 0xC0, 0x7B, 0xC0, 0xF0, 0xE0, 0xF8,
        0xE0, 0xEC, 0xE0, 0xE6, 0xE0, 0xE6, 0xE0, 0xE3, 0xE0, 0xF1, 0xE0, 0x7B, 0xC0, 0x3F, 0xC0,
        0x1F, 0x00, 0x1C, 0x1C, 0xFC, 0xFC, 0x1C, 0x1C, 0x1C, 0x1C, 0x1C, 0x1C, 0x1C, 0x1C, 0x1C,
        0x1F, 0x00, 0x7F, 0x80, 0xF3, 0xC0, 0x21, 0xC0, 0x01, 0xC0, 0x03, 0x80, 0x07, 0x80, 0x0F,
        0x00, 0x1E, 0x00, 0x78, 0x00, 0xF0, 0x00, 0xFF, 0xC0, 0xFF, 0xC0, 0x3F, 0x00, 0x7F, 0x80,
        0xF3, 0xC0, 0x01, 0xC0, 0x03, 0x80, 0x1F, 0x80, 0x1F, 0x80, 0x07, 0xC0, 0x01, 0xC0, 0x61,
        0xC0, 0xF3, 0xC0, 0x7F, 0x80, 0x3E, 0x00, 0x01, 0xC0, 0x03, 0xC0, 0x07, 0xC0, 0x0F, 0xC0,
        0x1F, 0xC0, 0x1D, 0xC0, 0x39, 0xC0, 0x71, 0xC0, 0xFF, 0xF0, 0xFF, 0xF0, 0x01, 0xC0, 0x01,
        0xC0, 0x01, 0xC0, 0x7F, 0xC0, 0x7F, 0xC0, 0xE0, 0x00, 0xE0, 0x00, 0xFF, 0x00, 0xFF, 0x80,
        0xE3, 0xC0, 0x01, 0xC0, 0x01, 0xC0, 0x61, 0xC0, 0xF3, 0xC0, 0x7F, 0x80, 0x3E, 0x00, 0x1F,
        0x00, 0x3F, 0x80, 0x7B, 0x00, 0x70, 0x00, 0xEF, 0x00, 0xFF, 0x80, 0xFB, 0xC0, 0xE1, 0xC0,
        0xE1, 0xE0, 0xE1, 0xC0, 0x7B, 0xC0, 0x7F, 0x80, 0x1F, 0x00, 0xFF, 0xC0, 0xFF, 0xC0, 0x01,
        0xC0, 0x03, 0xC0, 0x03, 0x80, 0x07, 0x80, 0x07, 0x00, 0x0F, 0x00, 0x0E, 0x00, 0x1E, 0x00,
        0x1C, 0x00, 0x3C, 0x00, 0x38, 0x00, 0x1E, 0x00, 0x3F, 0x00, 0x3B, 0x80, 0x71, 0x80, 0x3B,
        0x80, 0x3F, 0x80, 0x7F, 0xC0, 0xF1, 0xC0, 0xE0, 0xE0, 0xE1, 0xE0, 0xF3, 0xC0, 0x7F, 0xC0,
        0x3F, 0x00, 0x3E, 0x00, 0x7F, 0x00, 0xF7, 0x80, 0xE3, 0x80, 0xC1, 0x80, 0xE3, 0x80, 0xF7,
        0x80, 0x7F, 0x00, 0x3F, 0x00, 0x0E, 0x00, 0x0E, 0x00, 0x1C, 0x00, 0x1C, 0x00, 0xE0, 0xE0,
        0xE0, 0xE0, 0x00, 0x00, 0xE0, 0xE0, 0xE0, 0xE0, 0xE0, 0xE0, 0xE0, 0xE0, 0x00, 0x00, 0x00,
        0xE0, 0xE0, 0xE0, 0x60, 0x40, 0xC0, 0x00, 0xC0, 0x03, 0xC0, 0x1F, 0x80, 0x7E, 0x00, 0xF8,
        0x00, 0xF8, 0x00, 0x7E, 0x00, 0x1F, 0x80, 0x03, 0xC0, 0x00, 0xC0, 0xFF, 0xC0, 0xFF, 0xC0,
        0x00, 0x00, 0x00, 0x00, 0xFF, 0xC0, 0xFF, 0xC0, 0x80, 0x00, 0xF0, 0x00, 0xFC, 0x00, 0x3F,
        0x00, 0x07, 0xC0, 0x07, 0xC0, 0x3F, 0x80, 0xFC, 0x00, 0xF0, 0x00, 0xC0, 0x00, 0x3F, 0x00,
        0x7F, 0xC0, 0xF3, 0xC0, 0x01, 0xC0, 0x03, 0xC0, 0x0F, 0x80, 0x1E, 0x00, 0x1C, 0x00, 0x00,
        0x00, 0x18, 0x00, 0x3C, 0x00, 0x3C, 0x00, 0x18, 0x00, 0x0F, 0x80, 0x38, 0xE0, 0x60, 0x30,
        0x47, 0x98, 0xCF, 0x88, 0x9D, 0x88, 0x99, 0x88, 0x99, 0xD8, 0x9F, 0xF8, 0x4E, 0x70, 0x60,
        0x00, 0x38, 0x80, 0x0F, 0x80, 0x07, 0x80, 0x07, 0x80, 0x0F, 0xC0, 0x0F, 0xC0, 0x1D, 0xC0,
        0x1C, 0xE0, 0x1C, 0xE0, 0x38, 0xF0, 0x3F, 0xF0, 0x7F, 0xF0, 0x7F, 0xF8, 0x70, 0x38, 0xF0,
        0x3C, 0xFF, 0x80, 0xFF, 0xC0, 0xE1, 0xE0, 0xE1, 0xE0, 0xE1, 0xE0, 0xFF, 0xC0, 0xFF, 0xC0,
        0xE1, 0xE0, 0xE0, 0xE0, 0xE0, 0xE0, 0xE1, 0xE0, 0xFF, 0xC0, 0xFF, 0x80, 0x0F, 0x80, 0x3F,
        0xE0, 0x79, 0xF0, 0xF0, 0x40, 0xE0, 0x00, 0xE0, 0x00, 0xE0, 0x00, 0xE0, 0x00, 0xE0, 0x00,
        0xF0, 0x40, 0x79, 0xF0, 0x3F, 0xE0, 0x0F, 0x80, 0xFF, 0x00, 0xFF, 0xC0, 0xE3, 0xE0, 0xE0,
        0xE0, 0xE0, 0xF0, 0xE0, 0x70, 0xE0, 0x70, 0xE0, 0x70, 0xE0, 0xF0, 0xE0, 0xE0, 0xE3, 0xE0,
        0xFF, 0xC0, 0xFF, 0x00, 0xFF, 0xC0, 0xFF, 0xC0, 0xE0, 0x00, 0xE0, 0x00, 0xE0, 0x00, 0xFE,
        0x00, 0xFE, 0x00, 0xE0, 0x00, 0xE0, 0x00, 0xE0, 0x00, 0xE0, 0x00, 0xFF, 0xC0, 0xFF, 0xC0,
        0xFF, 0x80, 0xFF, 0x80, 0xE0, 0x00, 0xE0, 0x00, 0xE0, 0x00, 0xFF, 0x80, 0xFF, 0x80, 0xE0,
        0x00, 0xE0, 0x00, 0xE0, 0x00, 0xE0, 0x00, 0xE0, 0x00, 0xE0, 0x00, 0x0F, 0x80, 0x3F, 0xE0,
        0x78, 0xE0, 0xF0, 0x00, 0xE0, 0x00, 0xE0, 0x00, 0xE3, 0xF8, 0xE3, 0xF8, 0xE0, 0x78, 0xF0,
        0x78, 0x78, 0xF8, 0x3F, 0xF8, 0x1F, 0xB8, 0xE0, 0x70, 0xE0, 0x70, 0xE0, 0x70, 0xE0, 0x70,
        0xE0, 0x70, 0xFF, 0xF0, 0xFF, 0xF0, 0xE0, 0xF0, 0xE0, 0x70, 0xE0, 0x70, 0xE0, 0x70, 0xE0,
        0x70, 0xE0, 0x70, 0xFE, 0xFE, 0x38, 0x38, 0x38, 0x38, 0x38, 0x38, 0x38, 0x38, 0x38, 0xFE,
        0xFE, 0x01, 0xC0, 0x01, 0xC0, 0x01, 0xC0, 0x01, 0xC0, 0x01, 0xC0, 0x01, 0xC0, 0x01, 0xC0,
        0x01, 0xC0, 0x01, 0xC0, 0xE1, 0xC0, 0x7F, 0xC0, 0x7F, 0x80, 0x1F, 0x00, 0xE1, 0xE0, 0xE3,
        0xC0, 0xE3, 0x80, 0xE7, 0x00, 0xEE, 0x00, 0xFE, 0x00, 0xFE, 0x00, 0xFF, 0x00, 0xF7, 0x80,
        0xE3, 0x80, 0xE3, 0xC0, 0xE1, 0xE0, 0xE0, 0xF0, 0xE0, 0x00, 0xE0, 0x00, 0xE0, 0x00, 0xE0,
        0x00, 0xE0, 0x00, 0xE0, 0x00, 0xE0, 0x00, 0xE0, 0x00, 0xE0, 0x00, 0xE0, 0x00, 0xFF, 0x80,
        0xFF, 0x80, 0xFF, 0x80, 0xF8, 0x3E, 0xF8, 0x3E, 0xF8, 0x7E, 0xFC, 0x7E, 0xFC, 0x6E, 0xEC,
        0x6E, 0xEE, 0xEE, 0xEE, 0xCE, 0xE6, 0xCE, 0xE7, 0xCE, 0xE7, 0x8E, 0xE3, 0x8E, 0xE3, 0x8E,
        0xF0, 0x70, 0xF8, 0x70, 0xF8, 0x70, 0xFC, 0x70, 0xFC, 0x70, 0xEE, 0x70, 0xEF, 0x70, 0xE7,
        0x70, 0xE3, 0xF0, 0xE3, 0xF0, 0xE1, 0xF0, 0xE1, 0xF0, 0xE0, 0xF0, 0x0F, 0x80, 0x3F, 0xE0,
        0x7C, 0xF0, 0xF0, 0x78, 0xE0, 0x38, 0xE0, 0x38, 0xE0, 0x3C, 0xE0, 0x38, 0xE0, 0x38, 0xF0,
        0x78, 0x7C, 0xF0, 0x3F, 0xE0, 0x0F, 0x80, 0xFF, 0x80, 0xFF, 0xC0, 0xE3, 0xE0, 0xE0, 0xE0,
        0xE0, 0xE0, 0xE1, 0xE0, 0xFF, 0xC0, 0xFF, 0x80, 0xE0, 0x00, 0xE0, 0x00, 0xE0, 0x00, 0xE0,
        0x00, 0xE0, 0x00, 0x0F, 0x80, 0x3F, 0xE0, 0x7C, 0xF0, 0xF0, 0x78, 0xE0, 0x38, 0xE0, 0x38,
        0xE1, 0x3C, 0xE3, 0xBC, 0xE1, 0xF8, 0xF0, 0xF8, 0x7C, 0xF8, 0x3F, 0xFC, 0x0F, 0xDC, 0x00,
        0x08, 0xFF, 0x80, 0xFF, 0xC0, 0xE3, 0xE0, 0xE0, 0xE0, 0xE0, 0xE0, 0xE3, 0xE0, 0xFF, 0xC0,
        0xFF, 0x00, 0xE7, 0x00, 0xE3, 0x80, 0xE3, 0xC0, 0xE1, 0xE0, 0xE0, 0xE0, 0x1F, 0x00, 0x7F,
        0x80, 0xF3, 0xC0, 0xE0, 0x00, 0xF0, 0x00, 0xFF, 0x00, 0x7F, 0xC0, 0x0F, 0xE0, 0x01, 0xE0,
        0x60, 0xE0, 0xF3, 0xC0, 0x7F, 0xC0, 0x3F, 0x00, 0xFF, 0xF0, 0xFF, 0xF0, 0x0F, 0x00, 0x07,
        0x00, 0x07, 0x00, 0x07, 0x00, 0x07, 0x00, 0x07, 0x00, 0x07, 0x00, 0x07, 0x00, 0x07, 0x00,
        0x07, 0x00, 0x07, 0x00, 0xE0, 0xE0, 0xE0, 0xE0, 0xE0, 0xE0, 0xE0, 0xE0, 0xE0, 0xE0, 0xE0,
        0xE0, 0xE0, 0xE0, 0xE0, 0xE0, 0xE0, 0xE0, 0xE0, 0xE0, 0x7F, 0xE0, 0x7F, 0xC0, 0x1F, 0x80,
        0xF0, 0x78, 0x70, 0x70, 0x70, 0x70, 0x78, 0xF0, 0x38, 0xE0, 0x38, 0xE0, 0x3C, 0xE0, 0x1D,
        0xC0, 0x1D, 0xC0, 0x0F, 0xC0, 0x0F, 0x80, 0x0F, 0x80, 0x07, 0x80, 0xE1, 0xE3, 0x80, 0x71,
        0xE3, 0x80, 0x71, 0xE3, 0x80, 0x73, 0xE3, 0x80, 0x73, 0xE7, 0x00, 0x33, 0x77, 0x00, 0x3B,
        0x77, 0x00, 0x3B, 0x37, 0x00, 0x3F, 0x3E, 0x00, 0x1F, 0x3E, 0x00, 0x1E, 0x3E, 0x00, 0x1E,
        0x1E, 0x00, 0x1E, 0x1C, 0x00, 0xF0, 0xF0, 0x70, 0xE0, 0x79, 0xE0, 0x3F, 0xC0, 0x1F, 0x80,
        0x1F, 0x80, 0x0F, 0x00, 0x1F, 0x80, 0x1F, 0x80, 0x3F, 0xC0, 0x79, 0xE0, 0xF0, 0xF0, 0xE0,
        0x70, 0xE0, 0x70, 0xF0, 0xF0, 0x71, 0xE0, 0x79, 0xC0, 0x3F, 0xC0, 0x1F, 0x80, 0x1F, 0x00,
        0x0F, 0x00, 0x0E, 0x00, 0x0E, 0x00, 0x0E, 0x00, 0x0E, 0x00, 0x0E, 0x00, 0xFF, 0xC0, 0xFF,
        0xC0, 0x03, 0xC0, 0x07, 0x80, 0x07, 0x80, 0x0F, 0x00, 0x1E, 0x00, 0x3C, 0x00, 0x38, 0x00,
        0x78, 0x00, 0xF0, 0x00, 0xFF, 0xE0, 0xFF, 0xE0, 0xF8, 0xF8, 0xE0, 0xC0, 0xC0, 0xC0, 0xC0,
        0xC0, 0xC0, 0xC0, 0xC0, 0xC0, 0xC0, 0xE0, 0xF8, 0xF8, 0xF0, 0x70, 0x70, 0x38, 0x38, 0x1C,
        0x1C, 0x1C, 0x0E, 0x0E, 0x07, 0x07, 0x07, 0xF8, 0xF8, 0x38, 0x38, 0x38, 0x38, 0x38, 0x38,
        0x38, 0x38, 0x38, 0x38, 0x38, 0x38, 0xF8, 0xF8, 0x1C, 0x00, 0x1E, 0x00, 0x3E, 0x00, 0x3F,
        0x00, 0x73, 0x00, 0x73, 0x80, 0xE1, 0x80, 0xFF, 0xFF, 0xC0, 0xE0, 0x70, 0x3E, 0x00, 0x7F,
        0x00, 0xF7, 0x80, 0x03, 0x80, 0x1F, 0x80, 0xFF, 0x80, 0xE3, 0x80, 0xE7, 0x80, 0xFF, 0x80,
        0x7B, 0x80, 0xE0, 0x00, 0xE0, 0x00, 0xE0, 0x00, 0xEF, 0x00, 0xFF, 0x80, 0xF3, 0xC0, 0xE1,
        0xC0, 0xE1, 0xC0, 0xE1, 0xC0, 0xE1, 0xC0, 0xF3, 0xC0, 0xFF, 0x80, 0xEF, 0x00, 0x3E, 0x00,
        0x7F, 0x00, 0xF7, 0x80, 0xE0, 0x00, 0xE0, 0x00, 0xE0, 0x00, 0xE0, 0x00, 0xF3, 0x00, 0x7F,
        0x00, 0x3E, 0x00, 0x01, 0xC0, 0x01, 0xC0, 0x01, 0xC0, 0x3D, 0xC0, 0x7F, 0xC0, 0xF3, 0xC0,
        0xE1, 0xC0, 0xE1, 0xC0, 0xE1, 0xC0, 0xE1, 0xC0, 0xF3, 0xC0, 0x7F, 0xC0, 0x3D, 0xC0, 0x3E,
        0x00, 0x7F, 0x00, 0xF3, 0x80, 0xE1, 0xC0, 0xFF, 0xC0, 0xFF, 0xC0, 0xE0, 0x00, 0xF3, 0x00,
        0x7F, 0x80, 0x3E, 0x00, 0x3E, 0x3E, 0x38, 0x38, 0xFE, 0xFE, 0x78, 0x38, 0x38, 0x38, 0x38,
        0x38, 0x38, 0x38, 0x3D, 0xC0, 0x7F, 0xC0, 0xF3, 0xC0, 0xE1, 0xC0, 0xE1, 0xC0, 0xE1, 0xC0,
        0xE1, 0xC0, 0xF3, 0xC0, 0x7F, 0xC0, 0x3D, 0xC0, 0x01, 0xC0, 0x23, 0xC0, 0x7F, 0x80, 0x3F,
        0x00, 0xE0, 0x00, 0xE0, 0x00, 0xE0, 0x00, 0xEF, 0x00, 0xFF, 0x80, 0xF3, 0x80, 0xE3, 0x80,
        0xE3, 0x80, 0xE3, 0x80, 0xE3, 0x80, 0xE3, 0x80, 0xE3, 0x80, 0xE3, 0x80, 0x18, 0x3C, 0x3C,
        0x18, 0x00, 0xF8, 0xF8, 0x38, 0x38, 0x38, 0x38, 0x38, 0x38, 0x38, 0x38, 0x18, 0x38, 0x38,
        0x18, 0x00, 0x38, 0x38, 0x38, 0x38, 0x38, 0x38, 0x38, 0x38, 0x38, 0x38, 0x38, 0xF8, 0xF0,
        0xE0, 0x00, 0xE0, 0x00, 0xE0, 0x00, 0xE3, 0x80, 0xE7, 0x80, 0xEF, 0x00, 0xFE, 0x00, 0xFC,
        0x00, 0xFE, 0x00, 0xFF, 0x00, 0xE7, 0x00, 0xE3, 0x80, 0xE3, 0xC0, 0xE0, 0xE0, 0xE0, 0xE0,
        0xE0, 0xE0, 0xE0, 0xE0, 0xE0, 0xE0, 0xF0, 0xF8, 0x78, 0xEF, 0x3C, 0xFF, 0xFE, 0xF7, 0xCF,
        0xE3, 0xC7, 0xE3, 0x87, 0xE3, 0x87, 0xE3, 0x87, 0xE3, 0x87, 0xE3, 0x87, 0xE3, 0x87, 0xEF,
        0x00, 0xFF, 0x80, 0xF3, 0x80, 0xE3, 0x80, 0xE3, 0x80, 0xE3, 0x80, 0xE3, 0x80, 0xE3, 0x80,
        0xE3, 0x80, 0xE3, 0x80, 0x3E, 0x00, 0x7F, 0x80, 0xF7, 0x80, 0xE1, 0xC0, 0xE1, 0xC0, 0xE1,
        0xC0, 0xE1, 0xC0, 0xF7, 0x80, 0x7F, 0x80, 0x3E, 0x00, 0xEF, 0x00, 0xFF, 0x80, 0xF3, 0xC0,
        0xE1, 0xC0, 0xE1, 0xC0, 0xE1, 0xC0, 0xE1, 0xC0, 0xF3, 0xC0, 0xFF, 0x80, 0xEF, 0x00, 0xE0,
        0x00, 0xE0, 0x00, 0xE0, 0x00, 0x3D, 0xC0, 0x7F, 0xC0, 0xF3, 0xC0, 0xE1, 0xC0, 0xE1, 0xC0,
        0xE1, 0xC0, 0xE1, 0xC0, 0xF3, 0xC0, 0x7F, 0xC0, 0x3D, 0xC0, 0x01, 0xF0, 0x01, 0xF0, 0x00,
        0xF0, 0xEC, 0xFC, 0xFC, 0xF0, 0xE0, 0xE0, 0xE0, 0xE0, 0xE0, 0xE0, 0x3E, 0x00, 0xFF, 0x00,
        0xE7, 0x00, 0xE0, 0x00, 0xFE, 0x00, 0x3F, 0x80, 0x03, 0x80, 0xE7, 0x80, 0xFF, 0x00, 0x3E,
        0x00, 0x38, 0x38, 0xFE, 0xFE, 0x38, 0x38, 0x38, 0x38, 0x38, 0x3C, 0x3E, 0x1E, 0xE3, 0x80,
        0xE3, 0x80, 0xE3, 0x80, 0xE3, 0x80, 0xE3, 0x80, 0xE3, 0x80, 0xE3, 0x80, 0xF7, 0x80, 0x7F,
        0x80, 0x79, 0x80, 0xE1, 0xC0, 0x71, 0xC0, 0x71, 0xC0, 0x73, 0x80, 0x3B, 0x80, 0x3B, 0x80,
        0x3F, 0x00, 0x1F, 0x00, 0x1E, 0x00, 0x1E, 0x00, 0xE3, 0x9C, 0xE7, 0x9C, 0x77, 0x9C, 0x77,
        0x9C, 0x76, 0xF8, 0x76, 0xF8, 0x3C, 0xF8, 0x3C, 0xF8, 0x3C, 0xF0, 0x3C, 0x70, 0x71, 0xC0,
        0x7B, 0x80, 0x3F, 0x80, 0x1F, 0x00, 0x1E, 0x00, 0x1E, 0x00, 0x3F, 0x00, 0x3F, 0x80, 0x73,
        0xC0, 0xF1, 0xC0, 0xE1, 0xC0, 0x71, 0xC0, 0x73, 0x80, 0x73, 0x80, 0x3B, 0x80, 0x3F, 0x00,
        0x1F, 0x00, 0x1E, 0x00, 0x1E, 0x00, 0x0E, 0x00, 0x1C, 0x00, 0x7C, 0x00, 0x78, 0x00, 0xFF,
        0x80, 0xFF, 0x80, 0x0F, 0x00, 0x0F, 0x00, 0x1E, 0x00, 0x3C, 0x00, 0x78, 0x00, 0xF0, 0x00,
        0xFF, 0x80, 0xFF, 0x80, 0x1E, 0x3E, 0x38, 0x38, 0x38, 0x38, 0x78, 0xF0, 0xF0, 0x38, 0x38,
        0x38, 0x38, 0x38, 0x3E, 0x1E, 0xE0, 0xE0, 0xE0, 0xE0, 0xE0, 0xE0, 0xE0, 0xE0, 0xE0, 0xE0,
        0xE0, 0xE0, 0xE0, 0xE0, 0xE0, 0xE0, 0xE0, 0xF0, 0x70, 0x38, 0x38, 0x38, 0x38, 0x1C, 0x3C,
        0x38, 0x38, 0x38, 0x38, 0x70, 0xF0, 0xE0, 0x7B, 0x80, 0xFF, 0x00, 0xCF, 0x00, 0x60, 0xF0,
        0xF0, 0x60, 0x00, 0x60, 0xE0, 0xE0, 0xF0, 0xF0, 0xF0, 0xF0, 0xF0, 0x08, 0x00, 0x1C, 0x00,
        0x7F, 0x00, 0xFF, 0x80, 0xEA, 0x00, 0xE8, 0x00, 0xE8, 0x00, 0xE8, 0x00, 0xE8, 0x00, 0xFF,
        0x80, 0x7F, 0x00, 0x1C, 0x00, 0x08, 0x00, 0x1F, 0x00, 0x7F, 0xC0, 0x79, 0xC0, 0x70, 0x80,
        0x70, 0x00, 0x78, 0x00, 0xFF, 0x00, 0x3C, 0x00, 0x38, 0x00, 0x38, 0x00, 0x7E, 0x40, 0xFF,
        0xE0, 0x7F, 0xE0, 0x40, 0x00, 0xFF, 0x80, 0x7F, 0x80, 0x73, 0x80, 0x61, 0x80, 0x61, 0x80,
        0x73, 0x80, 0x7F, 0x80, 0xDE, 0xC0, 0xF0, 0x38, 0x78, 0x78, 0x38, 0xF0, 0x3C, 0xE0, 0x1D,
        0xE0, 0x1F, 0xC0, 0x0F, 0xC0, 0x07, 0x80, 0x1F, 0xE0, 0x07, 0x80, 0x1F, 0xE0, 0x07, 0x80,
        0x07, 0x00, 0xC0, 0xC0, 0xC0, 0xC0, 0xC0, 0xC0, 0x00, 0x00, 0x00, 0x00, 0xC0, 0xC0, 0xC0,
        0xC0, 0xC0, 0xC0, 0x1F, 0x00, 0x3F, 0x80, 0x7B, 0x80, 0x78, 0x00, 0x3E, 0x00, 0x3F, 0x80,
        0x77, 0xC0, 0xF1, 0xE0, 0x78, 0xE0, 0x3F, 0xC0, 0x1F, 0x80, 0x03, 0xC0, 0x01, 0xC0, 0x3B,
        0xC0, 0x3F, 0x80, 0x1F, 0x00, 0xEE, 0x6E, 0x0F, 0xC0, 0x18, 0x60, 0x20, 0x10, 0x47, 0x98,
        0xCF, 0xCC, 0xCC, 0x0C, 0x9C, 0x0C, 0xCC, 0x0C, 0xCF, 0xCC, 0x47, 0x88, 0x60, 0x10, 0x38,
        0x70, 0x0F, 0xC0, 0x78, 0x5C, 0x7C, 0xFC, 0xFC, 0x7C, 0x1D, 0xE0, 0x39, 0xC0, 0x7B, 0x80,
        0xF7, 0x80, 0xF7, 0x80, 0x7B, 0x80, 0x39, 0xC0, 0x1D, 0xE0, 0xFF, 0xC0, 0xFF, 0xC0, 0x00,
        0xC0, 0x00, 0xC0, 0x00, 0xC0, 0x00, 0xC0, 0x0F, 0xC0, 0x18, 0x60, 0x20, 0x10, 0x4F, 0x98,
        0xCC, 0xCC, 0xCC, 0xCC, 0x8F, 0x8C, 0xCD, 0x8C, 0xCD, 0xCC, 0x4C, 0xC8, 0x60, 0x10, 0x38,
        0x70, 0x0F, 0xC0, 0xFC, 0xFC, 0x78, 0xFC, 0xCC, 0xCC, 0xFC, 0x78, 0x0C, 0x00, 0x0C, 0x00,
        0xFF, 0xC0, 0xFF, 0xC0, 0x0E, 0x00, 0x0C, 0x00, 0x00, 0x00, 0x00, 0x00, 0xFF, 0xC0, 0xFF,
        0xC0, 0x78, 0x7C, 0x0C, 0x1C, 0x38, 0x70, 0xFC, 0xFC, 0x78, 0xFC, 0x0C, 0x1C, 0x3C, 0x0C,
        0xFC, 0x78, 0x30, 0x70, 0xE0, 0xE3, 0x80, 0xE3, 0x80, 0xE3, 0x80, 0xE3, 0x80, 0xE3, 0x80,
        0xE3, 0x80, 0xE3, 0x80, 0xF7, 0xC0, 0xFF, 0xE0, 0xF9, 0xE0, 0xE0, 0x00, 0xE0, 0x00, 0xE0,
        0x00, 0x7F, 0x80, 0xF3, 0x00, 0xF3, 0x00, 0xF3, 0x00, 0xF3, 0x00, 0xF3, 0x00, 0x73, 0x00,
        0x33, 0x00, 0x33, 0x00, 0x33, 0x00, 0x33, 0x00, 0x33, 0x00, 0x33, 0x00, 0x33, 0x00, 0x33,
        0x00, 0x33, 0x00, 0x60, 0xF0, 0xF0, 0x60, 0x40, 0xE0, 0x30, 0xE0, 0x30, 0xF0, 0xF0, 0x30,
        0x30, 0x30, 0x30, 0x30, 0x78, 0xFC, 0xCC, 0xCC, 0xFC, 0x78, 0xF7, 0x80, 0x7B, 0x80, 0x39,
        0xC0, 0x1D, 0xE0, 0x1D, 0xE0, 0x39, 0xC0, 0x7B, 0x80, 0xF7, 0x80, 0x30, 0x38, 0xF0, 0x70,
        0xF0, 0x60, 0x30, 0xE0, 0x31, 0xC0, 0x31, 0x80, 0x33, 0x1C, 0x07, 0x1C, 0x0E, 0x3C, 0x0C,
        0x6C, 0x1C, 0xFE, 0x38, 0xFE, 0x30, 0x0C, 0x30, 0x38, 0xF0, 0x70, 0xF0, 0x60, 0x30, 0xE0,
        0x31, 0xC0, 0x31, 0x80, 0x33, 0x3C, 0x07, 0x06, 0x0E, 0x06, 0x0C, 0x0C, 0x1C, 0x38, 0x38,
        0x7E, 0x30, 0x7E, 0xF0, 0x1C, 0x98, 0x38, 0x38, 0x30, 0x78, 0x60, 0x18, 0xE0, 0x99, 0xC0,
        0xF1, 0x86, 0x03, 0x8E, 0x07, 0x1E, 0x06, 0x36, 0x0C, 0x7F, 0x1C, 0x3F, 0x38, 0x06, 0x06,
        0x00, 0x0F, 0x00, 0x0F, 0x00, 0x06, 0x00, 0x00, 0x00, 0x0F, 0x00, 0x1E, 0x00, 0x7C, 0x00,
        0xF8, 0x00, 0xE0, 0x00, 0xF3, 0xC0, 0x7F, 0xC0, 0x3F, 0x00, 0x0C, 0x00, 0x0E, 0x00, 0x07,
        0x00, 0x00, 0x00, 0x00, 0x00, 0x07, 0x80, 0x07, 0x80, 0x0F, 0xC0, 0x0F, 0xC0, 0x1D, 0xC0,
        0x1C, 0xE0, 0x1C, 0xE0, 0x38, 0xF0, 0x3F, 0xF0, 0x7F, 0xF0, 0x7F, 0xF8, 0x70, 0x38, 0xF0,
        0x3C, 0x00, 0xC0, 0x01, 0xC0, 0x03, 0x80, 0x00, 0x00, 0x00, 0x00, 0x07, 0x80, 0x07, 0x80,
        0x0F, 0xC0, 0x0F, 0xC0, 0x1D, 0xC0, 0x1C, 0xE0, 0x1C, 0xE0, 0x38, 0xF0, 0x3F, 0xF0, 0x7F,
        0xF0, 0x7F, 0xF8, 0x70, 0x38, 0xF0, 0x3C, 0x03, 0x00, 0x07, 0x80, 0x0C, 0xC0, 0x00, 0x00,
        0x00, 0x00, 0x07, 0x80, 0x07, 0x80, 0x0F, 0xC0, 0x0F, 0xC0, 0x1D, 0xC0, 0x1C, 0xE0, 0x1C,
        0xE0, 0x38, 0xF0, 0x3F, 0xF0, 0x7F, 0xF0, 0x7F, 0xF8, 0x70, 0x38, 0xF0, 0x3C, 0x06, 0x40,
        0x0F, 0xC0, 0x19, 0xC0, 0x00, 0x00, 0x07, 0x80, 0x07, 0x80, 0x0F, 0xC0, 0x0F, 0xC0, 0x1D,
        0xC0, 0x1C, 0xE0, 0x1C, 0xE0, 0x38, 0xF0, 0x3F, 0xF0, 0x7F, 0xF0, 0x7F, 0xF8, 0x70, 0x38,
        0xF0, 0x3C, 0x0C, 0xC0, 0x0C, 0xC0, 0x00, 0x00, 0x07, 0x80, 0x07, 0x80, 0x0F, 0xC0, 0x0F,
        0xC0, 0x1D, 0xC0, 0x1C, 0xE0, 0x1C, 0xE0, 0x38, 0xF0, 0x3F, 0xF0, 0x7F, 0xF0, 0x7F, 0xF8,
        0x70, 0x38, 0xF0, 0x3C, 0x07, 0x00, 0x0F, 0x80, 0x0C, 0x80, 0x07, 0x80, 0x07, 0x80, 0x07,
        0x80, 0x0F, 0xC0, 0x0F, 0xC0, 0x1D, 0xC0, 0x1C, 0xE0, 0x1C, 0xE0, 0x38, 0xF0, 0x3F, 0xF0,
        0x7F, 0xF0, 0x7F, 0xF8, 0x70, 0x38, 0xF0, 0x3C, 0x00, 0x7F, 0xF0, 0x00, 0x7F, 0xF0, 0x00,
        0xF8, 0x00, 0x01, 0xF8, 0x00, 0x03, 0xF8, 0x00, 0x03, 0xBF, 0x80, 0x07, 0x3F, 0x80, 0x0E,
        0x38, 0x00, 0x1F, 0xF8, 0x00, 0x1F, 0xF8, 0x00, 0x38, 0x78, 0x00, 0x70, 0x3F, 0xF0, 0xF0,
        0x3F, 0xF0, 0x0F, 0x80, 0x3F, 0xE0, 0x79, 0xF0, 0xF0, 0x40, 0xE0, 0x00, 0xE0, 0x00, 0xE0,
        0x00, 0xE0, 0x00, 0xE0, 0x00, 0xF0, 0x40, 0x79, 0xF0, 0x3F, 0xE0, 0x0F, 0x80, 0x04, 0x00,
        0x07, 0x00, 0x03, 0x00, 0x0F, 0x00, 0x30, 0x00, 0x38, 0x00, 0x1C, 0x00, 0x00, 0x00, 0x00,
        0x00, 0xFF, 0xC0, 0xFF, 0xC0, 0xE0, 0x00, 0xE0, 0x00, 0xE0, 0x00, 0xFE, 0x00, 0xFE, 0x00,
        0xE0, 0x00, 0xE0, 0x00, 0xE0, 0x00, 0xE0, 0x00, 0xFF, 0xC0, 0xFF, 0xC0, 0x03, 0x00, 0x07,
        0x00, 0x0E, 0x00, 0x00, 0x00, 0x00, 0x00, 0xFF, 0xC0, 0xFF, 0xC0, 0xE0, 0x00, 0xE0, 0x00,
        0xE0, 0x00, 0xFE, 0x00, 0xFE, 0x00, 0xE0, 0x00, 0xE0, 0x00, 0xE0, 0x00, 0xE0, 0x00, 0xFF,
        0xC0, 0xFF, 0xC0, 0x0C, 0x00, 0x1E, 0x00, 0x33, 0x00, 0x00, 0x00, 0x00, 0x00, 0xFF, 0xC0,
        0xFF, 0xC0, 0xE0, 0x00, 0xE0, 0x00, 0xE0, 0x00, 0xFE, 0x00, 0xFE, 0x00, 0xE0, 0x00, 0xE0,
        0x00, 0xE0, 0x00, 0xE0, 0x00, 0xFF, 0xC0, 0xFF, 0xC0, 0x33, 0x00, 0x33, 0x00, 0x00, 0x00,
        0xFF, 0xC0, 0xFF, 0xC0, 0xE0, 0x00, 0xE0, 0x00, 0xE0, 0x00, 0xFE, 0x00, 0xFE, 0x00, 0xE0,
        0x00, 0xE0, 0x00, 0xE0, 0x00, 0xE0, 0x00, 0xFF, 0xC0, 0xFF, 0xC0, 0x60, 0x70, 0x38, 0x00,
        0x00, 0xFE, 0xFE, 0x38, 0x38, 0x38, 0x38, 0x38, 0x38, 0x38, 0x38, 0x38, 0xFE, 0xFE, 0x04,
        0x0C, 0x18, 0x00, 0x00, 0xFE, 0xFE, 0x38, 0x38, 0x38, 0x38, 0x38, 0x38, 0x38, 0x38, 0x38,
        0xFE, 0xFE, 0x18, 0x7C, 0xEE, 0x00, 0x00, 0xFE, 0xFE, 0x38, 0x38, 0x38, 0x38, 0x38, 0x38,
        0x38, 0x38, 0x38, 0xFE, 0xFE, 0xEE, 0x66, 0x00, 0xFE, 0xFE, 0x38, 0x38, 0x38, 0x38, 0x38,
        0x38, 0x38, 0x38, 0x38, 0xFE, 0xFE, 0x1F, 0xE0, 0x1F, 0xF8, 0x1C, 0x7C, 0x1C, 0x1C, 0x1C,
        0x1E, 0xFE, 0x1E, 0xFE, 0x1E, 0x3C, 0x1E, 0x1C, 0x1E, 0x1C, 0x1C, 0x1C, 0x7C, 0x1F, 0xF8,
        0x1F, 0xE0, 0x0C, 0x40, 0x1F, 0xC0, 0x1B, 0x80, 0x00, 0x00, 0xF0, 0x70, 0xF8, 0x70, 0xF8,
        0x70, 0xFC, 0x70, 0xFC, 0x70, 0xEE, 0x70, 0xEF, 0x70, 0xE7, 0x70, 0xE3, 0xF0, 0xE3, 0xF0,
        0xE1, 0xF0, 0xE1, 0xF0, 0xE0, 0xF0, 0x0C, 0x00, 0x0E, 0x00, 0x07, 0x00, 0x00, 0x00, 0x00,
        0x00, 0x0F, 0x80, 0x3F, 0xE0, 0x7C, 0xF0, 0xF0, 0x78, 0xE0, 0x38, 0xE0, 0x38, 0xE0, 0x3C,
        0xE0, 0x38, 0xE0, 0x38, 0xF0, 0x78, 0x7C, 0xF0, 0x3F, 0xE0, 0x0F, 0x80, 0x00, 0x80, 0x01,
        0x80, 0x03, 0x00, 0x00, 0x00, 0x00, 0x00, 0x0F, 0x80, 0x3F, 0xE0, 0x7C, 0xF0, 0xF0, 0x78,
        0xE0, 0x38, 0xE0, 0x38, 0xE0, 0x3C, 0xE0, 0x38, 0xE0, 0x38, 0xF0, 0x78, 0x7C, 0xF0, 0x3F,
        0xE0, 0x0F, 0x80, 0x03, 0x00, 0x0F, 0x80, 0x1D, 0xC0, 0x00, 0x00, 0x00, 0x00, 0x0F, 0x80,
        0x3F, 0xE0, 0x7C, 0xF0, 0xF0, 0x78, 0xE0, 0x38, 0xE0, 0x38, 0xE0, 0x3C, 0xE0, 0x38, 0xE0,
        0x38, 0xF0, 0x78, 0x7C, 0xF0, 0x3F, 0xE0, 0x0F, 0x80, 0x0E, 0x40, 0x1F, 0xC0, 0x19, 0x80,
        0x00, 0x00, 0x0F, 0x80, 0x3F, 0xE0, 0x7C, 0xF0, 0xF0, 0x78, 0xE0, 0x38, 0xE0, 0x38, 0xE0,
        0x3C, 0xE0, 0x38, 0xE0, 0x38, 0xF0, 0x78, 0x7C, 0xF0, 0x3F, 0xE0, 0x0F, 0x80, 0x1D, 0xC0,
        0x0C, 0xC0, 0x00, 0x00, 0x0F, 0x80, 0x3F, 0xE0, 0x7C, 0xF0, 0xF0, 0x78, 0xE0, 0x38, 0xE0,
        0x38, 0xE0, 0x3C, 0xE0, 0x38, 0xE0, 0x38, 0xF0, 0x78, 0x7C, 0xF0, 0x3F, 0xE0, 0x0F, 0x80,
        0x63, 0x00, 0xF7, 0x80, 0x7F, 0x00, 0x3E, 0x00, 0x3E, 0x00, 0x7F, 0x00, 0xF7, 0x80, 0x63,
        0x00, 0x0F, 0x90, 0x3F, 0xF0, 0x7C, 0xF0, 0xF0, 0xF8, 0xE1, 0xB8, 0xE1, 0x38, 0xE2, 0x3C,
        0xE6, 0x38, 0xFC, 0x38, 0xF8, 0x78, 0x7C, 0xF0, 0x7F, 0xE0, 0x4F, 0x80, 0x18, 0x00, 0x1C,
        0x00, 0x0E, 0x00, 0x00, 0x00, 0x00, 0x00, 0xE0, 0xE0, 0xE0, 0xE0, 0xE0, 0xE0, 0xE0, 0xE0,
        0xE0, 0xE0, 0xE0, 0xE0, 0xE0, 0xE0, 0xE0, 0xE0, 0xE0, 0xE0, 0xE0, 0xE0, 0x7F, 0xE0, 0x7F,
        0xC0, 0x1F, 0x80, 0x01, 0x00, 0x03, 0x00, 0x06, 0x00, 0x00, 0x00, 0x00, 0x00, 0xE0, 0xE0,
        0xE0, 0xE0, 0xE0, 0xE0, 0xE0, 0xE0, 0xE0, 0xE0, 0xE0, 0xE0, 0xE0, 0xE0, 0xE0, 0xE0, 0xE0,
        0xE0, 0xE0, 0xE0, 0x7F, 0xE0, 0x7F, 0xC0, 0x1F, 0x80, 0x06, 0x00, 0x1F, 0x00, 0x3B, 0x80,
        0x00, 0x00, 0x00, 0x00, 0xE0, 0xE0, 0xE0, 0xE0, 0xE0, 0xE0, 0xE0, 0xE0, 0xE0, 0xE0, 0xE0,
        0xE0, 0xE0, 0xE0, 0xE0, 0xE0, 0xE0, 0xE0, 0xE0, 0xE0, 0x7F, 0xE0, 0x7F, 0xC0, 0x1F, 0x80,
        0x3B, 0x80, 0x19, 0x80, 0x00, 0x00, 0xE0, 0xE0, 0xE0, 0xE0, 0xE0, 0xE0, 0xE0, 0xE0, 0xE0,
        0xE0, 0xE0, 0xE0, 0xE0, 0xE0, 0xE0, 0xE0, 0xE0, 0xE0, 0xE0, 0xE0, 0x7F, 0xE0, 0x7F, 0xC0,
        0x1F, 0x80, 0x01, 0x80, 0x03, 0x80, 0x07, 0x00, 0x00, 0x00, 0x00, 0x00, 0xE0, 0x70, 0xF0,
        0xF0, 0x71, 0xE0, 0x79, 0xC0, 0x3F, 0xC0, 0x1F, 0x80, 0x1F, 0x00, 0x0F, 0x00, 0x0E, 0x00,
        0x0E, 0x00, 0x0E, 0x00, 0x0E, 0x00, 0x0E, 0x00, 0xE0, 0x00, 0xE0, 0x00, 0xFF, 0x00, 0xFF,
        0xC0, 0xE3, 0xE0, 0xE1, 0xE0, 0xE1, 0xE0, 0xE1, 0xE0, 0xFF, 0xC0, 0xFF, 0x80, 0xE0, 0x00,
        0xE0, 0x00, 0xE0, 0x00, 0x3F, 0x00, 0x7F, 0x80, 0xF3, 0xC0, 0xE1, 0xC0, 0xE3, 0xC0, 0xE7,
        0x80, 0xE7, 0xC0, 0xE1, 0xE0, 0xE0, 0xE0, 0xE0, 0xE0, 0xE1, 0xE0, 0xE7, 0xC0, 0xE7, 0x80,
        0x30, 0x00, 0x38, 0x00, 0x1C, 0x00, 0x00, 0x00, 0x3E, 0x00, 0x7F, 0x00, 0xF7, 0x80, 0x03,
        0x80, 0x1F, 0x80, 0xFF, 0x80, 0xE3, 0x80, 0xE7, 0x80, 0xFF, 0x80, 0x7B, 0x80, 0x06, 0x00,
        0x06, 0x00, 0x0C, 0x00, 0x00, 0x00, 0x3E, 0x00, 0x7F, 0x00, 0xF7, 0x80, 0x03, 0x80, 0x1F,
        0x80, 0xFF, 0x80, 0xE3, 0x80, 0xE7, 0x80, 0xFF, 0x80, 0x7B, 0x80, 0x0C, 0x00, 0x3E, 0x00,
        0x77, 0x00, 0x00, 0x00, 0x3E, 0x00, 0x7F, 0x00, 0xF7, 0x80, 0x03, 0x80, 0x1F, 0x80, 0xFF,
        0x80, 0xE3, 0x80, 0xE7, 0x80, 0xFF, 0x80, 0x7B, 0x80, 0x39, 0x00, 0x7F, 0x00, 0x66, 0x00,
        0x00, 0x00, 0x3E, 0x00, 0x7F, 0x00, 0xF7, 0x80, 0x03, 0x80, 0x1F, 0x80, 0xFF, 0x80, 0xE3,
        0x80, 0xE7, 0x80, 0xFF, 0x80, 0x7B, 0x80, 0x77, 0x00, 0x33, 0x00, 0x00, 0x00, 0x3E, 0x00,
        0x7F, 0x00, 0xF7, 0x80, 0x03, 0x80, 0x1F, 0x80, 0xFF, 0x80, 0xE3, 0x80, 0xE7, 0x80, 0xFF,
        0x80, 0x7B, 0x80, 0x1C, 0x00, 0x3E, 0x00, 0x32, 0x00, 0x3E, 0x00, 0x1C, 0x00, 0x00, 0x00,
        0x3E, 0x00, 0x7F, 0x00, 0xF7, 0x80, 0x03, 0x80, 0x1F, 0x80, 0xFF, 0x80, 0xE3, 0x80, 0xE7,
        0x80, 0xFF, 0x80, 0x7B, 0x80, 0x3E, 0x78, 0x7F, 0xFE, 0x63, 0xC6, 0x03, 0x87, 0x7F, 0xFF,
        0xFF, 0xFF, 0xE3, 0x80, 0xE3, 0xCE, 0xFF, 0xFE, 0x7C, 0x7C, 0x3E, 0x00, 0x7F, 0x00, 0xF7,
        0x80, 0xE0, 0x00, 0xE0, 0x00, 0xE0, 0x00, 0xE0, 0x00, 0xF3, 0x00, 0x7F, 0x00, 0x3E, 0x00,
        0x08, 0x00, 0x1C, 0x00, 0x06, 0x00, 0x1C, 0x00, 0x30, 0x00, 0x38, 0x00, 0x1C, 0x00, 0x00,
        0x00, 0x3E, 0x00, 0x7F, 0x00, 0xF3, 0x80, 0xE1, 0xC0, 0xFF, 0xC0, 0xFF, 0xC0, 0xE0, 0x00,
        0xF3, 0x00, 0x7F, 0x80, 0x3E, 0x00, 0x06, 0x00, 0x06, 0x00, 0x0C, 0x00, 0x00, 0x00, 0x3E,
        0x00, 0x7F, 0x00, 0xF3, 0x80, 0xE1, 0xC0, 0xFF, 0xC0, 0xFF, 0xC0, 0xE0, 0x00, 0xF3, 0x00,
        0x7F, 0x80, 0x3E, 0x00, 0x0C, 0x00, 0x3E, 0x00, 0x77, 0x00, 0x00, 0x00, 0x3E, 0x00, 0x7F,
        0x00, 0xF3, 0x80, 0xE1, 0xC0, 0xFF, 0xC0, 0xFF, 0xC0, 0xE0, 0x00, 0xF3, 0x00, 0x7F, 0x80,
        0x3E, 0x00, 0x77, 0x00, 0x33, 0x00, 0x00, 0x00, 0x3E, 0x00, 0x7F, 0x00, 0xF3, 0x80, 0xE1,
        0xC0, 0xFF, 0xC0, 0xFF, 0xC0, 0xE0, 0x00, 0xF3, 0x00, 0x7F, 0x80, 0x3E, 0x00, 0x40, 0x60,
        0x30, 0x00, 0xF8, 0xF8, 0x38, 0x38, 0x38, 0x38, 0x38, 0x38, 0x38, 0x38, 0x0C, 0x1C, 0x38,
        0x00, 0xF8, 0xF8, 0x38, 0x38, 0x38, 0x38, 0x38, 0x38, 0x38, 0x38, 0x30, 0x78, 0xCE, 0x00,
        0xF8, 0xF8, 0x38, 0x38, 0x38, 0x38, 0x38, 0x38, 0x38, 0x38, 0xEC, 0xCC, 0x00, 0xF8, 0xF8,
        0x38, 0x38, 0x38, 0x38, 0x38, 0x38, 0x38, 0x38, 0x3F, 0x00, 0x3F, 0x00, 0x0F, 0x80, 0x0B,
        0x80, 0x01, 0xC0, 0x3D, 0xC0, 0x7F, 0xC0, 0xF7, 0xC0, 0xE1, 0xC0, 0xE1, 0xC0, 0xE1, 0xC0,
        0xF3, 0x80, 0x7F, 0x00, 0x3E, 0x00, 0x19, 0x00, 0x3F, 0x80, 0x27, 0x00, 0x00, 0x00, 0xEF,
        0x00, 0xFF, 0x80, 0xF3, 0x80, 0xE3, 0x80, 0xE3, 0x80, 0xE3, 0x80, 0xE3, 0x80, 0xE3, 0x80,
        0xE3, 0x80, 0xE3, 0x80, 0x30, 0x00, 0x38, 0x00, 0x1C, 0x00, 0x00, 0x00, 0x3E, 0x00, 0x7F,
        0x80, 0xF7, 0x80, 0xE1, 0xC0, 0xE1, 0xC0, 0xE1, 0xC0, 0xE1, 0xC0, 0xF7, 0x80, 0x7F, 0x80,
        0x3E, 0x00, 0x02, 0x00, 0x06, 0x00, 0x0C, 0x00, 0x00, 0x00, 0x3E, 0x00, 0x7F, 0x80, 0xF7,
        0x80, 0xE1, 0xC0, 0xE1, 0xC0, 0xE1, 0xC0, 0xE1, 0xC0, 0xF7, 0x80, 0x7F, 0x80, 0x3E, 0x00,
        0x0C, 0x00, 0x3E, 0x00, 0x73, 0x00, 0x00, 0x00, 0x3E, 0x00, 0x7F, 0x80, 0xF7, 0x80, 0xE1,
        0xC0, 0xE1, 0xC0, 0xE1, 0xC0, 0xE1, 0xC0, 0xF7, 0x80, 0x7F, 0x80, 0x3E, 0x00, 0x39, 0x00,
        0x3F, 0x00, 0x67, 0x00, 0x00, 0x00, 0x3E, 0x00, 0x7F, 0x80, 0xF7, 0x80, 0xE1, 0xC0, 0xE1,
        0xC0, 0xE1, 0xC0, 0xE1, 0xC0, 0xF7, 0x80, 0x7F, 0x80, 0x3E, 0x00, 0x37, 0x00, 0x33, 0x00,
        0x00, 0x00, 0x3E, 0x00, 0x7F, 0x80, 0xF7, 0x80, 0xE1, 0xC0, 0xE1, 0xC0, 0xE1, 0xC0, 0xE1,
        0xC0, 0xF7, 0x80, 0x7F, 0x80, 0x3E, 0x00, 0x0C, 0x00, 0x1C, 0x00, 0x0C, 0x00, 0x00, 0x00,
        0xFF, 0xC0, 0xFF, 0xC0, 0x00, 0x00, 0x0C, 0x00, 0x1C, 0x00, 0x0C, 0x00, 0x3E, 0x80, 0x7F,
        0x80, 0xF7, 0x80, 0xE7, 0xC0, 0xED, 0xC0, 0xF9, 0xC0, 0xF1, 0xC0, 0xF7, 0x80, 0xFF, 0x80,
        0xFE, 0x00, 0x30, 0x00, 0x38, 0x00, 0x1C, 0x00, 0x00, 0x00, 0xE3, 0x80, 0xE3, 0x80, 0xE3,
        0x80, 0xE3, 0x80, 0xE3, 0x80, 0xE3, 0x80, 0xE3, 0x80, 0xF7, 0x80, 0x7F, 0x80, 0x79, 0x80,
        0x06, 0x00, 0x06, 0x00, 0x0C, 0x00, 0x00, 0x00, 0xE3, 0x80, 0xE3, 0x80, 0xE3, 0x80, 0xE3,
        0x80, 0xE3, 0x80, 0xE3, 0x80, 0xE3, 0x80, 0xF7, 0x80, 0x7F, 0x80, 0x79, 0x80, 0x0C, 0x00,
        0x3E, 0x00, 0x77, 0x00, 0x00, 0x00, 0xE3, 0x80, 0xE3, 0x80, 0xE3, 0x80, 0xE3, 0x80, 0xE3,
        0x80, 0xE3, 0x80, 0xE3, 0x80, 0xF7, 0x80, 0x7F, 0x80, 0x79, 0x80, 0x77, 0x00, 0x33, 0x00,
        0x00, 0x00, 0xE3, 0x80, 0xE3, 0x80, 0xE3, 0x80, 0xE3, 0x80, 0xE3, 0x80, 0xE3, 0x80, 0xE3,
        0x80, 0xF7, 0x80, 0x7F, 0x80, 0x79, 0x80, 0x03, 0x00, 0x07, 0x00, 0x0E, 0x00, 0x00, 0x00,
        0xE1, 0xC0, 0x71, 0xC0, 0x73, 0x80, 0x73, 0x80, 0x3B, 0x80, 0x3F, 0x00, 0x1F, 0x00, 0x1E,
        0x00, 0x1E, 0x00, 0x0E, 0x00, 0x1C, 0x00, 0x7C, 0x00, 0x78, 0x00, 0xE0, 0x00, 0xE0, 0x00,
        0xE0, 0x00, 0xEF, 0x00, 0xFF, 0x80, 0xF3, 0xC0, 0xE1, 0xC0, 0xE1, 0xC0, 0xE1, 0xC0, 0xE1,
        0xC0, 0xF3, 0xC0, 0xFF, 0x80, 0xEF, 0x00, 0xE0, 0x00, 0xE0, 0x00, 0xE0, 0x00, 0x3B, 0x00,
        0x33, 0x00, 0x00, 0x00, 0xE1, 0xC0, 0x71, 0xC0, 0x73, 0x80, 0x73, 0x80, 0x3B, 0x80, 0x3F,
        0x00, 0x1F, 0x00, 0x1E, 0x00, 0x1E, 0x00, 0x0E, 0x00, 0x1C, 0x00, 0x7C, 0x00, 0x78, 0x00,
        0xFF, 0xFF, 0xFF, 0xFE, 0xFF, 0xFE, 0x60, 0x60, 0xE0, 0xE0, 0xF0, 0x60, 0x60, 0xF0, 0xF0,
        0x60, 0x60, 0xC0, 0x60, 0xF0, 0xF0, 0x60, 0x60, 0xC0, 0x63, 0x66, 0xE6, 0xEF, 0xFF, 0x66,
        0x66, 0xFF, 0xFF, 0x67, 0x66, 0xC6, 0x66, 0xFF, 0xFF, 0x67, 0x66, 0xC6, 0x38, 0x7C, 0xFE,
        0xFE, 0xFE, 0x7C, 0x38, 0x63, 0x18, 0xF7, 0xBC, 0xF7, 0xBC, 0x63, 0x18, 0x3C, 0x38, 0x70,
        0xF0, 0xF0, 0x70, 0x38, 0x3C, 0xF0, 0x70, 0x38, 0x3C, 0x3C, 0x38, 0x70, 0xF0, 0x0F, 0x80,
        0x1F, 0xE0, 0x3C, 0xF0, 0x78, 0x00, 0xFF, 0x00, 0x70, 0x00, 0x70, 0x00, 0xFC, 0x00, 0x70,
        0x00, 0x38, 0x40, 0x3C, 0xF0, 0x1F, 0xE0, 0x0F, 0x80, 0xFF, 0xE7, 0x80, 0xFF, 0xE7, 0x80,
        0x31, 0xE7, 0x80, 0x31, 0xFF, 0x80, 0x31, 0xBD, 0x80, 0x31, 0xBD, 0x80, 0x31, 0x99, 0x80,
        0xFF, 0xC0, 0xFF, 0xC0, 0xFF, 0xC0,
    ],
    line_height: 22,
};

// ATKINSON_STANDARD_LARGE: 24 px, cap 16, line height 26, gray 128
pub static ATKINSON_STANDARD_LARGE: BitmapFont = BitmapFont {
    glyphs: &[
        Glyph::new(0, 0, 0, 8, 0, 0),
        Glyph::new(0, 5, 16, 7, 1, -16),
        Glyph::new(16, 8, 6, 10, 1, -16),
        Glyph::new(22, 17, 16, 19, 1, -16),
        Glyph::new(70, 13, 20, 15, 1, -18),
        Glyph::new(110, 22, 16, 23, 1, -16),
        Glyph::new(158, 15, 17, 17, 1, -17),
        Glyph::new(192, 3, 6, 5, 1, -16),
        Glyph::new(198, 7, 20, 9, 1, -16),
        Glyph::new(218, 7, 20, 9, 1, -16),
        Glyph::new(238, 8, 7, 10, 1, -16),
        Glyph::new(245, 13, 12, 15, 1, -12),
        Glyph::new(269, 4, 8, 6, 1, -4),
        Glyph::new(277, 7, 3, 9, 1, -7),
        Glyph::new(280, 4, 5, 6, 1, -5),
        Glyph::new(285, 9, 16, 11, 1, -16),
        Glyph::new(317, 14, 16, 16, 1, -16),
        Glyph::new(349, 7, 16, 11, 1, -16),
        Glyph::new(365, 12, 16, 14, 1, -16),
        Glyph::new(397, 12, 16, 15, 1, -16),
        Glyph::new(429, 13, 16, 15, 1, -16),
        Glyph::new(461, 13, 16, 15, 1, -16),
        Glyph::new(493, 13, 16, 15, 1, -16),
        Glyph::new(525, 12, 16, 13, 0, -16),
        Glyph::new(557, 13, 16, 15, 1, -16),
        Glyph::new(589, 11, 16, 13, 1, -16),
        Glyph::new(621, 4, 12, 6, 1, -12),
        Glyph::new(633, 4, 16, 6, 1, -12),
        Glyph::new(649, 12, 12, 14, 1, -12),
        Glyph::new(673, 13, 7, 15, 1, -9),
        Glyph::new(687, 12, 12, 14, 1, -12),
        Glyph::new(711, 12, 16, 15, 1, -16),
        Glyph::new(743, 16, 16, 18, 1, -16),
        Glyph::new(775, 16, 16, 17, 0, -16),
        Glyph::new(807, 14, 16, 15, 1, -16),
        Glyph::new(839, 14, 16, 16, 1, -16),
        Glyph::new(871, 15, 16, 16, 1, -16),
        Glyph::new(903, 12, 16, 14, 1, -16),
        Glyph::new(935, 12, 16, 13, 1, -16),
        Glyph::new(967, 15, 16, 17, 1, -16),
        Glyph::new(999, 14, 16, 16, 1, -16),
        Glyph::new(1031, 9, 16, 11, 1, -16),
        Glyph::new(1063, 12, 16, 13, 0, -16),
        Glyph::new(1095, 14, 16, 16, 1, -16),
        Glyph::new(1127, 12, 16, 13, 1, -16),
        Glyph::new(1159, 18, 16, 20, 1, -16),
        Glyph::new(1207, 15, 16, 17, 1, -16),
        Glyph::new(1239, 16, 16, 18, 1, -16),
        Glyph::new(1271, 13, 16, 15, 1, -16),
        Glyph::new(1303, 17, 17, 19, 1, -16),
        Glyph::new(1354, 14, 16, 16, 1, -16),
        Glyph::new(1386, 13, 16, 15, 1, -16),
        Glyph::new(1418, 14, 16, 15, 0, -16),
        Glyph::new(1450, 14, 16, 16, 1, -16),
        Glyph::new(1482, 15, 16, 16, 0, -16),
        Glyph::new(1514, 21, 16, 21, 0, -16),
        Glyph::new(1562, 15, 16, 17, 1, -16),
        Glyph::new(1594, 15, 16, 16, 1, -16),
        Glyph::new(1626, 13, 16, 15, 1, -16),
        Glyph::new(1658, 6, 20, 8, 1, -16),
        Glyph::new(1678, 9, 16, 11, 1, -16),
        Glyph::new(1710, 6, 20, 8, 1, -16),
        Glyph::new(1730, 11, 9, 14, 2, -16),
        Glyph::new(1748, 10, 3, 10, 0, 0),
        Glyph::new(1754, 5, 3, 8, 1, -17),
        Glyph::new(1757, 11, 12, 13, 1, -12),
        Glyph::new(1781, 13, 16, 14, 1, -16),
        Glyph::new(1813, 11, 12, 12, 1, -12),
        Glyph::new(1837, 12, 16, 14, 1, -16),
        Glyph::new(1869, 12, 12, 14, 1, -12),
        Glyph::new(1893, 8, 17, 9, 0, -17),
        Glyph::new(1910, 12, 17, 14, 1, -12),
        Glyph::new(1944, 12, 16, 14, 1, -16),
        Glyph::new(1976, 6, 18, 8, 1, -18),
        Glyph::new(1994, 7, 22, 6, -2, -18),
        Glyph::new(2016, 12, 16, 14, 1, -16),
        Glyph::new(2048, 6, 16, 8, 1, -16),
        Glyph::new(2064, 19, 12, 21, 1, -12),
        Glyph::new(2100, 12, 12, 14, 1, -12),
        Glyph::new(2124, 12, 12, 14, 1, -12),
        Glyph::new(2148, 13, 16, 14, 1, -12),
        Glyph::new(2180, 15, 16, 14, 1, -12),
        Glyph::new(2212, 8, 12, 9, 1, -12),
        Glyph::new(2224, 11, 12, 13, 1, -12),
        Glyph::new(2248, 9, 15, 9, 0, -15),
        Glyph::new(2278, 11, 12, 14, 1, -12),
        Glyph::new(2302, 12, 12, 13, 0, -12),
        Glyph::new(2326, 17, 12, 17, 0, -12),
        Glyph::new(2362, 12, 12, 13, 0, -12),
        Glyph::new(2386, 12, 16, 12, 0, -12),
        Glyph::new(2418, 11, 12, 12, 1, -12),
        Glyph::new(2442, 7, 20, 9, 1, -16),
        Glyph::new(2462, 4, 20, 6, 1, -16),
        Glyph::new(2482, 7, 20, 9, 1, -16),
        Glyph::new(2502, 11, 4, 13, 1, -8),
        Glyph::new(2510, 0, 0, 8, 0, 0),
        Glyph::new(2510, 5, 16, 7, 1, -12),
        Glyph::new(2526, 11, 16, 12, 1, -14),
        Glyph::new(2558, 13, 16, 15, 1, -16),
        Glyph::new(2590, 11, 10, 14, 2, -12),
        Glyph::new(2610, 15, 16, 16, 1, -16),
        Glyph::new(2642, 3, 20, 5, 1, -16),
        Glyph::new(2662, 12, 20, 14, 1, -16),
        Glyph::new(2702, 8, 3, 11, 1, -17),
        Glyph::new(2705, 17, 16, 19, 1, -16),
        Glyph::new(2753, 7, 7, 9, 1, -17),
        Glyph::new(2760, 12, 10, 16, 2, -11),
        Glyph::new(2780, 13, 8, 15, 1, -10),
        Glyph::new(2796, 0, 0, 0, 0, 0),
        Glyph::new(2796, 17, 16, 19, 1, -16),
        Glyph::new(2844, 7, 3, 10, 1, -16),
        Glyph::new(2847, 8, 8, 10, 1, -16),
        Glyph::new(2855, 13, 12, 15, 1, -12),
        Glyph::new(2879, 7, 9, 10, 1, -19),
        Glyph::new(2888, 7, 9, 10, 1, -19),
        Glyph::new(2897, 4, 3, 8, 2, -17),
        Glyph::new(2900, 13, 16, 14, 1, -12),
        Glyph::new(2932, 11, 20, 12, 1, -16),
        Glyph::new(2972, 5, 5, 7, 1, -9),
        Glyph::new(2977, 5, 4, 8, 2, 0),
        Glyph::new(2981, 5, 9, 7, 1, -19),
        Glyph::new(2990, 8, 7, 10, 1, -17),
        Glyph::new(2997, 12, 10, 16, 2, -11),
        Glyph::new(3017, 18, 16, 20, 1, -16),
        Glyph::new(3065, 18, 16, 21, 1, -16),
        Glyph::new(3113, 20, 16, 23, 2, -16),
        Glyph::new(3161, 12, 16, 15, 2, -12),
        Glyph::new(3193, 16, 21, 17, 0, -21),
        Glyph::new(3235, 16, 21, 17, 0, -21),
        Glyph::new(3277, 16, 21, 17, 0, -21),
        Glyph::new(3319, 16, 20, 17, 0, -20),
        Glyph::new(3359, 16, 21, 17, 0, -21),
        Glyph::new(3401, 16, 20, 17, 0, -20),
        Glyph::new(3441, 24, 16, 24, 0, -16),
        Glyph::new(3489, 14, 20, 16, 1, -16),
        Glyph::new(3529, 12, 21, 14, 1, -21),
        Glyph::new(3571, 12, 21, 14, 1, -21),
        Glyph::new(3613, 12, 21, 14, 1, -21),
        Glyph::new(3655, 12, 21, 14, 1, -21),
        Glyph::new(3697, 9, 21, 11, 1, -21),
        Glyph::new(3739, 9, 21, 11, 1, -21),
        Glyph::new(3781, 9, 21, 11, 1, -21),
        Glyph::new(3823, 9, 21, 11, 1, -21),
        Glyph::new(3865, 18, 16, 19, 0, -16),
        Glyph::new(3913, 15, 20, 17, 1, -20),
        Glyph::new(3953, 16, 21, 18, 1, -21),
        Glyph::new(3995, 16, 21, 18, 1, -21),
        Glyph::new(4037, 16, 21, 18, 1, -21),
        Glyph::new(4079, 16, 20, 18, 1, -20),
        Glyph::new(4119, 16, 21, 18, 1, -21),
        Glyph::new(4161, 11, 10, 13, 1, -11),
        Glyph::new(4181, 16, 16, 18, 1, -16),
        Glyph::new(4213, 14, 21, 16, 1, -21),
        Glyph::new(4255, 14, 21, 16, 1, -21),
        Glyph::new(4297, 14, 21, 16, 1, -21),
        Glyph::new(4339, 14, 21, 16, 1, -21),
        Glyph::new(4381, 15, 21, 16, 1, -21),
        Glyph::new(4423, 13, 16, 15, 1, -16),
        Glyph::new(4455, 13, 16, 15, 1, -16),
        Glyph::new(4487, 11, 17, 13, 1, -17),
        Glyph::new(4521, 11, 17, 13, 1, -17),
        Glyph::new(4555, 11, 17, 13, 1, -17),
        Glyph::new(4589, 11, 16, 13, 1, -16),
        Glyph::new(4621, 11, 17, 13, 1, -17),
        Glyph::new(4655, 11, 19, 13, 1, -19),
        Glyph::new(4693, 20, 12, 21, 1, -12),
        Glyph::new(4729, 11, 16, 12, 1, -12),
        Glyph::new(4761, 12, 17, 14, 1, -17),
        Glyph::new(4795, 12, 17, 14, 1, -17),
        Glyph::new(4829, 12, 17, 14, 1, -17),
        Glyph::new(4863, 12, 17, 14, 1, -17),
        Glyph::new(4897, 6, 17, 7, 1, -17),
        Glyph::new(4914, 6, 17, 7, 1, -17),
        Glyph::new(4931, 8, 17, 7, 0, -17),
        Glyph::new(4948, 8, 17, 7, 0, -17),
        Glyph::new(4965, 12, 17, 14, 1, -17),
        Glyph::new(4999, 12, 16, 14, 1, -16),
        Glyph::new(5031, 12, 17, 14, 1, -17),
        Glyph::new(5065, 12, 17, 14, 1, -17),
        Glyph::new(5099, 12, 17, 14, 1, -17),
        Glyph::new(5133, 12, 16, 14, 1, -16),
        Glyph::new(5165, 12, 17, 14, 1, -17),
        Glyph::new(5199, 12, 12, 14, 1, -12),
        Glyph::new(5223, 12, 12, 14, 1, -12),
        Glyph::new(5247, 11, 17, 14, 1, -17),
        Glyph::new(5281, 11, 17, 14, 1, -17),
        Glyph::new(5315, 11, 17, 14, 1, -17),
        Glyph::new(5349, 11, 17, 14, 1, -17),
        Glyph::new(5383, 12, 21, 12, 0, -17),
        Glyph::new(5425, 13, 20, 14, 1, -16),
        Glyph::new(5465, 12, 21, 12, 0, -17),
        Glyph::new(5507, 10, 3, 12, 1, -7),
        Glyph::new(5513, 18, 3, 20, 1, -7),
        Glyph::new(5522, 5, 8, 7, 1, -16),
        Glyph::new(5530, 5, 8, 7, 1, -16),
        Glyph::new(5538, 5, 8, 7, 1, -4),
        Glyph::new(5546, 10, 8, 12, 1, -16),
        Glyph::new(5562, 10, 8, 12, 1, -16),
        Glyph::new(5578, 10, 8, 12, 1, -4),
        Glyph::new(5594, 8, 8, 11, 1, -10),
        Glyph::new(5602, 17, 5, 19, 1, -5),
        Glyph::new(5617, 7, 10, 10, 1, -11),
        Glyph::new(5627, 7, 10, 10, 1, -11),
        Glyph::new(5637, 15, 16, 16, 0, -16),
        Glyph::new(5669, 20, 8, 22, 1, -16),
        Glyph::new(5693, 12, 3, 14, 1, -7),
    ],
    bitmap: &[
        0xF8, 0xF8, 0xF8, 0xF8, 0xF8, 0xF0, 0xF0, 0x70, 0x70, 0x70, 0x00, 0x70, 0xF0, 0xF8, 0xF0,
        0x70, 0xEF, 0xE7, 0xE7, 0xE7, 0xE7, 0xE7, 0x0F, 0x1E, 0x00, 0x0F, 0x1C, 0x00, 0x0F, 0x1C,
        0x00, 0x7F, 0xFF, 0x80, 0x7F, 0xFF, 0x80, 0x7F, 0xFF, 0x80, 0x0E, 0x3C, 0x00, 0x1E, 0x38,
        0x00, 0x1E, 0x38, 0x00, 0x1E, 0x38, 0x00, 0xFF, 0xFF, 0x00, 0xFF, 0xFF, 0x00, 0xFF, 0xFF,
        0x00, 0x1C, 0x78, 0x00, 0x3C, 0x70, 0x00, 0x3C, 0x70, 0x00, 0x02, 0x00, 0x06, 0x00, 0x1F,
        0xC0, 0x7F, 0xE0, 0xFF, 0xF0, 0xF2, 0xF0, 0xF2, 0x00, 0xF6, 0x00, 0xFF, 0x80, 0x7F, 0xE0,
        0x1F, 0xF0, 0x07, 0xF8, 0x02, 0x78, 0x62, 0x78, 0xF2, 0x78, 0xFF, 0xF0, 0x7F, 0xF0, 0x1F,
        0xC0, 0x06, 0x00, 0x02, 0x00, 0x3C, 0x03, 0xC0, 0x7F, 0x03, 0x80, 0xFF, 0x07, 0x00, 0xE3,
        0x8E, 0x00, 0xC3, 0x8E, 0x00, 0xE3, 0x9C, 0x00, 0xFF, 0xB8, 0x00, 0x7F, 0x39, 0xE0, 0x3C,
        0x73, 0xF8, 0x00, 0xE7, 0xF8, 0x01, 0xC7, 0x1C, 0x01, 0xCE, 0x1C, 0x03, 0x87, 0x1C, 0x07,
        0x07, 0xF8, 0x07, 0x03, 0xF8, 0x0E, 0x01, 0xE0, 0x07, 0x80, 0x1F, 0xC0, 0x3F, 0xE0, 0x38,
        0xE0, 0x38, 0xE0, 0x3C, 0xE0, 0x3F, 0xE0, 0x1F, 0xC0, 0x1F, 0x8E, 0x7F, 0x8E, 0xFF, 0xDC,
        0xF1, 0xFC, 0xE1, 0xF8, 0xF0, 0xF8, 0xFF, 0xFC, 0x7F, 0xFC, 0x1F, 0x1E, 0xE0, 0xE0, 0xE0,
        0xE0, 0xE0, 0xE0, 0x3C, 0x38, 0x78, 0x70, 0x70, 0xF0, 0xE0, 0xE0, 0xE0, 0xE0, 0xE0, 0xE0,
        0xF0, 0xF0, 0x70, 0x70, 0x78, 0x38, 0x3C, 0x1E, 0x78, 0x38, 0x3C, 0x1C, 0x1C, 0x1C, 0x1E,
        0x1E, 0x1E, 0x0E, 0x0E, 0x1E, 0x1E, 0x1C, 0x1C, 0x3C, 0x38, 0x78, 0x70, 0xF0, 0x18, 0x18,
        0x7F, 0xFF, 0x3C, 0x3E, 0x76, 0x07, 0x00, 0x07, 0x00, 0x07, 0x00, 0x07, 0x00, 0x07, 0x00,
        0xFF, 0xF8, 0xFF, 0xF8, 0xFF, 0xF0, 0x07, 0x00, 0x07, 0x00, 0x07, 0x00, 0x07, 0x00, 0x60,
        0xF0, 0xF0, 0xF0, 0x70, 0x60, 0x60, 0xC0, 0xFE, 0xFE, 0xFE, 0x60, 0xF0, 0xF0, 0xF0, 0x60,
        0x07, 0x80, 0x07, 0x80, 0x07, 0x00, 0x0F, 0x00, 0x0E, 0x00, 0x1E, 0x00, 0x1E, 0x00, 0x1C,
        0x00, 0x3C, 0x00, 0x3C, 0x00, 0x38, 0x00, 0x78, 0x00, 0x70, 0x00, 0xF0, 0x00, 0xF0, 0x00,
        0xE0, 0x00, 0x0F, 0xC0, 0x3F, 0xE0, 0x3F, 0xF0, 0x78, 0x78, 0x7C, 0x78, 0xFC, 0x3C, 0xFE,
        0x3C, 0xF7, 0x3C, 0xF3, 0x3C, 0xF1, 0xBC, 0xF1, 0xFC, 0x70, 0xF8, 0x78, 0x78, 0x3F, 0xF0,
        0x1F, 0xE0, 0x0F, 0xC0, 0x0E, 0x0E, 0x1E, 0xFE, 0xFE, 0xFE, 0x0E, 0x0E, 0x0E, 0x0E, 0x0E,
        0x0E, 0x0E, 0x0E, 0x0E, 0x0E, 0x0F, 0x80, 0x3F, 0xE0, 0x7F, 0xE0, 0x70, 0xF0, 0x10, 0xF0,
        0x00, 0xF0, 0x00, 0xF0, 0x01, 0xE0, 0x03, 0xE0, 0x07, 0xC0, 0x0F, 0x00, 0x3E, 0x00, 0x7C,
        0x00, 0xFF, 0xF0, 0xFF, 0xF0, 0xFF, 0xF0, 0x1F, 0x80, 0x7F, 0xE0, 0xFF, 0xF0, 0xF0, 0xF0,
        0x00, 0xF0, 0x00, 0xF0, 0x0F, 0xE0, 0x0F, 0xC0, 0x0F, 0xE0, 0x01, 0xF0, 0x00, 0xF0, 0x20,
        0xF0, 0xF0, 0xF0, 0xFF, 0xF0, 0x7F, 0xE0, 0x1F, 0x80, 0x01, 0xE0, 0x03, 0xE0, 0x07, 0xE0,
        0x07, 0xE0, 0x0F, 0xE0, 0x1F, 0xE0, 0x1D, 0xE0, 0x39, 0xE0, 0x79, 0xE0, 0xF1, 0xE0, 0xFF,
        0xF8, 0xFF, 0xF8, 0xFF, 0xF8, 0x01, 0xE0, 0x01, 0xE0, 0x01, 0xE0, 0x7F, 0xF0, 0x7F, 0xF0,
        0x7F, 0xF0, 0x70, 0x00, 0x70, 0x00, 0xFF, 0x80, 0xFF, 0xE0, 0xFF, 0xF0, 0x70, 0xF0, 0x00,
        0x70, 0x00, 0x78, 0x00, 0x70, 0xF0, 0xF0, 0x7F, 0xF0, 0x3F, 0xE0, 0x1F, 0x80, 0x07, 0xC0,
        0x1F, 0xE0, 0x3F, 0xF0, 0x78, 0x00, 0x70, 0x00, 0x77, 0xC0, 0xFF, 0xE0, 0xFF, 0xF0, 0xF8,
        0xF8, 0xF0, 0x78, 0xF0, 0x78, 0x70, 0x78, 0x78, 0xF0, 0x7F, 0xF0, 0x3F, 0xE0, 0x0F, 0x80,
        0xFF, 0xF0, 0xFF, 0xF0, 0xFF, 0xF0, 0x00, 0xF0, 0x00, 0xF0, 0x01, 0xE0, 0x01, 0xE0, 0x03,
        0xC0, 0x03, 0xC0, 0x07, 0x80, 0x07, 0x80, 0x0F, 0x00, 0x0F, 0x00, 0x1E, 0x00, 0x1E, 0x00,
        0x3C, 0x00, 0x0F, 0x80, 0x1F, 0xC0, 0x3F, 0xE0, 0x38, 0xE0, 0x38, 0xE0, 0x38, 0xE0, 0x3F,
        0xE0, 0x3F, 0xE0, 0x7F, 0xF0, 0xF0, 0x78, 0xF0, 0x78, 0xF0, 0x78, 0xF0, 0x78, 0x7F, 0xF0,
        0x3F, 0xE0, 0x1F, 0xC0, 0x1F, 0x00, 0x3F, 0x80, 0x7F, 0xC0, 0xF1, 0xE0, 0xE0, 0xE0, 0xE0,
        0xE0, 0xE0, 0xE0, 0xF1, 0xE0, 0x7F, 0xE0, 0x3F, 0xC0, 0x1F, 0xC0, 0x07, 0x80, 0x07, 0x80,
        0x0F, 0x00, 0x0F, 0x00, 0x1E, 0x00, 0x60, 0xF0, 0xF0, 0xF0, 0x60, 0x00, 0x00, 0x60, 0xF0,
        0xF0, 0xF0, 0x60, 0x60, 0xF0, 0xF0, 0xF0, 0x60, 0x00, 0x00, 0x00, 0x60, 0xF0, 0xF0, 0xF0,
        0x70, 0x60, 0x60, 0xC0, 0x00, 0x30, 0x00, 0xF0, 0x07, 0xF0, 0x1F, 0xE0, 0x7F, 0x00, 0xF8,
        0x00, 0xF8, 0x00, 0x7F, 0x00, 0x1F, 0xE0, 0x07, 0xF0, 0x00, 0xF0, 0x00, 0x30, 0xFF, 0xF8,
        0xFF, 0xF8, 0xFF, 0xF0, 0x00, 0x00, 0xFF, 0xF0, 0xFF, 0xF8, 0xFF, 0xF8, 0xC0, 0x00, 0xF0,
        0x00, 0xFC, 0x00, 0x7F, 0x80, 0x0F, 0xE0, 0x03, 0xF0, 0x03, 0xF0, 0x0F, 0xE0, 0x7F, 0x80,
        0xFC, 0x00, 0xF0, 0x00, 0xC0, 0x00, 0x1F, 0xC0, 0x7F, 0xE0, 0xFF, 0xF0, 0x70, 0xF0, 0x00,
        0x70, 0x01, 0xF0, 0x07, 0xE0, 0x0F, 0x80, 0x0F, 0x00, 0x0E, 0x00, 0x00, 0x00, 0x0E, 0x00,
        0x1E, 0x00, 0x1F, 0x00, 0x1E, 0x00, 0x0E, 0x00, 0x07, 0xE0, 0x1F, 0xF8, 0x38, 0x1C, 0x70,
        0x06, 0x63, 0xE7, 0xC7, 0xE3, 0xCE, 0x63, 0xCC, 0x63, 0xCC, 0x63, 0xCE, 0xF3, 0xCF, 0xFE,
        0x67, 0x9C, 0x70, 0x00, 0x38, 0x00, 0x1F, 0xE0, 0x07, 0xE0, 0x03, 0xE0, 0x03, 0xE0, 0x07,
        0xE0, 0x07, 0xF0, 0x0F, 0xF0, 0x0F, 0x70, 0x0E, 0x78, 0x1E, 0x78, 0x1E, 0x3C, 0x1C, 0x3C,
        0x3F, 0xFC, 0x3F, 0xFE, 0x7F, 0xFE, 0x78, 0x0E, 0x78, 0x0F, 0xF0, 0x0F, 0xFF, 0xE0, 0xFF,
        0xF0, 0xFF, 0xF8, 0xF0, 0x78, 0xF0, 0x78, 0xF0, 0x78, 0xFF, 0xF0, 0xFF, 0xF0, 0xFF, 0xF8,
        0xF0, 0x7C, 0xF0, 0x3C, 0xF0, 0x3C, 0xF0, 0x7C, 0xFF, 0xF8, 0xFF, 0xF0, 0xFF, 0xE0, 0x07,
        0xE0, 0x1F, 0xF8, 0x3F, 0xFC, 0x7C, 0x3C, 0x78, 0x10, 0xF0, 0x00, 0xF0, 0x00, 0xF0, 0x00,
        0xF0, 0x00, 0xF0, 0x00, 0xF0, 0x00, 0x78, 0x00, 0x7C, 0x3C, 0x3F, 0xFC, 0x1F, 0xF8, 0x07,
        0xE0, 0xFF, 0x80, 0xFF, 0xF0, 0xFF, 0xF8, 0xF0, 0x78, 0xF0, 0x3C, 0xF0, 0x3C, 0xF0, 0x1C,
        0xF0, 0x1E, 0xF0, 0x1E, 0xF0, 0x1C, 0xF0, 0x3C, 0xF0, 0x3C, 0xF0, 0x78, 0xFF, 0xF8, 0xFF,
        0xF0, 0xFF, 0x80, 0xFF, 0xF0, 0xFF, 0xF0, 0xFF, 0xF0, 0xF0, 0x00, 0xF0, 0x00, 0xF0, 0x00,
        0xFF, 0x80, 0xFF, 0x80, 0xFF, 0x80, 0xF0, 0x00, 0xF0, 0x00, 0xF0, 0x00, 0xF0, 0x00, 0xFF,
        0xF0, 0xFF, 0xF0, 0xFF, 0xF0, 0xFF, 0xF0, 0xFF, 0xF0, 0xFF, 0xE0, 0xF0, 0x00, 0xF0, 0x00,
        0xF0, 0x00, 0xFF, 0xF0, 0xFF, 0xF0, 0xFF, 0xE0, 0xF0, 0x00, 0xF0, 0x00, 0xF0, 0x00, 0xF0,
        0x00, 0xF0, 0x00, 0xF0, 0x00, 0xF0, 0x00, 0x07, 0xE0, 0x1F, 0xF8, 0x3F, 0xFC, 0x7C, 0x38,
        0x78, 0x00, 0xF0, 0x00, 0xF0, 0x00, 0xF0, 0xFE, 0xF0, 0xFE, 0xF0, 0xFE, 0xF0, 0x0E, 0x78,
        0x1E, 0x7C, 0x1E, 0x3F, 0xFE, 0x1F, 0xFE, 0x07, 0xC6, 0xF0, 0x3C, 0xF0, 0x3C, 0xF0, 0x3C,
        0xF0, 0x3C, 0xF0, 0x3C, 0xF0, 0x3C, 0xFF, 0xFC, 0xFF, 0xFC, 0xFF, 0xFC, 0xF0, 0x3C, 0xF0,
        0x3C, 0xF0, 0x3C, 0xF0, 0x3C, 0xF0, 0x3C, 0xF0, 0x3C, 0xF0, 0x3C, 0xFF, 0x80, 0xFF, 0x80,
        0x7F, 0x00, 0x1C, 0x00, 0x1C, 0x00, 0x1C, 0x00, 0x1C, 0x00, 0x1C, 0x00, 0x1C, 0x00, 0x1C,
        0x00, 0x1C, 0x00, 0x1C, 0x00, 0x1C, 0x00, 0x7F, 0x00, 0xFF, 0x80, 0xFF, 0x80, 0x00, 0x70,
        0x00, 0x70, 0x00, 0x70, 0x00, 0x70, 0x00, 0x70, 0x00, 0x70, 0x00, 0x70, 0x00, 0x70, 0x00,
        0x70, 0x00, 0x70, 0x00, 0x70, 0x70, 0xF0, 0xF8, 0xF0, 0x7F, 0xE0, 0x3F, 0xE0, 0x1F, 0x80,
        0xF0, 0x7C, 0xF0, 0xF8, 0xF1, 0xF0, 0xF3, 0xE0, 0xF3, 0xC0, 0xF7, 0x80, 0xFF, 0x00, 0xFF,
        0x00, 0xFF, 0x80, 0xFF, 0xC0, 0xFB, 0xE0, 0xF1, 0xE0, 0xF0, 0xF0, 0xF0, 0xF8, 0xF0, 0x78,
        0xF0, 0x3C, 0xF0, 0x00, 0xF0, 0x00, 0xF0, 0x00, 0xF0, 0x00, 0xF0, 0x00, 0xF0, 0x00, 0xF0,
        0x00, 0xF0, 0x00, 0xF0, 0x00, 0xF0, 0x00, 0xF0, 0x00, 0xF0, 0x00, 0xF0, 0x00, 0xFF, 0xE0,
        0xFF, 0xF0, 0xFF, 0xF0, 0xFC, 0x0F, 0xC0, 0xFC, 0x0F, 0xC0, 0xFC, 0x0F, 0xC0, 0xFE, 0x1F,
        0xC0, 0xFE, 0x1F, 0xC0, 0xFE, 0x1F, 0xC0, 0xF7, 0x1F, 0xC0, 0xF7, 0x3B, 0xC0, 0xF7, 0x3B,
        0xC0, 0xF3, 0xBB, 0xC0, 0xF3, 0xF3, 0xC0, 0xF3, 0xF3, 0xC0, 0xF3, 0xF3, 0xC0, 0xF1, 0xE3,
        0xC0, 0xF1, 0xE3, 0xC0, 0xF1, 0xE3, 0xC0, 0xF8, 0x1E, 0xFC, 0x1E, 0xFC, 0x1E, 0xFE, 0x1E,
        0xFE, 0x1E, 0xFF, 0x1E, 0xF7, 0x1E, 0xF7, 0x9E, 0xF3, 0xDE, 0xF3, 0xDE, 0xF1, 0xFE, 0xF1,
        0xFE, 0xF0, 0xFE, 0xF0, 0x7E, 0xF0, 0x7E, 0xF0, 0x3E, 0x07, 0xE0, 0x1F, 0xF8, 0x3F, 0xFC,
        0x7C, 0x3E, 0x78, 0x1F, 0xF0, 0x0F, 0xF0, 0x0F, 0xF0, 0x0F, 0xF0, 0x0F, 0xF0, 0x0F, 0xF0,
        0x0F, 0x78, 0x1F, 0x7C, 0x3E, 0x3F, 0xFC, 0x1F, 0xF8, 0x07, 0xE0, 0xFF, 0xC0, 0xFF, 0xF0,
        0xFF, 0xF8, 0xF0, 0x78, 0xF0, 0x78, 0xF0, 0x78, 0xF0, 0x78, 0xFF, 0xF8, 0xFF, 0xF0, 0xFF,
        0x80, 0xF0, 0x00, 0xF0, 0x00, 0xF0, 0x00, 0xF0, 0x00, 0xF0, 0x00, 0xF0, 0x00, 0x07, 0xE0,
        0x00, 0x1F, 0xF8, 0x00, 0x3F, 0xFC, 0x00, 0x7C, 0x3E, 0x00, 0x78, 0x1F, 0x00, 0xF0, 0x0F,
        0x00, 0xF0, 0x0F, 0x00, 0xF0, 0x0F, 0x00, 0xF0, 0xEF, 0x00, 0xF1, 0xFF, 0x00, 0xF0, 0xFF,
        0x00, 0x78, 0x3F, 0x00, 0x7C, 0x3E, 0x00, 0x3F, 0xFF, 0x00, 0x1F, 0xFF, 0x80, 0x07, 0xE3,
        0x80, 0x00, 0x01, 0x00, 0xFF, 0xC0, 0xFF, 0xF0, 0xFF, 0xF8, 0xF0, 0x78, 0xF0, 0x78, 0xF0,
        0x78, 0xF0, 0x78, 0xFF, 0xF8, 0xFF, 0xF0, 0xFF, 0xC0, 0xF3, 0xC0, 0xF1, 0xE0, 0xF1, 0xF0,
        0xF0, 0xF0, 0xF0, 0x78, 0xF0, 0x3C, 0x1F, 0x80, 0x7F, 0xE0, 0xFF, 0xF0, 0xF0, 0xF0, 0xF0,
        0x00, 0xF0, 0x00, 0xFF, 0x00, 0x7F, 0xE0, 0x3F, 0xF0, 0x03, 0xF8, 0x00, 0x78, 0x20, 0x78,
        0xF0, 0x78, 0xFF, 0xF0, 0x7F, 0xE0, 0x1F, 0x80, 0xFF, 0xFC, 0xFF, 0xFC, 0xFF, 0xFC, 0x03,
        0x80, 0x03, 0x80, 0x03, 0x80, 0x03, 0x80, 0x03, 0x80, 0x03, 0x80, 0x03, 0x80, 0x03, 0x80,
        0x03, 0x80, 0x03, 0x80, 0x03, 0x80, 0x03, 0x80, 0x03, 0x80, 0xF0, 0x3C, 0xF0, 0x3C, 0xF0,
        0x3C, 0xF0, 0x3C, 0xF0, 0x3C, 0xF0, 0x3C, 0xF0, 0x3C, 0xF0, 0x3C, 0xF0, 0x3C, 0xF0, 0x3C,
        0xF0, 0x3C, 0xF0, 0x3C, 0x78, 0x78, 0x7F, 0xF8, 0x3F, 0xF0, 0x0F, 0xC0, 0xF0, 0x1E, 0x78,
        0x1E, 0x78, 0x1E, 0x78, 0x3C, 0x3C, 0x3C, 0x3C, 0x3C, 0x3C, 0x78, 0x1E, 0x78, 0x1E, 0x78,
        0x1E, 0x70, 0x0E, 0xF0, 0x0F, 0xF0, 0x0F, 0xE0, 0x07, 0xE0, 0x07, 0xE0, 0x07, 0xC0, 0xF0,
        0xF8, 0x78, 0x70, 0xF8, 0x78, 0x78, 0xF8, 0x70, 0x78, 0xF8, 0xF0, 0x78, 0xFC, 0xF0, 0x39,
        0xFC, 0xF0, 0x39, 0xDC, 0xE0, 0x3D, 0xDC, 0xE0, 0x3D, 0xDD, 0xE0, 0x1D, 0xCF, 0xE0, 0x1F,
        0x8F, 0xC0, 0x1F, 0x8F, 0xC0, 0x1F, 0x8F, 0xC0, 0x1F, 0x8F, 0xC0, 0x0F, 0x07, 0x80, 0x0F,
        0x07, 0x80, 0xF0, 0x3E, 0x78, 0x3C, 0x7C, 0x78, 0x3E, 0xF8, 0x1F, 0xF0, 0x1F, 0xE0, 0x0F,
        0xE0, 0x07, 0xC0, 0x07, 0xC0, 0x0F, 0xE0, 0x1F, 0xF0, 0x3E, 0xF0, 0x3C, 0xF8, 0x7C, 0x7C,
        0xF8, 0x3C, 0xF0, 0x1E, 0xF0, 0x1E, 0xF8, 0x3C, 0x78, 0x7C, 0x7C, 0x78, 0x3C, 0xF0, 0x1E,
        0xF0, 0x1F, 0xE0, 0x0F, 0xE0, 0x07, 0xC0, 0x07, 0x80, 0x07, 0x80, 0x07, 0x80, 0x07, 0x80,
        0x07, 0x80, 0x07, 0x80, 0x07, 0x80, 0xFF, 0xF8, 0xFF, 0xF8, 0xFF, 0xF8, 0x01, 0xF0, 0x01,
        0xE0, 0x03, 0xE0, 0x07, 0xC0, 0x0F, 0x80, 0x0F, 0x00, 0x1F, 0x00, 0x3E, 0x00, 0x7C, 0x00,
        0x78, 0x00, 0xFF, 0xF8, 0xFF, 0xF8, 0xFF, 0xF8, 0xFC, 0xFC, 0xFC, 0xE0, 0xE0, 0xE0, 0xE0,
        0xE0, 0xE0, 0xE0, 0xE0, 0xE0, 0xE0, 0xE0, 0xE0, 0xE0, 0xE0, 0xFC, 0xFC, 0xFC, 0xE0, 0x00,
        0xF0, 0x00, 0xF0, 0x00, 0x70, 0x00, 0x78, 0x00, 0x38, 0x00, 0x3C, 0x00, 0x3C, 0x00, 0x1C,
        0x00, 0x1E, 0x00, 0x1E, 0x00, 0x0E, 0x00, 0x0F, 0x00, 0x07, 0x00, 0x07, 0x80, 0x07, 0x80,
        0xFC, 0xFC, 0xFC, 0x1C, 0x1C, 0x1C, 0x1C, 0x1C, 0x1C, 0x1C, 0x1C, 0x1C, 0x1C, 0x1C, 0x1C,
        0x1C, 0x1C, 0xFC, 0xFC, 0xFC, 0x0C, 0x00, 0x1E, 0x00, 0x1E, 0x00, 0x3F, 0x00, 0x3F, 0x80,
        0x7B, 0x80, 0x73, 0xC0, 0xE1, 0xC0, 0xE1, 0xE0, 0xFF, 0xC0, 0xFF, 0xC0, 0xFF, 0xC0, 0xE0,
        0x70, 0x38, 0x1F, 0x80, 0x3F, 0xC0, 0x7F, 0xE0, 0x31, 0xE0, 0x01, 0xE0, 0x1F, 0xE0, 0x7F,
        0xE0, 0xF1, 0xE0, 0xF1, 0xE0, 0xFF, 0xE0, 0xFF, 0xE0, 0x7C, 0xE0, 0xF0, 0x00, 0xF0, 0x00,
        0xF0, 0x00, 0xF0, 0x00, 0xF3, 0xC0, 0xFF, 0xE0, 0xFF, 0xF0, 0xF8, 0xF0, 0xF0, 0x78, 0xF0,
        0x78, 0xF0, 0x78, 0xF0, 0x78, 0xF8, 0xF0, 0xFF, 0xF0, 0xFF, 0xE0, 0xF7, 0xC0, 0x1F, 0x00,
        0x7F, 0xC0, 0x7F, 0xE0, 0xF0, 0xC0, 0xF0, 0x00, 0xE0, 0x00, 0xE0, 0x00, 0xF0, 0x00, 0xF0,
        0x80, 0x7F, 0xE0, 0x7F, 0xC0, 0x1F, 0x00, 0x00, 0xF0, 0x00, 0xF0, 0x00, 0xF0, 0x00, 0xF0,
        0x1E, 0xF0, 0x7F, 0xF0, 0xFF, 0xF0, 0xF0, 0xF0, 0xF0, 0xF0, 0xE0, 0x70, 0xE0, 0x70, 0xF0,
        0xF0, 0xF0, 0xF0, 0xFF, 0xF0, 0x7F, 0xF0, 0x1E, 0x70, 0x1F, 0x00, 0x3F, 0xC0, 0x7F, 0xE0,
        0xF0, 0xE0, 0xE0, 0xF0, 0xFF, 0xF0, 0xFF, 0xF0, 0xE0, 0x00, 0xF0, 0x00, 0x7F, 0xE0, 0x3F,
        0xC0, 0x1F, 0x80, 0x0F, 0x3F, 0x3F, 0x3C, 0x3C, 0xFF, 0xFF, 0xFF, 0x3C, 0x3C, 0x3C, 0x3C,
        0x3C, 0x3C, 0x3C, 0x3C, 0x3C, 0x1E, 0x70, 0x7F, 0xF0, 0xFF, 0xF0, 0xF0, 0xF0, 0xF0, 0xF0,
        0xE0, 0x70, 0xE0, 0x70, 0xF0, 0xF0, 0xF0, 0xF0, 0xFF, 0xF0, 0x7F, 0xF0, 0x1E, 0xF0, 0x00,
        0xF0, 0x10, 0xF0, 0x7F, 0xE0, 0x3F, 0xE0, 0x1F, 0x80, 0xF0, 0x00, 0xF0, 0x00, 0xF0, 0x00,
        0xF0, 0x00, 0xF3, 0xC0, 0xFF, 0xE0, 0xFF, 0xE0, 0xF9, 0xE0, 0xF0, 0xF0, 0xF0, 0xF0, 0xF0,
        0xF0, 0xF0, 0xF0, 0xF0, 0xF0, 0xF0, 0xF0, 0xF0, 0xF0, 0xF0, 0xF0, 0x38, 0x3C, 0x3C, 0x38,
        0x00, 0x00, 0xFC, 0xFC, 0xFC, 0x3C, 0x3C, 0x3C, 0x3C, 0x3C, 0x3C, 0x3C, 0x3C, 0x3C, 0x0E,
        0x1E, 0x1E, 0x0E, 0x00, 0x00, 0x1E, 0x1E, 0x1E, 0x1E, 0x1E, 0x1E, 0x1E, 0x1E, 0x1E, 0x1E,
        0x1E, 0x1E, 0x1E, 0xFE, 0xFC, 0xF8, 0xF0, 0x00, 0xF0, 0x00, 0xF0, 0x00, 0xF0, 0x00, 0xF1,
        0xF0, 0xF1, 0xE0, 0xF3, 0xC0, 0xF7, 0x80, 0xFF, 0x00, 0xFF, 0x00, 0xFF, 0x80, 0xFF, 0x80,
        0xF3, 0xC0, 0xF3, 0xE0, 0xF1, 0xE0, 0xF0, 0xF0, 0xF0, 0xF0, 0xF0, 0xF0, 0xF0, 0xF0, 0xF0,
        0xF0, 0xF0, 0xF0, 0xF0, 0xF0, 0xF0, 0xFC, 0xFC, 0x7C, 0xF7, 0xC7, 0x80, 0xFF, 0xFF, 0xC0,
        0xFF, 0xFF, 0xE0, 0xF9, 0xF1, 0xE0, 0xF0, 0xF1, 0xE0, 0xF0, 0xE1, 0xE0, 0xF0, 0xE1, 0xE0,
        0xF0, 0xE1, 0xE0, 0xF0, 0xE1, 0xE0, 0xF0, 0xE1, 0xE0, 0xF0, 0xE1, 0xE0, 0xF0, 0xE1, 0xE0,
        0xF7, 0xC0, 0xFF, 0xE0, 0xFF, 0xE0, 0xF9, 0xE0, 0xF0, 0xF0, 0xF0, 0xF0, 0xF0, 0xF0, 0xF0,
        0xF0, 0xF0, 0xF0, 0xF0, 0xF0, 0xF0, 0xF0, 0xF0, 0xF0, 0x1F, 0x80, 0x3F, 0xC0, 0x7F, 0xE0,
        0xF0, 0xF0, 0xF0, 0xF0, 0xE0, 0xF0, 0xE0, 0xF0, 0xF0, 0xF0, 0xF0, 0xF0, 0x7F, 0xE0, 0x3F,
        0xC0, 0x1F, 0x80, 0xF7, 0xC0, 0xFF, 0xE0, 0xFF, 0xF0, 0xF8, 0xF0, 0xF0, 0x78, 0xF0, 0x78,
        0xF0, 0x78, 0xF0, 0x78, 0xF8, 0xF0, 0xFF, 0xF0, 0xFF, 0xE0, 0xF3, 0xC0, 0xF0, 0x00, 0xF0,
        0x00, 0xF0, 0x00, 0xF0, 0x00, 0x1E, 0x70, 0x7F, 0xF0, 0xFF, 0xF0, 0xF0, 0xF0, 0xF0, 0xF0,
        0xE0, 0x70, 0xE0, 0x70, 0xF0, 0xF0, 0xF0, 0xF0, 0xFF, 0xF0, 0x7F, 0xF0, 0x1E, 0xF0, 0x00,
        0xF0, 0x00, 0x7E, 0x00, 0x7E, 0x00, 0x3E, 0xE7, 0xEF, 0xFF, 0xFF, 0xF8, 0xF0, 0xF0, 0xF0,
        0xF0, 0xF0, 0xF0, 0xF0, 0x3F, 0x00, 0x7F, 0xC0, 0xFF, 0xC0, 0xE1, 0x00, 0xF0, 0x00, 0x7F,
        0x80, 0x3F, 0xE0, 0x01, 0xE0, 0x61, 0xE0, 0xFF, 0xE0, 0x7F, 0xC0, 0x1F, 0x00, 0x18, 0x00,
        0x3C, 0x00, 0x3C, 0x00, 0xFF, 0x80, 0xFF, 0x80, 0xFF, 0x00, 0x3C, 0x00, 0x3C, 0x00, 0x3C,
        0x00, 0x3C, 0x00, 0x3C, 0x00, 0x3C, 0x00, 0x3F, 0x00, 0x1F, 0x80, 0x1F, 0x80, 0xF0, 0xE0,
        0xF0, 0xE0, 0xF0, 0xE0, 0xF0, 0xE0, 0xF0, 0xE0, 0xF0, 0xE0, 0xF0, 0xE0, 0xF0, 0xE0, 0xF1,
        0xE0, 0x7F, 0xE0, 0x7F, 0xE0, 0x3C, 0xE0, 0xF0, 0x70, 0x70, 0xF0, 0x78, 0xF0, 0x78, 0xE0,
        0x39, 0xE0, 0x39, 0xE0, 0x3D, 0xC0, 0x1F, 0xC0, 0x1F, 0xC0, 0x1F, 0x80, 0x0F, 0x80, 0x0F,
        0x80, 0xF1, 0xC3, 0x80, 0xF1, 0xE7, 0x80, 0x73, 0xE7, 0x80, 0x73, 0xE7, 0x00, 0x7B, 0xE7,
        0x00, 0x7B, 0x67, 0x00, 0x3B, 0x7F, 0x00, 0x3F, 0x7E, 0x00, 0x3F, 0x3E, 0x00, 0x3E, 0x3E,
        0x00, 0x1E, 0x3E, 0x00, 0x1E, 0x3C, 0x00, 0x78, 0xF0, 0x79, 0xE0, 0x3D, 0xE0, 0x1F, 0xC0,
        0x0F, 0x80, 0x0F, 0x80, 0x0F, 0x80, 0x1F, 0xC0, 0x3F, 0xC0, 0x3D, 0xE0, 0x78, 0xF0, 0xF0,
        0xF0, 0xF0, 0xF0, 0x70, 0xF0, 0x78, 0xE0, 0x79, 0xE0, 0x39, 0xE0, 0x3D, 0xC0, 0x3D, 0xC0,
        0x1F, 0xC0, 0x1F, 0x80, 0x0F, 0x80, 0x0F, 0x00, 0x0F, 0x00, 0x0F, 0x00, 0x3E, 0x00, 0x3E,
        0x00, 0x38, 0x00, 0xFF, 0xE0, 0xFF, 0xE0, 0xFF, 0xE0, 0x07, 0xC0, 0x0F, 0x80, 0x1F, 0x00,
        0x3E, 0x00, 0x7C, 0x00, 0xF8, 0x00, 0xFF, 0xE0, 0xFF, 0xE0, 0xFF, 0xE0, 0x1E, 0x3E, 0x7E,
        0x78, 0x78, 0x78, 0x78, 0x78, 0x78, 0xF0, 0xE0, 0xF0, 0x78, 0x78, 0x78, 0x78, 0x78, 0x7E,
        0x3E, 0x1E, 0xF0, 0xF0, 0xF0, 0xF0, 0xF0, 0xF0, 0xF0, 0xF0, 0xF0, 0xF0, 0xF0, 0xF0, 0xF0,
        0xF0, 0xF0, 0xF0, 0xF0, 0xF0, 0xF0, 0xF0, 0xF0, 0xF8, 0xF8, 0x3C, 0x3C, 0x3C, 0x3C, 0x3C,
        0x3C, 0x1E, 0x0E, 0x1E, 0x3C, 0x3C, 0x3C, 0x3C, 0x3C, 0xF8, 0xF8, 0xF0, 0x78, 0xE0, 0x7F,
        0xE0, 0xFF, 0xC0, 0xE3, 0x80, 0x70, 0xF0, 0xF8, 0xF0, 0x70, 0x00, 0x70, 0x70, 0x70, 0xF0,
        0xF0, 0xF8, 0xF8, 0xF8, 0xF8, 0xF8, 0x06, 0x00, 0x06, 0x00, 0x3F, 0x80, 0x7F, 0xC0, 0xFF,
        0xE0, 0xF6, 0x80, 0xE6, 0x00, 0xE6, 0x00, 0xE6, 0x00, 0xF6, 0x00, 0xF6, 0x80, 0xFF, 0xE0,
        0x7F, 0xC0, 0x1F, 0x80, 0x06, 0x00, 0x06, 0x00, 0x0F, 0xC0, 0x3F, 0xF0, 0x7F, 0xF8, 0x78,
        0x70, 0x78, 0x00, 0x78, 0x00, 0x3C, 0x00, 0xFF, 0xC0, 0xFF, 0xC0, 0x1E, 0x00, 0x1E, 0x00,
        0x1C, 0x00, 0x3C, 0x00, 0xFF, 0xF8, 0x7F, 0xF8, 0x61, 0xF8, 0xDE, 0x60, 0xFF, 0xC0, 0x7F,
        0xC0, 0xE1, 0xC0, 0xE1, 0xC0, 0xE1, 0xC0, 0xE1, 0xC0, 0x7F, 0xC0, 0xFF, 0xC0, 0xDE, 0x60,
        0xF0, 0x1E, 0xF8, 0x3C, 0x78, 0x7C, 0x7C, 0x78, 0x3C, 0xF0, 0x1E, 0xF0, 0x1F, 0xE0, 0x0F,
        0xE0, 0x07, 0xC0, 0x3F, 0xF0, 0x3F, 0xF0, 0x07, 0x80, 0x3F, 0xF0, 0x3F, 0xF0, 0x07, 0x80,
        0x07, 0x80, 0xE0, 0xE0, 0xE0, 0xE0, 0xE0, 0xE0, 0xE0, 0x00, 0x00, 0x00, 0x00, 0x00, 0x00,
        0xE0, 0xE0, 0xE0, 0xE0, 0xE0, 0xE0, 0xE0, 0x1F, 0x00, 0x3F, 0xC0, 0x7F, 0xC0, 0x71, 0x80,
        0x78, 0x00, 0x7E, 0x00, 0x7F, 0x80, 0xFF, 0xE0, 0xE3, 0xF0, 0xE0, 0xF0, 0xF8, 0xF0, 0x7E,
        0xF0, 0x3F, 0xE0, 0x0F, 0xC0, 0x03, 0xE0, 0x01, 0xE0, 0x71, 0xE0, 0x7F, 0xE0, 0x3F, 0xC0,
        0x1F, 0x00, 0x63, 0xF7, 0x63, 0x03, 0xE0, 0x00, 0x0F, 0xF8, 0x00, 0x1C, 0x1E, 0x00, 0x31,
        0xE6, 0x00, 0x67, 0xF3, 0x00, 0x67, 0x31, 0x00, 0xCE, 0x01, 0x80, 0xCE, 0x01, 0x80, 0xCE,
        0x01, 0x80, 0xC7, 0x21, 0x80, 0x67, 0xF1, 0x00, 0x63, 0xE3, 0x00, 0x30, 0x06, 0x00, 0x1C,
        0x1E, 0x00, 0x0F, 0xF8, 0x00, 0x03, 0xE0, 0x00, 0x3C, 0x7E, 0x0E, 0x7E, 0xE6, 0xFE, 0x7E,
        0x3E, 0xF0, 0x3C, 0xF0, 0x79, 0xE0, 0xF3, 0xC0, 0xF7, 0xC0, 0xF7, 0xC0, 0xF3, 0xC0, 0x79,
        0xE0, 0x3C, 0xF0, 0x3E, 0xF0, 0xFF, 0xF0, 0xFF, 0xF8, 0xFF, 0xF8, 0x00, 0x78, 0x00, 0x78,
        0x00, 0x78, 0x00, 0x78, 0x00, 0x78, 0x03, 0xE0, 0x00, 0x0F, 0xF8, 0x00, 0x1C, 0x1E, 0x00,
        0x37, 0xE6, 0x00, 0x67, 0xF3, 0x00, 0x66, 0x31, 0x00, 0xC6, 0x31, 0x80, 0xC7, 0xF1, 0x80,
        0xC7, 0xE1, 0x80, 0xC6, 0xE1, 0x80, 0x66, 0x71, 0x00, 0x66, 0x33, 0x00, 0x30, 0x06, 0x00,
        0x1C, 0x1E, 0x00, 0x0F, 0xF8, 0x00, 0x03, 0xE0, 0x00, 0xFE, 0xFE, 0xFE, 0x3C, 0x7E, 0xE6,
        0xC7, 0xC7, 0xE6, 0x7E, 0x3C, 0x07, 0x00, 0x07, 0x00, 0x07, 0x00, 0xFF, 0xF8, 0xFF, 0xF8,
        0xFF, 0xF0, 0x07, 0x00, 0x00, 0x00, 0x00, 0x00, 0xFF, 0xF0, 0xFF, 0xF8, 0xFF, 0xF8, 0x3C,
        0x7E, 0x26, 0x06, 0x0E, 0x1C, 0x70, 0xFE, 0xFE, 0x78, 0xFC, 0x0C, 0x3C, 0x3C, 0x0E, 0xCE,
        0xFC, 0x78, 0x70, 0x70, 0xE0, 0xF0, 0xE0, 0xF0, 0xE0, 0xF0, 0xE0, 0xF0, 0xE0, 0xF0, 0xE0,
        0xF0, 0xE0, 0xF0, 0xE0, 0xF0, 0xE0, 0xF1, 0xF0, 0xFF, 0xF8, 0xFF, 0xF8, 0xFE, 0x78, 0xF0,
        0x00, 0xF0, 0x00, 0xF0, 0x00, 0xF0, 0x00, 0x3F, 0xE0, 0x7F, 0xE0, 0xF9, 0xC0, 0xF9, 0xC0,
        0xF9, 0xC0, 0xF9, 0xC0, 0xF9, 0xC0, 0x79, 0xC0, 0x39, 0xC0, 0x19, 0xC0, 0x19, 0xC0, 0x19,
        0xC0, 0x19, 0xC0, 0x19, 0xC0, 0x19, 0xC0, 0x19, 0xC0, 0x19, 0xC0, 0x19, 0xC0, 0x19, 0xC0,
        0x19, 0xC0, 0x70, 0x78, 0xF8, 0x78, 0x70, 0x40, 0x78, 0x38, 0xF0, 0x38, 0xF8, 0xF8, 0x38,
        0x38, 0x38, 0x38, 0x38, 0x38, 0x3C, 0x7E, 0x67, 0xE7, 0x67, 0x7E, 0x3C, 0xF7, 0xC0, 0xFB,
        0xC0, 0x79, 0xE0, 0x3C, 0xF0, 0x1E, 0xF0, 0x1E, 0xF0, 0x3C, 0xF0, 0x79, 0xE0, 0xFB, 0xC0,
        0xF7, 0xC0, 0x38, 0x07, 0x00, 0xF8, 0x0E, 0x00, 0xF8, 0x1C, 0x00, 0x38, 0x38, 0x00, 0x38,
        0x38, 0x00, 0x38, 0x70, 0x00, 0x38, 0xE0, 0x00, 0x38, 0xE3, 0x80, 0x39, 0xC7, 0x80, 0x03,
        0x8F, 0x80, 0x07, 0x9F, 0x80, 0x07, 0x1B, 0x80, 0x0E, 0x3F, 0xC0, 0x1C, 0x3F, 0xC0, 0x1C,
        0x03, 0x80, 0x38, 0x03, 0x80, 0x38, 0x07, 0x00, 0xF8, 0x0E, 0x00, 0xF8, 0x1C, 0x00, 0x38,
        0x38, 0x00, 0x38, 0x38, 0x00, 0x38, 0x70, 0x00, 0x38, 0xE0, 0x00, 0x38, 0xE7, 0x80, 0x39,
        0xCF, 0xC0, 0x03, 0x80, 0xC0, 0x07, 0x81, 0xC0, 0x07, 0x01, 0x80, 0x0E, 0x07, 0x00, 0x1C,
        0x0E, 0x00, 0x1C, 0x1F, 0xC0, 0x38, 0x1F, 0xC0, 0x78, 0x03, 0x80, 0xFC, 0x07, 0x00, 0x4C,
        0x0F, 0x00, 0x0C, 0x0E, 0x00, 0x3C, 0x1C, 0x00, 0x3C, 0x38, 0x00, 0x0E, 0x38, 0x00, 0xFC,
        0x70, 0xC0, 0x78, 0xE1, 0xC0, 0x01, 0xC3, 0xC0, 0x01, 0xC6, 0xC0, 0x03, 0x8C, 0xC0, 0x07,
        0x0F, 0xF0, 0x07, 0x0F, 0xF0, 0x0E, 0x00, 0xC0, 0x1C, 0x00, 0xC0, 0x03, 0x80, 0x07, 0x80,
        0x07, 0xC0, 0x07, 0x80, 0x03, 0x80, 0x00, 0x00, 0x03, 0x80, 0x07, 0x80, 0x1F, 0x80, 0x3F,
        0x00, 0x7C, 0x00, 0xF0, 0x00, 0xF0, 0x70, 0x7F, 0xF0, 0x7F, 0xE0, 0x1F, 0x80, 0x07, 0x00,
        0x07, 0x80, 0x03, 0xC0, 0x00, 0x00, 0x00, 0x00, 0x03, 0xE0, 0x03, 0xE0, 0x07, 0xE0, 0x07,
        0xF0, 0x0F, 0xF0, 0x0F, 0x70, 0x0E, 0x78, 0x1E, 0x78, 0x1E, 0x3C, 0x1C, 0x3C, 0x3F, 0xFC,
        0x3F, 0xFE, 0x7F, 0xFE, 0x78, 0x0E, 0x78, 0x0F, 0xF0, 0x0F, 0x00, 0x70, 0x00, 0xF0, 0x01,
        0xC0, 0x00, 0x00, 0x00, 0x00, 0x03, 0xE0, 0x03, 0xE0, 0x07, 0xE0, 0x07, 0xF0, 0x0F, 0xF0,
        0x0F, 0x70, 0x0E, 0x78, 0x1E, 0x78, 0x1E, 0x3C, 0x1C, 0x3C, 0x3F, 0xFC, 0x3F, 0xFE, 0x7F,
        0xFE, 0x78, 0x0E, 0x78, 0x0F, 0xF0, 0x0F, 0x03, 0xC0, 0x07, 0xE0, 0x0E, 0x70, 0x00, 0x00,
        0x00, 0x00, 0x03, 0xE0, 0x03, 0xE0, 0x07, 0xE0, 0x07, 0xF0, 0x0F, 0xF0, 0x0F, 0x70, 0x0E,
        0x78, 0x1E, 0x78, 0x1E, 0x3C, 0x1C, 0x3C, 0x3F, 0xFC, 0x3F, 0xFE, 0x7F, 0xFE, 0x78, 0x0E,
        0x78, 0x0F, 0xF0, 0x0F, 0x07, 0x10, 0x0F, 0xF8, 0x0C, 0xF0, 0x00, 0x00, 0x03, 0xE0, 0x03,
        0xE0, 0x07, 0xE0, 0x07, 0xF0, 0x0F, 0xF0, 0x0F, 0x70, 0x0E, 0x78, 0x1E, 0x78, 0x1E, 0x3C,
        0x1C, 0x3C, 0x3F, 0xFC, 0x3F, 0xFE, 0x7F, 0xFE, 0x78, 0x0E, 0x78, 0x0F, 0xF0, 0x0F, 0x06,
        0x30, 0x0F, 0x70, 0x06, 0x70, 0x00, 0x00, 0x00, 0x00, 0x03, 0xE0, 0x03, 0xE0, 0x07, 0xE0,
        0x07, 0xF0, 0x0F, 0xF0, 0x0F, 0x70, 0x0E, 0x78, 0x1E, 0x78, 0x1E, 0x3C, 0x1C, 0x3C, 0x3F,
        0xFC, 0x3F, 0xFE, 0x7F, 0xFE, 0x78, 0x0E, 0x78, 0x0F, 0xF0, 0x0F, 0x01, 0xC0, 0x03, 0xE0,
        0x06, 0x60, 0x06, 0x60, 0x03, 0xE0, 0x03, 0xE0, 0x07, 0xE0, 0x07, 0xF0, 0x0F, 0xF0, 0x0F,
        0x70, 0x0E, 0x78, 0x1E, 0x78, 0x1E, 0x3C, 0x1C, 0x3C, 0x3F, 0xFC, 0x3F, 0xFE, 0x7F, 0xFE,
        0x78, 0x0E, 0x78, 0x0F, 0xF0, 0x0F, 0x00, 0x1F, 0xFF, 0x00, 0x3F, 0xFF, 0x00, 0x3F, 0xFF,
        0x00, 0x7E, 0x00, 0x00, 0xFE, 0x00, 0x00, 0xFE, 0x00, 0x01, 0xEF, 0xF8, 0x03, 0xCF, 0xF8,
        0x07, 0x8F, 0xF0, 0x07, 0x8E, 0x00, 0x0F, 0xFE, 0x00, 0x1F, 0xFE, 0x00, 0x1F, 0xFE, 0x00,
        0x3C, 0x0F, 0xFF, 0x78, 0x0F, 0xFF, 0xF8, 0x0F, 0xFF, 0x07, 0xE0, 0x1F, 0xF8, 0x3F, 0xFC,
        0x7C, 0x3C, 0x78, 0x10, 0xF0, 0x00, 0xF0, 0x00, 0xF0, 0x00, 0xF0, 0x00, 0xF0, 0x00, 0xF0,
        0x00, 0x78, 0x00, 0x7C, 0x3C, 0x3F, 0xFC, 0x1F, 0xF8, 0x07, 0xE0, 0x03, 0x00, 0x03, 0xC0,
        0x00, 0xC0, 0x07, 0x80, 0x1C, 0x00, 0x1E, 0x00, 0x0F, 0x00, 0x00, 0x00, 0x00, 0x00, 0xFF,
        0xF0, 0xFF, 0xF0, 0xFF, 0xF0, 0xF0, 0x00, 0xF0, 0x00, 0xF0, 0x00, 0xFF, 0x80, 0xFF, 0x80,
        0xFF, 0x80, 0xF0, 0x00, 0xF0, 0x00, 0xF0, 0x00, 0xF0, 0x00, 0xFF, 0xF0, 0xFF, 0xF0, 0xFF,
        0xF0, 0x01, 0xC0, 0x03, 0xC0, 0x07, 0x00, 0x00, 0x00, 0x00, 0x00, 0xFF, 0xF0, 0xFF, 0xF0,
        0xFF, 0xF0, 0xF0, 0x00, 0xF0, 0x00, 0xF0, 0x00, 0xFF, 0x80, 0xFF, 0x80, 0xFF, 0x80, 0xF0,
        0x00, 0xF0, 0x00, 0xF0, 0x00, 0xF0, 0x00, 0xFF, 0xF0, 0xFF, 0xF0, 0xFF, 0xF0, 0x0F, 0x00,
        0x1F, 0x80, 0x39, 0xC0, 0x00, 0x00, 0x00, 0x00, 0xFF, 0xF0, 0xFF, 0xF0, 0xFF, 0xF0, 0xF0,
        0x00, 0xF0, 0x00, 0xF0, 0x00, 0xFF, 0x80, 0xFF, 0x80, 0xFF, 0x80, 0xF0, 0x00, 0xF0, 0x00,
        0xF0, 0x00, 0xF0, 0x00, 0xFF, 0xF0, 0xFF, 0xF0, 0xFF, 0xF0, 0x18, 0xC0, 0x3D, 0xC0, 0x19,
        0xC0, 0x00, 0x00, 0x00, 0x00, 0xFF, 0xF0, 0xFF, 0xF0, 0xFF, 0xF0, 0xF0, 0x00, 0xF0, 0x00,
        0xF0, 0x00, 0xFF, 0x80, 0xFF, 0x80, 0xFF, 0x80, 0xF0, 0x00, 0xF0, 0x00, 0xF0, 0x00, 0xF0,
        0x00, 0xFF, 0xF0, 0xFF, 0xF0, 0xFF, 0xF0, 0x70, 0x00, 0x78, 0x00, 0x1C, 0x00, 0x00, 0x00,
        0x00, 0x00, 0xFF, 0x80, 0xFF, 0x80, 0x7F, 0x00, 0x1C, 0x00, 0x1C, 0x00, 0x1C, 0x00, 0x1C,
        0x00, 0x1C, 0x00, 0x1C, 0x00, 0x1C, 0x00, 0x1C, 0x00, 0x1C, 0x00, 0x1C, 0x00, 0x7F, 0x00,
        0xFF, 0x80, 0xFF, 0x80, 0x07, 0x00, 0x0F, 0x00, 0x1E, 0x00, 0x00, 0x00, 0x00, 0x00, 0xFF,
        0x80, 0xFF, 0x80, 0x7F, 0x00, 0x1C, 0x00, 0x1C, 0x00, 0x1C, 0x00, 0x1C, 0x00, 0x1C, 0x00,
        0x1C, 0x00, 0x1C, 0x00, 0x1C, 0x00, 0x1C, 0x00, 0x1C, 0x00, 0x7F, 0x00, 0xFF, 0x80, 0xFF,
        0x80, 0x1C, 0x00, 0x3F, 0x00, 0xE3, 0x80, 0x00, 0x00, 0x00, 0x00, 0xFF, 0x80, 0xFF, 0x80,
        0x7F, 0x00, 0x1C, 0x00, 0x1C, 0x00, 0x1C, 0x00, 0x1C, 0x00, 0x1C, 0x00, 0x1C, 0x00, 0x1C,
        0x00, 0x1C, 0x00, 0x1C, 0x00, 0x1C, 0x00, 0x7F, 0x00, 0xFF, 0x80, 0xFF, 0x80, 0x63, 0x00,
        0x77, 0x00, 0x63, 0x00, 0x00, 0x00, 0x00, 0x00, 0xFF, 0x80, 0xFF, 0x80, 0x7F, 0x00, 0x1C,
        0x00, 0x1C, 0x00, 0x1C, 0x00, 0x1C, 0x00, 0x1C, 0x00, 0x1C, 0x00, 0x1C, 0x00, 0x1C, 0x00,
        0x1C, 0x00, 0x1C, 0x00, 0x7F, 0x00, 0xFF, 0x80, 0xFF, 0x80, 0x1F, 0xF0, 0x00, 0x1F, 0xFE,
        0x00, 0x1F, 0xFF, 0x00, 0x1E, 0x0F, 0x80, 0x1E, 0x07, 0x80, 0x1E, 0x07, 0x80, 0xFF, 0x83,
        0xC0, 0xFF, 0x83, 0xC0, 0xFF, 0x83, 0xC0, 0x1E, 0x03, 0xC0, 0x1E, 0x07, 0x80, 0x1E, 0x07,
        0x80, 0x1E, 0x0F, 0x80, 0x1F, 0xFF, 0x00, 0x1F, 0xFE, 0x00, 0x1F, 0xF0, 0x00, 0x07, 0x30,
        0x0F, 0xF0, 0x1C, 0xE0, 0x00, 0x00, 0xF8, 0x1E, 0xFC, 0x1E, 0xFC, 0x1E, 0xFE, 0x1E, 0xFE,
        0x1E, 0xFF, 0x1E, 0xF7, 0x1E, 0xF7, 0x9E, 0xF3, 0xDE, 0xF3, 0xDE, 0xF1, 0xFE, 0xF1, 0xFE,
        0xF0, 0xFE, 0xF0, 0x7E, 0xF0, 0x7E, 0xF0, 0x3E, 0x07, 0x00, 0x07, 0x00, 0x03, 0x80, 0x00,
        0x00, 0x00, 0x00, 0x07, 0xE0, 0x1F, 0xF8, 0x3F, 0xFC, 0x7C, 0x3E, 0x78, 0x1F, 0xF0, 0x0F,
        0xF0, 0x0F, 0xF0, 0x0F, 0xF0, 0x0F, 0xF0, 0x0F, 0xF0, 0x0F, 0x78, 0x1F, 0x7C, 0x3E, 0x3F,
        0xFC, 0x1F, 0xF8, 0x07, 0xE0, 0x00, 0x70, 0x00, 0xE0, 0x01, 0xC0, 0x00, 0x00, 0x00, 0x00,
        0x07, 0xE0, 0x1F, 0xF8, 0x3F, 0xFC, 0x7C, 0x3E, 0x78, 0x1F, 0xF0, 0x0F, 0xF0, 0x0F, 0xF0,
        0x0F, 0xF0, 0x0F, 0xF0, 0x0F, 0xF0, 0x0F, 0x78, 0x1F, 0x7C, 0x3E, 0x3F, 0xFC, 0x1F, 0xF8,
        0x07, 0xE0, 0x03, 0xC0, 0x07, 0xE0, 0x0E, 0x70, 0x00, 0x00, 0x00, 0x00, 0x07, 0xE0, 0x1F,
        0xF8, 0x3F, 0xFC, 0x7C, 0x3E, 0x78, 0x1F, 0xF0, 0x0F, 0xF0, 0x0F, 0xF0, 0x0F, 0xF0, 0x0F,
        0xF0, 0x0F, 0xF0, 0x0F, 0x78, 0x1F, 0x7C, 0x3E, 0x3F, 0xFC, 0x1F, 0xF8, 0x07, 0xE0, 0x07,
        0x10, 0x0F, 0xF0, 0x0C, 0xE0, 0x00, 0x00, 0x07, 0xE0, 0x1F, 0xF8, 0x3F, 0xFC, 0x7C, 0x3E,
        0x78, 0x1F, 0xF0, 0x0F, 0xF0, 0x0F, 0xF0, 0x0F, 0xF0, 0x0F, 0xF0, 0x0F, 0xF0, 0x0F, 0x78,
        0x1F, 0x7C, 0x3E, 0x3F, 0xFC, 0x1F, 0xF8, 0x07, 0xE0, 0x06, 0x20, 0x0E, 0x70, 0x06, 0x70,
        0x00, 0x00, 0x00, 0x00, 0x07, 0xE0, 0x1F, 0xF8, 0x3F, 0xFC, 0x7C, 0x3E, 0x78, 0x1F, 0xF0,
        0x0F, 0xF0, 0x0F, 0xF0, 0x0F, 0xF0, 0x0F, 0xF0, 0x0F, 0xF0, 0x0F, 0x78, 0x1F, 0x7C, 0x3E,
        0x3F, 0xFC, 0x1F, 0xF8, 0x07, 0xE0, 0x60, 0xC0, 0xF1, 0xE0, 0x7B, 0xC0, 0x3F, 0x80, 0x1F,
        0x00, 0x1F, 0x00, 0x3F, 0x80, 0x7B, 0xC0, 0xF1, 0xE0, 0x60, 0xC0, 0x07, 0xE6, 0x1F, 0xFE,
        0x3F, 0xFE, 0x7C, 0x3E, 0x78, 0x3F, 0xF0, 0x6F, 0xF0, 0xEF, 0xF1, 0xCF, 0xF3, 0x8F, 0xF3,
        0x0F, 0xFE, 0x0F, 0x7C, 0x1F, 0x7C, 0x3E, 0x3F, 0xFC, 0x7F, 0xF8, 0x67, 0xE0, 0x0C, 0x00,
        0x0E, 0x00, 0x07, 0x00, 0x00, 0x00, 0x00, 0x00, 0xF0, 0x3C, 0xF0, 0x3C, 0xF0, 0x3C, 0xF0,
        0x3C, 0xF0, 0x3C, 0xF0, 0x3C, 0xF0, 0x3C, 0xF0, 0x3C, 0xF0, 0x3C, 0xF0, 0x3C, 0xF0, 0x3C,
        0xF0, 0x3C, 0x78, 0x78, 0x7F, 0xF8, 0x3F, 0xF0, 0x0F, 0xC0, 0x00, 0xC0, 0x01, 0xC0, 0x03,
        0x80, 0x00, 0x00, 0x00, 0x00, 0xF0, 0x3C, 0xF0, 0x3C, 0xF0, 0x3C, 0xF0, 0x3C, 0xF0, 0x3C,
        0xF0, 0x3C, 0xF0, 0x3C, 0xF0, 0x3C, 0xF0, 0x3C, 0xF0, 0x3C, 0xF0, 0x3C, 0xF0, 0x3C, 0x78,
        0x78, 0x7F, 0xF8, 0x3F, 0xF0, 0x0F, 0xC0, 0x07, 0x80, 0x0F, 0xC0, 0x1C, 0xE0, 0x00, 0x00,
        0x00, 0x00, 0xF0, 0x3C, 0xF0, 0x3C, 0xF0, 0x3C, 0xF0, 0x3C, 0xF0, 0x3C, 0xF0, 0x3C, 0xF0,
        0x3C, 0xF0, 0x3C, 0xF0, 0x3C, 0xF0, 0x3C, 0xF0, 0x3C, 0xF0, 0x3C, 0x78, 0x78, 0x7F, 0xF8,
        0x3F, 0xF0, 0x0F, 0xC0, 0x0C, 0xC0, 0x1C, 0xE0, 0x1C, 0xE0, 0x00, 0x00, 0x00, 0x00, 0xF0,
        0x3C, 0xF0, 0x3C, 0xF0, 0x3C, 0xF0, 0x3C, 0xF0, 0x3C, 0xF0, 0x3C, 0xF0, 0x3C, 0xF0, 0x3C,
        0xF0, 0x3C, 0xF0, 0x3C, 0xF0, 0x3C, 0xF0, 0x3C, 0x78, 0x78, 0x7F, 0xF8, 0x3F, 0xF0, 0x0F,
        0xC0, 0x00, 0xE0, 0x01, 0xC0, 0x03, 0x80, 0x00, 0x00, 0x00, 0x00, 0xF0, 0x1E, 0xF8, 0x3C,
        0x78, 0x7C, 0x7C, 0x78, 0x3C, 0xF0, 0x1E, 0xF0, 0x1F, 0xE0, 0x0F, 0xE0, 0x07, 0xC0, 0x07,
        0x80, 0x07, 0x80, 0x07, 0x80, 0x07, 0x80, 0x07, 0x80, 0x07, 0x80, 0x07, 0x80, 0xF0, 0x00,
        0xF0, 0x00, 0xF0, 0x00, 0xFF, 0xC0, 0xFF, 0xF0, 0xFF, 0xF8, 0xF0, 0x78, 0xF0, 0x78, 0xF0,
        0x78, 0xF0, 0xF8, 0xFF, 0xF8, 0xFF, 0xF0, 0xFF, 0x80, 0xF0, 0x00, 0xF0, 0x00, 0xF0, 0x00,
        0x1F, 0xC0, 0x3F, 0xE0, 0x7F, 0xF0, 0xF0, 0xF0, 0xF0, 0x70, 0xF0, 0xF0, 0xF3, 0xF0, 0xF3,
        0xF0, 0xF3, 0xF8, 0xF0, 0x78, 0xF0, 0x78, 0xF0, 0x38, 0xF0, 0x78, 0xF3, 0xF8, 0xF3, 0xF0,
        0xF3, 0xC0, 0x18, 0x00, 0x1C, 0x00, 0x0E, 0x00, 0x00, 0x00, 0x00, 0x00, 0x1F, 0x80, 0x3F,
        0xC0, 0x7F, 0xE0, 0x31, 0xE0, 0x01, 0xE0, 0x1F, 0xE0, 0x7F, 0xE0, 0xF1, 0xE0, 0xF1, 0xE0,
        0xFF, 0xE0, 0xFF, 0xE0, 0x7C, 0xE0, 0x03, 0x80, 0x07, 0x80, 0x07, 0x00, 0x00, 0x00, 0x00,
        0x00, 0x1F, 0x80, 0x3F, 0xC0, 0x7F, 0xE0, 0x31, 0xE0, 0x01, 0xE0, 0x1F, 0xE0, 0x7F, 0xE0,
        0xF1, 0xE0, 0xF1, 0xE0, 0xFF, 0xE0, 0xFF, 0xE0, 0x7C, 0xE0, 0x0F, 0x00, 0x1F, 0x80, 0x39,
        0xC0, 0x00, 0x00, 0x00, 0x00, 0x1F, 0x80, 0x3F, 0xC0, 0x7F, 0xE0, 0x31, 0xE0, 0x01, 0xE0,
        0x1F, 0xE0, 0x7F, 0xE0, 0xF1, 0xE0, 0xF1, 0xE0, 0xFF, 0xE0, 0xFF, 0xE0, 0x7C, 0xE0, 0x1C,
        0x40, 0x3F, 0xC0, 0x33, 0x80, 0x00, 0x00, 0x1F, 0x80, 0x3F, 0xC0, 0x7F, 0xE0, 0x31, 0xE0,
        0x01, 0xE0, 0x1F, 0xE0, 0x7F, 0xE0, 0xF1, 0xE0, 0xF1, 0xE0, 0xFF, 0xE0, 0xFF, 0xE0, 0x7C,
        0xE0, 0x11, 0x80, 0x39, 0xC0, 0x39, 0x80, 0x00, 0x00, 0x00, 0x00, 0x1F, 0x80, 0x3F, 0xC0,
        0x7F, 0xE0, 0x31, 0xE0, 0x01, 0xE0, 0x1F, 0xE0, 0x7F, 0xE0, 0xF1, 0xE0, 0xF1, 0xE0, 0xFF,
        0xE0, 0xFF, 0xE0, 0x7C, 0xE0, 0x0F, 0x00, 0x1F, 0x80, 0x19, 0x80, 0x19, 0x80, 0x1F, 0x80,
        0x0F, 0x00, 0x00, 0x00, 0x1F, 0x80, 0x3F, 0xC0, 0x7F, 0xE0, 0x31, 0xE0, 0x01, 0xE0, 0x1F,
        0xE0, 0x7F, 0xE0, 0xF1, 0xE0, 0xF1, 0xE0, 0xFF, 0xE0, 0xFF, 0xE0, 0x7C, 0xE0, 0x1F, 0x9F,
        0x00, 0x7F, 0xFF, 0xC0, 0x7B, 0xFF, 0xE0, 0x21, 0xF0, 0xE0, 0x01, 0xE0, 0xE0, 0x3F, 0xFF,
        0xF0, 0x7F, 0xFF, 0xF0, 0xF1, 0xE0, 0x00, 0xE1, 0xF0, 0x00, 0xFB, 0xFF, 0xE0, 0xFF, 0x7F,
        0xC0, 0x3E, 0x1F, 0x00, 0x1F, 0x00, 0x7F, 0xC0, 0x7F, 0xE0, 0xF0, 0xC0, 0xF0, 0x00, 0xE0,
        0x00, 0xE0, 0x00, 0xF0, 0x00, 0xF0, 0x80, 0x7F, 0xE0, 0x7F, 0xC0, 0x1F, 0x00, 0x0C, 0x00,
        0x0F, 0x00, 0x03, 0x00, 0x1E, 0x00, 0x18, 0x00, 0x1C, 0x00, 0x0E, 0x00, 0x00, 0x00, 0x00,
        0x00, 0x1F, 0x00, 0x3F, 0xC0, 0x7F, 0xE0, 0xF0, 0xE0, 0xE0, 0xF0, 0xFF, 0xF0, 0xFF, 0xF0,
        0xE0, 0x00, 0xF0, 0x00, 0x7F, 0xE0, 0x3F, 0xC0, 0x1F, 0x80, 0x03, 0x80, 0x07, 0x80, 0x07,
        0x00, 0x00, 0x00, 0x00, 0x00, 0x1F, 0x00, 0x3F, 0xC0, 0x7F, 0xE0, 0xF0, 0xE0, 0xE0, 0xF0,
        0xFF, 0xF0, 0xFF, 0xF0, 0xE0, 0x00, 0xF0, 0x00, 0x7F, 0xE0, 0x3F, 0xC0, 0x1F, 0x80, 0x0F,
        0x00, 0x1F, 0x80, 0x39, 0xC0, 0x00, 0x00, 0x00, 0x00, 0x1F, 0x00, 0x3F, 0xC0, 0x7F, 0xE0,
        0xF0, 0xE0, 0xE0, 0xF0, 0xFF, 0xF0, 0xFF, 0xF0, 0xE0, 0x00, 0xF0, 0x00, 0x7F, 0xE0, 0x3F,
        0xC0, 0x1F, 0x80, 0x11, 0x80, 0x39, 0xC0, 0x39, 0x80, 0x00, 0x00, 0x00, 0x00, 0x1F, 0x00,
        0x3F, 0xC0, 0x7F, 0xE0, 0xF0, 0xE0, 0xE0, 0xF0, 0xFF, 0xF0, 0xFF, 0xF0, 0xE0, 0x00, 0xF0,
        0x00, 0x7F, 0xE0, 0x3F, 0xC0, 0x1F, 0x80, 0xC0, 0xE0, 0x70, 0x00, 0x00, 0xFC, 0xFC, 0xFC,
        0x3C, 0x3C, 0x3C, 0x3C, 0x3C, 0x3C, 0x3C, 0x3C, 0x3C, 0x1C, 0x1C, 0x38, 0x00, 0x00, 0xFC,
        0xFC, 0xFC, 0x3C, 0x3C, 0x3C, 0x3C, 0x3C, 0x3C, 0x3C, 0x3C, 0x3C, 0x3C, 0x7E, 0xE7, 0x00,
        0x00, 0x7E, 0x7E, 0x7E, 0x1E, 0x1E, 0x1E, 0x1E, 0x1E, 0x1E, 0x1E, 0x1E, 0x1E, 0x46, 0xE7,
        0xE6, 0x00, 0x00, 0x7E, 0x7E, 0x7E, 0x1E, 0x1E, 0x1E, 0x1E, 0x1E, 0x1E, 0x1E, 0x1E, 0x1E,
        0x1C, 0xC0, 0x1F, 0xC0, 0x1F, 0xC0, 0x07, 0xE0, 0x05, 0xE0, 0x00, 0xF0, 0x1E, 0xF0, 0x7F,
        0xF0, 0xFF, 0xF0, 0xF0, 0xF0, 0xF0, 0xF0, 0xE0, 0xF0, 0xF0, 0xF0, 0xF0, 0xE0, 0xFF, 0xE0,
        0x7F, 0xC0, 0x1F, 0x80, 0x1C, 0x40, 0x3F, 0xE0, 0x33, 0xC0, 0x00, 0x00, 0xF7, 0xC0, 0xFF,
        0xE0, 0xFF, 0xE0, 0xF9, 0xE0, 0xF0, 0xF0, 0xF0, 0xF0, 0xF0, 0xF0, 0xF0, 0xF0, 0xF0, 0xF0,
        0xF0, 0xF0, 0xF0, 0xF0, 0xF0, 0xF0, 0x18, 0x00, 0x1C, 0x00, 0x0E, 0x00, 0x00, 0x00, 0x00,
        0x00, 0x1F, 0x80, 0x3F, 0xC0, 0x7F, 0xE0, 0xF0, 0xF0, 0xF0, 0xF0, 0xE0, 0xF0, 0xE0, 0xF0,
        0xF0, 0xF0, 0xF0, 0xF0, 0x7F, 0xE0, 0x3F, 0xC0, 0x1F, 0x80, 0x03, 0x80, 0x03, 0x80, 0x07,
        0x00, 0x00, 0x00, 0x00, 0x00, 0x1F, 0x80, 0x3F, 0xC0, 0x7F, 0xE0, 0xF0, 0xF0, 0xF0, 0xF0,
        0xE0, 0xF0, 0xE0, 0xF0, 0xF0, 0xF0, 0xF0, 0xF0, 0x7F, 0xE0, 0x3F, 0xC0, 0x1F, 0x80, 0x0F,
        0x00, 0x1F, 0x80, 0x39, 0xC0, 0x00, 0x00, 0x00, 0x00, 0x1F, 0x80, 0x3F, 0xC0, 0x7F, 0xE0,
        0xF0, 0xF0, 0xF0, 0xF0, 0xE0, 0xF0, 0xE0, 0xF0, 0xF0, 0xF0, 0xF0, 0xF0, 0x7F, 0xE0, 0x3F,
        0xC0, 0x1F, 0x80, 0x1C, 0x40, 0x3F, 0xC0, 0x33, 0x80, 0x00, 0x00, 0x1F, 0x80, 0x3F, 0xC0,
        0x7F, 0xE0, 0xF0, 0xF0, 0xF0, 0xF0, 0xE0, 0xF0, 0xE0, 0xF0, 0xF0, 0xF0, 0xF0, 0xF0, 0x7F,
        0xE0, 0x3F, 0xC0, 0x1F, 0x80, 0x11, 0x80, 0x39, 0xC0, 0x39, 0x80, 0x00, 0x00, 0x00, 0x00,
        0x1F, 0x80, 0x3F, 0xC0, 0x7F, 0xE0, 0xF0, 0xF0, 0xF0, 0xF0, 0xE0, 0xF0, 0xE0, 0xF0, 0xF0,
        0xF0, 0xF0, 0xF0, 0x7F, 0xE0, 0x3F, 0xC0, 0x1F, 0x80, 0x06, 0x00, 0x0F, 0x00, 0x0F, 0x00,
        0x06, 0x00, 0xFF, 0xF0, 0xFF, 0xF0, 0xFF, 0xF0, 0x00, 0x00, 0x06, 0x00, 0x0F, 0x00, 0x0F,
        0x00, 0x06, 0x00, 0x1F, 0x60, 0x7F, 0xE0, 0x7F, 0xE0, 0xF1, 0xF0, 0xF3, 0xF0, 0xE6, 0xF0,
        0xEC, 0xF0, 0xFC, 0xF0, 0xF8, 0xF0, 0x7F, 0xE0, 0xFF, 0xC0, 0xDF, 0x80, 0x18, 0x00, 0x1C,
        0x00, 0x0E, 0x00, 0x00, 0x00, 0x00, 0x00, 0xF0, 0xE0, 0xF0, 0xE0, 0xF0, 0xE0, 0xF0, 0xE0,
        0xF0, 0xE0, 0xF0, 0xE0, 0xF0, 0xE0, 0xF0, 0xE0, 0xF1, 0xE0, 0x7F, 0xE0, 0x7F, 0xE0, 0x3C,
        0xE0, 0x03, 0x80, 0x07, 0x80, 0x07, 0x00, 0x00, 0x00, 0x00, 0x00, 0xF0, 0xE0, 0xF0, 0xE0,
        0xF0, 0xE0, 0xF0, 0xE0, 0xF0, 0xE0, 0xF0, 0xE0, 0xF0, 0xE0, 0xF0, 0xE0, 0xF1, 0xE0, 0x7F,
        0xE0, 0x7F, 0xE0, 0x3C, 0xE0, 0x0F, 0x00, 0x1F, 0x80, 0x39, 0xC0, 0x00, 0x00, 0x00, 0x00,
        0xF0, 0xE0, 0xF0, 0xE0, 0xF0, 0xE0, 0xF0, 0xE0, 0xF0, 0xE0, 0xF0, 0xE0, 0xF0, 0xE0, 0xF0,
        0xE0, 0xF1, 0xE0, 0x7F, 0xE0, 0x7F, 0xE0, 0x3C, 0xE0, 0x11, 0x80, 0x39, 0xC0, 0x39, 0x80,
        0x00, 0x00, 0x00, 0x00, 0xF0, 0xE0, 0xF0, 0xE0, 0xF0, 0xE0, 0xF0, 0xE0, 0xF0, 0xE0, 0xF0,
        0xE0, 0xF0, 0xE0, 0xF0, 0xE0, 0xF1, 0xE0, 0x7F, 0xE0, 0x7F, 0xE0, 0x3C, 0xE0, 0x01, 0xC0,
        0x03, 0x80, 0x07, 0x00, 0x00, 0x00, 0x00, 0x00, 0xF0, 0xF0, 0x70, 0xF0, 0x78, 0xE0, 0x79,
        0xE0, 0x39, 0xE0, 0x3D, 0xC0, 0x3D, 0xC0, 0x1F, 0xC0, 0x1F, 0x80, 0x0F, 0x80, 0x0F, 0x00,
        0x0F, 0x00, 0x0F, 0x00, 0x3E, 0x00, 0x3E, 0x00, 0x38, 0x00, 0xF0, 0x00, 0xF0, 0x00, 0xF0,
        0x00, 0xF0, 0x00, 0xF3, 0xC0, 0xFF, 0xE0, 0xFF, 0xF0, 0xF8, 0xF0, 0xF0, 0x78, 0xF0, 0x78,
        0xF0, 0x78, 0xF0, 0x78, 0xF8, 0xF0, 0xFF, 0xF0, 0xFF, 0xE0, 0xF3, 0xC0, 0xF0, 0x00, 0xF0,
        0x00, 0xF0, 0x00, 0xF0, 0x00, 0x18, 0x80, 0x3D, 0xC0, 0x19, 0xC0, 0x00, 0x00, 0x00, 0x00,
        0xF0, 0xF0, 0x70, 0xF0, 0x78, 0xE0, 0x79, 0xE0, 0x39, 0xE0, 0x3D, 0xC0, 0x3D, 0xC0, 0x1F,
        0xC0, 0x1F, 0x80, 0x0F, 0x80, 0x0F, 0x00, 0x0F, 0x00, 0x0F, 0x00, 0x3E, 0x00, 0x3E, 0x00,
        0x38, 0x00, 0xFF, 0xC0, 0xFF, 0xC0, 0xFF, 0xC0, 0xFF, 0xFF, 0xC0, 0xFF, 0xFF, 0xC0, 0xFF,
        0xFF, 0xC0, 0x30, 0x70, 0x60, 0x60, 0xF0, 0xF8, 0xF0, 0x70, 0x70, 0xF0, 0xF8, 0xF0, 0x70,
        0x70, 0x60, 0x60, 0x70, 0xF0, 0xF8, 0xF0, 0x70, 0x70, 0x60, 0x60, 0x31, 0x80, 0x71, 0x80,
        0x63, 0x00, 0x63, 0x80, 0xF3, 0xC0, 0xFF, 0xC0, 0xF3, 0xC0, 0x73, 0x80, 0x73, 0x80, 0xF3,
        0xC0, 0xFF, 0xC0, 0xF3, 0xC0, 0x71, 0x80, 0x71, 0x80, 0x63, 0x80, 0x63, 0x00, 0x73, 0x80,
        0xF3, 0xC0, 0xFF, 0xC0, 0xF3, 0xC0, 0x71, 0x80, 0x71, 0x80, 0x63, 0x80, 0x63, 0x00, 0x3C,
        0x7E, 0x7F, 0xFF, 0xFF, 0x7F, 0x7E, 0x3C, 0x71, 0xC3, 0x00, 0xF1, 0xE7, 0x80, 0xFB, 0xE7,
        0x80, 0xF1, 0xE7, 0x80, 0x71, 0xC3, 0x00, 0x1E, 0x3E, 0x3C, 0x78, 0xF8, 0xF0, 0x78, 0x3C,
        0x3E, 0x1E, 0xF8, 0x78, 0x3C, 0x3E, 0x1E, 0x1E, 0x1E, 0x3C, 0x78, 0xF8, 0x01, 0xF0, 0x07,
        0xFC, 0x0F, 0xFE, 0x1F, 0x0E, 0x1E, 0x00, 0x7F, 0xC0, 0xFF, 0xC0, 0x3C, 0x00, 0x7F, 0x80,
        0xFF, 0x00, 0x1C, 0x00, 0x1E, 0x00, 0x1F, 0x0E, 0x0F, 0xFE, 0x07, 0xFC, 0x01, 0xF0, 0xFF,
        0x78, 0xF0, 0xFF, 0x7C, 0xF0, 0x1C, 0x7C, 0xF0, 0x1C, 0x7D, 0xF0, 0x1C, 0x7F, 0xB0, 0x1C,
        0x77, 0xB0, 0x1C, 0x77, 0xB0, 0x1C, 0x77, 0x30, 0xFF, 0xF0, 0xFF, 0xF0, 0xFF, 0xF0,
    ],
    line_height: 26,
};

// ATKINSON_LARGE_DETAIL: 13 px, cap 9, line height 15, gray 128
pub static ATKINSON_LARGE_DETAIL: BitmapFont = BitmapFont {
    glyphs: &[
        Glyph::new(0, 0, 0, 4, 0, 0),
        Glyph::new(0, 1, 9, 4, 1, -9),
        Glyph::new(9, 2, 2, 4, 1, -9),
        Glyph::new(11, 7, 9, 9, 1, -9),
        Glyph::new(20, 6, 11, 8, 1, -10),
        Glyph::new(31, 11, 9, 12, 1, -9),
        Glyph::new(49, 8, 9, 9, 1, -9),
        Glyph::new(58, 1, 1, 2, 1, -9),
        Glyph::new(59, 2, 11, 4, 1, -9),
        Glyph::new(70, 2, 11, 4, 1, -9),
        Glyph::new(81, 4, 4, 6, 1, -9),
        Glyph::new(85, 6, 7, 8, 1, -7),
        Glyph::new(92, 1, 3, 3, 1, -1),
        Glyph::new(95, 3, 1, 5, 1, -4),
        Glyph::new(96, 1, 2, 3, 1, -2),
        Glyph::new(98, 5, 9, 5, 0, -9),
        Glyph::new(107, 7, 9, 8, 1, -9),
        Glyph::new(116, 3, 9, 5, 1, -9),
        Glyph::new(125, 7, 9, 7, 0, -9),
        Glyph::new(134, 6, 9, 7, 1, -9),
        Glyph::new(143, 6, 9, 8, 1, -9),
        Glyph::new(152, 6, 9, 8, 1, -9),
        Glyph::new(161, 6, 9, 8, 1, -9),
        Glyph::new(170, 6, 9, 7, 0, -9),
        Glyph::new(179, 6, 9, 8, 1, -9),
        Glyph::new(188, 6, 9, 8, 1, -9),
        Glyph::new(197, 1, 7, 3, 1, -7),
        Glyph::new(204, 1, 9, 3, 1, -7),
        Glyph::new(213, 6, 6, 7, 1, -6),
        Glyph::new(219, 6, 4, 8, 1, -6),
        Glyph::new(223, 6, 6, 7, 1, -6),
        Glyph::new(229, 5, 9, 7, 1, -9),
        Glyph::new(238, 8, 9, 10, 1, -9),
        Glyph::new(247, 8, 9, 8, 0, -9),
        Glyph::new(256, 7, 9, 8, 1, -9),
        Glyph::new(265, 7, 9, 9, 1, -9),
        Glyph::new(274, 7, 9, 9, 1, -9),
        Glyph::new(283, 6, 9, 7, 1, -9),
        Glyph::new(292, 6, 9, 7, 1, -9),
        Glyph::new(301, 7, 9, 9, 1, -9),
        Glyph::new(310, 7, 9, 9, 1, -9),
        Glyph::new(319, 4, 9, 5, 1, -9),
        Glyph::new(328, 6, 9, 7, 0, -9),
        Glyph::new(337, 7, 9, 8, 1, -9),
        Glyph::new(346, 6, 9, 7, 1, -9),
        Glyph::new(355, 9, 9, 11, 1, -9),
        Glyph::new(373, 7, 9, 9, 1, -9),
        Glyph::new(382, 8, 9, 9, 1, -9),
        Glyph::new(391, 6, 9, 8, 1, -9),
        Glyph::new(400, 9, 9, 10, 1, -9),
        Glyph::new(418, 6, 9, 8, 1, -9),
        Glyph::new(427, 6, 9, 8, 1, -9),
        Glyph::new(436, 7, 9, 7, 0, -9),
        Glyph::new(445, 7, 9, 9, 1, -9),
        Glyph::new(454, 7, 9, 8, 0, -9),
        Glyph::new(463, 11, 9, 11, 0, -9),
        Glyph::new(481, 8, 9, 8, 0, -9),
        Glyph::new(490, 7, 9, 8, 0, -9),
        Glyph::new(499, 6, 9, 8, 1, -9),
        Glyph::new(508, 3, 11, 4, 1, -9),
        Glyph::new(519, 5, 9, 5, 0, -9),
        Glyph::new(528, 3, 11, 4, 0, -9),
        Glyph::new(539, 5, 5, 7, 1, -9),
        Glyph::new(544, 5, 1, 5, 0, 0),
        Glyph::new(545, 1, 2, 3, 1, -10),
        Glyph::new(547, 5, 7, 7, 1, -7),
        Glyph::new(554, 6, 9, 7, 1, -9),
        Glyph::new(563, 5, 7, 7, 1, -7),
        Glyph::new(570, 6, 9, 7, 1, -9),
        Glyph::new(579, 6, 7, 7, 1, -7),
        Glyph::new(586, 4, 9, 4, 0, -9),
        Glyph::new(595, 5, 10, 7, 1, -7),
        Glyph::new(605, 5, 9, 7, 1, -9),
        Glyph::new(614, 2, 9, 4, 1, -9),
        Glyph::new(623, 3, 11, 3, -1, -9),
        Glyph::new(634, 5, 9, 6, 1, -9),
        Glyph::new(643, 2, 9, 3, 1, -9),
        Glyph::new(652, 9, 7, 11, 1, -7),
        Glyph::new(666, 5, 7, 7, 1, -7),
        Glyph::new(673, 6, 7, 7, 1, -7),
        Glyph::new(680, 6, 9, 7, 1, -7),
        Glyph::new(689, 7, 9, 7, 1, -7),
        Glyph::new(698, 3, 7, 4, 1, -7),
        Glyph::new(705, 5, 7, 6, 1, -7),
        Glyph::new(712, 4, 8, 4, 0, -8),
        Glyph::new(720, 5, 7, 7, 1, -7),
        Glyph::new(727, 6, 7, 6, 0, -7),
        Glyph::new(734, 8, 7, 9, 0, -7),
        Glyph::new(741, 6, 7, 6, 0, -7),
        Glyph::new(748, 5, 9, 6, 0, -7),
        Glyph::new(757, 5, 7, 6, 1, -7),
        Glyph::new(764, 3, 11, 4, 1, -9),
        Glyph::new(775, 1, 11, 3, 1, -9),
        Glyph::new(786, 4, 11, 4, 0, -9),
        Glyph::new(797, 5, 2, 7, 1, -5),
        Glyph::new(799, 0, 0, 4, 0, 0),
        Glyph::new(799, 1, 9, 4, 1, -7),
        Glyph::new(808, 5, 9, 7, 1, -8),
        Glyph::new(817, 6, 9, 8, 1, -9),
        Glyph::new(826, 6, 6, 8, 1, -8),
        Glyph::new(832, 7, 9, 8, 0, -9),
        Glyph::new(841, 1, 11, 3, 1, -9),
        Glyph::new(852, 6, 11, 7, 0, -9),
        Glyph::new(863, 4, 1, 6, 1, -10),
        Glyph::new(864, 9, 10, 10, 1, -10),
        Glyph::new(884, 3, 4, 5, 1, -9),
        Glyph::new(888, 5, 6, 7, 1, -7),
        Glyph::new(894, 6, 4, 8, 1, -6),
        Glyph::new(898, 0, 0, 0, 0, 0),
        Glyph::new(898, 9, 10, 10, 1, -10),
        Glyph::new(918, 3, 1, 5, 1, -9),
        Glyph::new(919, 3, 4, 5, 1, -10),
        Glyph::new(923, 6, 7, 8, 1, -7),
        Glyph::new(930, 3, 5, 5, 1, -10),
        Glyph::new(935, 3, 5, 5, 1, -10),
        Glyph::new(940, 2, 2, 3, 1, -10),
        Glyph::new(942, 6, 9, 7, 1, -7),
        Glyph::new(951, 5, 11, 7, 1, -9),
        Glyph::new(962, 1, 2, 3, 1, -5),
        Glyph::new(964, 2, 2, 4, 1, 1),
        Glyph::new(966, 2, 5, 3, 1, -10),
        Glyph::new(971, 3, 4, 5, 1, -9),
        Glyph::new(975, 5, 6, 7, 1, -7),
        Glyph::new(981, 9, 9, 11, 1, -9),
        Glyph::new(999, 9, 9, 11, 1, -9),
        Glyph::new(1017, 9, 10, 11, 1, -10),
        Glyph::new(1037, 5, 9, 7, 1, -7),
        Glyph::new(1046, 8, 11, 8, 0, -11),
        Glyph::new(1057, 8, 12, 8, 0, -12),
        Glyph::new(1069, 8, 12, 8, 0, -12),
        Glyph::new(1081, 8, 12, 8, 0, -12),
        Glyph::new(1093, 8, 12, 8, 0, -12),
        Glyph::new(1105, 8, 12, 8, 0, -12),
        Glyph::new(1117, 12, 9, 13, 0, -9),
        Glyph::new(1135, 7, 12, 9, 1, -9),
        Glyph::new(1147, 6, 11, 7, 1, -11),
        Glyph::new(1158, 6, 12, 7, 1, -12),
        Glyph::new(1170, 6, 12, 7, 1, -12),
        Glyph::new(1182, 6, 12, 7, 1, -12),
        Glyph::new(1194, 4, 11, 5, 1, -11),
        Glyph::new(1205, 4, 12, 5, 1, -12),
        Glyph::new(1217, 4, 12, 5, 1, -12),
        Glyph::new(1229, 4, 12, 5, 1, -12),
        Glyph::new(1241, 9, 9, 9, 0, -9),
        Glyph::new(1259, 7, 12, 9, 1, -12),
        Glyph::new(1271, 8, 11, 9, 1, -11),
        Glyph::new(1282, 8, 12, 9, 1, -12),
        Glyph::new(1294, 8, 12, 9, 1, -12),
        Glyph::new(1306, 8, 12, 9, 1, -12),
        Glyph::new(1318, 8, 12, 9, 1, -12),
        Glyph::new(1330, 5, 5, 7, 1, -6),
        Glyph::new(1335, 8, 9, 9, 1, -9),
        Glyph::new(1344, 7, 11, 9, 1, -11),
        Glyph::new(1355, 7, 12, 9, 1, -12),
        Glyph::new(1367, 7, 12, 9, 1, -12),
        Glyph::new(1379, 7, 12, 9, 1, -12),
        Glyph::new(1391, 7, 12, 8, 0, -12),
        Glyph::new(1403, 6, 9, 7, 1, -9),
        Glyph::new(1412, 6, 9, 8, 1, -9),
        Glyph::new(1421, 5, 10, 7, 1, -10),
        Glyph::new(1431, 5, 10, 7, 1, -10),
        Glyph::new(1441, 5, 9, 7, 1, -9),
        Glyph::new(1450, 5, 10, 7, 1, -10),
        Glyph::new(1460, 5, 10, 7, 1, -10),
        Glyph::new(1470, 5, 11, 7, 1, -11),
        Glyph::new(1481, 10, 7, 11, 1, -7),
        Glyph::new(1495, 5, 10, 7, 1, -7),
        Glyph::new(1505, 6, 10, 7, 1, -10),
        Glyph::new(1515, 6, 10, 7, 1, -10),
        Glyph::new(1525, 6, 9, 7, 1, -9),
        Glyph::new(1534, 6, 10, 7, 1, -10),
        Glyph::new(1544, 3, 10, 4, 0, -10),
        Glyph::new(1554, 2, 10, 4, 1, -10),
        Glyph::new(1564, 3, 9, 4, 0, -9),
        Glyph::new(1573, 4, 10, 4, 0, -10),
        Glyph::new(1583, 6, 9, 7, 1, -9),
        Glyph::new(1592, 5, 10, 7, 1, -10),
        Glyph::new(1602, 6, 10, 7, 1, -10),
        Glyph::new(1612, 6, 10, 7, 1, -10),
        Glyph::new(1622, 6, 9, 7, 1, -9),
        Glyph::new(1631, 6, 10, 7, 1, -10),
        Glyph::new(1641, 6, 10, 7, 1, -10),
        Glyph::new(1651, 6, 7, 8, 1, -7),
        Glyph::new(1658, 6, 7, 7, 1, -7),
        Glyph::new(1665, 5, 10, 7, 1, -10),
        Glyph::new(1675, 5, 10, 7, 1, -10),
        Glyph::new(1685, 5, 9, 7, 1, -9),
        Glyph::new(1694, 5, 10, 7, 1, -10),
        Glyph::new(1704, 5, 12, 6, 0, -10),
        Glyph::new(1716, 6, 11, 7, 1, -9),
        Glyph::new(1727, 5, 12, 6, 0, -10),
        Glyph::new(1739, 5, 1, 6, 1, -4),
        Glyph::new(1740, 9, 1, 10, 1, -4),
        Glyph::new(1742, 1, 3, 3, 1, -9),
        Glyph::new(1745, 1, 3, 3, 1, -9),
        Glyph::new(1748, 1, 3, 3, 1, -1),
        Glyph::new(1751, 3, 3, 5, 1, -9),
        Glyph::new(1754, 3, 3, 5, 1, -9),
        Glyph::new(1757, 3, 3, 5, 1, -1),
        Glyph::new(1760, 4, 5, 6, 1, -6),
        Glyph::new(1765, 7, 2, 9, 1, -2),
        Glyph::new(1767, 3, 6, 5, 1, -7),
        Glyph::new(1773, 3, 6, 5, 1, -7),
        Glyph::new(1779, 7, 9, 9, 1, -9),
        Glyph::new(1788, 9, 5, 11, 1, -9),
        Glyph::new(1798, 6, 1, 8, 1, -4),
    ],
    bitmap: &[
        0x80, 0x80, 0x80, 0x80, 0x80, 0x80, 0x00, 0x80, 0x80, 0xC0, 0x40, 0x24, 0x28, 0xFE, 0x68,
        0x48, 0xFC, 0x48, 0x48, 0x48, 0x20, 0xF8, 0xA0, 0xA0, 0xE0, 0x38, 0x2C, 0x24, 0xAC, 0x78,
        0x20, 0xE1, 0x00, 0x93, 0x00, 0x92, 0x00, 0xE4, 0x00, 0x0D, 0x80, 0x0A, 0x40, 0x12, 0x20,
        0x32, 0x40, 0x21, 0xC0, 0x38, 0x48, 0x48, 0x70, 0xF2, 0x9E, 0x8C, 0x8E, 0x73, 0x80, 0x40,
        0x80, 0x80, 0x80, 0x80, 0x80, 0x80, 0x80, 0x80, 0x40, 0x40, 0x80, 0x40, 0x40, 0x40, 0x40,
        0x40, 0x40, 0x40, 0x40, 0x80, 0x80, 0x40, 0xF0, 0x60, 0x20, 0x20, 0x20, 0x20, 0xFC, 0x20,
        0x20, 0x20, 0x80, 0x80, 0x80, 0xE0, 0x80, 0x80, 0x18, 0x10, 0x10, 0x20, 0x20, 0x20, 0x40,
        0x40, 0xC0, 0x78, 0xCC, 0xC4, 0xA6, 0x96, 0x9E, 0x8C, 0xCC, 0x78, 0x20, 0xE0, 0x20, 0x20,
        0x20, 0x20, 0x20, 0x20, 0x20, 0x38, 0x44, 0x04, 0x04, 0x0C, 0x18, 0x30, 0x60, 0xFE, 0x78,
        0x88, 0x08, 0x30, 0x08, 0x0C, 0x8C, 0x88, 0x70, 0x18, 0x18, 0x28, 0x68, 0x48, 0x88, 0xFC,
        0x08, 0x08, 0xF8, 0x80, 0x80, 0xF0, 0xC8, 0x04, 0x04, 0x88, 0x70, 0x78, 0x48, 0x80, 0xB8,
        0xCC, 0x84, 0x84, 0xCC, 0x78, 0xFC, 0x04, 0x0C, 0x08, 0x18, 0x10, 0x30, 0x20, 0x60, 0x30,
        0x48, 0x48, 0x78, 0xCC, 0x84, 0x84, 0xCC, 0x78, 0x78, 0xC8, 0x84, 0x84, 0xCC, 0x78, 0x18,
        0x10, 0x20, 0x80, 0x80, 0x00, 0x00, 0x00, 0x80, 0x80, 0x80, 0x80, 0x00, 0x00, 0x00, 0x00,
        0x80, 0x80, 0x80, 0x0C, 0x70, 0xC0, 0xE0, 0x38, 0x04, 0xFC, 0x00, 0x00, 0xFC, 0xC0, 0x70,
        0x0C, 0x18, 0xE0, 0x80, 0x70, 0x88, 0x08, 0x18, 0x20, 0x60, 0x00, 0x40, 0x60, 0x3C, 0x42,
        0x9D, 0xA4, 0x24, 0xA5, 0xBF, 0x40, 0x3C, 0x18, 0x18, 0x3C, 0x24, 0x24, 0x66, 0x7E, 0x42,
        0xC1, 0xF8, 0x8C, 0x84, 0x84, 0xFC, 0x84, 0x86, 0x84, 0xF8, 0x3C, 0x46, 0x80, 0x80, 0x80,
        0x80, 0x80, 0x46, 0x3C, 0xF8, 0x8C, 0x86, 0x82, 0x82, 0x82, 0x86, 0x8C, 0xF8, 0xFC, 0x80,
        0x80, 0x80, 0xF8, 0x80, 0x80, 0x80, 0xFC, 0xFC, 0x80, 0x80, 0x80, 0xFC, 0x80, 0x80, 0x80,
        0x80, 0x3C, 0x46, 0x80, 0x80, 0x8E, 0x82, 0x82, 0x46, 0x38, 0x82, 0x82, 0x82, 0x82, 0xFE,
        0x82, 0x82, 0x82, 0x82, 0xF0, 0x40, 0x40, 0x40, 0x40, 0x40, 0x40, 0x40, 0xF0, 0x0C, 0x0C,
        0x0C, 0x0C, 0x0C, 0x0C, 0x8C, 0xC8, 0x78, 0x84, 0x88, 0x90, 0xB0, 0xF0, 0xD8, 0x88, 0x8C,
        0x86, 0x80, 0x80, 0x80, 0x80, 0x80, 0x80, 0x80, 0x80, 0xFC, 0xC3, 0x80, 0xC3, 0x80, 0xE3,
        0x80, 0xA3, 0x80, 0xA5, 0x80, 0x95, 0x80, 0x95, 0x80, 0x99, 0x80, 0x89, 0x80, 0xC2, 0xE2,
        0xA2, 0xB2, 0x92, 0x9A, 0x8A, 0x8E, 0x86, 0x3C, 0x46, 0x82, 0x83, 0x81, 0x83, 0x82, 0x46,
        0x3C, 0xF8, 0x84, 0x84, 0x84, 0xF8, 0x80, 0x80, 0x80, 0x80, 0x3C, 0x00, 0x46, 0x00, 0x82,
        0x00, 0x83, 0x00, 0x81, 0x00, 0x8F, 0x00, 0x86, 0x00, 0x47, 0x00, 0x3D, 0x80, 0xF8, 0x84,
        0x84, 0x84, 0xF8, 0x90, 0x98, 0x8C, 0x84, 0x78, 0x88, 0x80, 0xC0, 0x78, 0x0C, 0x04, 0x8C,
        0x78, 0xFE, 0x10, 0x10, 0x10, 0x10, 0x10, 0x10, 0x10, 0x10, 0x82, 0x82, 0x82, 0x82, 0x82,
        0x82, 0x82, 0x44, 0x7C, 0xC2, 0x42, 0x46, 0x64, 0x24, 0x2C, 0x38, 0x18, 0x18, 0xC4, 0x60,
        0xCC, 0x40, 0x4E, 0x40, 0x4A, 0x40, 0x4A, 0xC0, 0x6A, 0x80, 0x31, 0x80, 0x31, 0x80, 0x31,
        0x80, 0x42, 0x66, 0x24, 0x18, 0x18, 0x1C, 0x24, 0x66, 0xC3, 0xC2, 0x46, 0x24, 0x2C, 0x18,
        0x18, 0x10, 0x10, 0x10, 0xFC, 0x0C, 0x08, 0x10, 0x30, 0x60, 0x40, 0x80, 0xFC, 0xE0, 0x80,
        0x80, 0x80, 0x80, 0x80, 0x80, 0x80, 0x80, 0x80, 0xE0, 0xC0, 0x40, 0x40, 0x20, 0x20, 0x20,
        0x10, 0x10, 0x18, 0xE0, 0x20, 0x20, 0x20, 0x20, 0x20, 0x20, 0x20, 0x20, 0x20, 0xE0, 0x20,
        0x70, 0x50, 0xC8, 0x88, 0xF8, 0x80, 0x80, 0x70, 0x98, 0x08, 0x78, 0x88, 0x98, 0xE8, 0x80,
        0x80, 0xB8, 0xC8, 0x8C, 0x84, 0x8C, 0xC8, 0xB8, 0x70, 0x88, 0x80, 0x80, 0x80, 0x88, 0x70,
        0x08, 0x08, 0x78, 0x88, 0x88, 0x88, 0x88, 0x88, 0x74, 0x70, 0x88, 0x88, 0xFC, 0x80, 0x80,
        0x70, 0x60, 0x40, 0xF0, 0x40, 0x40, 0x40, 0x40, 0x40, 0x40, 0x78, 0x88, 0x88, 0x88, 0x88,
        0x88, 0x78, 0x08, 0x88, 0x70, 0x80, 0x80, 0xB0, 0xC8, 0x88, 0x88, 0x88, 0x88, 0x88, 0xC0,
        0x00, 0xC0, 0xC0, 0xC0, 0xC0, 0xC0, 0xC0, 0xC0, 0x20, 0x00, 0x20, 0x20, 0x20, 0x20, 0x20,
        0x20, 0x20, 0x20, 0xE0, 0x80, 0x80, 0x98, 0xB0, 0xA0, 0xE0, 0xB0, 0x90, 0x88, 0x80, 0x80,
        0x80, 0x80, 0x80, 0x80, 0x80, 0x80, 0xC0, 0xB3, 0x00, 0xDC, 0x80, 0x88, 0x80, 0x88, 0x80,
        0x88, 0x80, 0x88, 0x80, 0x88, 0x80, 0xB0, 0xC8, 0x88, 0x88, 0x88, 0x88, 0x88, 0x70, 0x88,
        0x8C, 0x8C, 0x8C, 0x88, 0x70, 0xB8, 0xC8, 0x8C, 0x84, 0x8C, 0xC8, 0xB8, 0x80, 0x80, 0x70,
        0x88, 0x88, 0x88, 0x88, 0x88, 0x78, 0x0C, 0x06, 0xA0, 0xC0, 0x80, 0x80, 0x80, 0x80, 0x80,
        0xF0, 0x90, 0x80, 0x70, 0x18, 0x98, 0xF0, 0x40, 0xF0, 0x40, 0x40, 0x40, 0x40, 0x60, 0x30,
        0x88, 0x88, 0x88, 0x88, 0x88, 0x98, 0x68, 0x8C, 0xC8, 0x48, 0x58, 0x70, 0x30, 0x30, 0x89,
        0xD9, 0x51, 0x57, 0x66, 0x66, 0x22, 0xCC, 0x48, 0x30, 0x30, 0x30, 0x48, 0xCC, 0x88, 0x48,
        0x48, 0x50, 0x30, 0x30, 0x20, 0x20, 0xC0, 0xF0, 0x10, 0x20, 0x60, 0x40, 0x80, 0xF8, 0x60,
        0xC0, 0xC0, 0x80, 0x80, 0x80, 0x80, 0x80, 0xC0, 0xC0, 0x60, 0x80, 0x80, 0x80, 0x80, 0x80,
        0x80, 0x80, 0x80, 0x80, 0x80, 0x80, 0xC0, 0x20, 0x20, 0x20, 0x20, 0x30, 0x20, 0x20, 0x20,
        0x20, 0xC0, 0xE0, 0xB8, 0x80, 0x80, 0x00, 0x80, 0x80, 0x80, 0x80, 0x80, 0x80, 0x20, 0x70,
        0xE8, 0xA0, 0xA0, 0xA0, 0xA8, 0x70, 0x20, 0x78, 0x44, 0x40, 0xF8, 0x60, 0x20, 0x40, 0x60,
        0x1C, 0xF4, 0xC8, 0x8C, 0x84, 0xC8, 0xF8, 0xC2, 0x46, 0x24, 0x2C, 0x18, 0x7C, 0x18, 0x7C,
        0x18, 0x80, 0x80, 0x80, 0x80, 0x00, 0x00, 0x00, 0x80, 0x80, 0x80, 0x80, 0x38, 0x48, 0x60,
        0x30, 0x4C, 0xC4, 0x64, 0x18, 0x0C, 0x4C, 0x38, 0x90, 0x3C, 0x00, 0x62, 0x00, 0x99, 0x00,
        0xA4, 0x00, 0xA0, 0x80, 0xA0, 0x80, 0xA0, 0x00, 0x9D, 0x00, 0x42, 0x00, 0x3C, 0x00, 0xC0,
        0x20, 0xA0, 0xE0, 0x68, 0x58, 0x90, 0x90, 0x58, 0x68, 0xFC, 0x04, 0x04, 0x04, 0x3C, 0x00,
        0x62, 0x00, 0xB9, 0x00, 0xA4, 0x00, 0xA4, 0x80, 0xBC, 0x80, 0xA8, 0x00, 0x85, 0x00, 0x42,
        0x00, 0x3C, 0x00, 0xE0, 0xC0, 0xA0, 0x20, 0xC0, 0x20, 0x20, 0xFC, 0x20, 0x20, 0x00, 0xFC,
        0xE0, 0x20, 0x20, 0x40, 0xE0, 0xE0, 0x20, 0x60, 0x20, 0xE0, 0x40, 0x80, 0x88, 0x88, 0x88,
        0x88, 0x88, 0x98, 0xFC, 0x80, 0x80, 0x78, 0xE8, 0xC8, 0xC8, 0xC8, 0x48, 0x48, 0x48, 0x48,
        0x48, 0x48, 0x80, 0x80, 0x40, 0xC0, 0x40, 0xC0, 0x40, 0x40, 0x40, 0x40, 0xA0, 0xA0, 0xE0,
        0x90, 0x58, 0x68, 0x68, 0x58, 0x90, 0xC2, 0x00, 0x42, 0x00, 0x44, 0x00, 0x48, 0x00, 0x49,
        0x00, 0x13, 0x00, 0x25, 0x00, 0x27, 0x80, 0x41, 0x00, 0xC2, 0x00, 0x42, 0x00, 0x44, 0x00,
        0x48, 0x00, 0x4B, 0x00, 0x10, 0x80, 0x21, 0x00, 0x22, 0x00, 0x47, 0x80, 0x41, 0x00, 0xA2,
        0x00, 0x22, 0x00, 0x64, 0x00, 0x2C, 0x00, 0xE9, 0x80, 0x11, 0x80, 0x12, 0x80, 0x23, 0x80,
        0x40, 0x80, 0x20, 0x20, 0x00, 0x20, 0x60, 0xC0, 0x80, 0x88, 0x70, 0x10, 0x00, 0x18, 0x18,
        0x3C, 0x24, 0x24, 0x66, 0x7E, 0x42, 0xC1, 0x08, 0x00, 0x00, 0x18, 0x18, 0x3C, 0x24, 0x24,
        0x66, 0x7E, 0x42, 0xC1, 0x1C, 0x00, 0x00, 0x18, 0x18, 0x3C, 0x24, 0x24, 0x66, 0x7E, 0x42,
        0xC1, 0x14, 0x2C, 0x00, 0x18, 0x18, 0x3C, 0x24, 0x24, 0x66, 0x7E, 0x42, 0xC1, 0x24, 0x00,
        0x00, 0x18, 0x18, 0x3C, 0x24, 0x24, 0x66, 0x7E, 0x42, 0xC1, 0x18, 0x10, 0x18, 0x18, 0x18,
        0x3C, 0x24, 0x24, 0x66, 0x7E, 0x42, 0xC1, 0x03, 0xF0, 0x07, 0x00, 0x07, 0x00, 0x09, 0x00,
        0x19, 0xE0, 0x11, 0x00, 0x3F, 0x00, 0x61, 0x00, 0xC1, 0xF0, 0x3C, 0x46, 0x80, 0x80, 0x80,
        0x80, 0x80, 0x46, 0x3C, 0x10, 0x08, 0x10, 0x20, 0x00, 0xFC, 0x80, 0x80, 0x80, 0xF8, 0x80,
        0x80, 0x80, 0xFC, 0x10, 0x00, 0x00, 0xFC, 0x80, 0x80, 0x80, 0xF8, 0x80, 0x80, 0x80, 0xFC,
        0x70, 0x00, 0x00, 0xFC, 0x80, 0x80, 0x80, 0xF8, 0x80, 0x80, 0x80, 0xFC, 0x48, 0x00, 0x00,
        0xFC, 0x80, 0x80, 0x80, 0xF8, 0x80, 0x80, 0x80, 0xFC, 0x40, 0x00, 0xF0, 0x40, 0x40, 0x40,
        0x40, 0x40, 0x40, 0x40, 0xF0, 0x60, 0x00, 0x00, 0xF0, 0x40, 0x40, 0x40, 0x40, 0x40, 0x40,
        0x40, 0xF0, 0xE0, 0x00, 0x00, 0xF0, 0x40, 0x40, 0x40, 0x40, 0x40, 0x40, 0x40, 0xF0, 0x90,
        0x00, 0x00, 0xF0, 0x40, 0x40, 0x40, 0x40, 0x40, 0x40, 0x40, 0xF0, 0x7C, 0x00, 0x63, 0x00,
        0x61, 0x00, 0x61, 0x80, 0xF1, 0x80, 0x61, 0x80, 0x61, 0x00, 0x63, 0x00, 0x7C, 0x00, 0x34,
        0x28, 0x00, 0xC2, 0xE2, 0xA2, 0xB2, 0x92, 0x9A, 0x8A, 0x8E, 0x86, 0x10, 0x00, 0x3C, 0x46,
        0x82, 0x83, 0x81, 0x83, 0x82, 0x46, 0x3C, 0x18, 0x00, 0x00, 0x3C, 0x46, 0x82, 0x83, 0x81,
        0x83, 0x82, 0x46, 0x3C, 0x38, 0x00, 0x00, 0x3C, 0x46, 0x82, 0x83, 0x81, 0x83, 0x82, 0x46,
        0x3C, 0x34, 0x28, 0x00, 0x3C, 0x46, 0x82, 0x83, 0x81, 0x83, 0x82, 0x46, 0x3C, 0x24, 0x00,
        0x00, 0x3C, 0x46, 0x82, 0x83, 0x81, 0x83, 0x82, 0x46, 0x3C, 0x88, 0xD0, 0x60, 0x70, 0x98,
        0x3C, 0x46, 0x86, 0x8B, 0x91, 0xA3, 0xC2, 0xC6, 0xBC, 0x30, 0x00, 0x82, 0x82, 0x82, 0x82,
        0x82, 0x82, 0x82, 0x44, 0x7C, 0x18, 0x00, 0x00, 0x82, 0x82, 0x82, 0x82, 0x82, 0x82, 0x82,
        0x44, 0x7C, 0x28, 0x00, 0x00, 0x82, 0x82, 0x82, 0x82, 0x82, 0x82, 0x82, 0x44, 0x7C, 0x28,
        0x00, 0x00, 0x82, 0x82, 0x82, 0x82, 0x82, 0x82, 0x82, 0x44, 0x7C, 0x08, 0x00, 0x00, 0xC2,
        0x46, 0x24, 0x2C, 0x18, 0x18, 0x10, 0x10, 0x10, 0x80, 0x80, 0xF8, 0x8C, 0x84, 0x8C, 0xF8,
        0x80, 0x80, 0x78, 0xCC, 0x8C, 0x98, 0x8C, 0x84, 0x84, 0x8C, 0x98, 0x40, 0x20, 0x00, 0x70,
        0x98, 0x08, 0x78, 0x88, 0x98, 0xE8, 0x10, 0x20, 0x00, 0x70, 0x98, 0x08, 0x78, 0x88, 0x98,
        0xE8, 0x50, 0x00, 0x70, 0x98, 0x08, 0x78, 0x88, 0x98, 0xE8, 0x40, 0xB0, 0x00, 0x70, 0x98,
        0x08, 0x78, 0x88, 0x98, 0xE8, 0x50, 0x00, 0x00, 0x70, 0x98, 0x08, 0x78, 0x88, 0x98, 0xE8,
        0x20, 0x50, 0x60, 0x00, 0x70, 0x98, 0x08, 0x78, 0x88, 0x98, 0xE8, 0x77, 0x00, 0x9C, 0x80,
        0x08, 0x40, 0x7F, 0xC0, 0x88, 0x00, 0x9C, 0x00, 0xF7, 0x80, 0x70, 0x88, 0x80, 0x80, 0x80,
        0x88, 0x70, 0x20, 0x10, 0x20, 0x40, 0x20, 0x00, 0x70, 0x88, 0x88, 0xFC, 0x80, 0x80, 0x70,
        0x10, 0x20, 0x00, 0x70, 0x88, 0x88, 0xFC, 0x80, 0x80, 0x70, 0x50, 0x00, 0x70, 0x88, 0x88,
        0xFC, 0x80, 0x80, 0x70, 0x48, 0x00, 0x00, 0x70, 0x88, 0x88, 0xFC, 0x80, 0x80, 0x70, 0x80,
        0x40, 0x00, 0x60, 0x60, 0x60, 0x60, 0x60, 0x60, 0x60, 0x40, 0xC0, 0x00, 0xC0, 0xC0, 0xC0,
        0xC0, 0xC0, 0xC0, 0xC0, 0xE0, 0x00, 0x60, 0x60, 0x60, 0x60, 0x60, 0x60, 0x60, 0x90, 0x00,
        0x00, 0x60, 0x60, 0x60, 0x60, 0x60, 0x60, 0x60, 0x78, 0x18, 0x08, 0x7C, 0x8C, 0x8C, 0x8C,
        0x88, 0x70, 0x68, 0x58, 0x00, 0xB0, 0xC8, 0x88, 0x88, 0x88, 0x88, 0x88, 0x40, 0x20, 0x00,
        0x70, 0x88, 0x8C, 0x8C, 0x8C, 0x88, 0x70, 0x10, 0x20, 0x00, 0x70, 0x88, 0x8C, 0x8C, 0x8C,
        0x88, 0x70, 0x50, 0x00, 0x70, 0x88, 0x8C, 0x8C, 0x8C, 0x88, 0x70, 0x68, 0x70, 0x00, 0x70,
        0x88, 0x8C, 0x8C, 0x8C, 0x88, 0x70, 0x50, 0x00, 0x00, 0x70, 0x88, 0x8C, 0x8C, 0x8C, 0x88,
        0x70, 0x30, 0x20, 0x00, 0xFC, 0x00, 0x20, 0x30, 0x78, 0xD8, 0x9C, 0xAC, 0xCC, 0xC8, 0xF0,
        0x40, 0x20, 0x00, 0x88, 0x88, 0x88, 0x88, 0x88, 0x98, 0x68, 0x10, 0x20, 0x00, 0x88, 0x88,
        0x88, 0x88, 0x88, 0x98, 0x68, 0x50, 0x00, 0x88, 0x88, 0x88, 0x88, 0x88, 0x98, 0x68, 0x50,
        0x00, 0x00, 0x88, 0x88, 0x88, 0x88, 0x88, 0x98, 0x68, 0x10, 0x10, 0x00, 0x88, 0x48, 0x48,
        0x50, 0x30, 0x30, 0x20, 0x20, 0xC0, 0x80, 0x80, 0xB8, 0xC8, 0x8C, 0x84, 0x8C, 0xC8, 0xB8,
        0x80, 0x80, 0x48, 0x00, 0x00, 0x88, 0x48, 0x48, 0x50, 0x30, 0x30, 0x20, 0x20, 0xC0, 0xF8,
        0xFF, 0x80, 0x80, 0x80, 0x80, 0x80, 0x80, 0x80, 0x80, 0x80, 0x80, 0xA0, 0xA0, 0xA0, 0xA0,
        0xA0, 0xA0, 0xA0, 0xA0, 0xA0, 0x60, 0xF0, 0xF0, 0xF0, 0x60, 0x92, 0x92, 0x60, 0x40, 0x80,
        0x80, 0x40, 0x60, 0x80, 0x40, 0x60, 0x60, 0x40, 0x80, 0x3C, 0x66, 0x40, 0xF0, 0x80, 0xE0,
        0x40, 0x66, 0x3C, 0xFC, 0x80, 0x4D, 0x80, 0x4D, 0x80, 0x4B, 0x80, 0x4A, 0x00, 0xFC,
    ],
    line_height: 15,
};

// ATKINSON_LARGE_BODY: 17 px, cap 12, line height 20, gray 128
pub static ATKINSON_LARGE_BODY: BitmapFont = BitmapFont {
    glyphs: &[
        Glyph::new(0, 0, 0, 5, 0, 0),
        Glyph::new(0, 2, 12, 5, 1, -12),
        Glyph::new(12, 3, 4, 5, 1, -12),
        Glyph::new(16, 9, 12, 11, 1, -12),
        Glyph::new(40, 8, 13, 10, 1, -13),
        Glyph::new(53, 14, 12, 16, 1, -12),
        Glyph::new(77, 10, 12, 12, 1, -12),
        Glyph::new(101, 1, 4, 3, 1, -12),
        Glyph::new(105, 3, 15, 5, 1, -12),
        Glyph::new(120, 3, 15, 5, 1, -12),
        Glyph::new(135, 4, 5, 7, 2, -12),
        Glyph::new(140, 8, 9, 10, 1, -9),
        Glyph::new(149, 2, 4, 3, 1, -2),
        Glyph::new(153, 5, 1, 6, 1, -5),
        Glyph::new(154, 2, 2, 3, 1, -2),
        Glyph::new(156, 6, 12, 6, 0, -12),
        Glyph::new(168, 9, 12, 11, 1, -12),
        Glyph::new(192, 4, 12, 7, 1, -12),
        Glyph::new(204, 8, 12, 9, 1, -12),
        Glyph::new(216, 8, 12, 10, 1, -12),
        Glyph::new(228, 9, 12, 10, 1, -12),
        Glyph::new(252, 8, 12, 10, 1, -12),
        Glyph::new(264, 8, 12, 10, 1, -12),
        Glyph::new(276, 8, 12, 9, 0, -12),
        Glyph::new(288, 8, 12, 10, 1, -12),
        Glyph::new(300, 8, 12, 10, 1, -12),
        Glyph::new(312, 2, 9, 3, 1, -9),
        Glyph::new(321, 2, 11, 3, 1, -9),
        Glyph::new(332, 8, 8, 9, 1, -8),
        Glyph::new(340, 8, 4, 10, 1, -6),
        Glyph::new(344, 8, 8, 9, 1, -8),
        Glyph::new(352, 7, 12, 9, 1, -12),
        Glyph::new(364, 11, 12, 13, 1, -12),
        Glyph::new(388, 10, 12, 11, 0, -12),
        Glyph::new(412, 9, 12, 11, 1, -12),
        Glyph::new(436, 9, 12, 11, 1, -12),
        Glyph::new(460, 10, 12, 11, 1, -12),
        Glyph::new(484, 8, 12, 10, 1, -12),
        Glyph::new(496, 8, 12, 9, 1, -12),
        Glyph::new(508, 10, 12, 12, 1, -12),
        Glyph::new(532, 9, 12, 12, 1, -12),
        Glyph::new(556, 5, 12, 7, 1, -12),
        Glyph::new(568, 7, 12, 9, 0, -12),
        Glyph::new(580, 9, 12, 11, 1, -12),
        Glyph::new(604, 8, 12, 9, 1, -12),
        Glyph::new(616, 12, 12, 14, 1, -12),
        Glyph::new(640, 9, 12, 12, 1, -12),
        Glyph::new(664, 10, 12, 12, 1, -12),
        Glyph::new(688, 9, 12, 10, 1, -12),
        Glyph::new(712, 12, 12, 13, 1, -12),
        Glyph::new(736, 9, 12, 11, 1, -12),
        Glyph::new(760, 8, 12, 10, 1, -12),
        Glyph::new(772, 9, 12, 9, 0, -12),
        Glyph::new(796, 9, 12, 12, 1, -12),
        Glyph::new(820, 10, 12, 10, 0, -12),
        Glyph::new(844, 14, 12, 14, 0, -12),
        Glyph::new(868, 9, 12, 11, 1, -12),
        Glyph::new(892, 10, 12, 10, 0, -12),
        Glyph::new(916, 9, 12, 10, 1, -12),
        Glyph::new(940, 4, 15, 5, 1, -12),
        Glyph::new(955, 6, 12, 6, 0, -12),
        Glyph::new(967, 3, 15, 5, 1, -12),
        Glyph::new(982, 7, 6, 9, 1, -12),
        Glyph::new(988, 7, 1, 7, 0, 0),
        Glyph::new(989, 2, 2, 5, 1, -12),
        Glyph::new(991, 7, 9, 9, 1, -9),
        Glyph::new(1000, 8, 12, 10, 1, -12),
        Glyph::new(1012, 7, 9, 9, 1, -9),
        Glyph::new(1021, 8, 12, 10, 1, -12),
        Glyph::new(1033, 8, 9, 9, 1, -9),
        Glyph::new(1042, 5, 13, 5, 0, -13),
        Glyph::new(1055, 7, 12, 10, 1, -9),
        Glyph::new(1067, 7, 12, 9, 1, -12),
        Glyph::new(1079, 3, 13, 5, 1, -13),
        Glyph::new(1092, 4, 15, 4, -1, -12),
        Glyph::new(1107, 7, 12, 8, 1, -12),
        Glyph::new(1119, 3, 12, 4, 1, -12),
        Glyph::new(1131, 12, 9, 14, 1, -9),
        Glyph::new(1149, 7, 9, 9, 1, -9),
        Glyph::new(1158, 8, 9, 9, 1, -9),
        Glyph::new(1167, 8, 12, 10, 1, -9),
        Glyph::new(1179, 10, 12, 10, 1, -9),
        Glyph::new(1203, 5, 9, 6, 1, -9),
        Glyph::new(1212, 6, 9, 8, 1, -9),
        Glyph::new(1221, 5, 11, 6, 0, -11),
        Glyph::new(1232, 7, 9, 9, 1, -9),
        Glyph::new(1241, 7, 9, 7, 0, -9),
        Glyph::new(1250, 11, 9, 11, 0, -9),
        Glyph::new(1268, 8, 9, 8, 0, -9),
        Glyph::new(1277, 7, 12, 7, 0, -9),
        Glyph::new(1289, 6, 9, 8, 1, -9),
        Glyph::new(1298, 4, 15, 5, 1, -12),
        Glyph::new(1313, 2, 15, 4, 1, -12),
        Glyph::new(1328, 4, 15, 5, 1, -12),
        Glyph::new(1343, 7, 2, 9, 1, -6),
        Glyph::new(1345, 0, 0, 5, 0, 0),
        Glyph::new(1345, 2, 12, 5, 1, -9),
        Glyph::new(1357, 7, 12, 9, 1, -10),
        Glyph::new(1369, 8, 12, 10, 1, -12),
        Glyph::new(1381, 8, 7, 10, 1, -9),
        Glyph::new(1388, 10, 12, 10, 0, -12),
        Glyph::new(1412, 2, 15, 4, 1, -12),
        Glyph::new(1427, 7, 15, 9, 1, -12),
        Glyph::new(1442, 5, 1, 7, 1, -12),
        Glyph::new(1443, 12, 12, 14, 1, -12),
        Glyph::new(1467, 4, 5, 6, 1, -12),
        Glyph::new(1472, 7, 8, 10, 1, -9),
        Glyph::new(1480, 8, 5, 10, 1, -7),
        Glyph::new(1485, 0, 0, 0, 0, 0),
        Glyph::new(1485, 12, 12, 14, 1, -12),
        Glyph::new(1509, 5, 1, 6, 1, -12),
        Glyph::new(1510, 4, 5, 6, 1, -12),
        Glyph::new(1515, 8, 9, 10, 1, -9),
        Glyph::new(1524, 5, 6, 6, 1, -13),
        Glyph::new(1530, 5, 6, 7, 1, -13),
        Glyph::new(1536, 3, 2, 5, 1, -12),
        Glyph::new(1538, 8, 12, 9, 1, -9),
        Glyph::new(1550, 7, 15, 9, 1, -12),
        Glyph::new(1565, 2, 2, 4, 1, -5),
        Glyph::new(1567, 2, 3, 5, 2, 0),
        Glyph::new(1570, 2, 6, 4, 1, -13),
        Glyph::new(1576, 5, 5, 6, 1, -12),
        Glyph::new(1581, 7, 8, 10, 1, -9),
        Glyph::new(1589, 12, 12, 14, 1, -12),
        Glyph::new(1613, 12, 12, 14, 1, -12),
        Glyph::new(1637, 13, 12, 15, 1, -12),
        Glyph::new(1661, 7, 12, 9, 1, -9),
        Glyph::new(1673, 10, 15, 11, 0, -15),
        Glyph::new(1703, 10, 15, 11, 0, -15),
        Glyph::new(1733, 10, 16, 11, 0, -16),
        Glyph::new(1765, 10, 15, 11, 0, -15),
        Glyph::new(1795, 10, 15, 11, 0, -15),
        Glyph::new(1825, 10, 15, 11, 0, -15),
        Glyph::new(1855, 15, 12, 17, 1, -12),
        Glyph::new(1879, 9, 15, 11, 1, -12),
        Glyph::new(1909, 8, 15, 10, 1, -15),
        Glyph::new(1924, 8, 15, 10, 1, -15),
        Glyph::new(1939, 8, 16, 10, 1, -16),
        Glyph::new(1955, 8, 15, 10, 1, -15),
        Glyph::new(1970, 5, 15, 7, 1, -15),
        Glyph::new(1985, 5, 15, 7, 1, -15),
        Glyph::new(2000, 5, 16, 7, 1, -16),
        Glyph::new(2016, 5, 15, 7, 1, -15),
        Glyph::new(2031, 11, 12, 12, 0, -12),
        Glyph::new(2055, 9, 15, 12, 1, -15),
        Glyph::new(2085, 10, 15, 12, 1, -15),
        Glyph::new(2115, 10, 15, 12, 1, -15),
        Glyph::new(2145, 10, 16, 12, 1, -16),
        Glyph::new(2177, 10, 15, 12, 1, -15),
        Glyph::new(2207, 10, 15, 12, 1, -15),
        Glyph::new(2237, 7, 6, 9, 1, -7),
        Glyph::new(2243, 10, 12, 12, 1, -12),
        Glyph::new(2267, 9, 15, 12, 1, -15),
        Glyph::new(2297, 9, 15, 12, 1, -15),
        Glyph::new(2327, 9, 16, 12, 1, -16),
        Glyph::new(2359, 9, 15, 12, 1, -15),
        Glyph::new(2389, 10, 15, 10, 0, -15),
        Glyph::new(2419, 8, 12, 10, 1, -12),
        Glyph::new(2431, 8, 12, 10, 1, -12),
        Glyph::new(2443, 7, 12, 9, 1, -12),
        Glyph::new(2455, 7, 12, 9, 1, -12),
        Glyph::new(2467, 7, 12, 9, 1, -12),
        Glyph::new(2479, 7, 12, 9, 1, -12),
        Glyph::new(2491, 7, 12, 9, 1, -12),
        Glyph::new(2503, 7, 14, 9, 1, -14),
        Glyph::new(2517, 13, 9, 15, 1, -9),
        Glyph::new(2535, 7, 12, 9, 1, -9),
        Glyph::new(2547, 8, 12, 9, 1, -12),
        Glyph::new(2559, 8, 12, 9, 1, -12),
        Glyph::new(2571, 8, 12, 9, 1, -12),
        Glyph::new(2583, 8, 12, 9, 1, -12),
        Glyph::new(2595, 2, 12, 5, 1, -12),
        Glyph::new(2607, 3, 12, 5, 1, -12),
        Glyph::new(2619, 4, 12, 5, 0, -12),
        Glyph::new(2631, 5, 12, 5, 0, -12),
        Glyph::new(2643, 8, 12, 10, 1, -12),
        Glyph::new(2655, 7, 12, 9, 1, -12),
        Glyph::new(2667, 8, 12, 9, 1, -12),
        Glyph::new(2679, 8, 12, 9, 1, -12),
        Glyph::new(2691, 8, 12, 9, 1, -12),
        Glyph::new(2703, 8, 12, 9, 1, -12),
        Glyph::new(2715, 8, 12, 9, 1, -12),
        Glyph::new(2727, 8, 9, 10, 1, -9),
        Glyph::new(2736, 8, 9, 9, 1, -9),
        Glyph::new(2745, 7, 12, 9, 1, -12),
        Glyph::new(2757, 7, 12, 9, 1, -12),
        Glyph::new(2769, 7, 12, 9, 1, -12),
        Glyph::new(2781, 7, 12, 9, 1, -12),
        Glyph::new(2793, 7, 15, 7, 0, -12),
        Glyph::new(2808, 8, 15, 10, 1, -12),
        Glyph::new(2823, 7, 15, 7, 0, -12),
        Glyph::new(2838, 6, 1, 8, 1, -5),
        Glyph::new(2839, 12, 1, 14, 1, -5),
        Glyph::new(2841, 2, 4, 4, 1, -12),
        Glyph::new(2845, 2, 4, 4, 1, -12),
        Glyph::new(2849, 2, 4, 4, 1, -2),
        Glyph::new(2853, 5, 4, 7, 1, -12),
        Glyph::new(2857, 5, 4, 7, 1, -12),
        Glyph::new(2861, 5, 4, 7, 1, -2),
        Glyph::new(2865, 5, 6, 7, 1, -8),
        Glyph::new(2871, 10, 2, 12, 1, -2),
        Glyph::new(2875, 4, 8, 6, 1, -9),
        Glyph::new(2883, 4, 8, 6, 1, -9),
        Glyph::new(2891, 9, 12, 11, 1, -12),
        Glyph::new(2915, 13, 7, 14, 1, -11),
        Glyph::new(2929, 8, 1, 10, 1, -5),
    ],
    bitmap: &[
        0x40, 0x40, 0x40, 0x40, 0x40, 0x40, 0x40, 0x40, 0x00, 0x00, 0xC0, 0x40, 0xA0, 0xA0, 0xA0,
        0xA0, 0x13, 0x00, 0x13, 0x00, 0x12, 0x00, 0xFF, 0x80, 0x32, 0x00, 0x32, 0x00, 0x22, 0x00,
        0x26, 0x00, 0xFF, 0x80, 0x26, 0x00, 0x24, 0x00, 0x64, 0x00, 0x10, 0x7E, 0xFF, 0xC0, 0xC0,
        0xF0, 0x7C, 0x1F, 0x03, 0x01, 0xC1, 0xFF, 0x3C, 0x70, 0x20, 0xD8, 0x60, 0x8C, 0xC0, 0x8C,
        0x80, 0xC9, 0x80, 0x7B, 0x00, 0x02, 0x78, 0x06, 0xCC, 0x0C, 0x84, 0x08, 0x84, 0x18, 0xCC,
        0x30, 0x78, 0x3C, 0x00, 0x36, 0x00, 0x62, 0x00, 0x26, 0x00, 0x3C, 0x00, 0x78, 0x80, 0xCC,
        0x80, 0x87, 0x80, 0x83, 0x00, 0xC3, 0x80, 0xE7, 0xC0, 0x7C, 0xC0, 0x80, 0x80, 0x80, 0x80,
        0x60, 0x40, 0x40, 0xC0, 0x80, 0x80, 0x80, 0x80, 0x80, 0x80, 0xC0, 0x40, 0x40, 0x60, 0x20,
        0xC0, 0x40, 0x60, 0x20, 0x20, 0x20, 0x20, 0x20, 0x20, 0x20, 0x20, 0x60, 0x40, 0xC0, 0x80,
        0x40, 0x50, 0xF0, 0xE0, 0xA0, 0x18, 0x18, 0x18, 0x18, 0xFF, 0x18, 0x18, 0x18, 0x18, 0xC0,
        0xC0, 0x80, 0x80, 0xF8, 0xC0, 0xC0, 0x0C, 0x0C, 0x08, 0x18, 0x10, 0x10, 0x30, 0x20, 0x20,
        0x60, 0x40, 0xC0, 0x3E, 0x00, 0x77, 0x00, 0x61, 0x00, 0xF1, 0x80, 0xD1, 0x80, 0xD9, 0x80,
        0xCD, 0x80, 0xC5, 0x80, 0xC7, 0x80, 0x43, 0x00, 0x77, 0x00, 0x3E, 0x00, 0x10, 0x30, 0xF0,
        0x10, 0x10, 0x10, 0x10, 0x10, 0x10, 0x10, 0x10, 0x10, 0x3C, 0x66, 0xC2, 0x02, 0x02, 0x06,
        0x0C, 0x18, 0x30, 0x60, 0xC0, 0xFF, 0x3C, 0x66, 0xC2, 0x02, 0x06, 0x1C, 0x06, 0x03, 0x03,
        0x83, 0xE6, 0x3C, 0x06, 0x00, 0x0E, 0x00, 0x1E, 0x00, 0x16, 0x00, 0x36, 0x00, 0x66, 0x00,
        0x46, 0x00, 0xC6, 0x00, 0xFF, 0x80, 0x06, 0x00, 0x06, 0x00, 0x06, 0x00, 0x7E, 0x40, 0x40,
        0x40, 0xFC, 0xE6, 0x03, 0x03, 0x03, 0xC3, 0x66, 0x3C, 0x1C, 0x66, 0x40, 0xC0, 0xDC, 0xE6,
        0xC3, 0xC1, 0xC1, 0x43, 0x66, 0x3C, 0xFF, 0x03, 0x03, 0x02, 0x06, 0x04, 0x0C, 0x08, 0x18,
        0x10, 0x30, 0x30, 0x1C, 0x36, 0x62, 0x42, 0x26, 0x3E, 0x67, 0xC1, 0xC1, 0xC1, 0x67, 0x3C,
        0x3C, 0x66, 0xC3, 0xC1, 0xC1, 0xC3, 0x67, 0x3E, 0x04, 0x0C, 0x08, 0x18, 0xC0, 0xC0, 0x00,
        0x00, 0x00, 0x00, 0x00, 0xC0, 0xC0, 0xC0, 0xC0, 0x00, 0x00, 0x00, 0x00, 0x00, 0xC0, 0xC0,
        0x80, 0x80, 0x03, 0x1E, 0x70, 0xC0, 0xE0, 0x38, 0x0E, 0x01, 0xFF, 0x00, 0x00, 0xFF, 0xC0,
        0x70, 0x1C, 0x07, 0x0E, 0x38, 0xE0, 0x80, 0x78, 0xCE, 0x86, 0x06, 0x04, 0x0C, 0x10, 0x30,
        0x20, 0x00, 0x30, 0x30, 0x1F, 0x00, 0x39, 0xC0, 0x60, 0x40, 0xCF, 0x20, 0x9B, 0x20, 0x91,
        0x20, 0x91, 0x20, 0x9B, 0x20, 0xDF, 0xC0, 0x60, 0x00, 0x31, 0x00, 0x1F, 0x00, 0x0C, 0x00,
        0x0E, 0x00, 0x0E, 0x00, 0x1A, 0x00, 0x13, 0x00, 0x31, 0x00, 0x31, 0x80, 0x21, 0x80, 0x7F,
        0x80, 0x60, 0xC0, 0x40, 0xC0, 0xC0, 0x40, 0xFE, 0x00, 0xC3, 0x00, 0xC1, 0x00, 0xC1, 0x00,
        0xC3, 0x00, 0xFE, 0x00, 0xC3, 0x00, 0xC1, 0x80, 0xC1, 0x80, 0xC1, 0x80, 0xC3, 0x00, 0xFE,
        0x00, 0x1E, 0x00, 0x73, 0x80, 0x60, 0x80, 0xC0, 0x00, 0xC0, 0x00, 0xC0, 0x00, 0xC0, 0x00,
        0xC0, 0x00, 0xC0, 0x00, 0x60, 0x80, 0x73, 0x80, 0x1E, 0x00, 0xFC, 0x00, 0xC7, 0x00, 0xC1,
        0x80, 0xC0, 0x80, 0xC0, 0x80, 0xC0, 0xC0, 0xC0, 0xC0, 0xC0, 0x80, 0xC0, 0x80, 0xC1, 0x80,
        0xC7, 0x00, 0xFC, 0x00, 0xFF, 0xC0, 0xC0, 0xC0, 0xC0, 0xFC, 0xC0, 0xC0, 0xC0, 0xC0, 0xC0,
        0xFF, 0xFF, 0xC0, 0xC0, 0xC0, 0xC0, 0xFF, 0xC0, 0xC0, 0xC0, 0xC0, 0xC0, 0xC0, 0x1E, 0x00,
        0x73, 0x80, 0x60, 0x80, 0xC0, 0x00, 0xC0, 0x00, 0xC0, 0x00, 0xC7, 0xC0, 0xC0, 0xC0, 0xC0,
        0xC0, 0x60, 0xC0, 0x73, 0xC0, 0x1E, 0x40, 0xC0, 0x80, 0xC0, 0x80, 0xC0, 0x80, 0xC0, 0x80,
        0xC0, 0x80, 0xFF, 0x80, 0xC0, 0x80, 0xC0, 0x80, 0xC0, 0x80, 0xC0, 0x80, 0xC0, 0x80, 0xC0,
        0x80, 0xF8, 0x70, 0x20, 0x20, 0x20, 0x20, 0x20, 0x20, 0x20, 0x20, 0x70, 0xF8, 0x02, 0x02,
        0x02, 0x02, 0x02, 0x02, 0x02, 0x02, 0x42, 0xC2, 0x6E, 0x3C, 0xC1, 0x80, 0xC3, 0x00, 0xC6,
        0x00, 0xCC, 0x00, 0xD8, 0x00, 0xF8, 0x00, 0xFC, 0x00, 0xEC, 0x00, 0xC6, 0x00, 0xC3, 0x00,
        0xC3, 0x00, 0xC1, 0x80, 0xC0, 0xC0, 0xC0, 0xC0, 0xC0, 0xC0, 0xC0, 0xC0, 0xC0, 0xC0, 0xC0,
        0xFF, 0xE0, 0x70, 0xE0, 0x70, 0xF0, 0xF0, 0xF0, 0xF0, 0xD0, 0xB0, 0xD9, 0xB0, 0xD9, 0xB0,
        0xC9, 0x30, 0xCF, 0x30, 0xCF, 0x30, 0xC6, 0x30, 0xC6, 0x30, 0xE0, 0x80, 0xE0, 0x80, 0xF0,
        0x80, 0xD0, 0x80, 0xD8, 0x80, 0xC8, 0x80, 0xCC, 0x80, 0xC4, 0x80, 0xC6, 0x80, 0xC3, 0x80,
        0xC3, 0x80, 0xC1, 0x80, 0x1E, 0x00, 0x33, 0x80, 0x60, 0xC0, 0xC0, 0xC0, 0xC0, 0x40, 0xC0,
        0x40, 0xC0, 0x40, 0xC0, 0x40, 0xC0, 0xC0, 0x60, 0xC0, 0x33, 0x80, 0x1E, 0x00, 0xFE, 0x00,
        0xC7, 0x00, 0xC1, 0x00, 0xC1, 0x80, 0xC1, 0x00, 0xC3, 0x00, 0xFE, 0x00, 0xC0, 0x00, 0xC0,
        0x00, 0xC0, 0x00, 0xC0, 0x00, 0xC0, 0x00, 0x1E, 0x00, 0x33, 0x80, 0x60, 0xC0, 0xC0, 0xC0,
        0xC0, 0x40, 0xC0, 0x40, 0xC6, 0x40, 0xC7, 0x40, 0xC3, 0xC0, 0x61, 0xC0, 0x33, 0xE0, 0x1F,
        0x30, 0xFE, 0x00, 0xC7, 0x00, 0xC1, 0x00, 0xC1, 0x80, 0xC1, 0x00, 0xC3, 0x00, 0xFE, 0x00,
        0xCC, 0x00, 0xCC, 0x00, 0xC6, 0x00, 0xC3, 0x00, 0xC1, 0x80, 0x3C, 0xE6, 0xC0, 0xC0, 0xC0,
        0x7C, 0x0F, 0x03, 0x01, 0xC3, 0xE7, 0x3C, 0xFF, 0x80, 0x0C, 0x00, 0x0C, 0x00, 0x0C, 0x00,
        0x0C, 0x00, 0x0C, 0x00, 0x0C, 0x00, 0x0C, 0x00, 0x0C, 0x00, 0x0C, 0x00, 0x0C, 0x00, 0x0C,
        0x00, 0xC0, 0x80, 0xC0, 0x80, 0xC0, 0x80, 0xC0, 0x80, 0xC0, 0x80, 0xC0, 0x80, 0xC0, 0x80,
        0xC0, 0x80, 0xC0, 0x80, 0x41, 0x80, 0x73, 0x80, 0x3E, 0x00, 0xC0, 0xC0, 0x40, 0x80, 0x61,
        0x80, 0x61, 0x80, 0x21, 0x00, 0x33, 0x00, 0x33, 0x00, 0x12, 0x00, 0x1E, 0x00, 0x1E, 0x00,
        0x0C, 0x00, 0x0C, 0x00, 0xC3, 0x0C, 0x43, 0x0C, 0x43, 0x8C, 0x67, 0x88, 0x66, 0x98, 0x64,
        0x98, 0x24, 0x98, 0x34, 0xD0, 0x3C, 0x70, 0x3C, 0x70, 0x18, 0x70, 0x18, 0x60, 0xC1, 0x80,
        0xC3, 0x00, 0x63, 0x00, 0x36, 0x00, 0x3C, 0x00, 0x1C, 0x00, 0x1C, 0x00, 0x3C, 0x00, 0x26,
        0x00, 0x63, 0x00, 0xC3, 0x00, 0x81, 0x80, 0xC0, 0xC0, 0x61, 0x80, 0x21, 0x80, 0x33, 0x00,
        0x12, 0x00, 0x1E, 0x00, 0x0C, 0x00, 0x0C, 0x00, 0x0C, 0x00, 0x0C, 0x00, 0x0C, 0x00, 0x0C,
        0x00, 0xFF, 0x00, 0x03, 0x00, 0x02, 0x00, 0x06, 0x00, 0x0C, 0x00, 0x18, 0x00, 0x18, 0x00,
        0x30, 0x00, 0x60, 0x00, 0x40, 0x00, 0xC0, 0x00, 0xFF, 0x80, 0xF0, 0xC0, 0xC0, 0xC0, 0xC0,
        0xC0, 0xC0, 0xC0, 0xC0, 0xC0, 0xC0, 0xC0, 0xC0, 0xC0, 0xF0, 0xC0, 0x40, 0x60, 0x20, 0x20,
        0x30, 0x10, 0x10, 0x18, 0x08, 0x0C, 0x0C, 0xE0, 0x60, 0x20, 0x20, 0x20, 0x20, 0x20, 0x20,
        0x20, 0x20, 0x20, 0x20, 0x20, 0x60, 0xE0, 0x18, 0x38, 0x2C, 0x64, 0x46, 0xC2, 0xFE, 0xC0,
        0x40, 0x38, 0x6C, 0x06, 0x06, 0x7E, 0xC6, 0x86, 0xCE, 0x72, 0xC0, 0xC0, 0xC0, 0xDC, 0xE6,
        0xC3, 0xC3, 0xC3, 0xC3, 0xC3, 0xE6, 0x9C, 0x38, 0x6E, 0xC0, 0x80, 0x80, 0x80, 0xC0, 0x6E,
        0x38, 0x02, 0x02, 0x02, 0x3A, 0x6E, 0xC2, 0x82, 0x82, 0x82, 0xC2, 0x6F, 0x3B, 0x3C, 0x66,
        0xC2, 0x83, 0xFF, 0x80, 0xC0, 0x66, 0x3C, 0x38, 0x20, 0x20, 0x20, 0xF8, 0x60, 0x20, 0x20,
        0x20, 0x20, 0x20, 0x20, 0x20, 0x3A, 0x6E, 0xC2, 0x82, 0x82, 0x82, 0xC6, 0x6E, 0x3A, 0x02,
        0x46, 0x7C, 0xC0, 0xC0, 0xC0, 0xDC, 0xE6, 0xC2, 0xC2, 0xC2, 0xC2, 0xC2, 0xC2, 0xC2, 0x40,
        0x60, 0x00, 0x00, 0xC0, 0x40, 0x40, 0x40, 0x40, 0x40, 0x40, 0x40, 0x40, 0x30, 0x30, 0x00,
        0x10, 0x10, 0x10, 0x10, 0x10, 0x10, 0x10, 0x10, 0x10, 0x30, 0x30, 0xE0, 0xC0, 0xC0, 0xC0,
        0xC4, 0xC8, 0xD8, 0xF0, 0xF0, 0xD8, 0xC8, 0xCC, 0xC6, 0xC0, 0xC0, 0xC0, 0xC0, 0xC0, 0xC0,
        0xC0, 0xC0, 0xC0, 0xC0, 0xC0, 0x60, 0x9C, 0xE0, 0xEF, 0x30, 0xC6, 0x10, 0xC6, 0x10, 0xC6,
        0x10, 0xC6, 0x10, 0xC6, 0x10, 0xC6, 0x10, 0xC6, 0x10, 0x9C, 0xE6, 0xC2, 0xC2, 0xC2, 0xC2,
        0xC2, 0xC2, 0xC2, 0x3C, 0x6E, 0xC2, 0x83, 0x83, 0x83, 0xC2, 0x6E, 0x3C, 0x9C, 0xE6, 0xC3,
        0xC3, 0xC3, 0xC3, 0xC3, 0xE6, 0xDC, 0xC0, 0xC0, 0xC0, 0x3A, 0x00, 0x6E, 0x00, 0xC2, 0x00,
        0x82, 0x00, 0x82, 0x00, 0x82, 0x00, 0xC2, 0x00, 0x6E, 0x00, 0x3A, 0x00, 0x02, 0x00, 0x03,
        0x00, 0x01, 0xC0, 0x98, 0xF0, 0xC0, 0xC0, 0xC0, 0xC0, 0xC0, 0xC0, 0xC0, 0x78, 0xCC, 0x80,
        0xC0, 0x78, 0x04, 0x84, 0xCC, 0x78, 0x20, 0x20, 0xF8, 0x20, 0x20, 0x20, 0x20, 0x20, 0x20,
        0x30, 0x38, 0xC6, 0xC6, 0xC6, 0xC6, 0xC6, 0xC6, 0xC6, 0x6E, 0x7A, 0xC2, 0xC6, 0x46, 0x64,
        0x24, 0x2C, 0x38, 0x18, 0x18, 0xC4, 0x60, 0xCE, 0x60, 0x4E, 0x40, 0x4A, 0x40, 0x6A, 0xC0,
        0x79, 0xC0, 0x31, 0x80, 0x31, 0x80, 0x31, 0x80, 0xC2, 0x66, 0x3C, 0x38, 0x18, 0x3C, 0x2C,
        0x66, 0xC3, 0xC2, 0xC6, 0x46, 0x64, 0x6C, 0x2C, 0x38, 0x38, 0x18, 0x10, 0x30, 0x60, 0xFC,
        0x0C, 0x08, 0x10, 0x30, 0x60, 0x40, 0xC0, 0xFC, 0x70, 0x60, 0x40, 0x40, 0x40, 0x40, 0xC0,
        0x80, 0xC0, 0x40, 0x40, 0x40, 0x40, 0x60, 0x70, 0xC0, 0xC0, 0xC0, 0xC0, 0xC0, 0xC0, 0xC0,
        0xC0, 0xC0, 0xC0, 0xC0, 0xC0, 0xC0, 0xC0, 0xC0, 0xC0, 0x60, 0x60, 0x60, 0x60, 0x60, 0x60,
        0x30, 0x60, 0x60, 0x60, 0x60, 0x60, 0x60, 0xC0, 0xF2, 0xDE, 0x40, 0xC0, 0x00, 0x00, 0x40,
        0x40, 0x40, 0x40, 0x40, 0x40, 0x40, 0x40, 0x10, 0x38, 0x7E, 0xD0, 0x90, 0x90, 0x90, 0x90,
        0xD6, 0x7C, 0x10, 0x10, 0x3E, 0x73, 0x61, 0x60, 0x60, 0xFE, 0x30, 0x30, 0x30, 0x20, 0x79,
        0x4F, 0xFF, 0x66, 0xC2, 0xC3, 0xC2, 0x66, 0xFF, 0xC0, 0xC0, 0x61, 0x80, 0x21, 0x80, 0x33,
        0x00, 0x12, 0x00, 0x1E, 0x00, 0x0C, 0x00, 0x3F, 0x00, 0x0C, 0x00, 0x3F, 0x00, 0x0C, 0x00,
        0x0C, 0x00, 0xC0, 0xC0, 0xC0, 0xC0, 0xC0, 0xC0, 0x00, 0x00, 0x00, 0xC0, 0xC0, 0xC0, 0xC0,
        0xC0, 0xC0, 0x78, 0x6C, 0xC0, 0x60, 0x70, 0xDC, 0x86, 0x82, 0xC2, 0x7E, 0x1C, 0x04, 0x06,
        0x6C, 0x38, 0xC8, 0x1F, 0x00, 0x31, 0xC0, 0x6E, 0x60, 0xDB, 0x20, 0x90, 0x20, 0x90, 0x10,
        0x90, 0x10, 0x99, 0x20, 0xCF, 0x20, 0x40, 0x60, 0x30, 0xC0, 0x1F, 0x80, 0x70, 0x10, 0x70,
        0x90, 0xF0, 0x32, 0x66, 0x6C, 0xC8, 0xC8, 0x6C, 0x66, 0x32, 0xFF, 0x01, 0x01, 0x01, 0x01,
        0x1F, 0x00, 0x31, 0xC0, 0x60, 0x60, 0xDF, 0x20, 0x99, 0x20, 0x99, 0x10, 0x9F, 0x10, 0x9A,
        0x20, 0xD9, 0x20, 0x40, 0x60, 0x30, 0xC0, 0x1F, 0x80, 0xF8, 0x60, 0x90, 0x90, 0x90, 0x60,
        0x18, 0x18, 0x18, 0xFF, 0x18, 0x18, 0x18, 0x00, 0xFF, 0x70, 0x90, 0x10, 0x20, 0x40, 0xF8,
        0x70, 0x10, 0x30, 0x10, 0x98, 0x70, 0x60, 0xC0, 0xC2, 0xC2, 0xC2, 0xC2, 0xC2, 0xC6, 0xC6,
        0xEE, 0xFB, 0xC0, 0xC0, 0xC0, 0x7E, 0xF6, 0xF6, 0xF6, 0xF6, 0xF6, 0x76, 0x36, 0x36, 0x36,
        0x36, 0x36, 0x36, 0x36, 0x36, 0xC0, 0xC0, 0xC0, 0x40, 0xC0, 0xC0, 0x40, 0x40, 0x40, 0x40,
        0x40, 0x70, 0x90, 0x98, 0x90, 0x70, 0xC8, 0x6C, 0x66, 0x32, 0x32, 0x66, 0x6C, 0xC8, 0x40,
        0x40, 0xC0, 0x80, 0x41, 0x80, 0x41, 0x00, 0x42, 0x00, 0x46, 0x20, 0x44, 0x60, 0x08, 0xE0,
        0x19, 0xA0, 0x11, 0xF0, 0x20, 0x20, 0x60, 0x20, 0x40, 0x40, 0xC0, 0x80, 0x41, 0x80, 0x41,
        0x00, 0x42, 0x00, 0x46, 0xE0, 0x44, 0xB0, 0x0C, 0x30, 0x18, 0x20, 0x10, 0x40, 0x30, 0x80,
        0x61, 0xF0, 0x70, 0x60, 0xD0, 0x40, 0x10, 0x80, 0x31, 0x80, 0x11, 0x00, 0x9A, 0x30, 0x76,
        0x70, 0x04, 0x70, 0x08, 0x90, 0x19, 0xF8, 0x10, 0x10, 0x30, 0x10, 0x18, 0x18, 0x00, 0x00,
        0x18, 0x30, 0x60, 0xC0, 0x80, 0x82, 0xC6, 0x78, 0x18, 0x00, 0x0C, 0x00, 0x00, 0x00, 0x0C,
        0x00, 0x0E, 0x00, 0x0E, 0x00, 0x1A, 0x00, 0x13, 0x00, 0x31, 0x00, 0x31, 0x80, 0x21, 0x80,
        0x7F, 0x80, 0x60, 0xC0, 0x40, 0xC0, 0xC0, 0x40, 0x02, 0x00, 0x04, 0x00, 0x00, 0x00, 0x0C,
        0x00, 0x0E, 0x00, 0x0E, 0x00, 0x1A, 0x00, 0x13, 0x00, 0x31, 0x00, 0x31, 0x80, 0x21, 0x80,
        0x7F, 0x80, 0x60, 0xC0, 0x40, 0xC0, 0xC0, 0x40, 0x0C, 0x00, 0x1A, 0x00, 0x00, 0x00, 0x00,
        0x00, 0x0C, 0x00, 0x0E, 0x00, 0x0E, 0x00, 0x1A, 0x00, 0x13, 0x00, 0x31, 0x00, 0x31, 0x80,
        0x21, 0x80, 0x7F, 0x80, 0x60, 0xC0, 0x40, 0xC0, 0xC0, 0x40, 0x1D, 0x00, 0x17, 0x00, 0x00,
        0x00, 0x0C, 0x00, 0x0E, 0x00, 0x0E, 0x00, 0x1A, 0x00, 0x13, 0x00, 0x31, 0x00, 0x31, 0x80,
        0x21, 0x80, 0x7F, 0x80, 0x60, 0xC0, 0x40, 0xC0, 0xC0, 0x40, 0x13, 0x00, 0x00, 0x00, 0x00,
        0x00, 0x0C, 0x00, 0x0E, 0x00, 0x0E, 0x00, 0x1A, 0x00, 0x13, 0x00, 0x31, 0x00, 0x31, 0x80,
        0x21, 0x80, 0x7F, 0x80, 0x60, 0xC0, 0x40, 0xC0, 0xC0, 0x40, 0x0E, 0x00, 0x0A, 0x00, 0x0A,
        0x00, 0x0E, 0x00, 0x0E, 0x00, 0x0E, 0x00, 0x1A, 0x00, 0x13, 0x00, 0x31, 0x00, 0x31, 0x80,
        0x21, 0x80, 0x7F, 0x80, 0x60, 0xC0, 0x40, 0xC0, 0xC0, 0x40, 0x01, 0xFE, 0x03, 0x80, 0x03,
        0x80, 0x06, 0x80, 0x0C, 0x80, 0x08, 0xFC, 0x18, 0x80, 0x30, 0x80, 0x3F, 0x80, 0x61, 0x80,
        0xC0, 0x80, 0x80, 0xFE, 0x1E, 0x00, 0x73, 0x80, 0x60, 0x80, 0xC0, 0x00, 0xC0, 0x00, 0xC0,
        0x00, 0xC0, 0x00, 0xC0, 0x00, 0xC0, 0x00, 0x60, 0x80, 0x73, 0x80, 0x1E, 0x00, 0x0C, 0x00,
        0x04, 0x00, 0x0C, 0x00, 0x30, 0x18, 0x00, 0xFF, 0xC0, 0xC0, 0xC0, 0xC0, 0xFC, 0xC0, 0xC0,
        0xC0, 0xC0, 0xC0, 0xFF, 0x04, 0x08, 0x00, 0xFF, 0xC0, 0xC0, 0xC0, 0xC0, 0xFC, 0xC0, 0xC0,
        0xC0, 0xC0, 0xC0, 0xFF, 0x18, 0x34, 0x00, 0x00, 0xFF, 0xC0, 0xC0, 0xC0, 0xC0, 0xFC, 0xC0,
        0xC0, 0xC0, 0xC0, 0xC0, 0xFF, 0x26, 0x00, 0x00, 0xFF, 0xC0, 0xC0, 0xC0, 0xC0, 0xFC, 0xC0,
        0xC0, 0xC0, 0xC0, 0xC0, 0xFF, 0x40, 0x60, 0x00, 0xF8, 0x70, 0x20, 0x20, 0x20, 0x20, 0x20,
        0x20, 0x20, 0x20, 0x70, 0xF8, 0x10, 0x30, 0x00, 0xF8, 0x70, 0x20, 0x20, 0x20, 0x20, 0x20,
        0x20, 0x20, 0x20, 0x70, 0xF8, 0x70, 0xD8, 0x00, 0x00, 0xF8, 0x70, 0x20, 0x20, 0x20, 0x20,
        0x20, 0x20, 0x20, 0x20, 0x70, 0xF8, 0x88, 0x00, 0x00, 0xF8, 0x70, 0x20, 0x20, 0x20, 0x20,
        0x20, 0x20, 0x20, 0x20, 0x70, 0xF8, 0x3F, 0x00, 0x31, 0xC0, 0x30, 0x40, 0x30, 0x60, 0x30,
        0x60, 0xFC, 0x20, 0x30, 0x20, 0x30, 0x60, 0x30, 0x60, 0x30, 0x40, 0x31, 0xC0, 0x3F, 0x00,
        0x19, 0x00, 0x17, 0x00, 0x00, 0x00, 0xE0, 0x80, 0xE0, 0x80, 0xF0, 0x80, 0xD0, 0x80, 0xD8,
        0x80, 0xC8, 0x80, 0xCC, 0x80, 0xC4, 0x80, 0xC6, 0x80, 0xC3, 0x80, 0xC3, 0x80, 0xC1, 0x80,
        0x18, 0x00, 0x0C, 0x00, 0x00, 0x00, 0x1E, 0x00, 0x33, 0x80, 0x60, 0xC0, 0xC0, 0xC0, 0xC0,
        0x40, 0xC0, 0x40, 0xC0, 0x40, 0xC0, 0x40, 0xC0, 0xC0, 0x60, 0xC0, 0x33, 0x80, 0x1E, 0x00,
        0x02, 0x00, 0x04, 0x00, 0x00, 0x00, 0x1E, 0x00, 0x33, 0x80, 0x60, 0xC0, 0xC0, 0xC0, 0xC0,
        0x40, 0xC0, 0x40, 0xC0, 0x40, 0xC0, 0x40, 0xC0, 0xC0, 0x60, 0xC0, 0x33, 0x80, 0x1E, 0x00,
        0x0C, 0x00, 0x1A, 0x00, 0x00, 0x00, 0x00, 0x00, 0x1E, 0x00, 0x33, 0x80, 0x60, 0xC0, 0xC0,
        0xC0, 0xC0, 0x40, 0xC0, 0x40, 0xC0, 0x40, 0xC0, 0x40, 0xC0, 0xC0, 0x60, 0xC0, 0x33, 0x80,
        0x1E, 0x00, 0x19, 0x00, 0x17, 0x00, 0x00, 0x00, 0x1E, 0x00, 0x33, 0x80, 0x60, 0xC0, 0xC0,
        0xC0, 0xC0, 0x40, 0xC0, 0x40, 0xC0, 0x40, 0xC0, 0x40, 0xC0, 0xC0, 0x60, 0xC0, 0x33, 0x80,
        0x1E, 0x00, 0x13, 0x00, 0x00, 0x00, 0x00, 0x00, 0x1E, 0x00, 0x33, 0x80, 0x60, 0xC0, 0xC0,
        0xC0, 0xC0, 0x40, 0xC0, 0x40, 0xC0, 0x40, 0xC0, 0x40, 0xC0, 0xC0, 0x60, 0xC0, 0x33, 0x80,
        0x1E, 0x00, 0xC6, 0x6C, 0x38, 0x38, 0x6C, 0xC6, 0x1E, 0x40, 0x33, 0x80, 0x61, 0xC0, 0xC1,
        0xC0, 0xC2, 0x40, 0xC4, 0x40, 0xC8, 0x40, 0xD0, 0x40, 0xF0, 0xC0, 0x60, 0xC0, 0x73, 0x80,
        0x9E, 0x00, 0x10, 0x00, 0x08, 0x00, 0x00, 0x00, 0xC0, 0x80, 0xC0, 0x80, 0xC0, 0x80, 0xC0,
        0x80, 0xC0, 0x80, 0xC0, 0x80, 0xC0, 0x80, 0xC0, 0x80, 0xC0, 0x80, 0x41, 0x80, 0x73, 0x80,
        0x3E, 0x00, 0x06, 0x00, 0x0C, 0x00, 0x00, 0x00, 0xC0, 0x80, 0xC0, 0x80, 0xC0, 0x80, 0xC0,
        0x80, 0xC0, 0x80, 0xC0, 0x80, 0xC0, 0x80, 0xC0, 0x80, 0xC0, 0x80, 0x41, 0x80, 0x73, 0x80,
        0x3E, 0x00, 0x0C, 0x00, 0x16, 0x00, 0x00, 0x00, 0x00, 0x00, 0xC0, 0x80, 0xC0, 0x80, 0xC0,
        0x80, 0xC0, 0x80, 0xC0, 0x80, 0xC0, 0x80, 0xC0, 0x80, 0xC0, 0x80, 0xC0, 0x80, 0x41, 0x80,
        0x73, 0x80, 0x3E, 0x00, 0x32, 0x00, 0x00, 0x00, 0x00, 0x00, 0xC0, 0x80, 0xC0, 0x80, 0xC0,
        0x80, 0xC0, 0x80, 0xC0, 0x80, 0xC0, 0x80, 0xC0, 0x80, 0xC0, 0x80, 0xC0, 0x80, 0x41, 0x80,
        0x73, 0x80, 0x3E, 0x00, 0x02, 0x00, 0x04, 0x00, 0x00, 0x00, 0xC0, 0xC0, 0x61, 0x80, 0x21,
        0x80, 0x33, 0x00, 0x12, 0x00, 0x1E, 0x00, 0x0C, 0x00, 0x0C, 0x00, 0x0C, 0x00, 0x0C, 0x00,
        0x0C, 0x00, 0x0C, 0x00, 0xC0, 0xC0, 0xC0, 0xFE, 0xC3, 0xC3, 0xC3, 0xC3, 0xFE, 0xC0, 0xC0,
        0xC0, 0x3C, 0x66, 0xC3, 0xC3, 0xC6, 0xCE, 0xC7, 0xC1, 0xC1, 0xC1, 0xC7, 0xCE, 0x20, 0x10,
        0x00, 0x38, 0x6C, 0x06, 0x06, 0x7E, 0xC6, 0x86, 0xCE, 0x72, 0x08, 0x10, 0x00, 0x38, 0x6C,
        0x06, 0x06, 0x7E, 0xC6, 0x86, 0xCE, 0x72, 0x38, 0x6C, 0x00, 0x38, 0x6C, 0x06, 0x06, 0x7E,
        0xC6, 0x86, 0xCE, 0x72, 0x74, 0x5C, 0x00, 0x38, 0x6C, 0x06, 0x06, 0x7E, 0xC6, 0x86, 0xCE,
        0x72, 0x44, 0x00, 0x00, 0x38, 0x6C, 0x06, 0x06, 0x7E, 0xC6, 0x86, 0xCE, 0x72, 0x38, 0x28,
        0x28, 0x38, 0x00, 0x38, 0x6C, 0x06, 0x06, 0x7E, 0xC6, 0x86, 0xCE, 0x72, 0x38, 0xE0, 0x6F,
        0xB0, 0x06, 0x18, 0x06, 0x08, 0x7F, 0xF8, 0xE6, 0x00, 0x86, 0x00, 0xCF, 0xB0, 0x79, 0xE0,
        0x38, 0x6E, 0xC0, 0x80, 0x80, 0x80, 0xC0, 0x6E, 0x38, 0x18, 0x08, 0x38, 0x30, 0x10, 0x00,
        0x3C, 0x66, 0xC2, 0x83, 0xFF, 0x80, 0xC0, 0x66, 0x3C, 0x0C, 0x18, 0x00, 0x3C, 0x66, 0xC2,
        0x83, 0xFF, 0x80, 0xC0, 0x66, 0x3C, 0x18, 0x2C, 0x00, 0x3C, 0x66, 0xC2, 0x83, 0xFF, 0x80,
        0xC0, 0x66, 0x3C, 0x64, 0x00, 0x00, 0x3C, 0x66, 0xC2, 0x83, 0xFF, 0x80, 0xC0, 0x66, 0x3C,
        0x80, 0xC0, 0x00, 0xC0, 0x40, 0x40, 0x40, 0x40, 0x40, 0x40, 0x40, 0x40, 0x20, 0x40, 0x00,
        0xC0, 0x40, 0x40, 0x40, 0x40, 0x40, 0x40, 0x40, 0x40, 0x60, 0xD0, 0x00, 0x60, 0x20, 0x20,
        0x20, 0x20, 0x20, 0x20, 0x20, 0x20, 0x98, 0x00, 0x00, 0x60, 0x20, 0x20, 0x20, 0x20, 0x20,
        0x20, 0x20, 0x20, 0x38, 0x1C, 0x0E, 0x02, 0x7B, 0xE7, 0xC3, 0x83, 0x83, 0xC2, 0x6E, 0x3C,
        0x32, 0x7C, 0x00, 0x9C, 0xE6, 0xC2, 0xC2, 0xC2, 0xC2, 0xC2, 0xC2, 0xC2, 0x30, 0x10, 0x00,
        0x3C, 0x6E, 0xC2, 0x83, 0x83, 0x83, 0xC2, 0x6E, 0x3C, 0x0C, 0x18, 0x00, 0x3C, 0x6E, 0xC2,
        0x83, 0x83, 0x83, 0xC2, 0x6E, 0x3C, 0x18, 0x2C, 0x00, 0x3C, 0x6E, 0xC2, 0x83, 0x83, 0x83,
        0xC2, 0x6E, 0x3C, 0x34, 0x5C, 0x00, 0x3C, 0x6E, 0xC2, 0x83, 0x83, 0x83, 0xC2, 0x6E, 0x3C,
        0x64, 0x00, 0x00, 0x3C, 0x6E, 0xC2, 0x83, 0x83, 0x83, 0xC2, 0x6E, 0x3C, 0x18, 0x18, 0x00,
        0x00, 0xFF, 0x00, 0x00, 0x18, 0x18, 0x3E, 0x6E, 0xC6, 0x8B, 0x93, 0xA3, 0xC2, 0xEE, 0xBC,
        0x20, 0x10, 0x00, 0xC6, 0xC6, 0xC6, 0xC6, 0xC6, 0xC6, 0xC6, 0x6E, 0x7A, 0x08, 0x18, 0x00,
        0xC6, 0xC6, 0xC6, 0xC6, 0xC6, 0xC6, 0xC6, 0x6E, 0x7A, 0x38, 0x6C, 0x00, 0xC6, 0xC6, 0xC6,
        0xC6, 0xC6, 0xC6, 0xC6, 0x6E, 0x7A, 0x64, 0x00, 0x00, 0xC6, 0xC6, 0xC6, 0xC6, 0xC6, 0xC6,
        0xC6, 0x6E, 0x7A, 0x0C, 0x18, 0x00, 0xC2, 0xC6, 0x46, 0x64, 0x6C, 0x2C, 0x38, 0x38, 0x18,
        0x10, 0x30, 0x60, 0xC0, 0xC0, 0xC0, 0xDC, 0xE6, 0xC3, 0xC3, 0xC3, 0xC3, 0xC3, 0xE6, 0xDC,
        0xC0, 0xC0, 0xC0, 0x64, 0x00, 0x00, 0xC2, 0xC6, 0x46, 0x64, 0x6C, 0x2C, 0x38, 0x38, 0x18,
        0x10, 0x30, 0x60, 0xFC, 0xFF, 0xF0, 0x40, 0x80, 0xC0, 0xC0, 0xC0, 0xC0, 0x40, 0x80, 0xC0,
        0xC0, 0x40, 0x80, 0x48, 0x90, 0xD8, 0xD8, 0xD8, 0xD8, 0x50, 0x90, 0xD8, 0xD8, 0x50, 0x90,
        0x70, 0xF8, 0xF8, 0xF8, 0xF8, 0x70, 0xCC, 0xC0, 0xCC, 0xC0, 0x30, 0x60, 0x60, 0xC0, 0xC0,
        0x40, 0x60, 0x30, 0xC0, 0x60, 0x60, 0x30, 0x30, 0x60, 0x60, 0xC0, 0x1F, 0x00, 0x39, 0x80,
        0x60, 0x80, 0x60, 0x00, 0xFC, 0x00, 0x40, 0x00, 0x40, 0x00, 0xF8, 0x00, 0x60, 0x00, 0x60,
        0x80, 0x39, 0x80, 0x1F, 0x00, 0xFB, 0x10, 0x23, 0x38, 0x23, 0x38, 0x23, 0xB8, 0x22, 0xD8,
        0x22, 0xD8, 0x20, 0x00, 0xFF,
    ],
    line_height: 20,
};

// ATKINSON_LARGE_HEADING: 22 px, cap 14, line height 24, gray 128
pub static ATKINSON_LARGE_HEADING: BitmapFont = BitmapFont {
    glyphs: &[
        Glyph::new(0, 0, 0, 7, 0, 0),
        Glyph::new(0, 4, 14, 6, 1, -14),
        Glyph::new(14, 7, 5, 9, 1, -14),
        Glyph::new(19, 16, 14, 17, 1, -14),
        Glyph::new(47, 12, 18, 14, 1, -16),
        Glyph::new(83, 20, 14, 21, 1, -14),
        Glyph::new(125, 14, 16, 15, 1, -16),
        Glyph::new(157, 3, 5, 5, 1, -14),
        Glyph::new(162, 6, 17, 8, 1, -14),
        Glyph::new(179, 6, 17, 8, 1, -14),
        Glyph::new(196, 7, 7, 10, 1, -14),
        Glyph::new(203, 11, 11, 14, 1, -11),
        Glyph::new(225, 4, 7, 5, 1, -4),
        Glyph::new(232, 7, 3, 8, 1, -7),
        Glyph::new(235, 4, 4, 5, 1, -4),
        Glyph::new(239, 8, 14, 10, 1, -14),
        Glyph::new(253, 13, 14, 14, 1, -14),
        Glyph::new(281, 7, 14, 10, 1, -14),
        Glyph::new(295, 11, 14, 13, 1, -14),
        Glyph::new(323, 11, 14, 13, 1, -14),
        Glyph::new(351, 13, 14, 14, 0, -14),
        Glyph::new(379, 11, 14, 13, 1, -14),
        Glyph::new(407, 12, 14, 14, 1, -14),
        Glyph::new(435, 11, 14, 12, 0, -14),
        Glyph::new(463, 12, 14, 14, 1, -14),
        Glyph::new(491, 10, 14, 12, 1, -14),
        Glyph::new(519, 4, 11, 5, 1, -11),
        Glyph::new(530, 4, 14, 5, 1, -11),
        Glyph::new(544, 11, 11, 13, 1, -11),
        Glyph::new(566, 11, 7, 14, 1, -9),
        Glyph::new(580, 11, 11, 13, 1, -11),
        Glyph::new(602, 11, 14, 14, 1, -14),
        Glyph::new(630, 15, 14, 17, 1, -14),
        Glyph::new(658, 15, 14, 15, 0, -14),
        Glyph::new(686, 13, 14, 14, 1, -14),
        Glyph::new(714, 13, 14, 15, 1, -14),
        Glyph::new(742, 13, 14, 15, 1, -14),
        Glyph::new(770, 11, 14, 13, 1, -14),
        Glyph::new(798, 10, 14, 12, 1, -14),
        Glyph::new(826, 14, 14, 16, 1, -14),
        Glyph::new(854, 13, 14, 15, 1, -14),
        Glyph::new(882, 8, 14, 10, 1, -14),
        Glyph::new(896, 11, 14, 12, 0, -14),
        Glyph::new(924, 13, 14, 14, 1, -14),
        Glyph::new(952, 10, 14, 12, 1, -14),
        Glyph::new(980, 17, 14, 19, 1, -14),
        Glyph::new(1022, 13, 14, 15, 1, -14),
        Glyph::new(1050, 15, 14, 17, 1, -14),
        Glyph::new(1078, 12, 14, 14, 1, -14),
        Glyph::new(1106, 16, 15, 17, 1, -14),
        Glyph::new(1136, 13, 14, 14, 1, -14),
        Glyph::new(1164, 12, 14, 14, 1, -14),
        Glyph::new(1192, 13, 14, 14, 0, -14),
        Glyph::new(1220, 13, 14, 15, 1, -14),
        Glyph::new(1248, 14, 14, 14, 0, -14),
        Glyph::new(1276, 19, 14, 19, 0, -14),
        Glyph::new(1318, 14, 14, 15, 1, -14),
        Glyph::new(1346, 14, 14, 15, 1, -14),
        Glyph::new(1374, 12, 14, 14, 1, -14),
        Glyph::new(1402, 6, 17, 7, 1, -14),
        Glyph::new(1419, 8, 14, 10, 1, -14),
        Glyph::new(1433, 5, 17, 7, 1, -14),
        Glyph::new(1450, 11, 8, 13, 1, -15),
        Glyph::new(1466, 9, 3, 9, 0, 0),
        Glyph::new(1472, 4, 3, 7, 1, -15),
        Glyph::new(1475, 10, 11, 12, 1, -11),
        Glyph::new(1497, 12, 14, 13, 1, -14),
        Glyph::new(1525, 10, 11, 11, 1, -11),
        Glyph::new(1547, 11, 14, 13, 1, -14),
        Glyph::new(1575, 11, 11, 12, 1, -11),
        Glyph::new(1597, 8, 16, 8, 0, -16),
        Glyph::new(1613, 11, 16, 13, 1, -11),
        Glyph::new(1645, 10, 14, 13, 1, -14),
        Glyph::new(1673, 5, 16, 7, 1, -16),
        Glyph::new(1689, 7, 20, 6, -2, -17),
        Glyph::new(1709, 11, 14, 12, 1, -14),
        Glyph::new(1737, 6, 14, 7, 1, -14),
        Glyph::new(1751, 17, 11, 19, 1, -11),
        Glyph::new(1784, 10, 11, 13, 1, -11),
        Glyph::new(1806, 11, 11, 13, 1, -11),
        Glyph::new(1828, 12, 14, 13, 1, -11),
        Glyph::new(1856, 14, 14, 13, 1, -11),
        Glyph::new(1884, 7, 11, 8, 1, -11),
        Glyph::new(1895, 10, 11, 12, 1, -11),
        Glyph::new(1917, 8, 14, 8, 0, -14),
        Glyph::new(1931, 10, 11, 13, 1, -11),
        Glyph::new(1953, 11, 11, 12, 0, -11),
        Glyph::new(1975, 16, 11, 16, 0, -11),
        Glyph::new(1997, 11, 11, 12, 0, -11),
        Glyph::new(2019, 11, 14, 11, 0, -11),
        Glyph::new(2047, 10, 11, 11, 1, -11),
        Glyph::new(2069, 6, 17, 8, 1, -14),
        Glyph::new(2086, 3, 17, 5, 1, -14),
        Glyph::new(2103, 7, 17, 8, 1, -14),
        Glyph::new(2120, 10, 4, 12, 1, -8),
        Glyph::new(2128, 0, 0, 7, 0, 0),
        Glyph::new(2128, 4, 14, 6, 1, -11),
        Glyph::new(2142, 10, 14, 11, 1, -12),
        Glyph::new(2170, 12, 14, 14, 1, -14),
        Glyph::new(2198, 11, 10, 13, 1, -12),
        Glyph::new(2218, 14, 14, 15, 1, -14),
        Glyph::new(2246, 3, 17, 5, 1, -14),
        Glyph::new(2263, 11, 17, 13, 1, -14),
        Glyph::new(2297, 8, 2, 10, 1, -14),
        Glyph::new(2299, 15, 15, 18, 1, -15),
        Glyph::new(2329, 6, 6, 9, 1, -15),
        Glyph::new(2335, 12, 9, 15, 1, -10),
        Glyph::new(2353, 11, 8, 14, 1, -9),
        Glyph::new(2369, 0, 0, 0, 0, 0),
        Glyph::new(2369, 15, 15, 18, 1, -15),
        Glyph::new(2399, 7, 3, 9, 1, -15),
        Glyph::new(2402, 7, 8, 9, 1, -16),
        Glyph::new(2410, 11, 11, 14, 1, -11),
        Glyph::new(2432, 7, 8, 9, 1, -17),
        Glyph::new(2440, 7, 8, 9, 1, -17),
        Glyph::new(2448, 4, 3, 7, 1, -15),
        Glyph::new(2451, 12, 14, 13, 1, -11),
        Glyph::new(2479, 10, 17, 11, 1, -14),
        Glyph::new(2513, 4, 4, 7, 1, -7),
        Glyph::new(2517, 4, 4, 7, 2, 0),
        Glyph::new(2521, 4, 8, 6, 1, -17),
        Glyph::new(2529, 7, 7, 9, 1, -16),
        Glyph::new(2536, 11, 9, 15, 2, -10),
        Glyph::new(2554, 17, 14, 19, 1, -14),
        Glyph::new(2596, 17, 14, 19, 1, -14),
        Glyph::new(2638, 18, 15, 21, 2, -15),
        Glyph::new(2683, 11, 14, 14, 1, -11),
        Glyph::new(2711, 15, 19, 15, 0, -19),
        Glyph::new(2749, 15, 19, 15, 0, -19),
        Glyph::new(2787, 15, 19, 15, 0, -19),
        Glyph::new(2825, 15, 19, 15, 0, -19),
        Glyph::new(2863, 15, 18, 15, 0, -18),
        Glyph::new(2899, 15, 19, 15, 0, -19),
        Glyph::new(2937, 22, 14, 22, 0, -14),
        Glyph::new(2979, 13, 18, 15, 1, -14),
        Glyph::new(3015, 11, 19, 13, 1, -19),
        Glyph::new(3053, 11, 19, 13, 1, -19),
        Glyph::new(3091, 11, 19, 13, 1, -19),
        Glyph::new(3129, 11, 18, 13, 1, -18),
        Glyph::new(3165, 8, 19, 10, 1, -19),
        Glyph::new(3184, 8, 19, 10, 1, -19),
        Glyph::new(3203, 8, 19, 10, 1, -19),
        Glyph::new(3222, 8, 17, 10, 1, -17),
        Glyph::new(3239, 16, 14, 17, 0, -14),
        Glyph::new(3267, 13, 19, 15, 1, -19),
        Glyph::new(3305, 15, 19, 17, 1, -19),
        Glyph::new(3343, 15, 19, 17, 1, -19),
        Glyph::new(3381, 15, 19, 17, 1, -19),
        Glyph::new(3419, 15, 19, 17, 1, -19),
        Glyph::new(3457, 15, 18, 17, 1, -18),
        Glyph::new(3493, 10, 9, 12, 1, -10),
        Glyph::new(3511, 15, 14, 17, 1, -14),
        Glyph::new(3539, 13, 19, 15, 1, -19),
        Glyph::new(3577, 13, 19, 15, 1, -19),
        Glyph::new(3615, 13, 19, 15, 1, -19),
        Glyph::new(3653, 13, 18, 15, 1, -18),
        Glyph::new(3689, 14, 19, 15, 1, -19),
        Glyph::new(3727, 12, 14, 14, 1, -14),
        Glyph::new(3755, 12, 14, 14, 1, -14),
        Glyph::new(3783, 10, 15, 12, 1, -15),
        Glyph::new(3813, 10, 15, 12, 1, -15),
        Glyph::new(3843, 10, 15, 12, 1, -15),
        Glyph::new(3873, 10, 15, 12, 1, -15),
        Glyph::new(3903, 10, 15, 12, 1, -15),
        Glyph::new(3933, 10, 18, 12, 1, -18),
        Glyph::new(3969, 18, 11, 19, 1, -11),
        Glyph::new(4002, 10, 15, 11, 1, -11),
        Glyph::new(4032, 11, 15, 12, 1, -15),
        Glyph::new(4062, 11, 15, 12, 1, -15),
        Glyph::new(4092, 11, 15, 12, 1, -15),
        Glyph::new(4122, 11, 15, 12, 1, -15),
        Glyph::new(4152, 5, 15, 7, 1, -15),
        Glyph::new(4167, 6, 15, 7, 1, -15),
        Glyph::new(4182, 7, 15, 7, 0, -15),
        Glyph::new(4197, 7, 15, 7, 0, -15),
        Glyph::new(4212, 11, 16, 13, 1, -16),
        Glyph::new(4244, 10, 15, 13, 1, -15),
        Glyph::new(4274, 11, 15, 13, 1, -15),
        Glyph::new(4304, 11, 15, 13, 1, -15),
        Glyph::new(4334, 11, 15, 13, 1, -15),
        Glyph::new(4364, 11, 15, 13, 1, -15),
        Glyph::new(4394, 11, 15, 13, 1, -15),
        Glyph::new(4424, 11, 11, 13, 1, -11),
        Glyph::new(4446, 11, 11, 13, 1, -11),
        Glyph::new(4468, 10, 15, 13, 1, -15),
        Glyph::new(4498, 10, 15, 13, 1, -15),
        Glyph::new(4528, 10, 15, 13, 1, -15),
        Glyph::new(4558, 10, 15, 13, 1, -15),
        Glyph::new(4588, 11, 18, 11, 0, -15),
        Glyph::new(4624, 12, 17, 13, 1, -14),
        Glyph::new(4658, 11, 18, 11, 0, -15),
        Glyph::new(4694, 9, 3, 11, 1, -7),
        Glyph::new(4700, 17, 3, 19, 1, -7),
        Glyph::new(4709, 4, 7, 6, 1, -14),
        Glyph::new(4716, 4, 7, 6, 1, -14),
        Glyph::new(4723, 4, 7, 6, 1, -4),
        Glyph::new(4730, 9, 7, 11, 1, -14),
        Glyph::new(4744, 9, 7, 11, 1, -14),
        Glyph::new(4758, 9, 7, 11, 1, -4),
        Glyph::new(4772, 7, 7, 10, 1, -9),
        Glyph::new(4779, 16, 4, 18, 1, -4),
        Glyph::new(4787, 7, 9, 9, 1, -10),
        Glyph::new(4796, 7, 9, 9, 1, -10),
        Glyph::new(4805, 14, 14, 15, 0, -14),
        Glyph::new(4833, 19, 8, 21, 1, -15),
        Glyph::new(4857, 11, 3, 13, 1, -7),
    ],
    bitmap: &[
        0xF0, 0xF0, 0xF0, 0xF0, 0xF0, 0xF0, 0xF0, 0x70, 0x60, 0x00, 0x60, 0xF0, 0xF0, 0x60, 0xEE,
        0xEE, 0xEE, 0xEE, 0xEE, 0x0E, 0x38, 0x0E, 0x38, 0x7F, 0xFE, 0x7F, 0xFF, 0xFF, 0xFE, 0x1C,
        0x70, 0x1C, 0x70, 0x1C, 0x70, 0xFF, 0xFC, 0xFF, 0xFE, 0xFF, 0xFC, 0x38, 0xE0, 0x38, 0xE0,
        0x38, 0xE0, 0x06, 0x00, 0x06, 0x00, 0x3F, 0xC0, 0x7F, 0xE0, 0xF7, 0xE0, 0xE6, 0x80, 0xF6,
        0x00, 0xFE, 0x00, 0x7F, 0xC0, 0x1F, 0xE0, 0x07, 0xF0, 0x06, 0xF0, 0xE6, 0xF0, 0xFF, 0xF0,
        0x7F, 0xE0, 0x3F, 0xC0, 0x06, 0x00, 0x06, 0x00, 0x3C, 0x07, 0x00, 0xFE, 0x0E, 0x00, 0xFF,
        0x0C, 0x00, 0xC7, 0x1C, 0x00, 0xE7, 0x38, 0x00, 0xFF, 0x71, 0x00, 0x7E, 0x77, 0xC0, 0x10,
        0xEF, 0xE0, 0x01, 0xDE, 0x70, 0x01, 0x9C, 0x70, 0x03, 0x9C, 0x70, 0x07, 0x0F, 0xF0, 0x0E,
        0x0F, 0xE0, 0x0C, 0x03, 0xC0, 0x02, 0x00, 0x1F, 0x80, 0x3F, 0xC0, 0x39, 0xC0, 0x38, 0xC0,
        0x39, 0xC0, 0x3F, 0xC0, 0x1F, 0x80, 0x3F, 0x1C, 0x7F, 0x38, 0xF7, 0xB8, 0xE3, 0xF0, 0xE1,
        0xF0, 0xFF, 0xF0, 0x7F, 0xF8, 0x3F, 0x3C, 0xE0, 0xE0, 0xE0, 0xE0, 0xE0, 0x38, 0x70, 0x70,
        0x70, 0xE0, 0xE0, 0xE0, 0xE0, 0xE0, 0xE0, 0xE0, 0xE0, 0x70, 0x70, 0x78, 0x38, 0x1C, 0x70,
        0x38, 0x38, 0x3C, 0x1C, 0x1C, 0x1C, 0x1C, 0x1C, 0x1C, 0x1C, 0x1C, 0x38, 0x38, 0x78, 0x70,
        0xE0, 0x18, 0x18, 0xFE, 0x7E, 0x3C, 0x7C, 0x24, 0x0E, 0x00, 0x0E, 0x00, 0x0E, 0x00, 0x0E,
        0x00, 0x7F, 0xE0, 0xFF, 0xE0, 0xFF, 0xE0, 0x0E, 0x00, 0x0E, 0x00, 0x0E, 0x00, 0x0E, 0x00,
        0xE0, 0xF0, 0xF0, 0xE0, 0x60, 0x60, 0xC0, 0xFC, 0xFE, 0xFE, 0xE0, 0xF0, 0xF0, 0xE0, 0x07,
        0x0F, 0x0E, 0x0E, 0x1E, 0x1C, 0x3C, 0x38, 0x38, 0x78, 0x70, 0xF0, 0xE0, 0xE0, 0x0F, 0x80,
        0x3F, 0xE0, 0x7F, 0xE0, 0x78, 0xF0, 0xF8, 0x70, 0xFC, 0x70, 0xE6, 0x78, 0xE7, 0x78, 0xF3,
        0x70, 0xF1, 0xF0, 0x70, 0xF0, 0x7F, 0xE0, 0x3F, 0xE0, 0x0F, 0x80, 0x0E, 0xFE, 0xFE, 0xFE,
        0x1E, 0x1E, 0x1E, 0x1E, 0x1E, 0x1E, 0x1E, 0x1E, 0x1E, 0x1E, 0x1F, 0x00, 0x3F, 0xC0, 0x7F,
        0xE0, 0x71, 0xE0, 0x00, 0xE0, 0x01, 0xE0, 0x03, 0xC0, 0x07, 0x80, 0x0F, 0x00, 0x1E, 0x00,
        0x7C, 0x00, 0xFF, 0xE0, 0xFF, 0xE0, 0xFF, 0xE0, 0x1F, 0x00, 0x7F, 0xC0, 0xFF, 0xE0, 0x21,
        0xE0, 0x01, 0xE0, 0x0F, 0xC0, 0x0F, 0xC0, 0x0F, 0xE0, 0x01, 0xE0, 0x00, 0xE0, 0xE1, 0xE0,
        0xFF, 0xE0, 0x7F, 0xC0, 0x1F, 0x00, 0x01, 0xE0, 0x03, 0xE0, 0x03, 0xE0, 0x07, 0xE0, 0x0F,
        0xE0, 0x1C, 0xE0, 0x38, 0xE0, 0x78, 0xE0, 0x7F, 0xF8, 0xFF, 0xF8, 0x7F, 0xF8, 0x00, 0xE0,
        0x00, 0xE0, 0x00, 0xE0, 0x7F, 0xE0, 0x7F, 0xE0, 0x7F, 0xC0, 0xF0, 0x00, 0xFF, 0x80, 0xFF,
        0xC0, 0xFF, 0xE0, 0x21, 0xE0, 0x00, 0xE0, 0x00, 0xE0, 0xE1, 0xE0, 0xFF, 0xE0, 0x7F, 0xC0,
        0x1F, 0x00, 0x0F, 0x80, 0x3F, 0xC0, 0x7F, 0xC0, 0x70, 0x00, 0x77, 0x80, 0xFF, 0xC0, 0xFF,
        0xE0, 0xF0, 0xF0, 0xF0, 0xF0, 0xF0, 0xF0, 0x70, 0xE0, 0x7F, 0xE0, 0x3F, 0xC0, 0x1F, 0x80,
        0xFF, 0xE0, 0xFF, 0xE0, 0x7F, 0xE0, 0x01, 0xE0, 0x01, 0xC0, 0x03, 0xC0, 0x03, 0x80, 0x07,
        0x80, 0x07, 0x00, 0x0F, 0x00, 0x0E, 0x00, 0x1E, 0x00, 0x1C, 0x00, 0x3C, 0x00, 0x0F, 0x00,
        0x3F, 0x80, 0x3F, 0xC0, 0x31, 0xC0, 0x39, 0xC0, 0x3F, 0xC0, 0x7F, 0xC0, 0xFF, 0xE0, 0xF0,
        0xF0, 0xE0, 0xF0, 0xF0, 0xF0, 0xFF, 0xE0, 0x7F, 0xE0, 0x1F, 0x80, 0x1E, 0x00, 0x7F, 0x80,
        0x7F, 0xC0, 0xE1, 0xC0, 0xE1, 0xC0, 0xE1, 0xC0, 0xF3, 0xC0, 0x7F, 0xC0, 0x3F, 0x80, 0x0F,
        0x80, 0x07, 0x00, 0x0F, 0x00, 0x0E, 0x00, 0x1E, 0x00, 0xE0, 0xF0, 0xF0, 0xE0, 0x00, 0x00,
        0x00, 0xE0, 0xF0, 0xF0, 0xE0, 0xE0, 0xF0, 0xF0, 0xE0, 0x00, 0x00, 0x00, 0xE0, 0xF0, 0xF0,
        0xE0, 0x60, 0x60, 0xC0, 0x00, 0x60, 0x01, 0xE0, 0x0F, 0xE0, 0x3F, 0x80, 0xFC, 0x00, 0xF0,
        0x00, 0xFC, 0x00, 0x3F, 0x80, 0x0F, 0xE0, 0x01, 0xE0, 0x00, 0x60, 0x7F, 0xE0, 0xFF, 0xE0,
        0xFF, 0xE0, 0x00, 0x00, 0x7F, 0xE0, 0xFF, 0xE0, 0xFF, 0xE0, 0xC0, 0x00, 0xF0, 0x00, 0xFC,
        0x00, 0x3F, 0x80, 0x0F, 0xE0, 0x03, 0xE0, 0x0F, 0xE0, 0x3F, 0x80, 0xFC, 0x00, 0xF0, 0x00,
        0xC0, 0x00, 0x1F, 0x80, 0x7F, 0xE0, 0xFF, 0xE0, 0x60, 0xE0, 0x01, 0xE0, 0x07, 0xE0, 0x0F,
        0x80, 0x1E, 0x00, 0x1C, 0x00, 0x00, 0x00, 0x1C, 0x00, 0x1E, 0x00, 0x1E, 0x00, 0x1C, 0x00,
        0x07, 0xC0, 0x1F, 0xF0, 0x30, 0x38, 0x67, 0xCC, 0xCF, 0xCC, 0xCF, 0xC6, 0x9C, 0xC6, 0x9C,
        0xC6, 0xCC, 0xEC, 0xCF, 0xFC, 0x67, 0x38, 0x30, 0x00, 0x1F, 0xC0, 0x07, 0xC0, 0x07, 0xC0,
        0x07, 0xC0, 0x07, 0xC0, 0x0F, 0xE0, 0x0E, 0xE0, 0x1E, 0xF0, 0x1E, 0x70, 0x1C, 0x70, 0x3C,
        0x78, 0x3F, 0xF8, 0x7F, 0xFC, 0x7F, 0xFC, 0x70, 0x1C, 0xF0, 0x1E, 0xFF, 0xC0, 0xFF, 0xE0,
        0xFF, 0xF0, 0xE0, 0xF0, 0xE0, 0xF0, 0xFF, 0xE0, 0xFF, 0xE0, 0xFF, 0xF0, 0xE0, 0xF0, 0xE0,
        0x78, 0xE0, 0x70, 0xFF, 0xF0, 0xFF, 0xE0, 0xFF, 0xC0, 0x0F, 0xC0, 0x3F, 0xF0, 0x7F, 0xF8,
        0x78, 0x30, 0xF0, 0x00, 0xF0, 0x00, 0xE0, 0x00, 0xE0, 0x00, 0xF0, 0x00, 0xF0, 0x00, 0x78,
        0x30, 0x7F, 0xF8, 0x3F, 0xF0, 0x0F, 0xC0, 0xFF, 0x80, 0xFF, 0xE0, 0xFF, 0xF0, 0xE0, 0xF8,
        0xE0, 0x78, 0xE0, 0x38, 0xE0, 0x38, 0xE0, 0x38, 0xE0, 0x38, 0xE0, 0x78, 0xE0, 0xF8, 0xFF,
        0xF0, 0xFF, 0xE0, 0xFF, 0x80, 0xFF, 0xE0, 0xFF, 0xE0, 0xFF, 0xE0, 0xE0, 0x00, 0xE0, 0x00,
        0xFF, 0x00, 0xFF, 0x00, 0xFF, 0x00, 0xE0, 0x00, 0xE0, 0x00, 0xE0, 0x00, 0xFF, 0xE0, 0xFF,
        0xE0, 0xFF, 0xE0, 0xFF, 0xC0, 0xFF, 0xC0, 0xFF, 0xC0, 0xE0, 0x00, 0xE0, 0x00, 0xFF, 0xC0,
        0xFF, 0xC0, 0xFF, 0xC0, 0xE0, 0x00, 0xE0, 0x00, 0xE0, 0x00, 0xE0, 0x00, 0xE0, 0x00, 0xE0,
        0x00, 0x0F, 0xC0, 0x3F, 0xF0, 0x7F, 0xF8, 0x78, 0x20, 0xF0, 0x00, 0xF0, 0xFC, 0xE1, 0xFC,
        0xE1, 0xFC, 0xF0, 0x1C, 0xF0, 0x3C, 0x78, 0x3C, 0x7F, 0xFC, 0x3F, 0xFC, 0x0F, 0xCC, 0xE0,
        0x78, 0xE0, 0x78, 0xE0, 0x78, 0xE0, 0x78, 0xE0, 0x78, 0xFF, 0xF8, 0xFF, 0xF8, 0xFF, 0xF8,
        0xE0, 0x78, 0xE0, 0x78, 0xE0, 0x78, 0xE0, 0x78, 0xE0, 0x78, 0xE0, 0x78, 0xFF, 0xFF, 0x7E,
        0x3C, 0x3C, 0x3C, 0x3C, 0x3C, 0x3C, 0x3C, 0x3C, 0x7E, 0xFF, 0xFF, 0x00, 0xE0, 0x00, 0xE0,
        0x00, 0xE0, 0x00, 0xE0, 0x00, 0xE0, 0x00, 0xE0, 0x00, 0xE0, 0x00, 0xE0, 0x00, 0xE0, 0x20,
        0xE0, 0xF1, 0xE0, 0x7F, 0xE0, 0x3F, 0xC0, 0x1F, 0x00, 0xE0, 0xF0, 0xE1, 0xF0, 0xE3, 0xE0,
        0xE7, 0xC0, 0xEF, 0x80, 0xFF, 0x00, 0xFF, 0x00, 0xFF, 0x00, 0xFF, 0x80, 0xF3, 0xC0, 0xE1,
        0xE0, 0xE1, 0xE0, 0xE0, 0xF0, 0xE0, 0x78, 0xE0, 0x00, 0xE0, 0x00, 0xE0, 0x00, 0xE0, 0x00,
        0xE0, 0x00, 0xE0, 0x00, 0xE0, 0x00, 0xE0, 0x00, 0xE0, 0x00, 0xE0, 0x00, 0xE0, 0x00, 0xFF,
        0xC0, 0xFF, 0xC0, 0xFF, 0xC0, 0xF8, 0x1F, 0x80, 0xFC, 0x1F, 0x80, 0xFC, 0x1F, 0x80, 0xFC,
        0x3F, 0x80, 0xFE, 0x3F, 0x80, 0xEE, 0x37, 0x80, 0xEE, 0x77, 0x80, 0xE6, 0x77, 0x80, 0xE7,
        0x67, 0x80, 0xE7, 0xE7, 0x80, 0xE3, 0xE7, 0x80, 0xE3, 0xC7, 0x80, 0xE3, 0xC7, 0x80, 0xE1,
        0xC7, 0x80, 0xF8, 0x38, 0xF8, 0x38, 0xFC, 0x38, 0xFC, 0x38, 0xFE, 0x38, 0xEF, 0x38, 0xE7,
        0x38, 0xE7, 0xB8, 0xE3, 0xB8, 0xE3, 0xF8, 0xE1, 0xF8, 0xE0, 0xF8, 0xE0, 0xF8, 0xE0, 0x78,
        0x0F, 0xC0, 0x1F, 0xF0, 0x7F, 0xF8, 0x78, 0x3C, 0xF0, 0x1E, 0xF0, 0x1E, 0xE0, 0x1E, 0xE0,
        0x1E, 0xF0, 0x1E, 0xF0, 0x1E, 0x78, 0x3C, 0x7F, 0xF8, 0x3F, 0xF0, 0x0F, 0xC0, 0xFF, 0x80,
        0xFF, 0xE0, 0xFF, 0xF0, 0xE0, 0xF0, 0xE0, 0x70, 0xE0, 0xF0, 0xFF, 0xF0, 0xFF, 0xE0, 0xFF,
        0x80, 0xE0, 0x00, 0xE0, 0x00, 0xE0, 0x00, 0xE0, 0x00, 0xE0, 0x00, 0x0F, 0xC0, 0x1F, 0xF0,
        0x7F, 0xF8, 0x78, 0x3C, 0xF0, 0x1E, 0xF0, 0x1E, 0xE0, 0x9E, 0xE1, 0xDE, 0xF1, 0xFE, 0xF0,
        0xFE, 0x78, 0x7C, 0x7F, 0xFC, 0x3F, 0xFE, 0x0F, 0xC7, 0x00, 0x02, 0xFF, 0x80, 0xFF, 0xE0,
        0xFF, 0xF0, 0xE0, 0xF0, 0xE0, 0x70, 0xE0, 0xF0, 0xFF, 0xF0, 0xFF, 0xE0, 0xFF, 0x80, 0xE3,
        0xC0, 0xE3, 0xC0, 0xE1, 0xE0, 0xE0, 0xF0, 0xE0, 0x78, 0x1F, 0x80, 0x7F, 0xC0, 0xFF, 0xE0,
        0xE0, 0xC0, 0xF0, 0x00, 0xFC, 0x00, 0x7F, 0xC0, 0x3F, 0xE0, 0x01, 0xF0, 0x00, 0xF0, 0xE0,
        0xF0, 0xFF, 0xE0, 0x7F, 0xE0, 0x1F, 0x80, 0xFF, 0xF8, 0xFF, 0xF8, 0x7F, 0xF8, 0x07, 0x80,
        0x07, 0x80, 0x07, 0x80, 0x07, 0x80, 0x07, 0x80, 0x07, 0x80, 0x07, 0x80, 0x07, 0x80, 0x07,
        0x80, 0x07, 0x80, 0x07, 0x80, 0xE0, 0x78, 0xE0, 0x78, 0xE0, 0x78, 0xE0, 0x78, 0xE0, 0x78,
        0xE0, 0x78, 0xE0, 0x78, 0xE0, 0x78, 0xF0, 0x78, 0xF0, 0x70, 0xF0, 0xF0, 0x7F, 0xF0, 0x3F,
        0xE0, 0x1F, 0x80, 0xF0, 0x3C, 0x70, 0x3C, 0x78, 0x38, 0x78, 0x78, 0x38, 0x78, 0x3C, 0x70,
        0x1C, 0xF0, 0x1C, 0xF0, 0x1E, 0xE0, 0x0F, 0xE0, 0x0F, 0xC0, 0x0F, 0xC0, 0x07, 0xC0, 0x07,
        0x80, 0xF0, 0xF0, 0xE0, 0x70, 0xF1, 0xE0, 0x71, 0xF1, 0xE0, 0x71, 0xF1, 0xC0, 0x79, 0xF9,
        0xC0, 0x39, 0xB9, 0xC0, 0x3B, 0xBB, 0xC0, 0x3B, 0xBB, 0x80, 0x3F, 0x9B, 0x80, 0x1F, 0x1F,
        0x80, 0x1F, 0x1F, 0x80, 0x1F, 0x1F, 0x00, 0x1F, 0x0F, 0x00, 0x0F, 0x0F, 0x00, 0xF0, 0x78,
        0x78, 0x78, 0x7C, 0xF0, 0x3D, 0xE0, 0x1F, 0xC0, 0x0F, 0xC0, 0x0F, 0x80, 0x0F, 0x80, 0x1F,
        0xC0, 0x1F, 0xE0, 0x3D, 0xF0, 0x78, 0xF0, 0xF8, 0x78, 0xF0, 0x3C, 0xF0, 0x3C, 0xF0, 0x78,
        0x78, 0xF0, 0x38, 0xF0, 0x3D, 0xE0, 0x1F, 0xC0, 0x1F, 0xC0, 0x0F, 0x80, 0x07, 0x00, 0x07,
        0x00, 0x07, 0x00, 0x07, 0x00, 0x07, 0x00, 0x07, 0x00, 0xFF, 0xF0, 0xFF, 0xF0, 0xFF, 0xE0,
        0x03, 0xE0, 0x03, 0xC0, 0x07, 0x80, 0x0F, 0x00, 0x1E, 0x00, 0x3E, 0x00, 0x3C, 0x00, 0x78,
        0x00, 0xFF, 0xF0, 0xFF, 0xF0, 0xFF, 0xF0, 0xFC, 0xFC, 0xF8, 0xE0, 0xE0, 0xE0, 0xE0, 0xE0,
        0xE0, 0xE0, 0xE0, 0xE0, 0xE0, 0xE0, 0xF8, 0xFC, 0xFC, 0xE0, 0xE0, 0xF0, 0x70, 0x78, 0x38,
        0x38, 0x3C, 0x1C, 0x1E, 0x0E, 0x0E, 0x0F, 0x07, 0xF8, 0xF8, 0xF8, 0x18, 0x18, 0x18, 0x18,
        0x18, 0x18, 0x18, 0x18, 0x18, 0x18, 0x18, 0xF8, 0xF8, 0xF8, 0x04, 0x00, 0x0E, 0x00, 0x1F,
        0x00, 0x1F, 0x00, 0x3B, 0x80, 0x3B, 0x80, 0x71, 0xC0, 0xF1, 0xE0, 0x7F, 0x80, 0xFF, 0x80,
        0xFF, 0x80, 0xE0, 0xF0, 0x30, 0x1F, 0x00, 0x7F, 0x80, 0x7F, 0xC0, 0x21, 0xC0, 0x03, 0xC0,
        0x7F, 0xC0, 0xF1, 0xC0, 0xE1, 0xC0, 0xFF, 0xC0, 0xFF, 0xC0, 0x7D, 0xC0, 0xE0, 0x00, 0xE0,
        0x00, 0xE0, 0x00, 0xE7, 0x80, 0xFF, 0xC0, 0xFF, 0xE0, 0xF1, 0xE0, 0xE0, 0xE0, 0xE0, 0xF0,
        0xE0, 0xE0, 0xF1, 0xE0, 0xFF, 0xE0, 0xFF, 0xC0, 0xE7, 0x80, 0x1F, 0x00, 0x7F, 0x80, 0xFF,
        0xC0, 0xE1, 0x00, 0xE0, 0x00, 0xE0, 0x00, 0xE0, 0x00, 0xE0, 0x00, 0xFF, 0xC0, 0x7F, 0x80,
        0x1F, 0x00, 0x00, 0xE0, 0x00, 0xE0, 0x00, 0xE0, 0x3C, 0xE0, 0x7F, 0xE0, 0xFF, 0xE0, 0xF1,
        0xE0, 0xE0, 0xE0, 0xE0, 0xE0, 0xE0, 0xE0, 0xF1, 0xE0, 0xFF, 0xE0, 0x7F, 0xE0, 0x3C, 0xE0,
        0x1F, 0x00, 0x7F, 0x80, 0xFF, 0xC0, 0xE0, 0xE0, 0xFF, 0xE0, 0xFF, 0xE0, 0xE0, 0x00, 0xE0,
        0x00, 0xFF, 0xC0, 0x7F, 0x80, 0x1F, 0x00, 0x06, 0x1F, 0x3F, 0x38, 0x38, 0xFF, 0xFF, 0x7E,
        0x38, 0x38, 0x38, 0x38, 0x38, 0x38, 0x38, 0x38, 0x3C, 0xE0, 0x7F, 0xE0, 0xFF, 0xE0, 0xF1,
        0xE0, 0xE0, 0xE0, 0xE0, 0xE0, 0xE0, 0xE0, 0xF1, 0xE0, 0xFF, 0xE0, 0x7F, 0xE0, 0x3C, 0xE0,
        0x00, 0xE0, 0x01, 0xE0, 0x7F, 0xC0, 0x7F, 0xC0, 0x1F, 0x00, 0xE0, 0x00, 0xE0, 0x00, 0xE0,
        0x00, 0xE7, 0x80, 0xFF, 0xC0, 0xFF, 0xC0, 0xF1, 0xC0, 0xF1, 0xC0, 0xE1, 0xC0, 0xE1, 0xC0,
        0xE1, 0xC0, 0xE1, 0xC0, 0xE1, 0xC0, 0xE1, 0xC0, 0x38, 0x78, 0x78, 0x38, 0x00, 0xF8, 0xF8,
        0xF8, 0x38, 0x38, 0x38, 0x38, 0x38, 0x38, 0x38, 0x38, 0x0C, 0x1E, 0x1E, 0x0C, 0x00, 0x00,
        0x1E, 0x1E, 0x1E, 0x1E, 0x1E, 0x1E, 0x1E, 0x1E, 0x1E, 0x1E, 0x1E, 0x7C, 0xFC, 0xF8, 0xE0,
        0x00, 0xE0, 0x00, 0xE0, 0x00, 0xE1, 0xE0, 0xE3, 0xC0, 0xE7, 0x80, 0xFF, 0x00, 0xFE, 0x00,
        0xFE, 0x00, 0xFF, 0x00, 0xF7, 0x80, 0xE3, 0xC0, 0xE3, 0xC0, 0xE1, 0xE0, 0xE0, 0xE0, 0xE0,
        0xE0, 0xE0, 0xE0, 0xE0, 0xE0, 0xE0, 0xE0, 0xF0, 0xFC, 0xFC, 0x7C, 0xE7, 0x8F, 0x00, 0xFF,
        0xFF, 0x80, 0xFF, 0xFF, 0x80, 0xF1, 0xE3, 0x80, 0xF1, 0xE3, 0x80, 0xE1, 0xC3, 0x80, 0xE1,
        0xC3, 0x80, 0xE1, 0xC3, 0x80, 0xE1, 0xC3, 0x80, 0xE1, 0xC3, 0x80, 0xE1, 0xC3, 0x80, 0xE7,
        0x80, 0xFF, 0xC0, 0xFF, 0xC0, 0xF1, 0xC0, 0xF1, 0xC0, 0xE1, 0xC0, 0xE1, 0xC0, 0xE1, 0xC0,
        0xE1, 0xC0, 0xE1, 0xC0, 0xE1, 0xC0, 0x1F, 0x00, 0x7F, 0x80, 0xFF, 0xC0, 0xE1, 0xE0, 0xE0,
        0xE0, 0xE0, 0xE0, 0xE0, 0xE0, 0xE1, 0xE0, 0xFF, 0xC0, 0x7F, 0x80, 0x1F, 0x00, 0xE7, 0x80,
        0xFF, 0xC0, 0xFF, 0xE0, 0xF1, 0xE0, 0xE0, 0xE0, 0xE0, 0xF0, 0xE0, 0xE0, 0xF1, 0xE0, 0xFF,
        0xE0, 0xFF, 0xC0, 0xE7, 0x80, 0xE0, 0x00, 0xE0, 0x00, 0xE0, 0x00, 0x3C, 0xE0, 0x7F, 0xE0,
        0xFF, 0xE0, 0xF1, 0xE0, 0xE0, 0xE0, 0xE0, 0xE0, 0xE0, 0xE0, 0xF1, 0xE0, 0xFF, 0xE0, 0x7F,
        0xE0, 0x3C, 0xE0, 0x00, 0xFC, 0x00, 0xFC, 0x00, 0x7C, 0xE6, 0xFE, 0xFE, 0xF0, 0xF0, 0xE0,
        0xE0, 0xE0, 0xE0, 0xE0, 0xE0, 0x3E, 0x00, 0xFF, 0x80, 0xFF, 0x80, 0xE0, 0x00, 0xFC, 0x00,
        0x7F, 0x80, 0x07, 0xC0, 0x41, 0xC0, 0xFF, 0xC0, 0xFF, 0x80, 0x3F, 0x00, 0x18, 0x38, 0x38,
        0xFF, 0xFF, 0x7E, 0x38, 0x38, 0x38, 0x38, 0x3C, 0x3F, 0x3F, 0x1F, 0xE1, 0xC0, 0xE1, 0xC0,
        0xE1, 0xC0, 0xE1, 0xC0, 0xE1, 0xC0, 0xE1, 0xC0, 0xE1, 0xC0, 0xF1, 0xC0, 0xFF, 0xC0, 0x7F,
        0xC0, 0x3D, 0xC0, 0xF0, 0xE0, 0x70, 0xE0, 0x71, 0xE0, 0x79, 0xC0, 0x39, 0xC0, 0x3B, 0xC0,
        0x3B, 0x80, 0x1F, 0x80, 0x1F, 0x80, 0x1F, 0x00, 0x0F, 0x00, 0xE3, 0xCF, 0xF3, 0xCF, 0x73,
        0xCE, 0x73, 0xCE, 0x73, 0xCE, 0x7E, 0xFE, 0x3E, 0x7C, 0x3E, 0x7C, 0x3E, 0x7C, 0x3E, 0x7C,
        0x1C, 0x78, 0x71, 0xE0, 0x79, 0xC0, 0x3F, 0xC0, 0x1F, 0x80, 0x1F, 0x00, 0x0F, 0x00, 0x1F,
        0x80, 0x3F, 0x80, 0x3B, 0xC0, 0x79, 0xE0, 0xF0, 0xE0, 0xF0, 0xE0, 0x71, 0xE0, 0x71, 0xC0,
        0x79, 0xC0, 0x3B, 0xC0, 0x3B, 0x80, 0x1F, 0x80, 0x1F, 0x00, 0x1F, 0x00, 0x0F, 0x00, 0x0E,
        0x00, 0x1E, 0x00, 0x7C, 0x00, 0x78, 0x00, 0xFF, 0xC0, 0xFF, 0xC0, 0xFF, 0xC0, 0x0F, 0x80,
        0x1F, 0x00, 0x3E, 0x00, 0x3C, 0x00, 0x78, 0x00, 0xFF, 0x80, 0xFF, 0xC0, 0xFF, 0xC0, 0x1C,
        0x7C, 0x7C, 0x70, 0x70, 0x70, 0x70, 0xF0, 0xE0, 0xF0, 0x70, 0x70, 0x70, 0x70, 0x7C, 0x3C,
        0x1C, 0xE0, 0xE0, 0xE0, 0xE0, 0xE0, 0xE0, 0xE0, 0xE0, 0xE0, 0xE0, 0xE0, 0xE0, 0xE0, 0xE0,
        0xE0, 0xE0, 0xE0, 0xF0, 0xF8, 0xF8, 0x38, 0x38, 0x38, 0x38, 0x1E, 0x1E, 0x3C, 0x38, 0x38,
        0x38, 0x38, 0xF8, 0xF8, 0xF0, 0x79, 0xC0, 0xFF, 0xC0, 0xFF, 0x80, 0xC7, 0x80, 0x60, 0xF0,
        0xF0, 0x60, 0x00, 0x60, 0x70, 0xF0, 0xF0, 0xF0, 0xF0, 0xF0, 0xF0, 0xF0, 0x0C, 0x00, 0x0C,
        0x00, 0x3F, 0x80, 0x7F, 0xC0, 0xFD, 0x80, 0xEC, 0x00, 0xEC, 0x00, 0xEC, 0x00, 0xEC, 0x00,
        0xFD, 0x80, 0x7F, 0xC0, 0x3F, 0x00, 0x0C, 0x00, 0x0C, 0x00, 0x1F, 0x80, 0x3F, 0xE0, 0x7F,
        0xF0, 0x70, 0x40, 0x78, 0x00, 0x78, 0x00, 0xFF, 0x80, 0xFF, 0x80, 0x1C, 0x00, 0x1C, 0x00,
        0x38, 0x00, 0xFF, 0xF0, 0x7F, 0xF0, 0x63, 0xF0, 0x44, 0x40, 0x7F, 0xC0, 0x7F, 0xC0, 0x71,
        0xC0, 0x70, 0xC0, 0x60, 0xC0, 0x71, 0xC0, 0x7F, 0xC0, 0x7F, 0xC0, 0xCF, 0x60, 0xF0, 0x3C,
        0xF0, 0x78, 0x78, 0xF0, 0x38, 0xF0, 0x3D, 0xE0, 0x1F, 0xC0, 0x1F, 0xC0, 0x0F, 0x80, 0x3F,
        0xE0, 0x3F, 0xE0, 0x07, 0x00, 0x3F, 0xE0, 0x3F, 0xE0, 0x07, 0x00, 0xE0, 0xE0, 0xE0, 0xE0,
        0xE0, 0xE0, 0xE0, 0x00, 0x00, 0x00, 0xE0, 0xE0, 0xE0, 0xE0, 0xE0, 0xE0, 0xE0, 0x1F, 0x00,
        0x7F, 0x80, 0x7F, 0x80, 0x70, 0x00, 0x7C, 0x00, 0x7F, 0x00, 0xFF, 0xC0, 0xE7, 0xE0, 0xE1,
        0xE0, 0xF8, 0xE0, 0x3F, 0xC0, 0x0F, 0x80, 0x03, 0xC0, 0x21, 0xC0, 0x7F, 0xC0, 0x7F, 0x80,
        0x1F, 0x00, 0xE7, 0x66, 0x07, 0xC0, 0x1C, 0x30, 0x30, 0x18, 0x60, 0x0C, 0x43, 0xC6, 0xC7,
        0xE6, 0xCE, 0x42, 0xCC, 0x02, 0xCC, 0x02, 0xCE, 0x42, 0x47, 0xE6, 0x63, 0xC4, 0x30, 0x0C,
        0x18, 0x30, 0x07, 0xE0, 0x7C, 0x0C, 0x7C, 0xEC, 0xFC, 0x7C, 0x1E, 0xF0, 0x3C, 0xE0, 0x39,
        0xE0, 0x7B, 0xC0, 0xF3, 0x80, 0x7B, 0xC0, 0x39, 0xE0, 0x3C, 0xE0, 0x1E, 0xF0, 0x7F, 0xE0,
        0xFF, 0xE0, 0xFF, 0xE0, 0x00, 0x60, 0x00, 0x60, 0x00, 0x60, 0x00, 0x60, 0x00, 0x60, 0x07,
        0xC0, 0x1C, 0x30, 0x30, 0x18, 0x6F, 0xCC, 0x4F, 0xE6, 0xCC, 0x66, 0xCC, 0x62, 0xCF, 0xE2,
        0xCF, 0xC2, 0xCC, 0xC2, 0x4C, 0xE6, 0x6C, 0x64, 0x30, 0x0C, 0x18, 0x30, 0x07, 0xE0, 0x7C,
        0xFE, 0xFE, 0x10, 0x7C, 0xFE, 0xC6, 0xC6, 0xFE, 0x7C, 0x38, 0x0E, 0x00, 0x0E, 0x00, 0x7F,
        0xE0, 0xFF, 0xE0, 0xFF, 0xE0, 0x0E, 0x00, 0x0E, 0x00, 0x00, 0x00, 0x7F, 0xE0, 0xFF, 0xE0,
        0xFF, 0xE0, 0x3C, 0x7E, 0x0E, 0x0C, 0x18, 0x70, 0xFE, 0xFE, 0x7C, 0x7E, 0x0E, 0x1C, 0x1E,
        0x06, 0xFE, 0x7C, 0x70, 0xE0, 0xC0, 0xE1, 0xC0, 0xE1, 0xC0, 0xE1, 0xC0, 0xE1, 0xC0, 0xE1,
        0xC0, 0xE1, 0xC0, 0xF1, 0xC0, 0xF1, 0xC0, 0xFF, 0xF0, 0xFF, 0xF0, 0xFC, 0xF0, 0xE0, 0x00,
        0xF0, 0x00, 0xF0, 0x00, 0x3F, 0xC0, 0xF9, 0x80, 0xF9, 0x80, 0xF9, 0x80, 0xF9, 0x80, 0xF9,
        0x80, 0x79, 0x80, 0x39, 0x80, 0x19, 0x80, 0x19, 0x80, 0x19, 0x80, 0x19, 0x80, 0x19, 0x80,
        0x19, 0x80, 0x19, 0x80, 0x19, 0x80, 0x19, 0x80, 0x70, 0xF0, 0xF0, 0x70, 0x40, 0xF0, 0x30,
        0xF0, 0x30, 0xF0, 0xF0, 0x30, 0x30, 0x30, 0x30, 0x30, 0x38, 0x7C, 0xEE, 0xE6, 0xE6, 0x7C,
        0x38, 0xE7, 0x80, 0xF3, 0x80, 0x7B, 0xC0, 0x3D, 0xE0, 0x3C, 0xE0, 0x3D, 0xE0, 0x7B, 0xC0,
        0xF3, 0x80, 0xE7, 0x80, 0x30, 0x1C, 0x00, 0xF0, 0x18, 0x00, 0xF0, 0x38, 0x00, 0x30, 0x70,
        0x00, 0x30, 0xE0, 0x00, 0x30, 0xC0, 0x00, 0x31, 0xC6, 0x00, 0x33, 0x8E, 0x00, 0x07, 0x1E,
        0x00, 0x07, 0x36, 0x00, 0x0E, 0x7F, 0x80, 0x1C, 0x7F, 0x80, 0x18, 0x06, 0x00, 0x38, 0x06,
        0x00, 0x30, 0x1C, 0x00, 0xF0, 0x18, 0x00, 0xF0, 0x38, 0x00, 0x30, 0x70, 0x00, 0x30, 0xE0,
        0x00, 0x30, 0xC0, 0x00, 0x31, 0xCF, 0x00, 0x33, 0x9F, 0x00, 0x07, 0x03, 0x80, 0x07, 0x03,
        0x00, 0x0E, 0x06, 0x00, 0x1C, 0x1C, 0x00, 0x18, 0x3F, 0x80, 0x38, 0x3F, 0x80, 0x70, 0x06,
        0x00, 0xF8, 0x0E, 0x00, 0x1C, 0x1C, 0x00, 0x38, 0x18, 0x00, 0x38, 0x38, 0x00, 0x1C, 0x70,
        0x00, 0xDC, 0xE0, 0x00, 0xF8, 0xE3, 0x80, 0x71, 0xC7, 0x80, 0x03, 0x8F, 0x80, 0x03, 0x1B,
        0x80, 0x07, 0x1F, 0xC0, 0x0E, 0x3F, 0xC0, 0x1C, 0x03, 0x80, 0x1C, 0x03, 0x80, 0x07, 0x00,
        0x07, 0x80, 0x07, 0x80, 0x07, 0x00, 0x00, 0x00, 0x07, 0x00, 0x0F, 0x00, 0x3F, 0x00, 0x7C,
        0x00, 0xF0, 0x00, 0xF0, 0xC0, 0xFF, 0xE0, 0x7F, 0xC0, 0x1F, 0x80, 0x0E, 0x00, 0x07, 0x00,
        0x03, 0x80, 0x00, 0x00, 0x00, 0x00, 0x07, 0xC0, 0x07, 0xC0, 0x07, 0xC0, 0x0F, 0xE0, 0x0E,
        0xE0, 0x1E, 0xF0, 0x1E, 0x70, 0x1C, 0x70, 0x3C, 0x78, 0x3F, 0xF8, 0x7F, 0xFC, 0x7F, 0xFC,
        0x70, 0x1C, 0xF0, 0x1E, 0x00, 0xE0, 0x01, 0xE0, 0x03, 0x80, 0x00, 0x00, 0x00, 0x00, 0x07,
        0xC0, 0x07, 0xC0, 0x07, 0xC0, 0x0F, 0xE0, 0x0E, 0xE0, 0x1E, 0xF0, 0x1E, 0x70, 0x1C, 0x70,
        0x3C, 0x78, 0x3F, 0xF8, 0x7F, 0xFC, 0x7F, 0xFC, 0x70, 0x1C, 0xF0, 0x1E, 0x03, 0x80, 0x07,
        0xC0, 0x0E, 0x60, 0x00, 0x00, 0x00, 0x00, 0x07, 0xC0, 0x07, 0xC0, 0x07, 0xC0, 0x0F, 0xE0,
        0x0E, 0xE0, 0x1E, 0xF0, 0x1E, 0x70, 0x1C, 0x70, 0x3C, 0x78, 0x3F, 0xF8, 0x7F, 0xFC, 0x7F,
        0xFC, 0x70, 0x1C, 0xF0, 0x1E, 0x07, 0x20, 0x0F, 0xF0, 0x0C, 0xE0, 0x00, 0x00, 0x00, 0x00,
        0x07, 0xC0, 0x07, 0xC0, 0x07, 0xC0, 0x0F, 0xE0, 0x0E, 0xE0, 0x1E, 0xF0, 0x1E, 0x70, 0x1C,
        0x70, 0x3C, 0x78, 0x3F, 0xF8, 0x7F, 0xFC, 0x7F, 0xFC, 0x70, 0x1C, 0xF0, 0x1E, 0x04, 0x00,
        0x0E, 0xE0, 0x0E, 0x60, 0x00, 0x00, 0x07, 0xC0, 0x07, 0xC0, 0x07, 0xC0, 0x0F, 0xE0, 0x0E,
        0xE0, 0x1E, 0xF0, 0x1E, 0x70, 0x1C, 0x70, 0x3C, 0x78, 0x3F, 0xF8, 0x7F, 0xFC, 0x7F, 0xFC,
        0x70, 0x1C, 0xF0, 0x1E, 0x03, 0x80, 0x07, 0xC0, 0x06, 0xC0, 0x06, 0xC0, 0x07, 0xC0, 0x07,
        0xC0, 0x07, 0xC0, 0x07, 0xC0, 0x0F, 0xE0, 0x0E, 0xE0, 0x1E, 0xF0, 0x1E, 0x70, 0x1C, 0x70,
        0x3C, 0x78, 0x3F, 0xF8, 0x7F, 0xFC, 0x7F, 0xFC, 0x70, 0x1C, 0xF0, 0x1E, 0x00, 0x3F, 0xFC,
        0x00, 0x7F, 0xFC, 0x00, 0x7F, 0xF8, 0x00, 0xFC, 0x00, 0x01, 0xFC, 0x00, 0x03, 0xDF, 0xC0,
        0x03, 0x9F, 0xE0, 0x07, 0x9F, 0xE0, 0x0F, 0x1C, 0x00, 0x1F, 0xFC, 0x00, 0x1F, 0xFC, 0x00,
        0x3F, 0xFF, 0xF8, 0x78, 0x1F, 0xFC, 0xF0, 0x1F, 0xFC, 0x0F, 0xC0, 0x3F, 0xF0, 0x7F, 0xF8,
        0x78, 0x30, 0xF0, 0x00, 0xF0, 0x00, 0xE0, 0x00, 0xE0, 0x00, 0xF0, 0x00, 0xF0, 0x00, 0x78,
        0x30, 0x7F, 0xF8, 0x3F, 0xF0, 0x0F, 0xC0, 0x02, 0x00, 0x07, 0x80, 0x01, 0x80, 0x07, 0x80,
        0x18, 0x00, 0x1C, 0x00, 0x0E, 0x00, 0x00, 0x00, 0x00, 0x00, 0xFF, 0xE0, 0xFF, 0xE0, 0xFF,
        0xE0, 0xE0, 0x00, 0xE0, 0x00, 0xFF, 0x00, 0xFF, 0x00, 0xFF, 0x00, 0xE0, 0x00, 0xE0, 0x00,
        0xE0, 0x00, 0xFF, 0xE0, 0xFF, 0xE0, 0xFF, 0xE0, 0x03, 0x80, 0x07, 0x80, 0x07, 0x00, 0x00,
        0x00, 0x00, 0x00, 0xFF, 0xE0, 0xFF, 0xE0, 0xFF, 0xE0, 0xE0, 0x00, 0xE0, 0x00, 0xFF, 0x00,
        0xFF, 0x00, 0xFF, 0x00, 0xE0, 0x00, 0xE0, 0x00, 0xE0, 0x00, 0xFF, 0xE0, 0xFF, 0xE0, 0xFF,
        0xE0, 0x0E, 0x00, 0x1F, 0x00, 0x39, 0x80, 0x00, 0x00, 0x00, 0x00, 0xFF, 0xE0, 0xFF, 0xE0,
        0xFF, 0xE0, 0xE0, 0x00, 0xE0, 0x00, 0xFF, 0x00, 0xFF, 0x00, 0xFF, 0x00, 0xE0, 0x00, 0xE0,
        0x00, 0xE0, 0x00, 0xFF, 0xE0, 0xFF, 0xE0, 0xFF, 0xE0, 0x10, 0x00, 0x3B, 0x80, 0x39, 0x80,
        0x00, 0x00, 0xFF, 0xE0, 0xFF, 0xE0, 0xFF, 0xE0, 0xE0, 0x00, 0xE0, 0x00, 0xFF, 0x00, 0xFF,
        0x00, 0xFF, 0x00, 0xE0, 0x00, 0xE0, 0x00, 0xE0, 0x00, 0xFF, 0xE0, 0xFF, 0xE0, 0xFF, 0xE0,
        0x60, 0x70, 0x38, 0x00, 0x00, 0xFF, 0xFF, 0x7E, 0x3C, 0x3C, 0x3C, 0x3C, 0x3C, 0x3C, 0x3C,
        0x3C, 0x7E, 0xFF, 0xFF, 0x06, 0x0E, 0x1C, 0x00, 0x00, 0xFF, 0xFF, 0x7E, 0x3C, 0x3C, 0x3C,
        0x3C, 0x3C, 0x3C, 0x3C, 0x3C, 0x7E, 0xFF, 0xFF, 0x3C, 0x7E, 0xE7, 0x00, 0x00, 0xFF, 0xFF,
        0x7E, 0x3C, 0x3C, 0x3C, 0x3C, 0x3C, 0x3C, 0x3C, 0x3C, 0x7E, 0xFF, 0xFF, 0xE7, 0x66, 0x00,
        0xFF, 0xFF, 0x7E, 0x3C, 0x3C, 0x3C, 0x3C, 0x3C, 0x3C, 0x3C, 0x3C, 0x7E, 0xFF, 0xFF, 0x1F,
        0xF0, 0x1F, 0xFC, 0x1F, 0xFE, 0x1C, 0x1E, 0x1C, 0x0F, 0x7F, 0x0F, 0xFF, 0x07, 0xFF, 0x07,
        0x1C, 0x0F, 0x1C, 0x0F, 0x1C, 0x1E, 0x1F, 0xFE, 0x1F, 0xFC, 0x1F, 0xF0, 0x0E, 0x20, 0x1F,
        0xE0, 0x19, 0xC0, 0x00, 0x00, 0x00, 0x00, 0xF8, 0x38, 0xF8, 0x38, 0xFC, 0x38, 0xFC, 0x38,
        0xFE, 0x38, 0xEF, 0x38, 0xE7, 0x38, 0xE7, 0xB8, 0xE3, 0xB8, 0xE3, 0xF8, 0xE1, 0xF8, 0xE0,
        0xF8, 0xE0, 0xF8, 0xE0, 0x78, 0x0E, 0x00, 0x0F, 0x00, 0x03, 0x80, 0x00, 0x00, 0x00, 0x00,
        0x0F, 0xC0, 0x1F, 0xF0, 0x7F, 0xF8, 0x78, 0x3C, 0xF0, 0x1E, 0xF0, 0x1E, 0xE0, 0x1E, 0xE0,
        0x1E, 0xF0, 0x1E, 0xF0, 0x1E, 0x78, 0x3C, 0x7F, 0xF8, 0x3F, 0xF0, 0x0F, 0xC0, 0x00, 0xE0,
        0x01, 0xC0, 0x03, 0x80, 0x00, 0x00, 0x00, 0x00, 0x0F, 0xC0, 0x1F, 0xF0, 0x7F, 0xF8, 0x78,
        0x3C, 0xF0, 0x1E, 0xF0, 0x1E, 0xE0, 0x1E, 0xE0, 0x1E, 0xF0, 0x1E, 0xF0, 0x1E, 0x78, 0x3C,
        0x7F, 0xF8, 0x3F, 0xF0, 0x0F, 0xC0, 0x03, 0x80, 0x07, 0xC0, 0x0C, 0xE0, 0x00, 0x00, 0x00,
        0x00, 0x0F, 0xC0, 0x1F, 0xF0, 0x7F, 0xF8, 0x78, 0x3C, 0xF0, 0x1E, 0xF0, 0x1E, 0xE0, 0x1E,
        0xE0, 0x1E, 0xF0, 0x1E, 0xF0, 0x1E, 0x78, 0x3C, 0x7F, 0xF8, 0x3F, 0xF0, 0x0F, 0xC0, 0x06,
        0x20, 0x0F, 0xE0, 0x1D, 0xC0, 0x00, 0x00, 0x00, 0x00, 0x0F, 0xC0, 0x1F, 0xF0, 0x7F, 0xF8,
        0x78, 0x3C, 0xF0, 0x1E, 0xF0, 0x1E, 0xE0, 0x1E, 0xE0, 0x1E, 0xF0, 0x1E, 0xF0, 0x1E, 0x78,
        0x3C, 0x7F, 0xF8, 0x3F, 0xF0, 0x0F, 0xC0, 0x00, 0x40, 0x0E, 0xE0, 0x0C, 0xE0, 0x00, 0x00,
        0x0F, 0xC0, 0x1F, 0xF0, 0x7F, 0xF8, 0x78, 0x3C, 0xF0, 0x1E, 0xF0, 0x1E, 0xE0, 0x1E, 0xE0,
        0x1E, 0xF0, 0x1E, 0xF0, 0x1E, 0x78, 0x3C, 0x7F, 0xF8, 0x3F, 0xF0, 0x0F, 0xC0, 0x61, 0x80,
        0xF3, 0xC0, 0x7F, 0x80, 0x3F, 0x00, 0x1E, 0x00, 0x3F, 0x00, 0x7F, 0x80, 0xF3, 0xC0, 0x61,
        0x80, 0x0F, 0xC8, 0x1F, 0xF8, 0x7F, 0xF8, 0x78, 0x7C, 0xF0, 0x7E, 0xF0, 0xDE, 0xF1, 0x9E,
        0xE3, 0x1E, 0xF6, 0x1E, 0xFC, 0x1E, 0x78, 0x3C, 0x7F, 0xF8, 0x7F, 0xF0, 0x4F, 0xC0, 0x1C,
        0x00, 0x1E, 0x00, 0x0E, 0x00, 0x00, 0x00, 0x00, 0x00, 0xE0, 0x78, 0xE0, 0x78, 0xE0, 0x78,
        0xE0, 0x78, 0xE0, 0x78, 0xE0, 0x78, 0xE0, 0x78, 0xE0, 0x78, 0xF0, 0x78, 0xF0, 0x70, 0xF0,
        0xF0, 0x7F, 0xF0, 0x3F, 0xE0, 0x1F, 0x80, 0x01, 0x80, 0x03, 0x80, 0x07, 0x00, 0x00, 0x00,
        0x00, 0x00, 0xE0, 0x78, 0xE0, 0x78, 0xE0, 0x78, 0xE0, 0x78, 0xE0, 0x78, 0xE0, 0x78, 0xE0,
        0x78, 0xE0, 0x78, 0xF0, 0x78, 0xF0, 0x70, 0xF0, 0xF0, 0x7F, 0xF0, 0x3F, 0xE0, 0x1F, 0x80,
        0x07, 0x00, 0x0F, 0x80, 0x39, 0xC0, 0x00, 0x00, 0x00, 0x00, 0xE0, 0x78, 0xE0, 0x78, 0xE0,
        0x78, 0xE0, 0x78, 0xE0, 0x78, 0xE0, 0x78, 0xE0, 0x78, 0xE0, 0x78, 0xF0, 0x78, 0xF0, 0x70,
        0xF0, 0xF0, 0x7F, 0xF0, 0x3F, 0xE0, 0x1F, 0x80, 0x00, 0x80, 0x1D, 0xC0, 0x19, 0xC0, 0x00,
        0x00, 0xE0, 0x78, 0xE0, 0x78, 0xE0, 0x78, 0xE0, 0x78, 0xE0, 0x78, 0xE0, 0x78, 0xE0, 0x78,
        0xE0, 0x78, 0xF0, 0x78, 0xF0, 0x70, 0xF0, 0xF0, 0x7F, 0xF0, 0x3F, 0xE0, 0x1F, 0x80, 0x01,
        0xC0, 0x03, 0xC0, 0x07, 0x00, 0x00, 0x00, 0x00, 0x00, 0xF0, 0x3C, 0xF0, 0x78, 0x78, 0xF0,
        0x38, 0xF0, 0x3D, 0xE0, 0x1F, 0xC0, 0x1F, 0xC0, 0x0F, 0x80, 0x07, 0x00, 0x07, 0x00, 0x07,
        0x00, 0x07, 0x00, 0x07, 0x00, 0x07, 0x00, 0xE0, 0x00, 0xE0, 0x00, 0xFF, 0x80, 0xFF, 0xE0,
        0xFF, 0xF0, 0xE0, 0xF0, 0xE0, 0xF0, 0xE0, 0xF0, 0xFF, 0xF0, 0xFF, 0xE0, 0xFF, 0x80, 0xE0,
        0x00, 0xE0, 0x00, 0xE0, 0x00, 0x1F, 0x80, 0x7F, 0xC0, 0x7F, 0xE0, 0xF0, 0xE0, 0xE0, 0xE0,
        0xE7, 0xE0, 0xE7, 0xE0, 0xE3, 0xF0, 0xE0, 0xF0, 0xE0, 0x70, 0xE0, 0xF0, 0xE7, 0xF0, 0xE3,
        0xE0, 0xE3, 0xC0, 0x38, 0x00, 0x1C, 0x00, 0x0C, 0x00, 0x00, 0x00, 0x1F, 0x00, 0x7F, 0x80,
        0x7F, 0xC0, 0x21, 0xC0, 0x03, 0xC0, 0x7F, 0xC0, 0xF1, 0xC0, 0xE1, 0xC0, 0xFF, 0xC0, 0xFF,
        0xC0, 0x7D, 0xC0, 0x03, 0x00, 0x07, 0x00, 0x0E, 0x00, 0x00, 0x00, 0x1F, 0x00, 0x7F, 0x80,
        0x7F, 0xC0, 0x21, 0xC0, 0x03, 0xC0, 0x7F, 0xC0, 0xF1, 0xC0, 0xE1, 0xC0, 0xFF, 0xC0, 0xFF,
        0xC0, 0x7D, 0xC0, 0x0E, 0x00, 0x1F, 0x00, 0x73, 0x80, 0x00, 0x00, 0x1F, 0x00, 0x7F, 0x80,
        0x7F, 0xC0, 0x21, 0xC0, 0x03, 0xC0, 0x7F, 0xC0, 0xF1, 0xC0, 0xE1, 0xC0, 0xFF, 0xC0, 0xFF,
        0xC0, 0x7D, 0xC0, 0x18, 0x80, 0x3F, 0x80, 0x67, 0x00, 0x00, 0x00, 0x1F, 0x00, 0x7F, 0x80,
        0x7F, 0xC0, 0x21, 0xC0, 0x03, 0xC0, 0x7F, 0xC0, 0xF1, 0xC0, 0xE1, 0xC0, 0xFF, 0xC0, 0xFF,
        0xC0, 0x7D, 0xC0, 0x01, 0x00, 0x3B, 0x80, 0x33, 0x80, 0x00, 0x00, 0x1F, 0x00, 0x7F, 0x80,
        0x7F, 0xC0, 0x21, 0xC0, 0x03, 0xC0, 0x7F, 0xC0, 0xF1, 0xC0, 0xE1, 0xC0, 0xFF, 0xC0, 0xFF,
        0xC0, 0x7D, 0xC0, 0x0E, 0x00, 0x1F, 0x00, 0x33, 0x00, 0x33, 0x00, 0x1F, 0x00, 0x0E, 0x00,
        0x00, 0x00, 0x1F, 0x00, 0x7F, 0x80, 0x7F, 0xC0, 0x21, 0xC0, 0x03, 0xC0, 0x7F, 0xC0, 0xF1,
        0xC0, 0xE1, 0xC0, 0xFF, 0xC0, 0xFF, 0xC0, 0x7D, 0xC0, 0x1F, 0x3E, 0x00, 0x7F, 0xFF, 0x00,
        0x73, 0xE3, 0x80, 0x01, 0xC1, 0x80, 0x1F, 0xFF, 0xC0, 0x7F, 0xFF, 0xC0, 0xFF, 0xFF, 0xC0,
        0xE1, 0xC0, 0x00, 0xF3, 0xFF, 0x80, 0xFF, 0xFF, 0x00, 0x7C, 0x3E, 0x00, 0x1F, 0x00, 0x7F,
        0x80, 0xFF, 0xC0, 0xE1, 0x00, 0xE0, 0x00, 0xE0, 0x00, 0xE0, 0x00, 0xE0, 0x00, 0xFF, 0xC0,
        0x7F, 0x80, 0x1F, 0x00, 0x08, 0x00, 0x1E, 0x00, 0x06, 0x00, 0x1E, 0x00, 0x38, 0x00, 0x3C,
        0x00, 0x0C, 0x00, 0x00, 0x00, 0x1F, 0x00, 0x7F, 0x80, 0xFF, 0xC0, 0xE0, 0xE0, 0xFF, 0xE0,
        0xFF, 0xE0, 0xE0, 0x00, 0xE0, 0x00, 0xFF, 0xC0, 0x7F, 0x80, 0x1F, 0x00, 0x03, 0x00, 0x07,
        0x00, 0x0E, 0x00, 0x00, 0x00, 0x1F, 0x00, 0x7F, 0x80, 0xFF, 0xC0, 0xE0, 0xE0, 0xFF, 0xE0,
        0xFF, 0xE0, 0xE0, 0x00, 0xE0, 0x00, 0xFF, 0xC0, 0x7F, 0x80, 0x1F, 0x00, 0x0E, 0x00, 0x1F,
        0x00, 0x73, 0x80, 0x00, 0x00, 0x1F, 0x00, 0x7F, 0x80, 0xFF, 0xC0, 0xE0, 0xE0, 0xFF, 0xE0,
        0xFF, 0xE0, 0xE0, 0x00, 0xE0, 0x00, 0xFF, 0xC0, 0x7F, 0x80, 0x1F, 0x00, 0x01, 0x00, 0x3B,
        0x80, 0x33, 0x80, 0x00, 0x00, 0x1F, 0x00, 0x7F, 0x80, 0xFF, 0xC0, 0xE0, 0xE0, 0xFF, 0xE0,
        0xFF, 0xE0, 0xE0, 0x00, 0xE0, 0x00, 0xFF, 0xC0, 0x7F, 0x80, 0x1F, 0x00, 0xC0, 0xE0, 0x70,
        0x00, 0xF8, 0xF8, 0xF8, 0x38, 0x38, 0x38, 0x38, 0x38, 0x38, 0x38, 0x38, 0x1C, 0x38, 0x70,
        0x00, 0xF8, 0xF8, 0xF8, 0x38, 0x38, 0x38, 0x38, 0x38, 0x38, 0x38, 0x38, 0x38, 0x7C, 0xEE,
        0x00, 0x7C, 0x7C, 0x7C, 0x1C, 0x1C, 0x1C, 0x1C, 0x1C, 0x1C, 0x1C, 0x1C, 0x40, 0xEE, 0xE6,
        0x00, 0x7C, 0x7C, 0x7C, 0x1C, 0x1C, 0x1C, 0x1C, 0x1C, 0x1C, 0x1C, 0x1C, 0x1C, 0x80, 0x1F,
        0x80, 0x1F, 0x80, 0x07, 0xC0, 0x0D, 0xC0, 0x01, 0xE0, 0x3E, 0xE0, 0x7F, 0xE0, 0xFF, 0xE0,
        0xE1, 0xE0, 0xE0, 0xE0, 0xE0, 0xE0, 0xE1, 0xE0, 0xFF, 0xC0, 0x7F, 0x80, 0x1F, 0x00, 0x1C,
        0x80, 0x3F, 0xC0, 0x33, 0x80, 0x00, 0x00, 0xE7, 0x80, 0xFF, 0xC0, 0xFF, 0xC0, 0xF1, 0xC0,
        0xF1, 0xC0, 0xE1, 0xC0, 0xE1, 0xC0, 0xE1, 0xC0, 0xE1, 0xC0, 0xE1, 0xC0, 0xE1, 0xC0, 0x38,
        0x00, 0x1C, 0x00, 0x0C, 0x00, 0x00, 0x00, 0x1F, 0x00, 0x7F, 0x80, 0xFF, 0xC0, 0xE1, 0xE0,
        0xE0, 0xE0, 0xE0, 0xE0, 0xE0, 0xE0, 0xE1, 0xE0, 0xFF, 0xC0, 0x7F, 0x80, 0x1F, 0x00, 0x03,
        0x00, 0x07, 0x00, 0x0E, 0x00, 0x00, 0x00, 0x1F, 0x00, 0x7F, 0x80, 0xFF, 0xC0, 0xE1, 0xE0,
        0xE0, 0xE0, 0xE0, 0xE0, 0xE0, 0xE0, 0xE1, 0xE0, 0xFF, 0xC0, 0x7F, 0x80, 0x1F, 0x00, 0x0E,
        0x00, 0x1F, 0x00, 0x33, 0x80, 0x00, 0x00, 0x1F, 0x00, 0x7F, 0x80, 0xFF, 0xC0, 0xE1, 0xE0,
        0xE0, 0xE0, 0xE0, 0xE0, 0xE0, 0xE0, 0xE1, 0xE0, 0xFF, 0xC0, 0x7F, 0x80, 0x1F, 0x00, 0x18,
        0x80, 0x3F, 0x80, 0x67, 0x00, 0x00, 0x00, 0x1F, 0x00, 0x7F, 0x80, 0xFF, 0xC0, 0xE1, 0xE0,
        0xE0, 0xE0, 0xE0, 0xE0, 0xE0, 0xE0, 0xE1, 0xE0, 0xFF, 0xC0, 0x7F, 0x80, 0x1F, 0x00, 0x01,
        0x00, 0x3B, 0x80, 0x33, 0x80, 0x00, 0x00, 0x1F, 0x00, 0x7F, 0x80, 0xFF, 0xC0, 0xE1, 0xE0,
        0xE0, 0xE0, 0xE0, 0xE0, 0xE0, 0xE0, 0xE1, 0xE0, 0xFF, 0xC0, 0x7F, 0x80, 0x1F, 0x00, 0x0E,
        0x00, 0x0E, 0x00, 0x0E, 0x00, 0x00, 0x00, 0xFF, 0xE0, 0xFF, 0xE0, 0xFF, 0xE0, 0x00, 0x00,
        0x0E, 0x00, 0x0E, 0x00, 0x0E, 0x00, 0x1F, 0x40, 0x7F, 0xC0, 0xFF, 0xC0, 0xE3, 0xE0, 0xE7,
        0xE0, 0xEC, 0xE0, 0xF8, 0xE0, 0xF1, 0xE0, 0xFF, 0xC0, 0xFF, 0x80, 0xDF, 0x00, 0x38, 0x00,
        0x1C, 0x00, 0x0C, 0x00, 0x00, 0x00, 0xE1, 0xC0, 0xE1, 0xC0, 0xE1, 0xC0, 0xE1, 0xC0, 0xE1,
        0xC0, 0xE1, 0xC0, 0xE1, 0xC0, 0xF1, 0xC0, 0xFF, 0xC0, 0x7F, 0xC0, 0x3D, 0xC0, 0x03, 0x00,
        0x07, 0x00, 0x0E, 0x00, 0x00, 0x00, 0xE1, 0xC0, 0xE1, 0xC0, 0xE1, 0xC0, 0xE1, 0xC0, 0xE1,
        0xC0, 0xE1, 0xC0, 0xE1, 0xC0, 0xF1, 0xC0, 0xFF, 0xC0, 0x7F, 0xC0, 0x3D, 0xC0, 0x0E, 0x00,
        0x1F, 0x00, 0x73, 0x80, 0x00, 0x00, 0xE1, 0xC0, 0xE1, 0xC0, 0xE1, 0xC0, 0xE1, 0xC0, 0xE1,
        0xC0, 0xE1, 0xC0, 0xE1, 0xC0, 0xF1, 0xC0, 0xFF, 0xC0, 0x7F, 0xC0, 0x3D, 0xC0, 0x01, 0x00,
        0x3B, 0x80, 0x33, 0x80, 0x00, 0x00, 0xE1, 0xC0, 0xE1, 0xC0, 0xE1, 0xC0, 0xE1, 0xC0, 0xE1,
        0xC0, 0xE1, 0xC0, 0xE1, 0xC0, 0xF1, 0xC0, 0xFF, 0xC0, 0x7F, 0xC0, 0x3D, 0xC0, 0x03, 0x80,
        0x07, 0x80, 0x06, 0x00, 0x00, 0x00, 0xF0, 0xE0, 0x71, 0xE0, 0x71, 0xC0, 0x79, 0xC0, 0x3B,
        0xC0, 0x3B, 0x80, 0x1F, 0x80, 0x1F, 0x00, 0x1F, 0x00, 0x0F, 0x00, 0x0E, 0x00, 0x1E, 0x00,
        0x7C, 0x00, 0x78, 0x00, 0xE0, 0x00, 0xE0, 0x00, 0xE0, 0x00, 0xE7, 0x80, 0xFF, 0xC0, 0xFF,
        0xE0, 0xF1, 0xE0, 0xE0, 0xE0, 0xE0, 0xF0, 0xE0, 0xE0, 0xF1, 0xE0, 0xFF, 0xE0, 0xFF, 0xC0,
        0xE7, 0x80, 0xE0, 0x00, 0xE0, 0x00, 0xE0, 0x00, 0x10, 0x00, 0x3B, 0x80, 0x39, 0x80, 0x00,
        0x00, 0xF0, 0xE0, 0x71, 0xE0, 0x71, 0xC0, 0x79, 0xC0, 0x3B, 0xC0, 0x3B, 0x80, 0x1F, 0x80,
        0x1F, 0x00, 0x1F, 0x00, 0x0F, 0x00, 0x0E, 0x00, 0x1E, 0x00, 0x7C, 0x00, 0x78, 0x00, 0xFF,
        0x80, 0xFF, 0x80, 0xFF, 0x80, 0xFF, 0xFF, 0x00, 0xFF, 0xFF, 0x80, 0xFF, 0xFF, 0x80, 0x30,
        0x60, 0x60, 0xF0, 0xF0, 0xF0, 0x60, 0x60, 0xF0, 0xF0, 0x70, 0x60, 0x60, 0x60, 0x60, 0xF0,
        0xF0, 0x70, 0x60, 0x60, 0x60, 0x33, 0x00, 0x63, 0x00, 0x63, 0x00, 0xF7, 0x00, 0xF7, 0x80,
        0xF7, 0x80, 0x63, 0x00, 0x63, 0x00, 0xF7, 0x80, 0xF7, 0x80, 0x77, 0x80, 0x63, 0x00, 0x63,
        0x00, 0x66, 0x00, 0x63, 0x00, 0xF7, 0x80, 0xF7, 0x80, 0x77, 0x80, 0x63, 0x00, 0x63, 0x00,
        0x66, 0x00, 0x3C, 0x7E, 0xFE, 0xFE, 0xFE, 0x7E, 0x3C, 0x63, 0x8E, 0xF3, 0xCF, 0xF3, 0xCF,
        0x61, 0x8E, 0x1E, 0x3C, 0x78, 0x70, 0xF0, 0x70, 0x78, 0x3C, 0x1E, 0xF0, 0x78, 0x3C, 0x3C,
        0x1E, 0x3C, 0x3C, 0x78, 0xF0, 0x03, 0xE0, 0x0F, 0xF8, 0x1F, 0xFC, 0x1C, 0x00, 0x7F, 0xC0,
        0xFF, 0x80, 0x38, 0x00, 0x7F, 0x00, 0xFE, 0x00, 0x3C, 0x00, 0x1E, 0x18, 0x1F, 0xFC, 0x0F,
        0xF8, 0x03, 0xE0, 0xFF, 0xF1, 0xE0, 0xFF, 0xF3, 0xE0, 0x18, 0xFB, 0xE0, 0x18, 0xFB, 0xE0,
        0x18, 0xDF, 0xE0, 0x18, 0xCE, 0xE0, 0x18, 0xCE, 0xE0, 0x18, 0xCE, 0xE0, 0xFF, 0xE0, 0xFF,
        0xE0, 0xFF, 0xE0,
    ],
    line_height: 24,
};

// ATKINSON_LARGE_LARGE: 26 px, cap 17, line height 28, gray 128
pub static ATKINSON_LARGE_LARGE: BitmapFont = BitmapFont {
    glyphs: &[
        Glyph::new(0, 0, 0, 8, 0, 0),
        Glyph::new(0, 5, 17, 7, 1, -17),
        Glyph::new(17, 9, 6, 11, 1, -17),
        Glyph::new(29, 19, 17, 20, 1, -17),
        Glyph::new(80, 14, 21, 16, 1, -19),
        Glyph::new(122, 24, 17, 25, 1, -17),
        Glyph::new(173, 17, 18, 18, 1, -18),
        Glyph::new(227, 4, 6, 6, 1, -17),
        Glyph::new(233, 7, 21, 10, 1, -17),
        Glyph::new(254, 8, 21, 10, 1, -17),
        Glyph::new(275, 9, 8, 11, 1, -17),
        Glyph::new(291, 14, 13, 16, 1, -13),
        Glyph::new(317, 5, 8, 6, 1, -4),
        Glyph::new(325, 8, 3, 10, 1, -8),
        Glyph::new(328, 5, 5, 6, 1, -5),
        Glyph::new(333, 10, 17, 11, 1, -17),
        Glyph::new(367, 15, 17, 17, 1, -17),
        Glyph::new(401, 8, 17, 12, 1, -17),
        Glyph::new(418, 13, 17, 15, 1, -17),
        Glyph::new(452, 13, 17, 16, 1, -17),
        Glyph::new(486, 14, 17, 16, 1, -17),
        Glyph::new(520, 14, 17, 16, 1, -17),
        Glyph::new(554, 14, 17, 16, 1, -17),
        Glyph::new(588, 13, 17, 14, 0, -17),
        Glyph::new(622, 14, 17, 16, 1, -17),
        Glyph::new(656, 12, 17, 15, 1, -17),
        Glyph::new(690, 5, 13, 6, 1, -13),
        Glyph::new(703, 5, 17, 6, 1, -13),
        Glyph::new(720, 13, 13, 15, 1, -13),
        Glyph::new(746, 14, 8, 16, 1, -10),
        Glyph::new(762, 13, 13, 15, 1, -13),
        Glyph::new(788, 14, 17, 16, 1, -17),
        Glyph::new(822, 18, 17, 20, 1, -17),
        Glyph::new(873, 18, 17, 18, 0, -17),
        Glyph::new(924, 15, 17, 17, 1, -17),
        Glyph::new(958, 16, 17, 17, 1, -17),
        Glyph::new(992, 16, 17, 18, 1, -17),
        Glyph::new(1026, 14, 17, 15, 1, -17),
        Glyph::new(1060, 13, 17, 14, 1, -17),
        Glyph::new(1094, 17, 17, 19, 1, -17),
        Glyph::new(1145, 16, 17, 18, 1, -17),
        Glyph::new(1179, 9, 17, 12, 1, -17),
        Glyph::new(1213, 13, 17, 15, 0, -17),
        Glyph::new(1247, 15, 17, 17, 2, -17),
        Glyph::new(1281, 13, 17, 14, 1, -17),
        Glyph::new(1315, 20, 17, 22, 1, -17),
        Glyph::new(1366, 16, 17, 18, 1, -17),
        Glyph::new(1400, 18, 17, 20, 1, -17),
        Glyph::new(1451, 15, 17, 16, 1, -17),
        Glyph::new(1485, 19, 18, 20, 1, -17),
        Glyph::new(1539, 15, 17, 17, 1, -17),
        Glyph::new(1573, 14, 17, 16, 1, -17),
        Glyph::new(1607, 16, 17, 16, 0, -17),
        Glyph::new(1641, 15, 17, 17, 1, -17),
        Glyph::new(1675, 17, 17, 17, 0, -17),
        Glyph::new(1726, 23, 17, 23, 0, -17),
        Glyph::new(1777, 17, 17, 18, 1, -17),
        Glyph::new(1828, 16, 17, 18, 1, -17),
        Glyph::new(1862, 14, 17, 16, 1, -17),
        Glyph::new(1896, 7, 21, 9, 1, -17),
        Glyph::new(1917, 10, 17, 11, 1, -17),
        Glyph::new(1951, 7, 21, 9, 1, -17),
        Glyph::new(1972, 12, 9, 15, 2, -17),
        Glyph::new(1990, 11, 3, 11, 0, 0),
        Glyph::new(1996, 5, 4, 8, 2, -19),
        Glyph::new(2000, 12, 13, 14, 1, -13),
        Glyph::new(2026, 14, 17, 15, 1, -17),
        Glyph::new(2060, 12, 13, 14, 1, -13),
        Glyph::new(2086, 14, 17, 15, 1, -17),
        Glyph::new(2120, 13, 13, 15, 1, -13),
        Glyph::new(2146, 9, 19, 10, 0, -19),
        Glyph::new(2184, 13, 19, 16, 1, -13),
        Glyph::new(2222, 13, 17, 15, 1, -17),
        Glyph::new(2256, 6, 20, 8, 1, -20),
        Glyph::new(2276, 8, 24, 7, -2, -20),
        Glyph::new(2300, 13, 17, 15, 1, -17),
        Glyph::new(2334, 7, 17, 8, 1, -17),
        Glyph::new(2351, 21, 13, 23, 1, -13),
        Glyph::new(2390, 13, 13, 15, 1, -13),
        Glyph::new(2416, 13, 13, 15, 1, -13),
        Glyph::new(2442, 14, 17, 15, 1, -13),
        Glyph::new(2476, 17, 17, 16, 1, -13),
        Glyph::new(2527, 8, 13, 10, 1, -13),
        Glyph::new(2540, 12, 13, 14, 1, -13),
        Glyph::new(2566, 9, 16, 10, 0, -16),
        Glyph::new(2598, 13, 13, 15, 1, -13),
        Glyph::new(2624, 13, 13, 14, 0, -13),
        Glyph::new(2650, 19, 13, 19, 0, -13),
        Glyph::new(2689, 14, 13, 14, 0, -13),
        Glyph::new(2715, 13, 17, 13, 0, -13),
        Glyph::new(2749, 12, 13, 13, 1, -13),
        Glyph::new(2775, 8, 21, 10, 1, -17),
        Glyph::new(2796, 4, 21, 6, 1, -17),
        Glyph::new(2817, 8, 21, 10, 1, -17),
        Glyph::new(2838, 12, 5, 14, 1, -9),
        Glyph::new(2848, 0, 0, 8, 0, 0),
        Glyph::new(2848, 5, 17, 7, 1, -13),
        Glyph::new(2865, 12, 17, 14, 1, -15),
        Glyph::new(2899, 14, 17, 16, 1, -17),
        Glyph::new(2933, 12, 11, 15, 2, -14),
        Glyph::new(2955, 16, 17, 18, 1, -17),
        Glyph::new(2989, 3, 21, 6, 1, -17),
        Glyph::new(3010, 13, 21, 15, 1, -17),
        Glyph::new(3052, 8, 3, 12, 2, -18),
        Glyph::new(3055, 18, 18, 21, 1, -18),
        Glyph::new(3109, 8, 8, 10, 1, -18),
        Glyph::new(3117, 14, 11, 17, 2, -12),
        Glyph::new(3139, 14, 9, 16, 1, -11),
        Glyph::new(3157, 0, 0, 0, 0, 0),
        Glyph::new(3157, 18, 18, 21, 1, -18),
        Glyph::new(3211, 8, 3, 11, 1, -18),
        Glyph::new(3214, 8, 8, 11, 1, -17),
        Glyph::new(3222, 14, 13, 16, 1, -13),
        Glyph::new(3248, 8, 10, 11, 1, -20),
        Glyph::new(3258, 7, 10, 11, 2, -20),
        Glyph::new(3268, 5, 4, 8, 2, -19),
        Glyph::new(3272, 14, 17, 15, 1, -13),
        Glyph::new(3306, 12, 21, 13, 1, -17),
        Glyph::new(3348, 5, 5, 8, 1, -9),
        Glyph::new(3353, 5, 5, 8, 2, 0),
        Glyph::new(3358, 5, 10, 8, 1, -20),
        Glyph::new(3368, 7, 8, 11, 2, -18),
        Glyph::new(3376, 14, 11, 17, 2, -12),
        Glyph::new(3398, 20, 17, 22, 1, -17),
        Glyph::new(3449, 20, 17, 22, 1, -17),
        Glyph::new(3500, 22, 17, 25, 1, -17),
        Glyph::new(3551, 14, 17, 16, 1, -13),
        Glyph::new(3585, 18, 23, 18, 0, -23),
        Glyph::new(3654, 18, 23, 18, 0, -23),
        Glyph::new(3723, 18, 23, 18, 0, -23),
        Glyph::new(3792, 18, 22, 18, 0, -22),
        Glyph::new(3858, 18, 22, 18, 0, -22),
        Glyph::new(3924, 18, 23, 18, 0, -23),
        Glyph::new(3993, 26, 17, 26, 0, -17),
        Glyph::new(4061, 16, 22, 17, 1, -17),
        Glyph::new(4105, 14, 23, 15, 1, -23),
        Glyph::new(4151, 14, 23, 15, 1, -23),
        Glyph::new(4197, 14, 23, 15, 1, -23),
        Glyph::new(4243, 14, 22, 15, 1, -22),
        Glyph::new(4287, 9, 23, 12, 1, -23),
        Glyph::new(4333, 9, 23, 12, 1, -23),
        Glyph::new(4379, 10, 23, 12, 1, -23),
        Glyph::new(4425, 9, 22, 12, 1, -22),
        Glyph::new(4469, 19, 17, 20, 0, -17),
        Glyph::new(4520, 16, 22, 18, 1, -22),
        Glyph::new(4564, 18, 23, 20, 1, -23),
        Glyph::new(4633, 18, 23, 20, 1, -23),
        Glyph::new(4702, 18, 23, 20, 1, -23),
        Glyph::new(4771, 18, 22, 20, 1, -22),
        Glyph::new(4837, 18, 22, 20, 1, -22),
        Glyph::new(4903, 10, 11, 14, 2, -12),
        Glyph::new(4925, 18, 17, 20, 1, -17),
        Glyph::new(4976, 15, 23, 17, 1, -23),
        Glyph::new(5022, 15, 23, 17, 1, -23),
        Glyph::new(5068, 15, 23, 17, 1, -23),
        Glyph::new(5114, 15, 22, 17, 1, -22),
        Glyph::new(5158, 16, 23, 18, 1, -23),
        Glyph::new(5204, 14, 17, 16, 1, -17),
        Glyph::new(5238, 15, 17, 16, 1, -17),
        Glyph::new(5272, 12, 19, 14, 1, -19),
        Glyph::new(5310, 12, 19, 14, 1, -19),
        Glyph::new(5348, 12, 19, 14, 1, -19),
        Glyph::new(5386, 12, 18, 14, 1, -18),
        Glyph::new(5422, 12, 18, 14, 1, -18),
        Glyph::new(5458, 12, 21, 14, 1, -21),
        Glyph::new(5500, 21, 13, 23, 1, -13),
        Glyph::new(5539, 12, 18, 14, 1, -13),
        Glyph::new(5575, 13, 19, 15, 1, -19),
        Glyph::new(5613, 13, 19, 15, 1, -19),
        Glyph::new(5651, 13, 19, 15, 1, -19),
        Glyph::new(5689, 13, 18, 15, 1, -18),
        Glyph::new(5725, 6, 19, 8, 1, -19),
        Glyph::new(5744, 7, 19, 8, 1, -19),
        Glyph::new(5763, 9, 19, 8, 0, -19),
        Glyph::new(5801, 8, 18, 8, 0, -18),
        Glyph::new(5819, 13, 19, 15, 1, -19),
        Glyph::new(5857, 13, 18, 15, 1, -18),
        Glyph::new(5893, 13, 19, 15, 1, -19),
        Glyph::new(5931, 13, 19, 15, 1, -19),
        Glyph::new(5969, 13, 19, 15, 1, -19),
        Glyph::new(6007, 13, 18, 15, 1, -18),
        Glyph::new(6043, 13, 18, 15, 1, -18),
        Glyph::new(6079, 13, 13, 15, 1, -13),
        Glyph::new(6105, 13, 13, 15, 1, -13),
        Glyph::new(6131, 13, 19, 15, 1, -19),
        Glyph::new(6169, 13, 19, 15, 1, -19),
        Glyph::new(6207, 13, 19, 15, 1, -19),
        Glyph::new(6245, 13, 18, 15, 1, -18),
        Glyph::new(6281, 13, 23, 13, 0, -19),
        Glyph::new(6327, 14, 21, 15, 1, -17),
        Glyph::new(6369, 13, 22, 13, 0, -18),
        Glyph::new(6413, 11, 3, 13, 1, -8),
        Glyph::new(6419, 20, 3, 22, 1, -8),
        Glyph::new(6428, 5, 8, 7, 1, -17),
        Glyph::new(6436, 5, 8, 7, 1, -17),
        Glyph::new(6444, 5, 8, 7, 1, -4),
        Glyph::new(6452, 11, 8, 13, 1, -17),
        Glyph::new(6468, 11, 8, 13, 1, -17),
        Glyph::new(6484, 11, 8, 13, 1, -4),
        Glyph::new(6500, 9, 8, 11, 1, -10),
        Glyph::new(6516, 19, 5, 21, 1, -5),
        Glyph::new(6531, 8, 11, 11, 1, -12),
        Glyph::new(6542, 8, 11, 11, 1, -12),
        Glyph::new(6553, 17, 17, 17, 0, -17),
        Glyph::new(6604, 22, 9, 24, 1, -17),
        Glyph::new(6631, 13, 3, 15, 1, -8),
    ],
    bitmap: &[
        0xF8, 0xF8, 0xF8, 0xF8, 0xF8, 0xF8, 0xF8, 0x78, 0x78, 0x70, 0x70, 0x00, 0x70, 0xF8, 0xF8,
        0xF8, 0x70, 0xF7, 0x80, 0xF7, 0x80, 0xF7, 0x00, 0xF7, 0x00, 0xE7, 0x00, 0xE7, 0x00, 0x07,
        0x8F, 0x00, 0x07, 0x0F, 0x00, 0x07, 0x0E, 0x00, 0x7F, 0xFF, 0xE0, 0x7F, 0xFF, 0xC0, 0x7F,
        0xFF, 0xC0, 0x0F, 0x1E, 0x00, 0x0E, 0x1E, 0x00, 0x0E, 0x1E, 0x00, 0x0E, 0x1C, 0x00, 0xFF,
        0xFF, 0xC0, 0xFF, 0xFF, 0x80, 0xFF, 0xFF, 0x80, 0x1E, 0x3C, 0x00, 0x1C, 0x3C, 0x00, 0x1C,
        0x3C, 0x00, 0x1C, 0x38, 0x00, 0x03, 0x00, 0x03, 0x00, 0x1F, 0xE0, 0x7F, 0xF0, 0xFF, 0xF8,
        0xFB, 0x78, 0xF3, 0x20, 0xF3, 0x00, 0xFF, 0x00, 0x7F, 0xE0, 0x3F, 0xF8, 0x07, 0xFC, 0x03,
        0x7C, 0x03, 0x3C, 0x73, 0x3C, 0xFB, 0x7C, 0x7F, 0xF8, 0x3F, 0xF0, 0x0F, 0xC0, 0x03, 0x00,
        0x03, 0x00, 0x1E, 0x00, 0xE0, 0x7F, 0x01, 0xC0, 0xFF, 0x83, 0xC0, 0xE3, 0xC3, 0x80, 0xE1,
        0xC7, 0x00, 0xE3, 0xCE, 0x00, 0xFF, 0x9E, 0x00, 0x7F, 0x9C, 0xF8, 0x3E, 0x39, 0xFC, 0x00,
        0x7B, 0xFE, 0x00, 0x73, 0x8F, 0x00, 0xE3, 0x87, 0x01, 0xC3, 0x87, 0x03, 0xC3, 0x8F, 0x03,
        0x83, 0xFE, 0x07, 0x01, 0xFC, 0x0F, 0x00, 0x78, 0x07, 0xC0, 0x00, 0x1F, 0xE0, 0x00, 0x1F,
        0xF0, 0x00, 0x3C, 0x70, 0x00, 0x3C, 0x78, 0x00, 0x3C, 0x70, 0x00, 0x1E, 0xF0, 0x00, 0x1F,
        0xE0, 0x00, 0x1F, 0xC7, 0x00, 0x7F, 0xC7, 0x00, 0xFF, 0xEF, 0x00, 0xF1, 0xFE, 0x00, 0xF0,
        0xFE, 0x00, 0xF0, 0x7C, 0x00, 0xF8, 0xFC, 0x00, 0x7F, 0xFE, 0x00, 0x7F, 0xFF, 0x00, 0x1F,
        0x8F, 0x80, 0xF0, 0xF0, 0xF0, 0xF0, 0xE0, 0xE0, 0x3C, 0x3C, 0x78, 0x78, 0x70, 0xF0, 0xF0,
        0xF0, 0xF0, 0xF0, 0xF0, 0xF0, 0xF0, 0xF0, 0x70, 0x78, 0x78, 0x3C, 0x3C, 0x1E, 0x1E, 0x78,
        0x3C, 0x3C, 0x1C, 0x1E, 0x1E, 0x0E, 0x0E, 0x0F, 0x0F, 0x0F, 0x0F, 0x0E, 0x0E, 0x1E, 0x1E,
        0x3C, 0x3C, 0x38, 0x78, 0xF0, 0x1C, 0x00, 0x1C, 0x00, 0x7F, 0x00, 0xFF, 0x80, 0x3E, 0x00,
        0x3E, 0x00, 0x37, 0x00, 0x32, 0x00, 0x07, 0x80, 0x07, 0x80, 0x07, 0x80, 0x07, 0x80, 0x07,
        0x80, 0xFF, 0xFC, 0xFF, 0xFC, 0xFF, 0xFC, 0x07, 0x80, 0x07, 0x80, 0x07, 0x80, 0x07, 0x80,
        0x07, 0x80, 0x70, 0xF0, 0xF8, 0xF0, 0x70, 0x70, 0x60, 0xE0, 0xFF, 0xFF, 0xFF, 0x70, 0xF0,
        0xF8, 0xF0, 0x70, 0x03, 0xC0, 0x03, 0xC0, 0x07, 0x80, 0x07, 0x80, 0x0F, 0x00, 0x0F, 0x00,
        0x0F, 0x00, 0x1E, 0x00, 0x1E, 0x00, 0x3C, 0x00, 0x3C, 0x00, 0x3C, 0x00, 0x78, 0x00, 0x78,
        0x00, 0xF0, 0x00, 0xF0, 0x00, 0xF0, 0x00, 0x07, 0xE0, 0x1F, 0xF0, 0x3F, 0xF8, 0x7C, 0x7C,
        0x7C, 0x3C, 0x7E, 0x1E, 0xFE, 0x1E, 0xF7, 0x1E, 0xF3, 0x9E, 0xF1, 0xDE, 0xF0, 0xDE, 0x78,
        0xFE, 0x78, 0x7C, 0x7C, 0x7C, 0x3F, 0xF8, 0x1F, 0xF0, 0x07, 0xE0, 0x07, 0x0F, 0x1F, 0xFF,
        0xFF, 0xFF, 0x0F, 0x0F, 0x0F, 0x0F, 0x0F, 0x0F, 0x0F, 0x0F, 0x0F, 0x0F, 0x0F, 0x0F, 0xC0,
        0x3F, 0xF0, 0x7F, 0xF0, 0x78, 0xF8, 0x30, 0x78, 0x00, 0x78, 0x00, 0x78, 0x00, 0xF0, 0x01,
        0xF0, 0x03, 0xE0, 0x07, 0xC0, 0x1F, 0x80, 0x3E, 0x00, 0x7C, 0x00, 0xFF, 0xF8, 0xFF, 0xF8,
        0xFF, 0xF8, 0x0F, 0xC0, 0x3F, 0xF0, 0x7F, 0xF8, 0xF0, 0xF8, 0x00, 0x78, 0x00, 0xF8, 0x0F,
        0xF0, 0x0F, 0xE0, 0x0F, 0xF0, 0x00, 0xF8, 0x00, 0x78, 0x00, 0x78, 0x70, 0x78, 0xF8, 0xF8,
        0x7F, 0xF0, 0x3F, 0xE0, 0x0F, 0xC0, 0x00, 0xF0, 0x01, 0xF0, 0x03, 0xF0, 0x07, 0xF0, 0x0F,
        0xF0, 0x0F, 0xF0, 0x1E, 0xF0, 0x3C, 0xF0, 0x78, 0xF0, 0xF0, 0xF0, 0xFF, 0xFC, 0xFF, 0xFC,
        0xFF, 0xFC, 0x00, 0xF0, 0x00, 0xF0, 0x00, 0xF0, 0x00, 0xF0, 0x7F, 0xF8, 0x7F, 0xF8, 0x7F,
        0xF8, 0x70, 0x00, 0x70, 0x00, 0x77, 0xC0, 0xFF, 0xF0, 0xFF, 0xF8, 0x78, 0xF8, 0x10, 0x7C,
        0x00, 0x3C, 0x00, 0x3C, 0x30, 0x78, 0xF8, 0xF8, 0x7F, 0xF0, 0x3F, 0xE0, 0x0F, 0xC0, 0x07,
        0xE0, 0x1F, 0xF0, 0x3F, 0xF8, 0x3C, 0x00, 0x78, 0x00, 0x7B, 0xC0, 0x7F, 0xF0, 0xFF, 0xF8,
        0xFC, 0x7C, 0xF8, 0x3C, 0xF8, 0x3C, 0x78, 0x3C, 0x78, 0x3C, 0x7C, 0x78, 0x3F, 0xF8, 0x1F,
        0xF0, 0x0F, 0xC0, 0xFF, 0xF8, 0xFF, 0xF8, 0xFF, 0xF8, 0x00, 0x78, 0x00, 0xF8, 0x00, 0xF0,
        0x01, 0xF0, 0x01, 0xE0, 0x03, 0xE0, 0x03, 0xC0, 0x07, 0xC0, 0x07, 0x80, 0x0F, 0x80, 0x0F,
        0x00, 0x1F, 0x00, 0x1E, 0x00, 0x3E, 0x00, 0x07, 0x80, 0x1F, 0xE0, 0x1F, 0xF0, 0x3C, 0xF0,
        0x38, 0x70, 0x3C, 0xF0, 0x1F, 0xF0, 0x3F, 0xF0, 0x7F, 0xF8, 0xF8, 0x7C, 0xF0, 0x3C, 0xF0,
        0x3C, 0xF0, 0x3C, 0xF8, 0x7C, 0x7F, 0xF8, 0x3F, 0xF0, 0x0F, 0xC0, 0x0F, 0x80, 0x3F, 0xC0,
        0x7F, 0xE0, 0x78, 0xF0, 0xF0, 0x70, 0xF0, 0x70, 0xF0, 0x70, 0xF0, 0xF0, 0x78, 0xF0, 0x7F,
        0xE0, 0x3F, 0xE0, 0x0F, 0xC0, 0x03, 0xC0, 0x07, 0x80, 0x07, 0x80, 0x0F, 0x00, 0x0F, 0x00,
        0x70, 0xF0, 0xF8, 0xF0, 0x70, 0x00, 0x00, 0x00, 0x70, 0xF0, 0xF8, 0xF0, 0x70, 0x70, 0xF0,
        0xF8, 0xF0, 0x70, 0x00, 0x00, 0x00, 0x00, 0x70, 0xF0, 0xF8, 0xF0, 0x70, 0x70, 0x60, 0xE0,
        0x00, 0x18, 0x00, 0x78, 0x03, 0xF8, 0x0F, 0xF8, 0x3F, 0xC0, 0xFE, 0x00, 0xF8, 0x00, 0xFE,
        0x00, 0x3F, 0xC0, 0x0F, 0xF0, 0x03, 0xF8, 0x00, 0x78, 0x00, 0x18, 0xFF, 0xFC, 0xFF, 0xFC,
        0xFF, 0xFC, 0x00, 0x00, 0x00, 0x00, 0xFF, 0xFC, 0xFF, 0xFC, 0xFF, 0xFC, 0xC0, 0x00, 0xF0,
        0x00, 0xFE, 0x00, 0xFF, 0x80, 0x1F, 0xE0, 0x03, 0xF8, 0x00, 0xF8, 0x03, 0xF8, 0x1F, 0xE0,
        0xFF, 0x80, 0xFE, 0x00, 0xF0, 0x00, 0xC0, 0x00, 0x0F, 0xC0, 0x3F, 0xF0, 0x7F, 0xF8, 0xF8,
        0x7C, 0x10, 0x3C, 0x00, 0x78, 0x03, 0xF8, 0x07, 0xE0, 0x0F, 0xC0, 0x0F, 0x00, 0x0E, 0x00,
        0x00, 0x00, 0x0E, 0x00, 0x0F, 0x00, 0x1F, 0x00, 0x0F, 0x00, 0x0E, 0x00, 0x03, 0xF0, 0x00,
        0x0F, 0xFC, 0x00, 0x1C, 0x0E, 0x00, 0x30, 0x07, 0x00, 0x61, 0xF3, 0x80, 0x67, 0xF1, 0x80,
        0xC7, 0x31, 0x80, 0xCE, 0x30, 0xC0, 0xCE, 0x30, 0xC0, 0xCE, 0x71, 0xC0, 0xCF, 0xF9, 0x80,
        0x47, 0xFF, 0x80, 0x63, 0x8E, 0x00, 0x30, 0x00, 0x00, 0x1C, 0x00, 0x00, 0x0F, 0xF0, 0x00,
        0x03, 0xF0, 0x00, 0x01, 0xE0, 0x00, 0x03, 0xF0, 0x00, 0x03, 0xF0, 0x00, 0x07, 0xF8, 0x00,
        0x07, 0xF8, 0x00, 0x07, 0xF8, 0x00, 0x0F, 0x3C, 0x00, 0x0F, 0x3C, 0x00, 0x1F, 0x3E, 0x00,
        0x1E, 0x1E, 0x00, 0x1E, 0x1E, 0x00, 0x3F, 0xFF, 0x00, 0x3F, 0xFF, 0x00, 0x7F, 0xFF, 0x00,
        0x78, 0x0F, 0x80, 0x78, 0x07, 0x80, 0xF8, 0x07, 0xC0, 0xFF, 0xE0, 0xFF, 0xF8, 0xFF, 0xFC,
        0xF0, 0x7C, 0xF0, 0x3C, 0xF0, 0x3C, 0xF0, 0x7C, 0xFF, 0xF8, 0xFF, 0xF8, 0xFF, 0xFC, 0xF0,
        0x3E, 0xF0, 0x1E, 0xF0, 0x1E, 0xF0, 0x3E, 0xFF, 0xFC, 0xFF, 0xF8, 0xFF, 0xF0, 0x07, 0xF0,
        0x1F, 0xFC, 0x3F, 0xFE, 0x7E, 0x1F, 0x7C, 0x0C, 0xF8, 0x00, 0xF8, 0x00, 0xF0, 0x00, 0xF0,
        0x00, 0xF0, 0x00, 0xF0, 0x00, 0xF8, 0x00, 0x78, 0x08, 0x7E, 0x1F, 0x3F, 0xFE, 0x1F, 0xFC,
        0x07, 0xF0, 0xFF, 0xC0, 0xFF, 0xF0, 0xFF, 0xFC, 0xF0, 0x7E, 0xF0, 0x3E, 0xF0, 0x1E, 0xF0,
        0x1F, 0xF0, 0x0F, 0xF0, 0x0F, 0xF0, 0x0F, 0xF0, 0x1F, 0xF0, 0x1E, 0xF0, 0x3E, 0xF0, 0x7E,
        0xFF, 0xFC, 0xFF, 0xF0, 0xFF, 0xC0, 0xFF, 0xFC, 0xFF, 0xFC, 0xFF, 0xFC, 0xF0, 0x00, 0xF0,
        0x00, 0xF0, 0x00, 0xF0, 0x00, 0xFF, 0xC0, 0xFF, 0xC0, 0xFF, 0xC0, 0xF0, 0x00, 0xF0, 0x00,
        0xF0, 0x00, 0xF0, 0x00, 0xFF, 0xFC, 0xFF, 0xFC, 0xFF, 0xFC, 0xFF, 0xF8, 0xFF, 0xF8, 0xFF,
        0xF8, 0xF0, 0x00, 0xF0, 0x00, 0xF0, 0x00, 0xF0, 0x00, 0xFF, 0xF8, 0xFF, 0xF8, 0xFF, 0xF8,
        0xF0, 0x00, 0xF0, 0x00, 0xF0, 0x00, 0xF0, 0x00, 0xF0, 0x00, 0xF0, 0x00, 0xF0, 0x00, 0x07,
        0xF0, 0x00, 0x1F, 0xFC, 0x00, 0x3F, 0xFE, 0x00, 0x7E, 0x1E, 0x00, 0x7C, 0x00, 0x00, 0xF8,
        0x00, 0x00, 0xF0, 0x00, 0x00, 0xF0, 0x7F, 0x80, 0xF0, 0x7F, 0x80, 0xF0, 0x7F, 0x80, 0xF8,
        0x07, 0x80, 0xF8, 0x07, 0x80, 0x7C, 0x0F, 0x80, 0x7E, 0x1F, 0x80, 0x3F, 0xFF, 0x80, 0x1F,
        0xFF, 0x80, 0x07, 0xE3, 0x80, 0xF0, 0x1F, 0xF0, 0x1F, 0xF0, 0x1F, 0xF0, 0x1F, 0xF0, 0x1F,
        0xF0, 0x1F, 0xF0, 0x1F, 0xFF, 0xFF, 0xFF, 0xFF, 0xFF, 0xFF, 0xF0, 0x1F, 0xF0, 0x1F, 0xF0,
        0x1F, 0xF0, 0x1F, 0xF0, 0x1F, 0xF0, 0x1F, 0xF0, 0x1F, 0xFF, 0x80, 0xFF, 0x80, 0xFF, 0x80,
        0x1E, 0x00, 0x1E, 0x00, 0x1E, 0x00, 0x1E, 0x00, 0x1E, 0x00, 0x1E, 0x00, 0x1E, 0x00, 0x1E,
        0x00, 0x1E, 0x00, 0x1E, 0x00, 0x1E, 0x00, 0xFF, 0x80, 0xFF, 0x80, 0xFF, 0x80, 0x00, 0x78,
        0x00, 0x78, 0x00, 0x78, 0x00, 0x78, 0x00, 0x78, 0x00, 0x78, 0x00, 0x78, 0x00, 0x78, 0x00,
        0x78, 0x00, 0x78, 0x00, 0x78, 0x10, 0x78, 0xF0, 0x78, 0x78, 0xF8, 0x7F, 0xF0, 0x3F, 0xE0,
        0x0F, 0xC0, 0xF0, 0x3E, 0xF0, 0x7C, 0xF0, 0xF8, 0xF1, 0xF0, 0xF3, 0xE0, 0xF3, 0xC0, 0xFF,
        0xC0, 0xFF, 0x80, 0xFF, 0x80, 0xFF, 0xC0, 0xFF, 0xE0, 0xF9, 0xF0, 0xF0, 0xF0, 0xF0, 0xF8,
        0xF0, 0x7C, 0xF0, 0x3E, 0xF0, 0x1E, 0xF0, 0x00, 0xF0, 0x00, 0xF0, 0x00, 0xF0, 0x00, 0xF0,
        0x00, 0xF0, 0x00, 0xF0, 0x00, 0xF0, 0x00, 0xF0, 0x00, 0xF0, 0x00, 0xF0, 0x00, 0xF0, 0x00,
        0xF0, 0x00, 0xF0, 0x00, 0xFF, 0xF8, 0xFF, 0xF8, 0xFF, 0xF8, 0xFC, 0x07, 0xF0, 0xFE, 0x07,
        0xF0, 0xFE, 0x07, 0xF0, 0xFE, 0x07, 0xF0, 0xFF, 0x0F, 0xF0, 0xF7, 0x0E, 0xF0, 0xF7, 0x0E,
        0xF0, 0xF7, 0x9E, 0xF0, 0xF3, 0x9C, 0xF0, 0xF3, 0x9C, 0xF0, 0xF3, 0xBC, 0xF0, 0xF1, 0xF8,
        0xF0, 0xF1, 0xF8, 0xF0, 0xF1, 0xF8, 0xF0, 0xF1, 0xF0, 0xF0, 0xF0, 0xF0, 0xF0, 0xF0, 0xF0,
        0xF0, 0xFC, 0x0F, 0xFC, 0x0F, 0xFE, 0x0F, 0xFE, 0x0F, 0xFF, 0x0F, 0xFF, 0x0F, 0xF7, 0x8F,
        0xF7, 0x8F, 0xF3, 0xCF, 0xF1, 0xEF, 0xF1, 0xEF, 0xF0, 0xFF, 0xF0, 0xFF, 0xF0, 0x7F, 0xF0,
        0x7F, 0xF0, 0x3F, 0xF0, 0x1F, 0x03, 0xF0, 0x00, 0x0F, 0xFC, 0x00, 0x3F, 0xFF, 0x00, 0x7E,
        0x1F, 0x00, 0x7C, 0x0F, 0x80, 0xF8, 0x07, 0x80, 0xF8, 0x07, 0xC0, 0xF0, 0x07, 0xC0, 0xF0,
        0x03, 0xC0, 0xF0, 0x07, 0xC0, 0xF8, 0x07, 0xC0, 0xF8, 0x07, 0x80, 0x7C, 0x0F, 0x80, 0x7E,
        0x1F, 0x00, 0x3F, 0xFF, 0x00, 0x0F, 0xFC, 0x00, 0x03, 0xF0, 0x00, 0xFF, 0xE0, 0xFF, 0xF8,
        0xFF, 0xFC, 0xF0, 0x7C, 0xF0, 0x3E, 0xF0, 0x3E, 0xF0, 0x3E, 0xF0, 0x7C, 0xFF, 0xFC, 0xFF,
        0xF8, 0xFF, 0xE0, 0xF0, 0x00, 0xF0, 0x00, 0xF0, 0x00, 0xF0, 0x00, 0xF0, 0x00, 0xF0, 0x00,
        0x03, 0xF0, 0x00, 0x0F, 0xFC, 0x00, 0x3F, 0xFE, 0x00, 0x7E, 0x1F, 0x00, 0x7C, 0x0F, 0x80,
        0xF8, 0x07, 0x80, 0xF8, 0x07, 0xC0, 0xF0, 0x07, 0xC0, 0xF0, 0x63, 0xC0, 0xF0, 0xF3, 0xC0,
        0xF8, 0x7F, 0xC0, 0xF8, 0x3F, 0x80, 0x7C, 0x1F, 0x80, 0x7E, 0x1F, 0x80, 0x3F, 0xFF, 0xC0,
        0x0F, 0xFF, 0xE0, 0x03, 0xF1, 0xE0, 0x00, 0x00, 0xC0, 0xFF, 0xE0, 0xFF, 0xF8, 0xFF, 0xFC,
        0xF0, 0x7E, 0xF0, 0x3E, 0xF0, 0x3E, 0xF0, 0x7C, 0xFF, 0xFC, 0xFF, 0xF8, 0xFF, 0xE0, 0xF3,
        0xE0, 0xF1, 0xF0, 0xF0, 0xF0, 0xF0, 0xF8, 0xF0, 0x7C, 0xF0, 0x3E, 0xF0, 0x3E, 0x0F, 0xC0,
        0x3F, 0xF0, 0x7F, 0xF8, 0xF8, 0x78, 0xF0, 0x20, 0xF0, 0x00, 0xFE, 0x00, 0x7F, 0xE0, 0x3F,
        0xF8, 0x0F, 0xFC, 0x00, 0xFC, 0x00, 0x3C, 0x70, 0x3C, 0xF8, 0x7C, 0x7F, 0xF8, 0x3F, 0xF0,
        0x0F, 0xC0, 0xFF, 0xFF, 0xFF, 0xFF, 0xFF, 0xFF, 0x03, 0xC0, 0x03, 0xC0, 0x03, 0xC0, 0x03,
        0xC0, 0x03, 0xC0, 0x03, 0xC0, 0x03, 0xC0, 0x03, 0xC0, 0x03, 0xC0, 0x03, 0xC0, 0x03, 0xC0,
        0x03, 0xC0, 0x03, 0xC0, 0x03, 0xC0, 0xF0, 0x1E, 0xF0, 0x1E, 0xF0, 0x1E, 0xF0, 0x1E, 0xF0,
        0x1E, 0xF0, 0x1E, 0xF0, 0x1E, 0xF0, 0x1E, 0xF0, 0x1E, 0xF0, 0x1E, 0xF0, 0x1E, 0xF0, 0x1E,
        0x78, 0x1E, 0x7C, 0x3C, 0x7F, 0xFC, 0x3F, 0xF8, 0x0F, 0xE0, 0xF8, 0x0F, 0x80, 0x78, 0x0F,
        0x00, 0x78, 0x0F, 0x00, 0x7C, 0x1F, 0x00, 0x3C, 0x1E, 0x00, 0x3C, 0x1E, 0x00, 0x1E, 0x3E,
        0x00, 0x1E, 0x3C, 0x00, 0x1E, 0x3C, 0x00, 0x0F, 0x78, 0x00, 0x0F, 0x78, 0x00, 0x0F, 0x78,
        0x00, 0x07, 0xF0, 0x00, 0x07, 0xF0, 0x00, 0x07, 0xF0, 0x00, 0x03, 0xE0, 0x00, 0x03, 0xE0,
        0x00, 0xF0, 0x7C, 0x3E, 0x78, 0x7C, 0x3C, 0x78, 0x7C, 0x3C, 0x78, 0x7C, 0x3C, 0x78, 0xFE,
        0x3C, 0x38, 0xFE, 0x78, 0x3C, 0xEE, 0x78, 0x3C, 0xEE, 0x78, 0x3D, 0xEE, 0x78, 0x1D, 0xEF,
        0x70, 0x1F, 0xC7, 0xF0, 0x1F, 0xC7, 0xF0, 0x1F, 0xC7, 0xF0, 0x0F, 0xC7, 0xE0, 0x0F, 0x83,
        0xE0, 0x0F, 0x83, 0xE0, 0x0F, 0x83, 0xE0, 0xF8, 0x1F, 0x00, 0x7C, 0x1E, 0x00, 0x7C, 0x3E,
        0x00, 0x3E, 0x7C, 0x00, 0x1F, 0xF8, 0x00, 0x0F, 0xF8, 0x00, 0x0F, 0xF0, 0x00, 0x07, 0xE0,
        0x00, 0x07, 0xE0, 0x00, 0x07, 0xE0, 0x00, 0x0F, 0xF0, 0x00, 0x1F, 0xF8, 0x00, 0x1E, 0x7C,
        0x00, 0x3E, 0x7C, 0x00, 0x7C, 0x3E, 0x00, 0xF8, 0x1F, 0x00, 0xF8, 0x0F, 0x80, 0xF0, 0x0F,
        0xF8, 0x1F, 0x78, 0x3E, 0x7C, 0x3C, 0x3E, 0x7C, 0x1E, 0x78, 0x1F, 0xF0, 0x0F, 0xF0, 0x07,
        0xE0, 0x07, 0xE0, 0x03, 0xC0, 0x03, 0xC0, 0x03, 0xC0, 0x03, 0xC0, 0x03, 0xC0, 0x03, 0xC0,
        0x03, 0xC0, 0xFF, 0xFC, 0xFF, 0xFC, 0xFF, 0xFC, 0x00, 0xF8, 0x01, 0xF0, 0x01, 0xF0, 0x03,
        0xE0, 0x07, 0xC0, 0x0F, 0x80, 0x0F, 0x80, 0x1F, 0x00, 0x3E, 0x00, 0x7C, 0x00, 0x7C, 0x00,
        0xFF, 0xFC, 0xFF, 0xFC, 0xFF, 0xFC, 0xFE, 0xFE, 0xFE, 0xE0, 0xE0, 0xE0, 0xE0, 0xE0, 0xE0,
        0xE0, 0xE0, 0xE0, 0xE0, 0xE0, 0xE0, 0xE0, 0xE0, 0xE0, 0xFE, 0xFE, 0xFE, 0xF0, 0x00, 0xF0,
        0x00, 0xF0, 0x00, 0x78, 0x00, 0x78, 0x00, 0x3C, 0x00, 0x3C, 0x00, 0x3C, 0x00, 0x1E, 0x00,
        0x1E, 0x00, 0x0F, 0x00, 0x0F, 0x00, 0x0F, 0x00, 0x07, 0x80, 0x07, 0x80, 0x03, 0xC0, 0x03,
        0xC0, 0xFE, 0xFE, 0xFE, 0x1E, 0x1E, 0x1E, 0x1E, 0x1E, 0x1E, 0x1E, 0x1E, 0x1E, 0x1E, 0x1E,
        0x1E, 0x1E, 0x1E, 0x1E, 0xFE, 0xFE, 0xFE, 0x0E, 0x00, 0x1F, 0x00, 0x1F, 0x00, 0x3F, 0x80,
        0x3F, 0xC0, 0x7B, 0xC0, 0x71, 0xE0, 0xF1, 0xE0, 0xE0, 0xF0, 0xFF, 0xE0, 0xFF, 0xE0, 0xFF,
        0xE0, 0x60, 0xF0, 0x78, 0x38, 0x0F, 0x80, 0x3F, 0xE0, 0x7F, 0xF0, 0x70, 0xF0, 0x00, 0xF0,
        0x03, 0xF0, 0x3F, 0xF0, 0xFC, 0xF0, 0xF0, 0xF0, 0xF1, 0xF0, 0xFF, 0xF0, 0xFF, 0xF0, 0x3E,
        0x70, 0xF0, 0x00, 0xF0, 0x00, 0xF0, 0x00, 0xF0, 0x00, 0xF3, 0xC0, 0xFF, 0xF0, 0xFF, 0xF8,
        0xF8, 0xF8, 0xF0, 0x7C, 0xF0, 0x3C, 0xF0, 0x3C, 0xF0, 0x3C, 0xF0, 0x7C, 0xF8, 0xF8, 0xFF,
        0xF8, 0xFF, 0xF0, 0xF3, 0xC0, 0x0F, 0x80, 0x3F, 0xE0, 0x7F, 0xF0, 0xF8, 0xE0, 0xF0, 0x00,
        0xF0, 0x00, 0xF0, 0x00, 0xF0, 0x00, 0xF0, 0x00, 0xF8, 0xE0, 0x7F, 0xF0, 0x3F, 0xE0, 0x1F,
        0x80, 0x00, 0x78, 0x00, 0x78, 0x00, 0x78, 0x00, 0x78, 0x1E, 0x78, 0x7F, 0xF8, 0x7F, 0xF8,
        0xF8, 0xF8, 0xF0, 0x78, 0xF0, 0x78, 0xF0, 0x78, 0xF0, 0x78, 0xF0, 0x78, 0xF8, 0xF8, 0x7F,
        0xF8, 0x3F, 0xF8, 0x1F, 0x3C, 0x0F, 0x80, 0x3F, 0xE0, 0x7F, 0xF0, 0xF8, 0xF0, 0xF0, 0x78,
        0xFF, 0xF8, 0xFF, 0xF8, 0xF0, 0x00, 0xF0, 0x00, 0xF8, 0xE0, 0x7F, 0xF0, 0x3F, 0xE0, 0x0F,
        0x80, 0x0F, 0x80, 0x1F, 0x80, 0x3F, 0x80, 0x3C, 0x00, 0x3C, 0x00, 0x3C, 0x00, 0xFF, 0x80,
        0xFF, 0x80, 0xFF, 0x80, 0x3C, 0x00, 0x3C, 0x00, 0x3C, 0x00, 0x3C, 0x00, 0x3C, 0x00, 0x3C,
        0x00, 0x3C, 0x00, 0x3C, 0x00, 0x3C, 0x00, 0x3C, 0x00, 0x1E, 0x38, 0x3F, 0xF8, 0x7F, 0xF8,
        0xF8, 0xF8, 0xF0, 0x78, 0xF0, 0x78, 0xF0, 0x78, 0xF0, 0x78, 0xF0, 0x78, 0xF8, 0xF8, 0x7F,
        0xF8, 0x3F, 0xF8, 0x1E, 0x78, 0x00, 0x78, 0x00, 0x78, 0x38, 0xF8, 0x7F, 0xF0, 0x3F, 0xE0,
        0x0F, 0xC0, 0xF0, 0x00, 0xF0, 0x00, 0xF0, 0x00, 0xF0, 0x00, 0xF3, 0xE0, 0xFF, 0xF0, 0xFF,
        0xF0, 0xF8, 0xF0, 0xF8, 0xF8, 0xF0, 0x78, 0xF0, 0x78, 0xF0, 0x78, 0xF0, 0x78, 0xF0, 0x78,
        0xF0, 0x78, 0xF0, 0x78, 0xF0, 0x78, 0x18, 0x3C, 0x3C, 0x3C, 0x18, 0x00, 0x00, 0xFC, 0xFC,
        0xFC, 0x3C, 0x3C, 0x3C, 0x3C, 0x3C, 0x3C, 0x3C, 0x3C, 0x3C, 0x3C, 0x0E, 0x1F, 0x1F, 0x1F,
        0x0E, 0x00, 0x00, 0x1E, 0x1E, 0x1E, 0x1E, 0x1E, 0x1E, 0x1E, 0x1E, 0x1E, 0x1E, 0x1E, 0x1E,
        0x1E, 0x1E, 0xFE, 0xFE, 0xFC, 0xF0, 0x00, 0xF0, 0x00, 0xF0, 0x00, 0xF0, 0x00, 0xF0, 0xF8,
        0xF1, 0xF0, 0xF3, 0xE0, 0xF3, 0xC0, 0xFF, 0x80, 0xFF, 0x00, 0xFF, 0x80, 0xFF, 0xC0, 0xFF,
        0xC0, 0xFB, 0xE0, 0xF1, 0xF0, 0xF0, 0xF8, 0xF0, 0x78, 0xF0, 0xF0, 0xF0, 0xF0, 0xF0, 0xF0,
        0xF0, 0xF0, 0xF0, 0xF0, 0xF0, 0xF0, 0xF0, 0xF8, 0xFE, 0x7E, 0x3E, 0xF3, 0xC3, 0xE0, 0xFF,
        0xFF, 0xF0, 0xFF, 0xFF, 0xF0, 0xF8, 0xF8, 0xF8, 0xF8, 0xF8, 0x78, 0xF0, 0xF8, 0x78, 0xF0,
        0x78, 0x78, 0xF0, 0x78, 0x78, 0xF0, 0x78, 0x78, 0xF0, 0x78, 0x78, 0xF0, 0x78, 0x78, 0xF0,
        0x78, 0x78, 0xF0, 0x78, 0x78, 0xF3, 0xE0, 0xFF, 0xF0, 0xFF, 0xF0, 0xF8, 0xF0, 0xF8, 0xF8,
        0xF0, 0x78, 0xF0, 0x78, 0xF0, 0x78, 0xF0, 0x78, 0xF0, 0x78, 0xF0, 0x78, 0xF0, 0x78, 0xF0,
        0x78, 0x0F, 0x80, 0x3F, 0xE0, 0x7F, 0xF0, 0xF8, 0xF8, 0xF0, 0x78, 0xF0, 0x78, 0xF0, 0x78,
        0xF0, 0x78, 0xF0, 0x78, 0xF8, 0xF8, 0x7F, 0xF0, 0x3F, 0xE0, 0x0F, 0x80, 0xF3, 0xC0, 0xF7,
        0xF0, 0xFF, 0xF8, 0xF8, 0xF8, 0xF0, 0x7C, 0xF0, 0x3C, 0xF0, 0x3C, 0xF0, 0x3C, 0xF8, 0x7C,
        0xF8, 0xF8, 0xFF, 0xF8, 0xFF, 0xF0, 0xF3, 0xC0, 0xF0, 0x00, 0xF0, 0x00, 0xF0, 0x00, 0xF0,
        0x00, 0x1E, 0x38, 0x00, 0x3F, 0xF8, 0x00, 0x7F, 0xF8, 0x00, 0xF8, 0xF8, 0x00, 0xF0, 0x78,
        0x00, 0xF0, 0x78, 0x00, 0xF0, 0x78, 0x00, 0xF0, 0x78, 0x00, 0xF0, 0x78, 0x00, 0xF8, 0xF8,
        0x00, 0x7F, 0xF8, 0x00, 0x7F, 0xF8, 0x00, 0x1E, 0x78, 0x00, 0x00, 0x7C, 0x00, 0x00, 0x7F,
        0x80, 0x00, 0x3F, 0x80, 0x00, 0x1F, 0x00, 0xF3, 0xF7, 0xFF, 0xFF, 0xF8, 0xF8, 0xF0, 0xF0,
        0xF0, 0xF0, 0xF0, 0xF0, 0xF0, 0x1F, 0x80, 0x7F, 0xC0, 0xFF, 0xE0, 0xF0, 0xC0, 0xF0, 0x00,
        0xFF, 0x00, 0x3F, 0xE0, 0x07, 0xF0, 0x00, 0xF0, 0xF0, 0xF0, 0xFF, 0xF0, 0x7F, 0xE0, 0x1F,
        0x80, 0x3C, 0x00, 0x3C, 0x00, 0x3C, 0x00, 0xFF, 0x80, 0xFF, 0x80, 0xFF, 0x80, 0x3C, 0x00,
        0x3C, 0x00, 0x3C, 0x00, 0x3C, 0x00, 0x3C, 0x00, 0x3C, 0x00, 0x3E, 0x00, 0x1F, 0x80, 0x1F,
        0x80, 0x0F, 0x80, 0xF0, 0x78, 0xF0, 0x78, 0xF0, 0x78, 0xF0, 0x78, 0xF0, 0x78, 0xF0, 0x78,
        0xF0, 0x78, 0xF0, 0xF8, 0xF0, 0xF8, 0xF8, 0xF8, 0x7F, 0xF8, 0x7F, 0xF8, 0x3E, 0x78, 0xF0,
        0x78, 0x78, 0x78, 0x78, 0x78, 0x78, 0x70, 0x38, 0xF0, 0x3C, 0xF0, 0x3C, 0xE0, 0x1D, 0xE0,
        0x1F, 0xE0, 0x1F, 0xC0, 0x0F, 0xC0, 0x0F, 0xC0, 0x0F, 0x80, 0xF1, 0xE1, 0xE0, 0xF1, 0xF1,
        0xC0, 0x71, 0xF3, 0xC0, 0x79, 0xF3, 0xC0, 0x79, 0xF3, 0xC0, 0x7B, 0xB3, 0x80, 0x3B, 0xB7,
        0x80, 0x3F, 0xBF, 0x80, 0x3F, 0x3F, 0x80, 0x3F, 0x1F, 0x00, 0x1F, 0x1F, 0x00, 0x1F, 0x1F,
        0x00, 0x1F, 0x1F, 0x00, 0x78, 0x78, 0x7C, 0xF0, 0x3D, 0xF0, 0x1F, 0xE0, 0x0F, 0xC0, 0x0F,
        0xC0, 0x07, 0x80, 0x0F, 0xC0, 0x1F, 0xE0, 0x3F, 0xE0, 0x3C, 0xF0, 0x78, 0xF8, 0xF8, 0x7C,
        0xF0, 0x78, 0x78, 0x78, 0x78, 0xF8, 0x78, 0xF0, 0x3C, 0xF0, 0x3C, 0xE0, 0x1D, 0xE0, 0x1F,
        0xE0, 0x1F, 0xC0, 0x0F, 0xC0, 0x0F, 0x80, 0x0F, 0x80, 0x07, 0x80, 0x07, 0x00, 0x3F, 0x00,
        0x3E, 0x00, 0x3C, 0x00, 0xFF, 0xF0, 0xFF, 0xF0, 0xFF, 0xF0, 0x03, 0xE0, 0x07, 0xC0, 0x0F,
        0x80, 0x1F, 0x00, 0x3E, 0x00, 0x7C, 0x00, 0xF8, 0x00, 0xFF, 0xF0, 0xFF, 0xF0, 0xFF, 0xF0,
        0x1F, 0x3F, 0x3F, 0x78, 0x78, 0x78, 0x78, 0x78, 0x78, 0xF0, 0xE0, 0xF0, 0x78, 0x78, 0x78,
        0x78, 0x78, 0x78, 0x3F, 0x3F, 0x1F, 0xF0, 0xF0, 0xF0, 0xF0, 0xF0, 0xF0, 0xF0, 0xF0, 0xF0,
        0xF0, 0xF0, 0xF0, 0xF0, 0xF0, 0xF0, 0xF0, 0xF0, 0xF0, 0xF0, 0xF0, 0xF0, 0xF0, 0xF8, 0xFC,
        0x3C, 0x3C, 0x3C, 0x3C, 0x3C, 0x1E, 0x1F, 0x0F, 0x1F, 0x1E, 0x3C, 0x3C, 0x3C, 0x3C, 0x3C,
        0xFC, 0xF8, 0xF0, 0x38, 0x60, 0x7E, 0x70, 0xFF, 0xE0, 0xE7, 0xE0, 0xE1, 0xC0, 0x70, 0xF8,
        0xF8, 0xF8, 0x70, 0x00, 0x70, 0x70, 0x78, 0x78, 0x78, 0xF8, 0xF8, 0xF8, 0xF8, 0xF8, 0xF8,
        0x06, 0x00, 0x06, 0x00, 0x1F, 0x80, 0x3F, 0xE0, 0x7F, 0xF0, 0xFE, 0xE0, 0xF6, 0x00, 0xF6,
        0x00, 0xF6, 0x00, 0xF6, 0x00, 0xF6, 0x00, 0xFE, 0xC0, 0x7F, 0xF0, 0x3F, 0xE0, 0x1F, 0x80,
        0x06, 0x00, 0x06, 0x00, 0x0F, 0xE0, 0x3F, 0xF0, 0x3F, 0xFC, 0x7C, 0x3C, 0x78, 0x00, 0x7C,
        0x00, 0x3C, 0x00, 0xFF, 0xE0, 0xFF, 0xE0, 0x1F, 0x00, 0x1F, 0x00, 0x1E, 0x00, 0x1E, 0x00,
        0x7F, 0x00, 0xFF, 0xFC, 0x7F, 0xFC, 0x60, 0xFC, 0xCF, 0x30, 0xFF, 0xE0, 0x7F, 0xE0, 0xF1,
        0xE0, 0xE0, 0xE0, 0xE0, 0xE0, 0xE0, 0xE0, 0xF1, 0xE0, 0x7F, 0xE0, 0xFF, 0xE0, 0xDF, 0x30,
        0xF0, 0x0F, 0xF8, 0x1F, 0x78, 0x3E, 0x7C, 0x3C, 0x3E, 0x7C, 0x1E, 0x78, 0x1F, 0xF8, 0x0F,
        0xF0, 0x07, 0xE0, 0x07, 0xE0, 0x1F, 0xF8, 0x1F, 0xF8, 0x03, 0xC0, 0x1F, 0xF8, 0x1F, 0xF8,
        0x03, 0xC0, 0x03, 0xC0, 0xE0, 0xE0, 0xE0, 0xE0, 0xE0, 0xE0, 0xE0, 0xE0, 0x00, 0x00, 0x00,
        0x00, 0x00, 0xE0, 0xE0, 0xE0, 0xE0, 0xE0, 0xE0, 0xE0, 0xE0, 0x0F, 0x80, 0x3F, 0xE0, 0x7F,
        0xE0, 0x78, 0xC0, 0x78, 0x00, 0x7E, 0x00, 0x3F, 0x80, 0x7F, 0xE0, 0xF7, 0xF0, 0xE1, 0xF8,
        0xF0, 0x78, 0xFC, 0x78, 0x7F, 0xF8, 0x1F, 0xF0, 0x07, 0xE0, 0x01, 0xF0, 0x00, 0xF0, 0x78,
        0xF0, 0x7F, 0xF0, 0x3F, 0xE0, 0x0F, 0x80, 0xE7, 0xE7, 0xE7, 0x01, 0xF0, 0x00, 0x07, 0xFC,
        0x00, 0x1E, 0x0E, 0x00, 0x38, 0x03, 0x00, 0x31, 0xF1, 0x80, 0x63, 0xF8, 0xC0, 0x67, 0x98,
        0xC0, 0x47, 0x00, 0xC0, 0xC7, 0x00, 0xC0, 0xC7, 0x00, 0x40, 0x47, 0x00, 0xC0, 0x67, 0x98,
        0xC0, 0x63, 0xF8, 0xC0, 0x31, 0xF1, 0x80, 0x38, 0x03, 0x00, 0x1C, 0x0F, 0x00, 0x0F, 0xFC,
        0x00, 0x03, 0xF0, 0x00, 0x3C, 0x7E, 0x07, 0x3F, 0x7F, 0xE7, 0x7F, 0x7F, 0x1E, 0x7C, 0x3E,
        0xF8, 0x7C, 0xF0, 0x79, 0xF0, 0xFB, 0xE0, 0xF3, 0xC0, 0xFB, 0xE0, 0x79, 0xF0, 0x7C, 0xF0,
        0x3E, 0xF8, 0x1E, 0x7C, 0xFF, 0xFC, 0xFF, 0xFC, 0xFF, 0xFC, 0x00, 0x3C, 0x00, 0x3C, 0x00,
        0x3C, 0x00, 0x3C, 0x00, 0x3C, 0x00, 0x3C, 0x01, 0xF0, 0x00, 0x07, 0xFC, 0x00, 0x1E, 0x0E,
        0x00, 0x38, 0x03, 0x00, 0x37, 0xF1, 0x80, 0x67, 0xF8, 0xC0, 0x67, 0x18, 0xC0, 0x47, 0x18,
        0xC0, 0xC7, 0xF8, 0xC0, 0xC7, 0xF0, 0x40, 0x47, 0x70, 0xC0, 0x67, 0x38, 0xC0, 0x67, 0x38,
        0xC0, 0x32, 0x09, 0x80, 0x38, 0x03, 0x00, 0x1C, 0x0F, 0x00, 0x0F, 0xFC, 0x00, 0x03, 0xF0,
        0x00, 0xFF, 0xFF, 0xFF, 0x3C, 0x7F, 0xE7, 0xC3, 0xC3, 0xE7, 0x7E, 0x3C, 0x07, 0x80, 0x07,
        0x80, 0x07, 0x80, 0xFF, 0xFC, 0xFF, 0xFC, 0xFF, 0xFC, 0x07, 0x80, 0x07, 0x80, 0x00, 0x00,
        0x00, 0x00, 0xFF, 0xFC, 0xFF, 0xFC, 0xFF, 0xFC, 0x3E, 0x7F, 0x67, 0x07, 0x07, 0x0E, 0x3C,
        0x78, 0xFF, 0xFF, 0x7C, 0xFE, 0x4E, 0x0E, 0x3C, 0x3E, 0x0E, 0xCE, 0xFE, 0x7C, 0x30, 0x78,
        0x70, 0xE0, 0xF0, 0xF0, 0xF0, 0xF0, 0xF0, 0xF0, 0xF0, 0xF0, 0xF0, 0xF0, 0xF0, 0xF0, 0xF0,
        0xF0, 0xF0, 0xF0, 0xF0, 0xF0, 0xF9, 0xF8, 0xFF, 0xFC, 0xFF, 0x7C, 0xFE, 0x3C, 0xF0, 0x00,
        0xF0, 0x00, 0xF0, 0x00, 0xF0, 0x00, 0x3F, 0xF0, 0x7F, 0xF0, 0xFC, 0xE0, 0xFC, 0xE0, 0xFC,
        0xE0, 0xFC, 0xE0, 0xFC, 0xE0, 0xFC, 0xE0, 0x7C, 0xE0, 0x1C, 0xE0, 0x1C, 0xE0, 0x1C, 0xE0,
        0x1C, 0xE0, 0x1C, 0xE0, 0x1C, 0xE0, 0x1C, 0xE0, 0x1C, 0xE0, 0x1C, 0xE0, 0x1C, 0xE0, 0x1C,
        0xE0, 0x1C, 0xE0, 0x70, 0x78, 0xF8, 0x78, 0x70, 0x20, 0x60, 0x78, 0x18, 0xF8, 0x18, 0x38,
        0xF8, 0xF8, 0x18, 0x18, 0x18, 0x18, 0x18, 0x18, 0x78, 0xFE, 0xEE, 0xC6, 0xC6, 0xEE, 0xFE,
        0x78, 0xF3, 0xE0, 0xF9, 0xE0, 0x7D, 0xF0, 0x3C, 0xF8, 0x1E, 0x78, 0x1F, 0x7C, 0x1E, 0x78,
        0x3C, 0xF8, 0x7D, 0xF0, 0xF9, 0xE0, 0xF3, 0xE0, 0x18, 0x03, 0x80, 0xF8, 0x07, 0x00, 0xF8,
        0x0F, 0x00, 0x38, 0x0E, 0x00, 0x18, 0x1C, 0x00, 0x18, 0x38, 0x00, 0x18, 0x78, 0x00, 0x18,
        0x71, 0xC0, 0x18, 0xE1, 0xC0, 0x19, 0xE3, 0xC0, 0x01, 0xC7, 0xC0, 0x03, 0x8E, 0xC0, 0x07,
        0x0C, 0xC0, 0x0F, 0x1F, 0xF0, 0x0E, 0x1F, 0xF0, 0x1C, 0x00, 0xC0, 0x3C, 0x00, 0xC0, 0x18,
        0x03, 0x80, 0xF8, 0x07, 0x00, 0xF8, 0x0F, 0x00, 0x38, 0x0E, 0x00, 0x18, 0x1C, 0x00, 0x18,
        0x38, 0x00, 0x18, 0x78, 0x00, 0x18, 0x73, 0xC0, 0x18, 0xE7, 0xE0, 0x19, 0xE6, 0x70, 0x01,
        0xC0, 0x70, 0x03, 0x80, 0xE0, 0x07, 0x01, 0xE0, 0x0F, 0x03, 0xC0, 0x0E, 0x07, 0x00, 0x1C,
        0x0F, 0xF0, 0x3C, 0x0F, 0xF0, 0x7C, 0x01, 0xC0, 0xFE, 0x03, 0xC0, 0x4E, 0x03, 0x80, 0x0E,
        0x07, 0x00, 0x3C, 0x0F, 0x00, 0x3E, 0x0E, 0x00, 0x0E, 0x1C, 0x00, 0xCE, 0x38, 0x00, 0xFE,
        0x78, 0x70, 0x78, 0x70, 0xF0, 0x00, 0xE1, 0xF0, 0x01, 0xE3, 0xF0, 0x03, 0xC7, 0x70, 0x03,
        0x87, 0xFC, 0x07, 0x07, 0xFC, 0x0F, 0x00, 0x70, 0x0E, 0x00, 0x70, 0x01, 0xC0, 0x03, 0xC0,
        0x03, 0xE0, 0x03, 0xC0, 0x01, 0xC0, 0x00, 0x00, 0x03, 0xC0, 0x03, 0xC0, 0x0F, 0xC0, 0x3F,
        0x80, 0x7E, 0x00, 0x78, 0x00, 0xF0, 0x20, 0xF8, 0x7C, 0x7F, 0xF8, 0x3F, 0xF0, 0x0F, 0xC0,
        0x03, 0x00, 0x00, 0x07, 0x80, 0x00, 0x03, 0x80, 0x00, 0x01, 0xC0, 0x00, 0x00, 0x00, 0x00,
        0x00, 0x00, 0x00, 0x01, 0xE0, 0x00, 0x03, 0xF0, 0x00, 0x03, 0xF0, 0x00, 0x07, 0xF8, 0x00,
        0x07, 0xF8, 0x00, 0x07, 0xF8, 0x00, 0x0F, 0x3C, 0x00, 0x0F, 0x3C, 0x00, 0x1F, 0x3E, 0x00,
        0x1E, 0x1E, 0x00, 0x1E, 0x1E, 0x00, 0x3F, 0xFF, 0x00, 0x3F, 0xFF, 0x00, 0x7F, 0xFF, 0x00,
        0x78, 0x0F, 0x80, 0x78, 0x07, 0x80, 0xF8, 0x07, 0xC0, 0x00, 0x30, 0x00, 0x00, 0x78, 0x00,
        0x00, 0xF0, 0x00, 0x00, 0xE0, 0x00, 0x00, 0x00, 0x00, 0x00, 0x00, 0x00, 0x01, 0xE0, 0x00,
        0x03, 0xF0, 0x00, 0x03, 0xF0, 0x00, 0x07, 0xF8, 0x00, 0x07, 0xF8, 0x00, 0x07, 0xF8, 0x00,
        0x0F, 0x3C, 0x00, 0x0F, 0x3C, 0x00, 0x1F, 0x3E, 0x00, 0x1E, 0x1E, 0x00, 0x1E, 0x1E, 0x00,
        0x3F, 0xFF, 0x00, 0x3F, 0xFF, 0x00, 0x7F, 0xFF, 0x00, 0x78, 0x0F, 0x80, 0x78, 0x07, 0x80,
        0xF8, 0x07, 0xC0, 0x00, 0xC0, 0x00, 0x01, 0xE0, 0x00, 0x07, 0xF0, 0x00, 0x0F, 0x3C, 0x00,
        0x00, 0x00, 0x00, 0x00, 0x00, 0x00, 0x01, 0xE0, 0x00, 0x03, 0xF0, 0x00, 0x03, 0xF0, 0x00,
        0x07, 0xF8, 0x00, 0x07, 0xF8, 0x00, 0x07, 0xF8, 0x00, 0x0F, 0x3C, 0x00, 0x0F, 0x3C, 0x00,
        0x1F, 0x3E, 0x00, 0x1E, 0x1E, 0x00, 0x1E, 0x1E, 0x00, 0x3F, 0xFF, 0x00, 0x3F, 0xFF, 0x00,
        0x7F, 0xFF, 0x00, 0x78, 0x0F, 0x80, 0x78, 0x07, 0x80, 0xF8, 0x07, 0xC0, 0x03, 0x8C, 0x00,
        0x07, 0xFC, 0x00, 0x0E, 0x78, 0x00, 0x00, 0x00, 0x00, 0x00, 0x00, 0x00, 0x01, 0xE0, 0x00,
        0x03, 0xF0, 0x00, 0x03, 0xF0, 0x00, 0x07, 0xF8, 0x00, 0x07, 0xF8, 0x00, 0x07, 0xF8, 0x00,
        0x0F, 0x3C, 0x00, 0x0F, 0x3C, 0x00, 0x1F, 0x3E, 0x00, 0x1E, 0x1E, 0x00, 0x1E, 0x1E, 0x00,
        0x3F, 0xFF, 0x00, 0x3F, 0xFF, 0x00, 0x7F, 0xFF, 0x00, 0x78, 0x0F, 0x80, 0x78, 0x07, 0x80,
        0xF8, 0x07, 0xC0, 0x07, 0x38, 0x00, 0x07, 0x38, 0x00, 0x07, 0x38, 0x00, 0x00, 0x00, 0x00,
        0x00, 0x00, 0x00, 0x01, 0xE0, 0x00, 0x03, 0xF0, 0x00, 0x03, 0xF0, 0x00, 0x07, 0xF8, 0x00,
        0x07, 0xF8, 0x00, 0x07, 0xF8, 0x00, 0x0F, 0x3C, 0x00, 0x0F, 0x3C, 0x00, 0x1F, 0x3E, 0x00,
        0x1E, 0x1E, 0x00, 0x1E, 0x1E, 0x00, 0x3F, 0xFF, 0x00, 0x3F, 0xFF, 0x00, 0x7F, 0xFF, 0x00,
        0x78, 0x0F, 0x80, 0x78, 0x07, 0x80, 0xF8, 0x07, 0xC0, 0x01, 0xE0, 0x00, 0x03, 0xF0, 0x00,
        0x03, 0x30, 0x00, 0x03, 0x30, 0x00, 0x03, 0x30, 0x00, 0x03, 0xF0, 0x00, 0x03, 0xE0, 0x00,
        0x03, 0xF0, 0x00, 0x03, 0xF0, 0x00, 0x07, 0xF8, 0x00, 0x07, 0xF8, 0x00, 0x07, 0xF8, 0x00,
        0x0F, 0x3C, 0x00, 0x0F, 0x3C, 0x00, 0x1F, 0x3E, 0x00, 0x1E, 0x1E, 0x00, 0x1E, 0x1E, 0x00,
        0x3F, 0xFF, 0x00, 0x3F, 0xFF, 0x00, 0x7F, 0xFF, 0x00, 0x78, 0x0F, 0x80, 0x78, 0x07, 0x80,
        0xF8, 0x07, 0xC0, 0x00, 0x0F, 0xFF, 0xC0, 0x00, 0x1F, 0xFF, 0xC0, 0x00, 0x1F, 0xFF, 0xC0,
        0x00, 0x3F, 0x80, 0x00, 0x00, 0x7F, 0x80, 0x00, 0x00, 0xFF, 0x80, 0x00, 0x00, 0xFF, 0x80,
        0x00, 0x01, 0xEF, 0xFC, 0x00, 0x03, 0xEF, 0xFC, 0x00, 0x03, 0xCF, 0xFC, 0x00, 0x07, 0x8F,
        0x80, 0x00, 0x0F, 0xFF, 0x80, 0x00, 0x1F, 0xFF, 0x80, 0x00, 0x1F, 0xFF, 0x80, 0x00, 0x3C,
        0x0F, 0xFF, 0xC0, 0x7C, 0x0F, 0xFF, 0xC0, 0xF8, 0x0F, 0xFF, 0xC0, 0x07, 0xF0, 0x1F, 0xFC,
        0x3F, 0xFE, 0x7E, 0x1F, 0x7C, 0x0C, 0xF8, 0x00, 0xF8, 0x00, 0xF0, 0x00, 0xF0, 0x00, 0xF0,
        0x00, 0xF0, 0x00, 0xF8, 0x00, 0x78, 0x08, 0x7E, 0x1F, 0x3F, 0xFE, 0x1F, 0xFC, 0x07, 0xF0,
        0x01, 0x00, 0x01, 0x00, 0x03, 0xE0, 0x00, 0xE0, 0x03, 0xC0, 0x0C, 0x00, 0x1C, 0x00, 0x0E,
        0x00, 0x07, 0x00, 0x00, 0x00, 0x00, 0x00, 0xFF, 0xFC, 0xFF, 0xFC, 0xFF, 0xFC, 0xF0, 0x00,
        0xF0, 0x00, 0xF0, 0x00, 0xF0, 0x00, 0xFF, 0xC0, 0xFF, 0xC0, 0xFF, 0xC0, 0xF0, 0x00, 0xF0,
        0x00, 0xF0, 0x00, 0xF0, 0x00, 0xFF, 0xFC, 0xFF, 0xFC, 0xFF, 0xFC, 0x00, 0xC0, 0x01, 0xE0,
        0x03, 0xC0, 0x03, 0x80, 0x00, 0x00, 0x00, 0x00, 0xFF, 0xFC, 0xFF, 0xFC, 0xFF, 0xFC, 0xF0,
        0x00, 0xF0, 0x00, 0xF0, 0x00, 0xF0, 0x00, 0xFF, 0xC0, 0xFF, 0xC0, 0xFF, 0xC0, 0xF0, 0x00,
        0xF0, 0x00, 0xF0, 0x00, 0xF0, 0x00, 0xFF, 0xFC, 0xFF, 0xFC, 0xFF, 0xFC, 0x03, 0x00, 0x0F,
        0x80, 0x1F, 0xC0, 0x3C, 0xE0, 0x00, 0x00, 0x00, 0x00, 0xFF, 0xFC, 0xFF, 0xFC, 0xFF, 0xFC,
        0xF0, 0x00, 0xF0, 0x00, 0xF0, 0x00, 0xF0, 0x00, 0xFF, 0xC0, 0xFF, 0xC0, 0xFF, 0xC0, 0xF0,
        0x00, 0xF0, 0x00, 0xF0, 0x00, 0xF0, 0x00, 0xFF, 0xFC, 0xFF, 0xFC, 0xFF, 0xFC, 0x1C, 0xE0,
        0x1C, 0xE0, 0x1C, 0xE0, 0x00, 0x00, 0x00, 0x00, 0xFF, 0xFC, 0xFF, 0xFC, 0xFF, 0xFC, 0xF0,
        0x00, 0xF0, 0x00, 0xF0, 0x00, 0xF0, 0x00, 0xFF, 0xC0, 0xFF, 0xC0, 0xFF, 0xC0, 0xF0, 0x00,
        0xF0, 0x00, 0xF0, 0x00, 0xF0, 0x00, 0xFF, 0xFC, 0xFF, 0xFC, 0xFF, 0xFC, 0x30, 0x00, 0x78,
        0x00, 0x3C, 0x00, 0x1C, 0x00, 0x00, 0x00, 0x00, 0x00, 0xFF, 0x80, 0xFF, 0x80, 0xFF, 0x80,
        0x1E, 0x00, 0x1E, 0x00, 0x1E, 0x00, 0x1E, 0x00, 0x1E, 0x00, 0x1E, 0x00, 0x1E, 0x00, 0x1E,
        0x00, 0x1E, 0x00, 0x1E, 0x00, 0x1E, 0x00, 0xFF, 0x80, 0xFF, 0x80, 0xFF, 0x80, 0x03, 0x00,
        0x07, 0x80, 0x07, 0x00, 0x0E, 0x00, 0x00, 0x00, 0x00, 0x00, 0xFF, 0x80, 0xFF, 0x80, 0xFF,
        0x80, 0x1E, 0x00, 0x1E, 0x00, 0x1E, 0x00, 0x1E, 0x00, 0x1E, 0x00, 0x1E, 0x00, 0x1E, 0x00,
        0x1E, 0x00, 0x1E, 0x00, 0x1E, 0x00, 0x1E, 0x00, 0xFF, 0x80, 0xFF, 0x80, 0xFF, 0x80, 0x0C,
        0x00, 0x1E, 0x00, 0x3F, 0x00, 0xF3, 0xC0, 0x00, 0x00, 0x00, 0x00, 0xFF, 0x80, 0xFF, 0x80,
        0xFF, 0x80, 0x1E, 0x00, 0x1E, 0x00, 0x1E, 0x00, 0x1E, 0x00, 0x1E, 0x00, 0x1E, 0x00, 0x1E,
        0x00, 0x1E, 0x00, 0x1E, 0x00, 0x1E, 0x00, 0x1E, 0x00, 0xFF, 0x80, 0xFF, 0x80, 0xFF, 0x80,
        0x73, 0x80, 0x73, 0x80, 0x73, 0x80, 0x00, 0x00, 0x00, 0x00, 0xFF, 0x80, 0xFF, 0x80, 0xFF,
        0x80, 0x1E, 0x00, 0x1E, 0x00, 0x1E, 0x00, 0x1E, 0x00, 0x1E, 0x00, 0x1E, 0x00, 0x1E, 0x00,
        0x1E, 0x00, 0x1E, 0x00, 0x1E, 0x00, 0x1E, 0x00, 0xFF, 0x80, 0xFF, 0x80, 0xFF, 0x80, 0x1F,
        0xF8, 0x00, 0x1F, 0xFF, 0x00, 0x1F, 0xFF, 0x80, 0x1F, 0x0F, 0xC0, 0x1F, 0x03, 0xC0, 0x1F,
        0x03, 0xE0, 0x1F, 0x01, 0xE0, 0xFF, 0xC1, 0xE0, 0xFF, 0xC1, 0xE0, 0xFF, 0xC1, 0xE0, 0x1F,
        0x01, 0xE0, 0x1F, 0x03, 0xE0, 0x1F, 0x03, 0xC0, 0x1F, 0x0F, 0xC0, 0x1F, 0xFF, 0x80, 0x1F,
        0xFF, 0x00, 0x1F, 0xF8, 0x00, 0x07, 0x98, 0x0F, 0xF8, 0x0C, 0xF0, 0x00, 0x00, 0x00, 0x00,
        0xFC, 0x0F, 0xFC, 0x0F, 0xFE, 0x0F, 0xFE, 0x0F, 0xFF, 0x0F, 0xFF, 0x0F, 0xF7, 0x8F, 0xF7,
        0x8F, 0xF3, 0xCF, 0xF1, 0xEF, 0xF1, 0xEF, 0xF0, 0xFF, 0xF0, 0xFF, 0xF0, 0x7F, 0xF0, 0x7F,
        0xF0, 0x3F, 0xF0, 0x1F, 0x03, 0x00, 0x00, 0x07, 0x80, 0x00, 0x03, 0x80, 0x00, 0x01, 0xC0,
        0x00, 0x00, 0x00, 0x00, 0x00, 0x00, 0x00, 0x03, 0xF0, 0x00, 0x0F, 0xFC, 0x00, 0x3F, 0xFF,
        0x00, 0x7E, 0x1F, 0x00, 0x7C, 0x0F, 0x80, 0xF8, 0x07, 0x80, 0xF8, 0x07, 0xC0, 0xF0, 0x07,
        0xC0, 0xF0, 0x03, 0xC0, 0xF0, 0x07, 0xC0, 0xF8, 0x07, 0xC0, 0xF8, 0x07, 0x80, 0x7C, 0x0F,
        0x80, 0x7E, 0x1F, 0x00, 0x3F, 0xFF, 0x00, 0x0F, 0xFC, 0x00, 0x03, 0xF0, 0x00, 0x00, 0x30,
        0x00, 0x00, 0x78, 0x00, 0x00, 0xF0, 0x00, 0x00, 0xE0, 0x00, 0x00, 0x00, 0x00, 0x00, 0x00,
        0x00, 0x03, 0xF0, 0x00, 0x0F, 0xFC, 0x00, 0x3F, 0xFF, 0x00, 0x7E, 0x1F, 0x00, 0x7C, 0x0F,
        0x80, 0xF8, 0x07, 0x80, 0xF8, 0x07, 0xC0, 0xF0, 0x07, 0xC0, 0xF0, 0x03, 0xC0, 0xF0, 0x07,
        0xC0, 0xF8, 0x07, 0xC0, 0xF8, 0x07, 0x80, 0x7C, 0x0F, 0x80, 0x7E, 0x1F, 0x00, 0x3F, 0xFF,
        0x00, 0x0F, 0xFC, 0x00, 0x03, 0xF0, 0x00, 0x00, 0xC0, 0x00, 0x01, 0xE0, 0x00, 0x07, 0xF0,
        0x00, 0x0F, 0x38, 0x00, 0x00, 0x00, 0x00, 0x00, 0x00, 0x00, 0x03, 0xF0, 0x00, 0x0F, 0xFC,
        0x00, 0x3F, 0xFF, 0x00, 0x7E, 0x1F, 0x00, 0x7C, 0x0F, 0x80, 0xF8, 0x07, 0x80, 0xF8, 0x07,
        0xC0, 0xF0, 0x07, 0xC0, 0xF0, 0x03, 0xC0, 0xF0, 0x07, 0xC0, 0xF8, 0x07, 0xC0, 0xF8, 0x07,
        0x80, 0x7C, 0x0F, 0x80, 0x7E, 0x1F, 0x00, 0x3F, 0xFF, 0x00, 0x0F, 0xFC, 0x00, 0x03, 0xF0,
        0x00, 0x03, 0x8C, 0x00, 0x07, 0xFC, 0x00, 0x0E, 0x70, 0x00, 0x00, 0x00, 0x00, 0x00, 0x00,
        0x00, 0x03, 0xF0, 0x00, 0x0F, 0xFC, 0x00, 0x3F, 0xFF, 0x00, 0x7E, 0x1F, 0x00, 0x7C, 0x0F,
        0x80, 0xF8, 0x07, 0x80, 0xF8, 0x07, 0xC0, 0xF0, 0x07, 0xC0, 0xF0, 0x03, 0xC0, 0xF0, 0x07,
        0xC0, 0xF8, 0x07, 0xC0, 0xF8, 0x07, 0x80, 0x7C, 0x0F, 0x80, 0x7E, 0x1F, 0x00, 0x3F, 0xFF,
        0x00, 0x0F, 0xFC, 0x00, 0x03, 0xF0, 0x00, 0x07, 0x38, 0x00, 0x07, 0x38, 0x00, 0x07, 0x38,
        0x00, 0x00, 0x00, 0x00, 0x00, 0x00, 0x00, 0x03, 0xF0, 0x00, 0x0F, 0xFC, 0x00, 0x3F, 0xFF,
        0x00, 0x7E, 0x1F, 0x00, 0x7C, 0x0F, 0x80, 0xF8, 0x07, 0x80, 0xF8, 0x07, 0xC0, 0xF0, 0x07,
        0xC0, 0xF0, 0x03, 0xC0, 0xF0, 0x07, 0xC0, 0xF8, 0x07, 0xC0, 0xF8, 0x07, 0x80, 0x7C, 0x0F,
        0x80, 0x7E, 0x1F, 0x00, 0x3F, 0xFF, 0x00, 0x0F, 0xFC, 0x00, 0x03, 0xF0, 0x00, 0x40, 0x80,
        0xE1, 0xC0, 0xF3, 0xC0, 0x7F, 0x80, 0x3F, 0x00, 0x3F, 0x00, 0x3F, 0x00, 0x7F, 0x80, 0xF3,
        0xC0, 0xE1, 0xC0, 0x40, 0x80, 0x03, 0xF1, 0x00, 0x0F, 0xFF, 0x00, 0x3F, 0xFF, 0x00, 0x3E,
        0x1F, 0x00, 0x7C, 0x1F, 0x80, 0xF8, 0x3F, 0x80, 0xF8, 0x77, 0xC0, 0xF0, 0x67, 0xC0, 0xF0,
        0xC3, 0xC0, 0xF1, 0x87, 0xC0, 0xF3, 0x07, 0xC0, 0xFE, 0x07, 0x80, 0x7E, 0x0F, 0x80, 0x7E,
        0x1F, 0x00, 0x3F, 0xFE, 0x00, 0x7F, 0xFC, 0x00, 0x23, 0xF0, 0x00, 0x0C, 0x00, 0x0E, 0x00,
        0x0F, 0x00, 0x03, 0x80, 0x00, 0x00, 0x00, 0x00, 0xF0, 0x1E, 0xF0, 0x1E, 0xF0, 0x1E, 0xF0,
        0x1E, 0xF0, 0x1E, 0xF0, 0x1E, 0xF0, 0x1E, 0xF0, 0x1E, 0xF0, 0x1E, 0xF0, 0x1E, 0xF0, 0x1E,
        0xF0, 0x1E, 0x78, 0x1E, 0x7C, 0x3C, 0x7F, 0xFC, 0x3F, 0xF8, 0x0F, 0xE0, 0x00, 0x60, 0x00,
        0xE0, 0x01, 0xE0, 0x03, 0xC0, 0x00, 0x00, 0x00, 0x00, 0xF0, 0x1E, 0xF0, 0x1E, 0xF0, 0x1E,
        0xF0, 0x1E, 0xF0, 0x1E, 0xF0, 0x1E, 0xF0, 0x1E, 0xF0, 0x1E, 0xF0, 0x1E, 0xF0, 0x1E, 0xF0,
        0x1E, 0xF0, 0x1E, 0x78, 0x1E, 0x7C, 0x3C, 0x7F, 0xFC, 0x3F, 0xF8, 0x0F, 0xE0, 0x03, 0x80,
        0x07, 0xC0, 0x0F, 0xE0, 0x1C, 0x70, 0x00, 0x00, 0x00, 0x00, 0xF0, 0x1E, 0xF0, 0x1E, 0xF0,
        0x1E, 0xF0, 0x1E, 0xF0, 0x1E, 0xF0, 0x1E, 0xF0, 0x1E, 0xF0, 0x1E, 0xF0, 0x1E, 0xF0, 0x1E,
        0xF0, 0x1E, 0xF0, 0x1E, 0x78, 0x1E, 0x7C, 0x3C, 0x7F, 0xFC, 0x3F, 0xF8, 0x0F, 0xE0, 0x0C,
        0x60, 0x1E, 0xF0, 0x0C, 0x60, 0x00, 0x00, 0x00, 0x00, 0xF0, 0x1E, 0xF0, 0x1E, 0xF0, 0x1E,
        0xF0, 0x1E, 0xF0, 0x1E, 0xF0, 0x1E, 0xF0, 0x1E, 0xF0, 0x1E, 0xF0, 0x1E, 0xF0, 0x1E, 0xF0,
        0x1E, 0xF0, 0x1E, 0x78, 0x1E, 0x7C, 0x3C, 0x7F, 0xFC, 0x3F, 0xF8, 0x0F, 0xE0, 0x00, 0x60,
        0x00, 0xF0, 0x01, 0xE0, 0x01, 0xC0, 0x00, 0x00, 0x00, 0x00, 0xF0, 0x0F, 0xF8, 0x1F, 0x78,
        0x3E, 0x7C, 0x3C, 0x3E, 0x7C, 0x1E, 0x78, 0x1F, 0xF0, 0x0F, 0xF0, 0x07, 0xE0, 0x07, 0xE0,
        0x03, 0xC0, 0x03, 0xC0, 0x03, 0xC0, 0x03, 0xC0, 0x03, 0xC0, 0x03, 0xC0, 0x03, 0xC0, 0xF0,
        0x00, 0xF0, 0x00, 0xF0, 0x00, 0xFF, 0xE0, 0xFF, 0xF8, 0xFF, 0xFC, 0xF0, 0x7C, 0xF0, 0x3C,
        0xF0, 0x3C, 0xF0, 0x7C, 0xFF, 0xFC, 0xFF, 0xF8, 0xFF, 0xE0, 0xF0, 0x00, 0xF0, 0x00, 0xF0,
        0x00, 0xF0, 0x00, 0x0F, 0xC0, 0x3F, 0xF0, 0x7F, 0xF8, 0x78, 0x78, 0xF0, 0x38, 0xF0, 0x78,
        0xF3, 0xF8, 0xF3, 0xF8, 0xF3, 0xFC, 0xF0, 0x7C, 0xF0, 0x3C, 0xF0, 0x3E, 0xF0, 0x3C, 0xF0,
        0x7C, 0xF3, 0xFC, 0xF1, 0xF8, 0xF1, 0xE0, 0x18, 0x00, 0x1C, 0x00, 0x1E, 0x00, 0x07, 0x00,
        0x00, 0x00, 0x00, 0x00, 0x0F, 0x80, 0x3F, 0xE0, 0x7F, 0xF0, 0x70, 0xF0, 0x00, 0xF0, 0x03,
        0xF0, 0x3F, 0xF0, 0xFC, 0xF0, 0xF0, 0xF0, 0xF1, 0xF0, 0xFF, 0xF0, 0xFF, 0xF0, 0x3E, 0x70,
        0x00, 0xC0, 0x01, 0xC0, 0x03, 0xC0, 0x07, 0x00, 0x00, 0x00, 0x00, 0x00, 0x0F, 0x80, 0x3F,
        0xE0, 0x7F, 0xF0, 0x70, 0xF0, 0x00, 0xF0, 0x03, 0xF0, 0x3F, 0xF0, 0xFC, 0xF0, 0xF0, 0xF0,
        0xF1, 0xF0, 0xFF, 0xF0, 0xFF, 0xF0, 0x3E, 0x70, 0x07, 0x00, 0x0F, 0x80, 0x1F, 0xC0, 0x38,
        0xE0, 0x00, 0x00, 0x00, 0x00, 0x0F, 0x80, 0x3F, 0xE0, 0x7F, 0xF0, 0x70, 0xF0, 0x00, 0xF0,
        0x03, 0xF0, 0x3F, 0xF0, 0xFC, 0xF0, 0xF0, 0xF0, 0xF1, 0xF0, 0xFF, 0xF0, 0xFF, 0xF0, 0x3E,
        0x70, 0x1E, 0x60, 0x3F, 0xE0, 0x33, 0xC0, 0x00, 0x00, 0x00, 0x00, 0x0F, 0x80, 0x3F, 0xE0,
        0x7F, 0xF0, 0x70, 0xF0, 0x00, 0xF0, 0x03, 0xF0, 0x3F, 0xF0, 0xFC, 0xF0, 0xF0, 0xF0, 0xF1,
        0xF0, 0xFF, 0xF0, 0xFF, 0xF0, 0x3E, 0x70, 0x18, 0xC0, 0x3D, 0xE0, 0x18, 0xC0, 0x00, 0x00,
        0x00, 0x00, 0x0F, 0x80, 0x3F, 0xE0, 0x7F, 0xF0, 0x70, 0xF0, 0x00, 0xF0, 0x03, 0xF0, 0x3F,
        0xF0, 0xFC, 0xF0, 0xF0, 0xF0, 0xF1, 0xF0, 0xFF, 0xF0, 0xFF, 0xF0, 0x3E, 0x70, 0x07, 0x00,
        0x0F, 0x80, 0x1D, 0xC0, 0x18, 0xC0, 0x1D, 0xC0, 0x0F, 0x80, 0x07, 0x00, 0x00, 0x00, 0x0F,
        0x80, 0x3F, 0xE0, 0x7F, 0xF0, 0x70, 0xF0, 0x00, 0xF0, 0x03, 0xF0, 0x3F, 0xF0, 0xFC, 0xF0,
        0xF0, 0xF0, 0xF1, 0xF0, 0xFF, 0xF0, 0xFF, 0xF0, 0x3E, 0x70, 0x0F, 0x8F, 0x80, 0x3F, 0xFF,
        0xE0, 0x7F, 0xFF, 0xF0, 0x30, 0xF8, 0x78, 0x00, 0xF0, 0x38, 0x1F, 0xFF, 0xF8, 0x7F, 0xFF,
        0xF8, 0xF8, 0xF0, 0x00, 0xF0, 0xF0, 0x00, 0xF0, 0xF8, 0x60, 0xFF, 0xFF, 0xF0, 0x7F, 0xBF,
        0xE0, 0x3E, 0x0F, 0xC0, 0x0F, 0x80, 0x3F, 0xE0, 0x7F, 0xF0, 0xF8, 0xE0, 0xF0, 0x00, 0xF0,
        0x00, 0xF0, 0x00, 0xF0, 0x00, 0xF0, 0x00, 0xF8, 0xE0, 0x7F, 0xF0, 0x3F, 0xE0, 0x1F, 0x80,
        0x04, 0x00, 0x04, 0x00, 0x0F, 0x80, 0x03, 0x80, 0x1F, 0x00, 0x18, 0x00, 0x1C, 0x00, 0x1E,
        0x00, 0x07, 0x00, 0x00, 0x00, 0x00, 0x00, 0x0F, 0x80, 0x3F, 0xE0, 0x7F, 0xF0, 0xF8, 0xF0,
        0xF0, 0x78, 0xFF, 0xF8, 0xFF, 0xF8, 0xF0, 0x00, 0xF0, 0x00, 0xF8, 0xE0, 0x7F, 0xF0, 0x3F,
        0xE0, 0x0F, 0x80, 0x00, 0xC0, 0x01, 0xC0, 0x03, 0xC0, 0x07, 0x00, 0x00, 0x00, 0x00, 0x00,
        0x0F, 0x80, 0x3F, 0xE0, 0x7F, 0xF0, 0xF8, 0xF0, 0xF0, 0x78, 0xFF, 0xF8, 0xFF, 0xF8, 0xF0,
        0x00, 0xF0, 0x00, 0xF8, 0xE0, 0x7F, 0xF0, 0x3F, 0xE0, 0x0F, 0x80, 0x07, 0x00, 0x0F, 0x80,
        0x1F, 0xC0, 0x38, 0xE0, 0x00, 0x00, 0x00, 0x00, 0x0F, 0x80, 0x3F, 0xE0, 0x7F, 0xF0, 0xF8,
        0xF0, 0xF0, 0x78, 0xFF, 0xF8, 0xFF, 0xF8, 0xF0, 0x00, 0xF0, 0x00, 0xF8, 0xE0, 0x7F, 0xF0,
        0x3F, 0xE0, 0x0F, 0x80, 0x18, 0xC0, 0x3D, 0xE0, 0x18, 0xC0, 0x00, 0x00, 0x00, 0x00, 0x0F,
        0x80, 0x3F, 0xE0, 0x7F, 0xF0, 0xF8, 0xF0, 0xF0, 0x78, 0xFF, 0xF8, 0xFF, 0xF8, 0xF0, 0x00,
        0xF0, 0x00, 0xF8, 0xE0, 0x7F, 0xF0, 0x3F, 0xE0, 0x0F, 0x80, 0xC0, 0xE0, 0xF0, 0x78, 0x00,
        0x00, 0xFC, 0xFC, 0xFC, 0x3C, 0x3C, 0x3C, 0x3C, 0x3C, 0x3C, 0x3C, 0x3C, 0x3C, 0x3C, 0x0C,
        0x1E, 0x1C, 0x38, 0x00, 0x00, 0xFC, 0xFC, 0xFC, 0x3C, 0x3C, 0x3C, 0x3C, 0x3C, 0x3C, 0x3C,
        0x3C, 0x3C, 0x3C, 0x18, 0x00, 0x3E, 0x00, 0x7F, 0x00, 0xE7, 0x80, 0x00, 0x00, 0x00, 0x00,
        0x7E, 0x00, 0x7E, 0x00, 0x7E, 0x00, 0x1E, 0x00, 0x1E, 0x00, 0x1E, 0x00, 0x1E, 0x00, 0x1E,
        0x00, 0x1E, 0x00, 0x1E, 0x00, 0x1E, 0x00, 0x1E, 0x00, 0x1E, 0x00, 0xE7, 0xE7, 0xE7, 0x00,
        0x00, 0x7E, 0x7E, 0x7E, 0x1E, 0x1E, 0x1E, 0x1E, 0x1E, 0x1E, 0x1E, 0x1E, 0x1E, 0x1E, 0x1E,
        0x60, 0x1F, 0xE0, 0x1F, 0xC0, 0x03, 0xE0, 0x07, 0xF0, 0x06, 0xF0, 0x00, 0x78, 0x1F, 0x78,
        0x3F, 0xF8, 0x7F, 0xF8, 0xF8, 0xF8, 0xF0, 0x78, 0xF0, 0x78, 0xF0, 0x78, 0xF0, 0x78, 0xF8,
        0xF0, 0x7F, 0xF0, 0x3F, 0xE0, 0x0F, 0x80, 0x0E, 0x30, 0x1F, 0xF0, 0x39, 0xC0, 0x00, 0x00,
        0x00, 0x00, 0xF3, 0xE0, 0xFF, 0xF0, 0xFF, 0xF0, 0xF8, 0xF0, 0xF8, 0xF8, 0xF0, 0x78, 0xF0,
        0x78, 0xF0, 0x78, 0xF0, 0x78, 0xF0, 0x78, 0xF0, 0x78, 0xF0, 0x78, 0xF0, 0x78, 0x18, 0x00,
        0x1C, 0x00, 0x1E, 0x00, 0x07, 0x00, 0x00, 0x00, 0x00, 0x00, 0x0F, 0x80, 0x3F, 0xE0, 0x7F,
        0xF0, 0xF8, 0xF8, 0xF0, 0x78, 0xF0, 0x78, 0xF0, 0x78, 0xF0, 0x78, 0xF0, 0x78, 0xF8, 0xF8,
        0x7F, 0xF0, 0x3F, 0xE0, 0x0F, 0x80, 0x00, 0xC0, 0x01, 0xC0, 0x03, 0xC0, 0x07, 0x00, 0x00,
        0x00, 0x00, 0x00, 0x0F, 0x80, 0x3F, 0xE0, 0x7F, 0xF0, 0xF8, 0xF8, 0xF0, 0x78, 0xF0, 0x78,
        0xF0, 0x78, 0xF0, 0x78, 0xF0, 0x78, 0xF8, 0xF8, 0x7F, 0xF0, 0x3F, 0xE0, 0x0F, 0x80, 0x07,
        0x00, 0x0F, 0x80, 0x1F, 0xC0, 0x38, 0xE0, 0x00, 0x00, 0x00, 0x00, 0x0F, 0x80, 0x3F, 0xE0,
        0x7F, 0xF0, 0xF8, 0xF8, 0xF0, 0x78, 0xF0, 0x78, 0xF0, 0x78, 0xF0, 0x78, 0xF0, 0x78, 0xF8,
        0xF8, 0x7F, 0xF0, 0x3F, 0xE0, 0x0F, 0x80, 0x1E, 0x60, 0x3F, 0xE0, 0x33, 0xC0, 0x00, 0x00,
        0x00, 0x00, 0x0F, 0x80, 0x3F, 0xE0, 0x7F, 0xF0, 0xF8, 0xF8, 0xF0, 0x78, 0xF0, 0x78, 0xF0,
        0x78, 0xF0, 0x78, 0xF0, 0x78, 0xF8, 0xF8, 0x7F, 0xF0, 0x3F, 0xE0, 0x0F, 0x80, 0x18, 0xC0,
        0x3D, 0xE0, 0x18, 0xC0, 0x00, 0x00, 0x00, 0x00, 0x0F, 0x80, 0x3F, 0xE0, 0x7F, 0xF0, 0xF8,
        0xF8, 0xF0, 0x78, 0xF0, 0x78, 0xF0, 0x78, 0xF0, 0x78, 0xF0, 0x78, 0xF8, 0xF8, 0x7F, 0xF0,
        0x3F, 0xE0, 0x0F, 0x80, 0x07, 0x00, 0x07, 0x80, 0x07, 0x80, 0x07, 0x00, 0x00, 0x00, 0xFF,
        0xF8, 0xFF, 0xF8, 0xFF, 0xF8, 0x00, 0x00, 0x07, 0x00, 0x07, 0x80, 0x07, 0x80, 0x07, 0x00,
        0x0F, 0xB0, 0x3F, 0xF0, 0x7F, 0xF0, 0xF8, 0xF8, 0xF1, 0xF8, 0xF3, 0x78, 0xF7, 0x78, 0xFE,
        0x78, 0xFC, 0x78, 0xF8, 0xF8, 0x7F, 0xF0, 0xFF, 0xE0, 0xCF, 0x80, 0x18, 0x00, 0x1C, 0x00,
        0x1E, 0x00, 0x07, 0x00, 0x00, 0x00, 0x00, 0x00, 0xF0, 0x78, 0xF0, 0x78, 0xF0, 0x78, 0xF0,
        0x78, 0xF0, 0x78, 0xF0, 0x78, 0xF0, 0x78, 0xF0, 0xF8, 0xF0, 0xF8, 0xF8, 0xF8, 0x7F, 0xF8,
        0x7F, 0xF8, 0x3E, 0x78, 0x00, 0xC0, 0x01, 0xC0, 0x03, 0xC0, 0x07, 0x00, 0x00, 0x00, 0x00,
        0x00, 0xF0, 0x78, 0xF0, 0x78, 0xF0, 0x78, 0xF0, 0x78, 0xF0, 0x78, 0xF0, 0x78, 0xF0, 0x78,
        0xF0, 0xF8, 0xF0, 0xF8, 0xF8, 0xF8, 0x7F, 0xF8, 0x7F, 0xF8, 0x3E, 0x78, 0x07, 0x00, 0x0F,
        0x80, 0x1F, 0xC0, 0x38, 0xE0, 0x00, 0x00, 0x00, 0x00, 0xF0, 0x78, 0xF0, 0x78, 0xF0, 0x78,
        0xF0, 0x78, 0xF0, 0x78, 0xF0, 0x78, 0xF0, 0x78, 0xF0, 0xF8, 0xF0, 0xF8, 0xF8, 0xF8, 0x7F,
        0xF8, 0x7F, 0xF8, 0x3E, 0x78, 0x18, 0xC0, 0x3D, 0xE0, 0x18, 0xC0, 0x00, 0x00, 0x00, 0x00,
        0xF0, 0x78, 0xF0, 0x78, 0xF0, 0x78, 0xF0, 0x78, 0xF0, 0x78, 0xF0, 0x78, 0xF0, 0x78, 0xF0,
        0xF8, 0xF0, 0xF8, 0xF8, 0xF8, 0x7F, 0xF8, 0x7F, 0xF8, 0x3E, 0x78, 0x00, 0xC0, 0x01, 0xC0,
        0x03, 0xC0, 0x07, 0x80, 0x00, 0x00, 0x00, 0x00, 0xF0, 0x78, 0x78, 0x78, 0x78, 0xF8, 0x78,
        0xF0, 0x3C, 0xF0, 0x3C, 0xE0, 0x1D, 0xE0, 0x1F, 0xE0, 0x1F, 0xC0, 0x0F, 0xC0, 0x0F, 0x80,
        0x0F, 0x80, 0x07, 0x80, 0x07, 0x00, 0x3F, 0x00, 0x3E, 0x00, 0x3C, 0x00, 0xF0, 0x00, 0xF0,
        0x00, 0xF0, 0x00, 0xF0, 0x00, 0xF3, 0xC0, 0xFF, 0xF0, 0xFF, 0xF8, 0xF8, 0xF8, 0xF0, 0x7C,
        0xF0, 0x3C, 0xF0, 0x3C, 0xF0, 0x3C, 0xF0, 0x7C, 0xF8, 0xF8, 0xFF, 0xF8, 0xFF, 0xF0, 0xF3,
        0xC0, 0xF0, 0x00, 0xF0, 0x00, 0xF0, 0x00, 0xF0, 0x00, 0x1C, 0xE0, 0x3C, 0xE0, 0x1C, 0xE0,
        0x00, 0x00, 0x00, 0x00, 0xF0, 0x78, 0x78, 0x78, 0x78, 0xF8, 0x78, 0xF0, 0x3C, 0xF0, 0x3C,
        0xE0, 0x1D, 0xE0, 0x1F, 0xE0, 0x1F, 0xC0, 0x0F, 0xC0, 0x0F, 0x80, 0x0F, 0x80, 0x07, 0x80,
        0x07, 0x00, 0x3F, 0x00, 0x3E, 0x00, 0x3C, 0x00, 0xFF, 0xE0, 0xFF, 0xE0, 0xFF, 0xE0, 0xFF,
        0xFF, 0xF0, 0xFF, 0xFF, 0xF0, 0xFF, 0xFF, 0xF0, 0x30, 0x30, 0x70, 0x70, 0xF8, 0xF8, 0xF8,
        0x70, 0x70, 0xF8, 0xF8, 0xF8, 0x70, 0x30, 0x70, 0x60, 0x70, 0xF8, 0xF8, 0xF8, 0x70, 0x30,
        0x70, 0x60, 0x30, 0xC0, 0x31, 0xC0, 0x71, 0x80, 0x71, 0x80, 0xFB, 0xE0, 0xFB, 0xE0, 0xFB,
        0xE0, 0x71, 0xC0, 0x71, 0xC0, 0xFB, 0xE0, 0xFB, 0xE0, 0xFB, 0xE0, 0x71, 0xC0, 0x31, 0xC0,
        0x71, 0x80, 0x61, 0x80, 0x71, 0xC0, 0xFB, 0xE0, 0xFB, 0xE0, 0xFB, 0xE0, 0x71, 0xC0, 0x31,
        0xC0, 0x71, 0x80, 0x61, 0x80, 0x1E, 0x00, 0x7F, 0x00, 0x7F, 0x80, 0xFF, 0x80, 0xFF, 0x80,
        0x7F, 0x80, 0x7F, 0x00, 0x1E, 0x00, 0x70, 0xE1, 0xC0, 0xF9, 0xF3, 0xE0, 0xF9, 0xF3, 0xE0,
        0xF9, 0xF3, 0xE0, 0x70, 0xE1, 0xC0, 0x0F, 0x1E, 0x3E, 0x7C, 0x78, 0xF8, 0x78, 0x7C, 0x3E,
        0x1E, 0x0F, 0xF8, 0x7C, 0x3C, 0x1E, 0x1F, 0x0F, 0x1F, 0x1E, 0x3C, 0x7C, 0xF8, 0x01, 0xF8,
        0x00, 0x07, 0xFE, 0x00, 0x0F, 0xFF, 0x00, 0x1F, 0x0F, 0x00, 0x1E, 0x00, 0x00, 0x7F, 0xE0,
        0x00, 0xFF, 0xE0, 0x00, 0x3C, 0x00, 0x00, 0x3C, 0x00, 0x00, 0x7F, 0x80, 0x00, 0xFF, 0x80,
        0x00, 0x1E, 0x00, 0x00, 0x1F, 0x06, 0x00, 0x0F, 0x8F, 0x80, 0x0F, 0xFF, 0x00, 0x03, 0xFE,
        0x00, 0x01, 0xF8, 0x00, 0xFF, 0xBC, 0x3C, 0xFF, 0xBE, 0x7C, 0x1C, 0x3E, 0x7C, 0x1C, 0x3E,
        0x7C, 0x1C, 0x3F, 0xFC, 0x1C, 0x3B, 0xDC, 0x1C, 0x3B, 0xDC, 0x1C, 0x3B, 0xDC, 0x1C, 0x39,
        0x9C, 0xFF, 0xF8, 0xFF, 0xF8, 0xFF, 0xF8,
    ],
    line_height: 28,
};
