//! Reader glyph atlases: DejaVu Serif.
//!
//! Generated by scripts/fonts/generate.py from scripts/fonts/fonts.toml; do
//! not edit by hand. Glyph order follows src/charset.rs. Source fonts are not
//! distributed with this repository; see docs/licenses/FONT_NOTICES.md.

use super::typography::{BitmapFont, Glyph};

// SERIF_SMALL: 16 px, cap 12, line height 20, mono
pub static SERIF_SMALL: BitmapFont = BitmapFont {
    glyphs: &[
        Glyph::new(0, 0, 0, 5, 0, 0),
        Glyph::new(0, 2, 12, 6, 2, -12),
        Glyph::new(12, 4, 4, 7, 2, -12),
        Glyph::new(16, 11, 11, 13, 1, -11),
        Glyph::new(38, 8, 14, 10, 1, -12),
        Glyph::new(52, 13, 12, 15, 1, -12),
        Glyph::new(76, 13, 12, 14, 1, -12),
        Glyph::new(100, 1, 4, 4, 2, -12),
        Glyph::new(104, 3, 15, 6, 2, -12),
        Glyph::new(119, 3, 15, 6, 2, -12),
        Glyph::new(134, 7, 7, 8, 1, -12),
        Glyph::new(141, 11, 11, 13, 1, -11),
        Glyph::new(163, 2, 4, 5, 1, -2),
        Glyph::new(167, 4, 1, 5, 1, -5),
        Glyph::new(168, 2, 2, 5, 2, -2),
        Glyph::new(170, 5, 13, 5, 0, -12),
        Glyph::new(183, 8, 12, 10, 1, -12),
        Glyph::new(195, 5, 12, 10, 2, -12),
        Glyph::new(207, 8, 12, 10, 1, -12),
        Glyph::new(219, 8, 12, 10, 1, -12),
        Glyph::new(231, 9, 12, 10, 0, -12),
        Glyph::new(255, 8, 12, 10, 1, -12),
        Glyph::new(267, 8, 12, 10, 1, -12),
        Glyph::new(279, 8, 12, 10, 1, -12),
        Glyph::new(291, 8, 12, 10, 1, -12),
        Glyph::new(303, 8, 12, 10, 1, -12),
        Glyph::new(315, 2, 7, 5, 2, -7),
        Glyph::new(322, 2, 9, 5, 1, -7),
        Glyph::new(331, 10, 9, 13, 2, -9),
        Glyph::new(349, 10, 4, 13, 2, -7),
        Glyph::new(357, 10, 9, 13, 2, -9),
        Glyph::new(375, 7, 12, 9, 1, -12),
        Glyph::new(387, 14, 14, 16, 1, -11),
        Glyph::new(415, 12, 12, 12, 0, -12),
        Glyph::new(439, 9, 12, 12, 1, -12),
        Glyph::new(463, 10, 12, 12, 1, -12),
        Glyph::new(487, 11, 12, 13, 1, -12),
        Glyph::new(511, 9, 12, 12, 1, -12),
        Glyph::new(535, 9, 12, 11, 1, -12),
        Glyph::new(559, 11, 12, 13, 1, -12),
        Glyph::new(583, 11, 12, 14, 2, -12),
        Glyph::new(607, 3, 12, 6, 2, -12),
        Glyph::new(619, 7, 15, 6, -1, -12),
        Glyph::new(634, 10, 12, 12, 2, -12),
        Glyph::new(658, 9, 12, 11, 1, -12),
        Glyph::new(682, 14, 12, 16, 1, -12),
        Glyph::new(706, 11, 12, 14, 2, -12),
        Glyph::new(730, 11, 12, 13, 1, -12),
        Glyph::new(754, 9, 12, 11, 1, -12),
        Glyph::new(778, 11, 15, 13, 1, -12),
        Glyph::new(808, 11, 12, 12, 1, -12),
        Glyph::new(832, 8, 12, 11, 2, -12),
        Glyph::new(844, 9, 12, 11, 1, -12),
        Glyph::new(868, 11, 12, 13, 1, -12),
        Glyph::new(892, 12, 12, 12, 0, -12),
        Glyph::new(916, 16, 12, 16, 0, -12),
        Glyph::new(940, 11, 12, 11, 0, -12),
        Glyph::new(964, 11, 12, 11, 0, -12),
        Glyph::new(988, 10, 12, 11, 1, -12),
        Glyph::new(1012, 3, 14, 6, 2, -12),
        Glyph::new(1026, 5, 13, 5, 0, -12),
        Glyph::new(1039, 3, 14, 6, 2, -12),
        Glyph::new(1053, 8, 4, 13, 3, -12),
        Glyph::new(1057, 8, 1, 8, 0, 3),
        Glyph::new(1058, 4, 3, 8, 1, -13),
        Glyph::new(1061, 8, 9, 10, 1, -9),
        Glyph::new(1070, 9, 12, 10, 0, -12),
        Glyph::new(1094, 7, 9, 9, 1, -9),
        Glyph::new(1103, 9, 12, 10, 1, -12),
        Glyph::new(1127, 8, 9, 9, 1, -9),
        Glyph::new(1136, 6, 12, 6, 1, -12),
        Glyph::new(1148, 9, 12, 10, 1, -9),
        Glyph::new(1172, 9, 12, 10, 1, -12),
        Glyph::new(1196, 3, 13, 5, 1, -13),
        Glyph::new(1209, 5, 16, 5, -2, -13),
        Glyph::new(1225, 8, 12, 10, 1, -12),
        Glyph::new(1237, 3, 12, 5, 1, -12),
        Glyph::new(1249, 13, 9, 15, 1, -9),
        Glyph::new(1267, 9, 9, 10, 1, -9),
        Glyph::new(1285, 8, 9, 10, 1, -9),
        Glyph::new(1294, 9, 12, 10, 0, -9),
        Glyph::new(1318, 9, 12, 10, 1, -9),
        Glyph::new(1342, 7, 9, 8, 1, -9),
        Glyph::new(1351, 7, 9, 8, 1, -9),
        Glyph::new(1360, 6, 12, 6, 0, -12),
        Glyph::new(1372, 9, 9, 10, 1, -9),
        Glyph::new(1390, 9, 9, 9, 0, -9),
        Glyph::new(1408, 13, 9, 14, 0, -9),
        Glyph::new(1426, 9, 9, 9, 0, -9),
        Glyph::new(1444, 8, 12, 9, 0, -9),
        Glyph::new(1456, 7, 9, 8, 1, -9),
        Glyph::new(1465, 5, 15, 10, 3, -12),
        Glyph::new(1480, 1, 16, 5, 2, -12),
        Glyph::new(1496, 5, 15, 10, 3, -12),
        Glyph::new(1511, 10, 2, 13, 2, -7),
        Glyph::new(1515, 0, 0, 5, 0, 0),
        Glyph::new(1515, 2, 12, 6, 2, -9),
        Glyph::new(1527, 7, 13, 10, 1, -11),
        Glyph::new(1540, 7, 12, 10, 1, -12),
        Glyph::new(1552, 9, 9, 10, 1, -9),
        Glyph::new(1570, 9, 12, 10, 1, -12),
        Glyph::new(1594, 1, 14, 5, 2, -11),
        Glyph::new(1608, 7, 14, 8, 1, -12),
        Glyph::new(1622, 5, 2, 8, 2, -12),
        Glyph::new(1624, 12, 12, 16, 2, -12),
        Glyph::new(1648, 7, 8, 8, 1, -12),
        Glyph::new(1656, 8, 8, 10, 1, -9),
        Glyph::new(1664, 10, 4, 13, 2, -7),
        Glyph::new(1672, 0, 0, 0, 0, 0),
        Glyph::new(1672, 12, 12, 16, 2, -12),
        Glyph::new(1696, 5, 1, 8, 2, -12),
        Glyph::new(1697, 5, 5, 8, 2, -12),
        Glyph::new(1702, 9, 10, 13, 2, -10),
        Glyph::new(1722, 5, 7, 6, 1, -12),
        Glyph::new(1729, 5, 7, 6, 1, -12),
        Glyph::new(1736, 4, 3, 8, 3, -13),
        Glyph::new(1739, 9, 12, 10, 1, -9),
        Glyph::new(1763, 9, 14, 10, 1, -12),
        Glyph::new(1791, 2, 2, 5, 2, -7),
        Glyph::new(1793, 3, 3, 8, 2, 0),
        Glyph::new(1796, 4, 7, 6, 1, -12),
        Glyph::new(1803, 6, 8, 8, 1, -12),
        Glyph::new(1811, 8, 8, 10, 1, -9),
        Glyph::new(1819, 14, 12, 16, 1, -12),
        Glyph::new(1843, 14, 12, 16, 1, -12),
        Glyph::new(1867, 14, 12, 16, 1, -12),
        Glyph::new(1891, 7, 12, 9, 1, -9),
        Glyph::new(1903, 12, 15, 12, 0, -15),
        Glyph::new(1933, 12, 15, 12, 0, -15),
        Glyph::new(1963, 12, 15, 12, 0, -15),
        Glyph::new(1993, 12, 15, 12, 0, -15),
        Glyph::new(2023, 12, 15, 12, 0, -15),
        Glyph::new(2053, 12, 15, 12, 0, -15),
        Glyph::new(2083, 15, 12, 16, 0, -12),
        Glyph::new(2107, 10, 15, 12, 1, -12),
        Glyph::new(2137, 9, 15, 12, 1, -15),
        Glyph::new(2167, 9, 15, 12, 1, -15),
        Glyph::new(2197, 9, 15, 12, 1, -15),
        Glyph::new(2227, 9, 15, 12, 1, -15),
        Glyph::new(2257, 3, 15, 6, 2, -15),
        Glyph::new(2272, 3, 15, 6, 2, -15),
        Glyph::new(2287, 5, 15, 6, 1, -15),
        Glyph::new(2302, 5, 15, 6, 1, -15),
        Glyph::new(2317, 11, 12, 13, 1, -12),
        Glyph::new(2341, 11, 15, 14, 2, -15),
        Glyph::new(2371, 11, 15, 13, 1, -15),
        Glyph::new(2401, 11, 15, 13, 1, -15),
        Glyph::new(2431, 11, 15, 13, 1, -15),
        Glyph::new(2461, 11, 15, 13, 1, -15),
        Glyph::new(2491, 11, 15, 13, 1, -15),
        Glyph::new(2521, 9, 9, 13, 2, -10),
        Glyph::new(2539, 11, 12, 13, 1, -13),
        Glyph::new(2563, 11, 15, 13, 1, -15),
        Glyph::new(2593, 11, 15, 13, 1, -15),
        Glyph::new(2623, 11, 15, 13, 1, -15),
        Glyph::new(2653, 11, 15, 13, 1, -15),
        Glyph::new(2683, 11, 15, 11, 0, -15),
        Glyph::new(2713, 9, 12, 11, 1, -12),
        Glyph::new(2737, 9, 12, 11, 1, -12),
        Glyph::new(2761, 8, 13, 10, 1, -13),
        Glyph::new(2774, 8, 13, 10, 1, -13),
        Glyph::new(2787, 8, 13, 10, 1, -13),
        Glyph::new(2800, 8, 12, 10, 1, -12),
        Glyph::new(2812, 8, 12, 10, 1, -12),
        Glyph::new(2824, 8, 14, 10, 1, -14),
        Glyph::new(2838, 13, 9, 15, 1, -9),
        Glyph::new(2856, 7, 12, 9, 1, -9),
        Glyph::new(2868, 8, 13, 9, 1, -13),
        Glyph::new(2881, 8, 13, 9, 1, -13),
        Glyph::new(2894, 8, 13, 9, 1, -13),
        Glyph::new(2907, 8, 12, 9, 1, -12),
        Glyph::new(2919, 4, 13, 5, 0, -13),
        Glyph::new(2932, 5, 13, 5, 0, -13),
        Glyph::new(2945, 5, 13, 5, 0, -13),
        Glyph::new(2958, 5, 12, 5, 0, -12),
        Glyph::new(2970, 8, 12, 10, 1, -12),
        Glyph::new(2982, 9, 12, 10, 1, -12),
        Glyph::new(3006, 8, 13, 10, 1, -13),
        Glyph::new(3019, 8, 13, 10, 1, -13),
        Glyph::new(3032, 8, 13, 10, 1, -13),
        Glyph::new(3045, 8, 12, 10, 1, -12),
        Glyph::new(3057, 8, 12, 10, 1, -12),
        Glyph::new(3069, 10, 7, 13, 2, -9),
        Glyph::new(3083, 8, 9, 10, 1, -9),
        Glyph::new(3092, 9, 13, 10, 1, -13),
        Glyph::new(3118, 9, 13, 10, 1, -13),
        Glyph::new(3144, 9, 13, 10, 1, -13),
        Glyph::new(3170, 9, 12, 10, 1, -12),
        Glyph::new(3194, 8, 16, 9, 0, -13),
        Glyph::new(3210, 9, 15, 10, 0, -12),
        Glyph::new(3240, 8, 15, 9, 0, -12),
        Glyph::new(3255, 7, 1, 8, 1, -5),
        Glyph::new(3256, 15, 1, 16, 1, -5),
        Glyph::new(3258, 2, 4, 5, 2, -12),
        Glyph::new(3262, 2, 4, 5, 1, -12),
        Glyph::new(3266, 2, 4, 5, 1, -2),
        Glyph::new(3270, 5, 4, 8, 2, -12),
        Glyph::new(3274, 5, 4, 8, 2, -12),
        Glyph::new(3278, 5, 4, 8, 1, -2),
        Glyph::new(3282, 5, 5, 9, 2, -8),
        Glyph::new(3287, 12, 2, 16, 2, -2),
        Glyph::new(3291, 4, 8, 6, 1, -9),
        Glyph::new(3299, 4, 8, 6, 1, -9),
        Glyph::new(3307, 9, 12, 10, 0, -12),
        Glyph::new(3331, 12, 5, 16, 2, -12),
        Glyph::new(3341, 10, 1, 13, 2, -6),
    ],
    bitmap: &[
        0xC0, 0xC0, 0xC0, 0xC0, 0xC0, 0xC0, 0xC0, 0xC0, 0xC0, 0x00, 0xC0, 0xC0, 0x90, 0x90, 0x90,
        0x90, 0x0C, 0x80, 0x08, 0x80, 0x09, 0x80, 0x7F, 0xE0, 0x11, 0x00, 0x13, 0x00, 0x13, 0x00,
        0xFF, 0xC0, 0x32, 0x00, 0x26, 0x00, 0x26, 0x00, 0x10, 0x10, 0x7E, 0x93, 0x91, 0xD0, 0x78,
        0x1E, 0x13, 0x91, 0xD3, 0x7C, 0x10, 0x10, 0x70, 0x40, 0x88, 0x40, 0x88, 0x80, 0x89, 0x80,
        0x89, 0x00, 0x72, 0x00, 0x02, 0x70, 0x04, 0x88, 0x0C, 0x88, 0x08, 0x88, 0x10, 0x88, 0x10,
        0x70, 0x1E, 0x00, 0x23, 0x00, 0x21, 0x00, 0x20, 0x00, 0x30, 0x00, 0x48, 0x70, 0x84, 0x20,
        0x82, 0x20, 0x81, 0x40, 0x80, 0x80, 0x61, 0xC0, 0x3E, 0x38, 0x80, 0x80, 0x80, 0x80, 0x20,
        0x40, 0x40, 0x80, 0x80, 0x80, 0x80, 0x80, 0x80, 0x80, 0x80, 0x80, 0x40, 0x40, 0x20, 0x80,
        0x40, 0x40, 0x40, 0x20, 0x20, 0x20, 0x20, 0x20, 0x20, 0x20, 0x40, 0x40, 0x40, 0x80, 0x10,
        0x92, 0x7C, 0x10, 0x7C, 0x92, 0x10, 0x04, 0x00, 0x04, 0x00, 0x04, 0x00, 0x04, 0x00, 0x04,
        0x00, 0xFF, 0xE0, 0x04, 0x00, 0x04, 0x00, 0x04, 0x00, 0x04, 0x00, 0x04, 0x00, 0x40, 0x40,
        0x40, 0x80, 0xF0, 0xC0, 0xC0, 0x08, 0x18, 0x10, 0x10, 0x30, 0x20, 0x20, 0x20, 0x60, 0x40,
        0x40, 0xC0, 0x80, 0x3C, 0x42, 0x42, 0x81, 0x81, 0x81, 0x81, 0x81, 0x81, 0x42, 0x42, 0x3C,
        0x20, 0x60, 0xA0, 0x20, 0x20, 0x20, 0x20, 0x20, 0x20, 0x20, 0x20, 0xF8, 0x7C, 0xC2, 0x81,
        0x01, 0x01, 0x01, 0x02, 0x04, 0x08, 0x30, 0x61, 0xFF, 0x7C, 0xC3, 0x81, 0x01, 0x02, 0x1C,
        0x02, 0x01, 0x01, 0x81, 0xC2, 0x7C, 0x06, 0x00, 0x0E, 0x00, 0x0A, 0x00, 0x12, 0x00, 0x32,
        0x00, 0x22, 0x00, 0x42, 0x00, 0xC2, 0x00, 0xFF, 0x80, 0x02, 0x00, 0x02, 0x00, 0x0F, 0x80,
        0x7E, 0x40, 0x40, 0x40, 0x7C, 0x42, 0x01, 0x01, 0x01, 0x81, 0xC2, 0x7C, 0x1E, 0x63, 0x41,
        0x80, 0xBC, 0xC2, 0x81, 0x81, 0x81, 0x81, 0x42, 0x3C, 0xFF, 0x81, 0x82, 0x02, 0x04, 0x04,
        0x04, 0x08, 0x08, 0x10, 0x10, 0x20, 0x3C, 0xC3, 0x81, 0x81, 0xC3, 0x3C, 0x42, 0x81, 0x81,
        0x81, 0x42, 0x3C, 0x3C, 0x42, 0x81, 0x81, 0x81, 0x81, 0x43, 0x3D, 0x01, 0x82, 0xC6, 0x78,
        0xC0, 0xC0, 0x00, 0x00, 0x00, 0xC0, 0xC0, 0xC0, 0xC0, 0x00, 0x00, 0x00, 0x40, 0x40, 0xC0,
        0x80, 0x00, 0x40, 0x03, 0xC0, 0x1E, 0x00, 0x78, 0x00, 0xC0, 0x00, 0x70, 0x00, 0x1E, 0x00,
        0x03, 0xC0, 0x00, 0x40, 0xFF, 0xC0, 0x00, 0x00, 0x00, 0x00, 0xFF, 0xC0, 0x80, 0x00, 0xF0,
        0x00, 0x1E, 0x00, 0x07, 0x80, 0x00, 0xC0, 0x03, 0x80, 0x1E, 0x00, 0xF0, 0x00, 0x80, 0x00,
        0x78, 0xC6, 0x82, 0x02, 0x06, 0x0C, 0x38, 0x20, 0x20, 0x00, 0x60, 0x60, 0x07, 0xC0, 0x18,
        0x30, 0x20, 0x18, 0x40, 0x0C, 0x8F, 0x44, 0x98, 0xC4, 0x90, 0x44, 0x90, 0x4C, 0x98, 0xD8,
        0x8F, 0x70, 0x40, 0x00, 0x20, 0x00, 0x18, 0x20, 0x0F, 0xC0, 0x06, 0x00, 0x06, 0x00, 0x0B,
        0x00, 0x09, 0x00, 0x19, 0x00, 0x10, 0x80, 0x10, 0x80, 0x20, 0x80, 0x3F, 0xC0, 0x20, 0x40,
        0x40, 0x20, 0xE0, 0x70, 0xFE, 0x00, 0x43, 0x00, 0x41, 0x00, 0x41, 0x00, 0x43, 0x00, 0x7E,
        0x00, 0x41, 0x00, 0x40, 0x80, 0x40, 0x80, 0x40, 0x80, 0x41, 0x80, 0xFE, 0x00, 0x1F, 0x80,
        0x20, 0xC0, 0x40, 0x40, 0x80, 0x00, 0x80, 0x00, 0x80, 0x00, 0x80, 0x00, 0x80, 0x00, 0x80,
        0x00, 0x40, 0x40, 0x20, 0x80, 0x1F, 0x00, 0xFE, 0x00, 0x41, 0x80, 0x40, 0x40, 0x40, 0x60,
        0x40, 0x20, 0x40, 0x20, 0x40, 0x20, 0x40, 0x20, 0x40, 0x60, 0x40, 0x40, 0x41, 0x80, 0xFE,
        0x00, 0xFF, 0x80, 0x40, 0x80, 0x40, 0x80, 0x40, 0x00, 0x42, 0x00, 0x7E, 0x00, 0x42, 0x00,
        0x40, 0x00, 0x40, 0x00, 0x40, 0x80, 0x40, 0x80, 0xFF, 0x80, 0xFF, 0x80, 0x40, 0x80, 0x40,
        0x80, 0x40, 0x00, 0x42, 0x00, 0x7E, 0x00, 0x42, 0x00, 0x40, 0x00, 0x40, 0x00, 0x40, 0x00,
        0x40, 0x00, 0xF0, 0x00, 0x1F, 0xC0, 0x20, 0x60, 0x40, 0x20, 0x80, 0x00, 0x80, 0x00, 0x80,
        0x00, 0x80, 0xE0, 0x80, 0x20, 0x80, 0x20, 0x40, 0x20, 0x20, 0x60, 0x1F, 0x80, 0xE0, 0xE0,
        0x40, 0x40, 0x40, 0x40, 0x40, 0x40, 0x40, 0x40, 0x7F, 0xC0, 0x40, 0x40, 0x40, 0x40, 0x40,
        0x40, 0x40, 0x40, 0x40, 0x40, 0xE0, 0xE0, 0xE0, 0x40, 0x40, 0x40, 0x40, 0x40, 0x40, 0x40,
        0x40, 0x40, 0x40, 0xE0, 0x1E, 0x04, 0x04, 0x04, 0x04, 0x04, 0x04, 0x04, 0x04, 0x04, 0x04,
        0x04, 0x84, 0x88, 0x78, 0xE7, 0x80, 0x42, 0x00, 0x44, 0x00, 0x48, 0x00, 0x50, 0x00, 0x60,
        0x00, 0x50, 0x00, 0x48, 0x00, 0x44, 0x00, 0x42, 0x00, 0x41, 0x00, 0xE0, 0xC0, 0xE0, 0x00,
        0x40, 0x00, 0x40, 0x00, 0x40, 0x00, 0x40, 0x00, 0x40, 0x00, 0x40, 0x00, 0x40, 0x00, 0x40,
        0x00, 0x40, 0x80, 0x40, 0x80, 0xFF, 0x80, 0xE0, 0x1C, 0x60, 0x18, 0x50, 0x28, 0x50, 0x28,
        0x48, 0x48, 0x48, 0x48, 0x44, 0x88, 0x44, 0x88, 0x43, 0x08, 0x43, 0x08, 0x40, 0x08, 0xE0,
        0x1C, 0xE0, 0xE0, 0x70, 0x40, 0x50, 0x40, 0x48, 0x40, 0x48, 0x40, 0x44, 0x40, 0x42, 0x40,
        0x42, 0x40, 0x41, 0x40, 0x40, 0xC0, 0x40, 0xC0, 0xE0, 0x40, 0x1F, 0x00, 0x20, 0x80, 0x40,
        0x40, 0x80, 0x20, 0x80, 0x20, 0x80, 0x20, 0x80, 0x20, 0x80, 0x20, 0x80, 0x20, 0x40, 0x40,
        0x20, 0x80, 0x1F, 0x00, 0xFE, 0x00, 0x41, 0x00, 0x40, 0x80, 0x40, 0x80, 0x40, 0x80, 0x41,
        0x00, 0x7E, 0x00, 0x40, 0x00, 0x40, 0x00, 0x40, 0x00, 0x40, 0x00, 0xE0, 0x00, 0x1F, 0x00,
        0x20, 0x80, 0x40, 0x40, 0x80, 0x20, 0x80, 0x20, 0x80, 0x20, 0x80, 0x20, 0x80, 0x20, 0x80,
        0x20, 0x40, 0x40, 0x20, 0x80, 0x1F, 0x00, 0x02, 0x00, 0x01, 0x00, 0x00, 0xC0, 0xFE, 0x00,
        0x41, 0x00, 0x40, 0x80, 0x40, 0x80, 0x40, 0x80, 0x41, 0x00, 0x7E, 0x00, 0x41, 0x00, 0x40,
        0x80, 0x40, 0x80, 0x40, 0x80, 0xE0, 0x60, 0x3E, 0xC3, 0x81, 0x80, 0x80, 0x70, 0x0E, 0x03,
        0x01, 0x81, 0xC3, 0x7C, 0xFF, 0x80, 0x88, 0x80, 0x88, 0x80, 0x08, 0x00, 0x08, 0x00, 0x08,
        0x00, 0x08, 0x00, 0x08, 0x00, 0x08, 0x00, 0x08, 0x00, 0x08, 0x00, 0x1C, 0x00, 0xE0, 0xE0,
        0x40, 0x40, 0x40, 0x40, 0x40, 0x40, 0x40, 0x40, 0x40, 0x40, 0x40, 0x40, 0x40, 0x40, 0x40,
        0x40, 0x40, 0x40, 0x20, 0x80, 0x1F, 0x00, 0xF0, 0x70, 0x40, 0x20, 0x20, 0x40, 0x20, 0x40,
        0x20, 0x80, 0x10, 0x80, 0x10, 0x80, 0x09, 0x00, 0x09, 0x00, 0x09, 0x00, 0x06, 0x00, 0x06,
        0x00, 0xE1, 0x87, 0x41, 0x82, 0x41, 0x82, 0x22, 0x44, 0x22, 0x44, 0x22, 0x44, 0x22, 0x44,
        0x14, 0x28, 0x14, 0x28, 0x14, 0x28, 0x08, 0x10, 0x08, 0x10, 0xF1, 0xE0, 0x20, 0x80, 0x11,
        0x00, 0x11, 0x00, 0x0A, 0x00, 0x04, 0x00, 0x0A, 0x00, 0x0A, 0x00, 0x11, 0x00, 0x11, 0x00,
        0x20, 0x80, 0xF1, 0xE0, 0xF1, 0xE0, 0x20, 0x80, 0x20, 0x80, 0x11, 0x00, 0x0A, 0x00, 0x0A,
        0x00, 0x04, 0x00, 0x04, 0x00, 0x04, 0x00, 0x04, 0x00, 0x04, 0x00, 0x0E, 0x00, 0xFF, 0xC0,
        0x80, 0x80, 0x81, 0x00, 0x03, 0x00, 0x02, 0x00, 0x04, 0x00, 0x08, 0x00, 0x10, 0x00, 0x30,
        0x00, 0x20, 0x40, 0x40, 0x40, 0xFF, 0xC0, 0xE0, 0x80, 0x80, 0x80, 0x80, 0x80, 0x80, 0x80,
        0x80, 0x80, 0x80, 0x80, 0x80, 0xE0, 0x80, 0xC0, 0x40, 0x40, 0x60, 0x20, 0x20, 0x20, 0x30,
        0x10, 0x10, 0x18, 0x08, 0xE0, 0x20, 0x20, 0x20, 0x20, 0x20, 0x20, 0x20, 0x20, 0x20, 0x20,
        0x20, 0x20, 0xE0, 0x18, 0x3C, 0x42, 0x81, 0xFF, 0xC0, 0x60, 0x30, 0x3C, 0x46, 0x02, 0x02,
        0x7E, 0x82, 0x82, 0xC6, 0x7B, 0xC0, 0x00, 0x40, 0x00, 0x40, 0x00, 0x5E, 0x00, 0x61, 0x00,
        0x40, 0x80, 0x40, 0x80, 0x40, 0x80, 0x40, 0x80, 0x40, 0x80, 0x61, 0x00, 0xDE, 0x00, 0x3C,
        0x46, 0x82, 0x80, 0x80, 0x80, 0x82, 0x44, 0x3C, 0x03, 0x00, 0x01, 0x00, 0x01, 0x00, 0x3D,
        0x00, 0x43, 0x00, 0x81, 0x00, 0x81, 0x00, 0x81, 0x00, 0x81, 0x00, 0x81, 0x00, 0x43, 0x00,
        0x3D, 0x80, 0x3C, 0x42, 0x81, 0x81, 0xFF, 0x80, 0x81, 0x42, 0x3C, 0x3C, 0x44, 0x40, 0xF8,
        0x40, 0x40, 0x40, 0x40, 0x40, 0x40, 0x40, 0xF0, 0x3D, 0x80, 0x43, 0x00, 0x81, 0x00, 0x81,
        0x00, 0x81, 0x00, 0x81, 0x00, 0x81, 0x00, 0x43, 0x00, 0x3D, 0x00, 0x01, 0x00, 0x42, 0x00,
        0x3C, 0x00, 0xC0, 0x00, 0x40, 0x00, 0x40, 0x00, 0x5E, 0x00, 0x63, 0x00, 0x41, 0x00, 0x41,
        0x00, 0x41, 0x00, 0x41, 0x00, 0x41, 0x00, 0x41, 0x00, 0xE3, 0x80, 0x40, 0x40, 0x00, 0x00,
        0xC0, 0x40, 0x40, 0x40, 0x40, 0x40, 0x40, 0x40, 0xE0, 0x08, 0x08, 0x00, 0x00, 0x18, 0x08,
        0x08, 0x08, 0x08, 0x08, 0x08, 0x08, 0x08, 0x08, 0x88, 0x70, 0xC0, 0x40, 0x40, 0x4F, 0x44,
        0x48, 0x50, 0x70, 0x48, 0x44, 0x42, 0xE7, 0xC0, 0x40, 0x40, 0x40, 0x40, 0x40, 0x40, 0x40,
        0x40, 0x40, 0x40, 0xE0, 0xDC, 0xE0, 0x63, 0x10, 0x42, 0x10, 0x42, 0x10, 0x42, 0x10, 0x42,
        0x10, 0x42, 0x10, 0x42, 0x10, 0xE7, 0x38, 0xDE, 0x00, 0x63, 0x00, 0x41, 0x00, 0x41, 0x00,
        0x41, 0x00, 0x41, 0x00, 0x41, 0x00, 0x41, 0x00, 0xE3, 0x80, 0x3C, 0x42, 0x81, 0x81, 0x81,
        0x81, 0x81, 0x42, 0x3C, 0xDE, 0x00, 0x61, 0x00, 0x40, 0x80, 0x40, 0x80, 0x40, 0x80, 0x40,
        0x80, 0x40, 0x80, 0x61, 0x00, 0x5E, 0x00, 0x40, 0x00, 0x40, 0x00, 0xE0, 0x00, 0x3D, 0x80,
        0x43, 0x00, 0x81, 0x00, 0x81, 0x00, 0x81, 0x00, 0x81, 0x00, 0x81, 0x00, 0x43, 0x00, 0x3D,
        0x00, 0x01, 0x00, 0x01, 0x00, 0x03, 0x80, 0xDE, 0x62, 0x40, 0x40, 0x40, 0x40, 0x40, 0x40,
        0xF0, 0x7C, 0x86, 0x82, 0xC0, 0x78, 0x06, 0x82, 0xC2, 0x7C, 0x40, 0x40, 0x40, 0xFC, 0x40,
        0x40, 0x40, 0x40, 0x40, 0x40, 0x44, 0x38, 0xC3, 0x00, 0x41, 0x00, 0x41, 0x00, 0x41, 0x00,
        0x41, 0x00, 0x41, 0x00, 0x41, 0x00, 0x63, 0x00, 0x3D, 0x80, 0xE3, 0x80, 0x41, 0x00, 0x41,
        0x00, 0x22, 0x00, 0x22, 0x00, 0x14, 0x00, 0x14, 0x00, 0x14, 0x00, 0x08, 0x00, 0xE2, 0x38,
        0x42, 0x10, 0x45, 0x10, 0x45, 0x10, 0x29, 0x20, 0x28, 0xA0, 0x28, 0xA0, 0x10, 0x40, 0x10,
        0x40, 0xE3, 0x80, 0x41, 0x00, 0x22, 0x00, 0x14, 0x00, 0x08, 0x00, 0x14, 0x00, 0x22, 0x00,
        0x41, 0x00, 0xE3, 0x80, 0xE7, 0x42, 0x42, 0x24, 0x24, 0x28, 0x18, 0x18, 0x10, 0x10, 0xA0,
        0xE0, 0xFE, 0x84, 0x0C, 0x08, 0x10, 0x20, 0x62, 0x42, 0xFE, 0x18, 0x20, 0x20, 0x20, 0x20,
        0x20, 0x20, 0xC0, 0x60, 0x20, 0x20, 0x20, 0x20, 0x20, 0x18, 0x80, 0x80, 0x80, 0x80, 0x80,
        0x80, 0x80, 0x80, 0x80, 0x80, 0x80, 0x80, 0x80, 0x80, 0x80, 0x80, 0xC0, 0x20, 0x20, 0x20,
        0x20, 0x20, 0x20, 0x18, 0x20, 0x20, 0x20, 0x20, 0x20, 0x20, 0xC0, 0x78, 0x40, 0x87, 0x80,
        0xC0, 0xC0, 0x00, 0x40, 0x40, 0x40, 0x40, 0x40, 0x40, 0xC0, 0xC0, 0xC0, 0x08, 0x08, 0x3C,
        0x4A, 0x8A, 0x88, 0x88, 0x88, 0x8A, 0x4A, 0x3C, 0x08, 0x08, 0x3E, 0x62, 0x40, 0x40, 0x40,
        0x40, 0xFC, 0x40, 0x40, 0x42, 0x42, 0xFE, 0x80, 0x80, 0x7F, 0x00, 0x63, 0x00, 0x41, 0x00,
        0x41, 0x00, 0x41, 0x00, 0x63, 0x00, 0x7F, 0x00, 0x80, 0x00, 0xE3, 0x80, 0x41, 0x00, 0x22,
        0x00, 0x14, 0x00, 0x77, 0x00, 0x08, 0x00, 0x08, 0x00, 0x7F, 0x00, 0x08, 0x00, 0x08, 0x00,
        0x08, 0x00, 0x1C, 0x00, 0x80, 0x80, 0x80, 0x80, 0x80, 0x80, 0x00, 0x00, 0x80, 0x80, 0x80,
        0x80, 0x80, 0x80, 0x3C, 0x44, 0x40, 0x60, 0x38, 0xCC, 0x86, 0xC2, 0x62, 0x1C, 0x0C, 0x04,
        0x44, 0x78, 0xD8, 0xD8, 0x0F, 0x00, 0x30, 0xC0, 0x40, 0x20, 0x4F, 0x20, 0x98, 0x90, 0x90,
        0x10, 0x90, 0x10, 0x98, 0x90, 0x4F, 0x20, 0x40, 0x20, 0x30, 0xC0, 0x0F, 0x00, 0x38, 0x04,
        0x7C, 0x84, 0x84, 0x7E, 0x00, 0x7C, 0x11, 0x33, 0x66, 0xCC, 0xCC, 0x66, 0x33, 0x11, 0xFF,
        0xC0, 0x00, 0x40, 0x00, 0x40, 0x00, 0x40, 0x0F, 0x00, 0x30, 0xC0, 0x40, 0x20, 0x5F, 0x20,
        0x89, 0x10, 0x8E, 0x10, 0x8B, 0x10, 0x89, 0x10, 0x5C, 0xA0, 0x40, 0x20, 0x30, 0xC0, 0x0F,
        0x00, 0xF8, 0x70, 0x88, 0x88, 0x88, 0x70, 0x08, 0x00, 0x08, 0x00, 0x08, 0x00, 0xFF, 0x80,
        0x08, 0x00, 0x08, 0x00, 0x08, 0x00, 0x00, 0x00, 0x00, 0x00, 0xFF, 0x80, 0x70, 0x88, 0x08,
        0x10, 0x30, 0x48, 0xF8, 0xF0, 0x88, 0x08, 0x30, 0x08, 0x88, 0xF0, 0x30, 0x60, 0xC0, 0xC3,
        0x00, 0x41, 0x00, 0x41, 0x00, 0x41, 0x00, 0x41, 0x00, 0x41, 0x00, 0x41, 0x00, 0x63, 0x00,
        0x7D, 0x80, 0x40, 0x00, 0x40, 0x00, 0xE0, 0x00, 0x3F, 0x80, 0x79, 0x00, 0xF9, 0x00, 0xF9,
        0x00, 0xF9, 0x00, 0x79, 0x00, 0x39, 0x00, 0x09, 0x00, 0x09, 0x00, 0x09, 0x00, 0x09, 0x00,
        0x09, 0x00, 0x09, 0x00, 0x09, 0x00, 0xC0, 0xC0, 0x40, 0x20, 0xE0, 0x60, 0xA0, 0x20, 0x20,
        0x20, 0x20, 0x70, 0x78, 0xCC, 0x84, 0x84, 0xCC, 0x78, 0x00, 0xFC, 0x88, 0xCC, 0x66, 0x33,
        0x33, 0x66, 0xCC, 0x88, 0x60, 0x60, 0xA0, 0x40, 0x20, 0x80, 0x20, 0x80, 0x21, 0x00, 0x22,
        0x08, 0x72, 0x18, 0x04, 0x28, 0x08, 0x28, 0x08, 0x7C, 0x10, 0x08, 0x30, 0x1C, 0x60, 0x60,
        0xA0, 0x40, 0x20, 0x80, 0x20, 0x80, 0x21, 0x00, 0x22, 0x38, 0x72, 0x44, 0x04, 0x04, 0x08,
        0x08, 0x08, 0x18, 0x10, 0x24, 0x30, 0x7C, 0xF0, 0x60, 0x88, 0x40, 0x08, 0x80, 0x30, 0x80,
        0x09, 0x00, 0x8A, 0x08, 0xF2, 0x18, 0x04, 0x28, 0x08, 0x28, 0x08, 0x7C, 0x10, 0x08, 0x30,
        0x1C, 0x0C, 0x0C, 0x00, 0x08, 0x08, 0x38, 0x60, 0xC0, 0x80, 0x82, 0xC6, 0x3C, 0x04, 0x00,
        0x02, 0x00, 0x00, 0x00, 0x06, 0x00, 0x06, 0x00, 0x0B, 0x00, 0x09, 0x00, 0x19, 0x00, 0x10,
        0x80, 0x10, 0x80, 0x20, 0x80, 0x3F, 0xC0, 0x20, 0x40, 0x40, 0x20, 0xE0, 0x70, 0x02, 0x00,
        0x04, 0x00, 0x00, 0x00, 0x06, 0x00, 0x06, 0x00, 0x0B, 0x00, 0x09, 0x00, 0x19, 0x00, 0x10,
        0x80, 0x10, 0x80, 0x20, 0x80, 0x3F, 0xC0, 0x20, 0x40, 0x40, 0x20, 0xE0, 0x70, 0x1C, 0x00,
        0x36, 0x00, 0x00, 0x00, 0x06, 0x00, 0x06, 0x00, 0x0B, 0x00, 0x09, 0x00, 0x19, 0x00, 0x10,
        0x80, 0x10, 0x80, 0x20, 0x80, 0x3F, 0xC0, 0x20, 0x40, 0x40, 0x20, 0xE0, 0x70, 0x1D, 0x00,
        0x17, 0x00, 0x00, 0x00, 0x06, 0x00, 0x06, 0x00, 0x0B, 0x00, 0x09, 0x00, 0x19, 0x00, 0x10,
        0x80, 0x10, 0x80, 0x20, 0x80, 0x3F, 0xC0, 0x20, 0x40, 0x40, 0x20, 0xE0, 0x70, 0x1B, 0x00,
        0x1B, 0x00, 0x00, 0x00, 0x06, 0x00, 0x06, 0x00, 0x0B, 0x00, 0x09, 0x00, 0x19, 0x00, 0x10,
        0x80, 0x10, 0x80, 0x20, 0x80, 0x3F, 0xC0, 0x20, 0x40, 0x40, 0x20, 0xE0, 0x70, 0x06, 0x00,
        0x09, 0x00, 0x09, 0x00, 0x06, 0x00, 0x06, 0x00, 0x0E, 0x00, 0x09, 0x00, 0x09, 0x00, 0x10,
        0x80, 0x10, 0x80, 0x30, 0x80, 0x3F, 0xC0, 0x20, 0x40, 0x40, 0x20, 0xF0, 0x70, 0x0F, 0xFE,
        0x07, 0x02, 0x05, 0x02, 0x0D, 0x00, 0x09, 0x08, 0x19, 0xF8, 0x11, 0x08, 0x11, 0x00, 0x3F,
        0x00, 0x21, 0x02, 0x41, 0x02, 0xE3, 0xFE, 0x1F, 0x80, 0x20, 0xC0, 0x40, 0x40, 0x80, 0x00,
        0x80, 0x00, 0x80, 0x00, 0x80, 0x00, 0x80, 0x00, 0x80, 0x00, 0x40, 0x40, 0x20, 0x80, 0x1F,
        0x00, 0x04, 0x00, 0x02, 0x00, 0x0E, 0x00, 0x08, 0x00, 0x04, 0x00, 0x00, 0x00, 0xFF, 0x80,
        0x40, 0x80, 0x40, 0x80, 0x40, 0x00, 0x42, 0x00, 0x7E, 0x00, 0x42, 0x00, 0x40, 0x00, 0x40,
        0x00, 0x40, 0x80, 0x40, 0x80, 0xFF, 0x80, 0x04, 0x00, 0x08, 0x00, 0x00, 0x00, 0xFF, 0x80,
        0x40, 0x80, 0x40, 0x80, 0x40, 0x00, 0x42, 0x00, 0x7E, 0x00, 0x42, 0x00, 0x40, 0x00, 0x40,
        0x00, 0x40, 0x80, 0x40, 0x80, 0xFF, 0x80, 0x38, 0x00, 0x6C, 0x00, 0x00, 0x00, 0xFF, 0x80,
        0x40, 0x80, 0x40, 0x80, 0x40, 0x00, 0x42, 0x00, 0x7E, 0x00, 0x42, 0x00, 0x40, 0x00, 0x40,
        0x00, 0x40, 0x80, 0x40, 0x80, 0xFF, 0x80, 0x36, 0x00, 0x36, 0x00, 0x00, 0x00, 0xFF, 0x80,
        0x40, 0x80, 0x40, 0x80, 0x40, 0x00, 0x42, 0x00, 0x7E, 0x00, 0x42, 0x00, 0x40, 0x00, 0x40,
        0x00, 0x40, 0x80, 0x40, 0x80, 0xFF, 0x80, 0x40, 0x20, 0x00, 0xE0, 0x40, 0x40, 0x40, 0x40,
        0x40, 0x40, 0x40, 0x40, 0x40, 0x40, 0xE0, 0x20, 0x40, 0x00, 0xE0, 0x40, 0x40, 0x40, 0x40,
        0x40, 0x40, 0x40, 0x40, 0x40, 0x40, 0xE0, 0x70, 0xD8, 0x00, 0x38, 0x10, 0x10, 0x10, 0x10,
        0x10, 0x10, 0x10, 0x10, 0x10, 0x10, 0x38, 0xD8, 0xD8, 0x00, 0x70, 0x20, 0x20, 0x20, 0x20,
        0x20, 0x20, 0x20, 0x20, 0x20, 0x20, 0x70, 0xFE, 0x00, 0x41, 0x80, 0x40, 0x40, 0x40, 0x60,
        0x40, 0x20, 0xF8, 0x20, 0x40, 0x20, 0x40, 0x20, 0x40, 0x60, 0x40, 0x40, 0x41, 0x80, 0xFE,
        0x00, 0x1D, 0x00, 0x17, 0x00, 0x00, 0x00, 0xE0, 0xE0, 0x70, 0x40, 0x50, 0x40, 0x48, 0x40,
        0x48, 0x40, 0x44, 0x40, 0x42, 0x40, 0x42, 0x40, 0x41, 0x40, 0x40, 0xC0, 0x40, 0xC0, 0xE0,
        0x40, 0x04, 0x00, 0x02, 0x00, 0x00, 0x00, 0x1F, 0x00, 0x20, 0x80, 0x40, 0x40, 0x80, 0x20,
        0x80, 0x20, 0x80, 0x20, 0x80, 0x20, 0x80, 0x20, 0x80, 0x20, 0x40, 0x40, 0x20, 0x80, 0x1F,
        0x00, 0x02, 0x00, 0x04, 0x00, 0x00, 0x00, 0x1F, 0x00, 0x20, 0x80, 0x40, 0x40, 0x80, 0x20,
        0x80, 0x20, 0x80, 0x20, 0x80, 0x20, 0x80, 0x20, 0x80, 0x20, 0x40, 0x40, 0x20, 0x80, 0x1F,
        0x00, 0x1C, 0x00, 0x36, 0x00, 0x00, 0x00, 0x1F, 0x00, 0x20, 0x80, 0x40, 0x40, 0x80, 0x20,
        0x80, 0x20, 0x80, 0x20, 0x80, 0x20, 0x80, 0x20, 0x80, 0x20, 0x40, 0x40, 0x20, 0x80, 0x1F,
        0x00, 0x1D, 0x00, 0x17, 0x00, 0x00, 0x00, 0x1F, 0x00, 0x20, 0x80, 0x40, 0x40, 0x80, 0x20,
        0x80, 0x20, 0x80, 0x20, 0x80, 0x20, 0x80, 0x20, 0x80, 0x20, 0x40, 0x40, 0x20, 0x80, 0x1F,
        0x00, 0x1B, 0x00, 0x1B, 0x00, 0x00, 0x00, 0x1F, 0x00, 0x20, 0x80, 0x40, 0x40, 0x80, 0x20,
        0x80, 0x20, 0x80, 0x20, 0x80, 0x20, 0x80, 0x20, 0x80, 0x20, 0x40, 0x40, 0x20, 0x80, 0x1F,
        0x00, 0x80, 0x80, 0x41, 0x00, 0x22, 0x00, 0x14, 0x00, 0x08, 0x00, 0x14, 0x00, 0x22, 0x00,
        0x41, 0x00, 0x80, 0x80, 0x1F, 0x20, 0x20, 0xE0, 0x40, 0x40, 0x80, 0xA0, 0x83, 0x20, 0x86,
        0x20, 0x8C, 0x20, 0x90, 0x20, 0xA0, 0x20, 0x40, 0x40, 0xE0, 0x80, 0x9F, 0x00, 0x04, 0x00,
        0x02, 0x00, 0x00, 0x00, 0xE0, 0xE0, 0x40, 0x40, 0x40, 0x40, 0x40, 0x40, 0x40, 0x40, 0x40,
        0x40, 0x40, 0x40, 0x40, 0x40, 0x40, 0x40, 0x40, 0x40, 0x20, 0x80, 0x1F, 0x00, 0x02, 0x00,
        0x04, 0x00, 0x00, 0x00, 0xE0, 0xE0, 0x40, 0x40, 0x40, 0x40, 0x40, 0x40, 0x40, 0x40, 0x40,
        0x40, 0x40, 0x40, 0x40, 0x40, 0x40, 0x40, 0x40, 0x40, 0x20, 0x80, 0x1F, 0x00, 0x1C, 0x00,
        0x36, 0x00, 0x00, 0x00, 0xE0, 0xE0, 0x40, 0x40, 0x40, 0x40, 0x40, 0x40, 0x40, 0x40, 0x40,
        0x40, 0x40, 0x40, 0x40, 0x40, 0x40, 0x40, 0x40, 0x40, 0x20, 0x80, 0x1F, 0x00, 0x1B, 0x00,
        0x1B, 0x00, 0x00, 0x00, 0xE0, 0xE0, 0x40, 0x40, 0x40, 0x40, 0x40, 0x40, 0x40, 0x40, 0x40,
        0x40, 0x40, 0x40, 0x40, 0x40, 0x40, 0x40, 0x40, 0x40, 0x20, 0x80, 0x1F, 0x00, 0x04, 0x00,
        0x08, 0x00, 0x00, 0x00, 0xF1, 0xE0, 0x20, 0x80, 0x20, 0x80, 0x11, 0x00, 0x0A, 0x00, 0x0A,
        0x00, 0x04, 0x00, 0x04, 0x00, 0x04, 0x00, 0x04, 0x00, 0x04, 0x00, 0x0E, 0x00, 0xE0, 0x00,
        0x40, 0x00, 0x7E, 0x00, 0x41, 0x00, 0x40, 0x80, 0x40, 0x80, 0x40, 0x80, 0x41, 0x00, 0x7E,
        0x00, 0x40, 0x00, 0x40, 0x00, 0xE0, 0x00, 0x3E, 0x00, 0x41, 0x00, 0x47, 0x00, 0x4C, 0x00,
        0x48, 0x00, 0x4C, 0x00, 0x47, 0x00, 0x41, 0x80, 0x40, 0x80, 0x50, 0x80, 0x59, 0x80, 0xCF,
        0x00, 0x60, 0x30, 0x18, 0x00, 0x3C, 0x46, 0x02, 0x02, 0x7E, 0x82, 0x82, 0xC6, 0x7B, 0x0C,
        0x18, 0x30, 0x00, 0x3C, 0x46, 0x02, 0x02, 0x7E, 0x82, 0x82, 0xC6, 0x7B, 0x10, 0x28, 0x44,
        0x00, 0x3C, 0x46, 0x02, 0x02, 0x7E, 0x82, 0x82, 0xC6, 0x7B, 0x74, 0x5C, 0x00, 0x3C, 0x46,
        0x02, 0x02, 0x7E, 0x82, 0x82, 0xC6, 0x7B, 0x6C, 0x6C, 0x00, 0x3C, 0x46, 0x02, 0x02, 0x7E,
        0x82, 0x82, 0xC6, 0x7B, 0x30, 0x48, 0x48, 0x30, 0x00, 0x3C, 0x46, 0x02, 0x02, 0x7E, 0x82,
        0x82, 0xC6, 0x7B, 0x39, 0xE0, 0x46, 0x10, 0x04, 0x08, 0x04, 0x08, 0x7F, 0xF8, 0x84, 0x00,
        0x84, 0x08, 0x8A, 0x10, 0x71, 0xE0, 0x3C, 0x46, 0x82, 0x80, 0x80, 0x80, 0x82, 0x44, 0x3C,
        0x10, 0x08, 0x38, 0x30, 0x18, 0x0C, 0x00, 0x3C, 0x42, 0x81, 0x81, 0xFF, 0x80, 0x81, 0x42,
        0x3C, 0x06, 0x0C, 0x18, 0x00, 0x3C, 0x42, 0x81, 0x81, 0xFF, 0x80, 0x81, 0x42, 0x3C, 0x08,
        0x14, 0x22, 0x00, 0x3C, 0x42, 0x81, 0x81, 0xFF, 0x80, 0x81, 0x42, 0x3C, 0x36, 0x36, 0x00,
        0x3C, 0x42, 0x81, 0x81, 0xFF, 0x80, 0x81, 0x42, 0x3C, 0xC0, 0x60, 0x30, 0x00, 0xC0, 0x40,
        0x40, 0x40, 0x40, 0x40, 0x40, 0x40, 0xE0, 0x18, 0x30, 0x60, 0x00, 0xC0, 0x40, 0x40, 0x40,
        0x40, 0x40, 0x40, 0x40, 0xE0, 0x20, 0x50, 0x88, 0x00, 0xC0, 0x40, 0x40, 0x40, 0x40, 0x40,
        0x40, 0x40, 0xE0, 0xD8, 0xD8, 0x00, 0xC0, 0x40, 0x40, 0x40, 0x40, 0x40, 0x40, 0x40, 0xE0,
        0x61, 0x1E, 0x64, 0x3E, 0x42, 0x81, 0x81, 0x81, 0x81, 0x81, 0x42, 0x3C, 0x3A, 0x00, 0x2E,
        0x00, 0x00, 0x00, 0xDE, 0x00, 0x63, 0x00, 0x41, 0x00, 0x41, 0x00, 0x41, 0x00, 0x41, 0x00,
        0x41, 0x00, 0x41, 0x00, 0xE3, 0x80, 0x30, 0x18, 0x0C, 0x00, 0x3C, 0x42, 0x81, 0x81, 0x81,
        0x81, 0x81, 0x42, 0x3C, 0x06, 0x0C, 0x18, 0x00, 0x3C, 0x42, 0x81, 0x81, 0x81, 0x81, 0x81,
        0x42, 0x3C, 0x08, 0x14, 0x22, 0x00, 0x3C, 0x42, 0x81, 0x81, 0x81, 0x81, 0x81, 0x42, 0x3C,
        0x3A, 0x2E, 0x00, 0x3C, 0x42, 0x81, 0x81, 0x81, 0x81, 0x81, 0x42, 0x3C, 0x36, 0x36, 0x00,
        0x3C, 0x42, 0x81, 0x81, 0x81, 0x81, 0x81, 0x42, 0x3C, 0x0C, 0x00, 0x0C, 0x00, 0x00, 0x00,
        0xFF, 0xC0, 0x00, 0x00, 0x0C, 0x00, 0x0C, 0x00, 0x3D, 0x42, 0x83, 0x85, 0x99, 0xA1, 0xC1,
        0x42, 0xBC, 0x30, 0x00, 0x18, 0x00, 0x0C, 0x00, 0x00, 0x00, 0xC3, 0x00, 0x41, 0x00, 0x41,
        0x00, 0x41, 0x00, 0x41, 0x00, 0x41, 0x00, 0x41, 0x00, 0x63, 0x00, 0x3D, 0x80, 0x06, 0x00,
        0x0C, 0x00, 0x18, 0x00, 0x00, 0x00, 0xC3, 0x00, 0x41, 0x00, 0x41, 0x00, 0x41, 0x00, 0x41,
        0x00, 0x41, 0x00, 0x41, 0x00, 0x63, 0x00, 0x3D, 0x80, 0x08, 0x00, 0x14, 0x00, 0x22, 0x00,
        0x00, 0x00, 0xC3, 0x00, 0x41, 0x00, 0x41, 0x00, 0x41, 0x00, 0x41, 0x00, 0x41, 0x00, 0x41,
        0x00, 0x63, 0x00, 0x3D, 0x80, 0x36, 0x00, 0x36, 0x00, 0x00, 0x00, 0xC3, 0x00, 0x41, 0x00,
        0x41, 0x00, 0x41, 0x00, 0x41, 0x00, 0x41, 0x00, 0x41, 0x00, 0x63, 0x00, 0x3D, 0x80, 0x06,
        0x0C, 0x18, 0x00, 0xE7, 0x42, 0x42, 0x24, 0x24, 0x28, 0x18, 0x18, 0x10, 0x10, 0xA0, 0xE0,
        0xC0, 0x00, 0x40, 0x00, 0x40, 0x00, 0x5E, 0x00, 0x61, 0x00, 0x40, 0x80, 0x40, 0x80, 0x40,
        0x80, 0x40, 0x80, 0x40, 0x80, 0x61, 0x00, 0x5E, 0x00, 0x40, 0x00, 0x40, 0x00, 0xE0, 0x00,
        0x36, 0x36, 0x00, 0xE7, 0x42, 0x42, 0x24, 0x24, 0x28, 0x18, 0x18, 0x10, 0x10, 0xA0, 0xE0,
        0xFE, 0xFF, 0xFE, 0x40, 0x80, 0x80, 0x80, 0x40, 0x40, 0x40, 0x80, 0x40, 0x40, 0x40, 0x80,
        0x48, 0x90, 0x90, 0x90, 0x48, 0x48, 0x48, 0x90, 0x48, 0x48, 0x48, 0x90, 0x70, 0xF8, 0xF8,
        0xF8, 0x70, 0xC6, 0x30, 0xC6, 0x30, 0x10, 0x30, 0x60, 0xC0, 0xC0, 0x60, 0x30, 0x10, 0x80,
        0xC0, 0x60, 0x30, 0x30, 0x60, 0xC0, 0x80, 0x1F, 0x00, 0x21, 0x80, 0x20, 0x80, 0x40, 0x00,
        0xFC, 0x00, 0x40, 0x00, 0x40, 0x00, 0xF8, 0x00, 0x40, 0x00, 0x20, 0x80, 0x21, 0x00, 0x1E,
        0x00, 0xFE, 0x30, 0xAB, 0x60, 0x22, 0xA0, 0x22, 0x20, 0x77, 0x70, 0xFF, 0xC0,
    ],
    line_height: 20,
};

// SERIF_MEDIUM: 19 px, cap 14, line height 24, mono
pub static SERIF_MEDIUM: BitmapFont = BitmapFont {
    glyphs: &[
        Glyph::new(0, 0, 0, 6, 0, 0),
        Glyph::new(0, 2, 14, 8, 3, -14),
        Glyph::new(14, 4, 5, 9, 2, -14),
        Glyph::new(19, 13, 14, 16, 1, -14),
        Glyph::new(47, 9, 17, 12, 2, -14),
        Glyph::new(81, 16, 14, 18, 1, -14),
        Glyph::new(109, 15, 14, 17, 1, -14),
        Glyph::new(137, 1, 5, 5, 2, -14),
        Glyph::new(142, 5, 17, 7, 1, -14),
        Glyph::new(159, 5, 17, 7, 1, -14),
        Glyph::new(176, 9, 9, 10, 0, -14),
        Glyph::new(194, 13, 13, 16, 1, -13),
        Glyph::new(220, 4, 5, 6, 0, -2),
        Glyph::new(225, 5, 1, 6, 1, -6),
        Glyph::new(226, 2, 2, 6, 2, -2),
        Glyph::new(228, 6, 16, 6, 0, -14),
        Glyph::new(244, 10, 14, 12, 1, -14),
        Glyph::new(272, 7, 14, 12, 2, -14),
        Glyph::new(286, 9, 14, 12, 1, -14),
        Glyph::new(314, 9, 14, 12, 2, -14),
        Glyph::new(342, 11, 14, 12, 0, -14),
        Glyph::new(370, 9, 14, 12, 2, -14),
        Glyph::new(398, 10, 14, 12, 1, -14),
        Glyph::new(426, 9, 14, 12, 2, -14),
        Glyph::new(454, 10, 14, 12, 1, -14),
        Glyph::new(482, 10, 14, 12, 1, -14),
        Glyph::new(510, 2, 8, 6, 2, -8),
        Glyph::new(518, 3, 11, 6, 1, -8),
        Glyph::new(529, 12, 10, 16, 2, -11),
        Glyph::new(549, 12, 5, 16, 2, -9),
        Glyph::new(559, 12, 10, 16, 2, -11),
        Glyph::new(579, 8, 14, 10, 1, -14),
        Glyph::new(593, 16, 17, 19, 1, -13),
        Glyph::new(627, 14, 14, 14, 0, -14),
        Glyph::new(655, 12, 14, 14, 1, -14),
        Glyph::new(683, 12, 14, 15, 1, -14),
        Glyph::new(711, 13, 14, 15, 1, -14),
        Glyph::new(739, 12, 14, 14, 1, -14),
        Glyph::new(767, 12, 14, 13, 1, -14),
        Glyph::new(795, 13, 14, 15, 1, -14),
        Glyph::new(823, 15, 14, 17, 1, -14),
        Glyph::new(851, 6, 14, 8, 1, -14),
        Glyph::new(865, 9, 18, 8, -2, -14),
        Glyph::new(901, 14, 14, 14, 1, -14),
        Glyph::new(929, 11, 14, 13, 1, -14),
        Glyph::new(957, 18, 14, 19, 1, -14),
        Glyph::new(999, 15, 14, 17, 1, -14),
        Glyph::new(1027, 13, 14, 16, 1, -14),
        Glyph::new(1055, 11, 14, 13, 1, -14),
        Glyph::new(1083, 13, 17, 16, 1, -14),
        Glyph::new(1117, 13, 14, 14, 1, -14),
        Glyph::new(1145, 10, 14, 13, 2, -14),
        Glyph::new(1173, 12, 14, 13, 0, -14),
        Glyph::new(1201, 15, 14, 16, 1, -14),
        Glyph::new(1229, 14, 14, 14, 0, -14),
        Glyph::new(1257, 19, 14, 20, 0, -14),
        Glyph::new(1299, 13, 14, 14, 0, -14),
        Glyph::new(1327, 13, 14, 13, 0, -14),
        Glyph::new(1355, 12, 14, 13, 1, -14),
        Glyph::new(1383, 5, 17, 7, 1, -14),
        Glyph::new(1400, 6, 16, 6, 0, -14),
        Glyph::new(1416, 5, 17, 7, 1, -14),
        Glyph::new(1433, 10, 5, 16, 3, -14),
        Glyph::new(1443, 10, 1, 10, 0, 3),
        Glyph::new(1445, 4, 3, 10, 2, -15),
        Glyph::new(1448, 9, 9, 11, 1, -9),
        Glyph::new(1466, 10, 14, 12, 1, -14),
        Glyph::new(1494, 9, 9, 11, 1, -9),
        Glyph::new(1512, 10, 14, 12, 1, -14),
        Glyph::new(1540, 9, 9, 11, 1, -9),
        Glyph::new(1558, 7, 14, 7, 1, -14),
        Glyph::new(1572, 10, 13, 12, 1, -9),
        Glyph::new(1598, 10, 14, 12, 1, -14),
        Glyph::new(1626, 4, 13, 6, 1, -13),
        Glyph::new(1639, 6, 17, 6, -2, -13),
        Glyph::new(1656, 10, 14, 12, 1, -14),
        Glyph::new(1684, 4, 14, 6, 1, -14),
        Glyph::new(1698, 16, 9, 18, 1, -9),
        Glyph::new(1716, 10, 9, 12, 1, -9),
        Glyph::new(1734, 9, 9, 11, 1, -9),
        Glyph::new(1752, 10, 13, 12, 1, -9),
        Glyph::new(1778, 10, 13, 12, 1, -9),
        Glyph::new(1804, 8, 9, 9, 1, -9),
        Glyph::new(1813, 8, 9, 10, 1, -9),
        Glyph::new(1822, 6, 12, 8, 1, -12),
        Glyph::new(1834, 10, 9, 12, 1, -9),
        Glyph::new(1852, 11, 9, 11, 0, -9),
        Glyph::new(1870, 16, 9, 16, 0, -9),
        Glyph::new(1888, 10, 9, 11, 0, -9),
        Glyph::new(1906, 11, 13, 11, 0, -9),
        Glyph::new(1932, 9, 9, 10, 1, -9),
        Glyph::new(1950, 8, 18, 12, 2, -14),
        Glyph::new(1968, 2, 19, 6, 2, -15),
        Glyph::new(1987, 8, 18, 12, 2, -14),
        Glyph::new(2005, 12, 2, 16, 2, -8),
        Glyph::new(2009, 0, 0, 6, 0, 0),
        Glyph::new(2009, 2, 14, 8, 3, -9),
        Glyph::new(2023, 9, 14, 12, 1, -11),
        Glyph::new(2051, 9, 14, 12, 1, -14),
        Glyph::new(2079, 10, 10, 12, 1, -12),
        Glyph::new(2099, 12, 14, 12, 0, -14),
        Glyph::new(2127, 2, 16, 6, 2, -13),
        Glyph::new(2143, 8, 16, 10, 1, -14),
        Glyph::new(2159, 5, 2, 10, 2, -14),
        Glyph::new(2161, 14, 14, 19, 3, -14),
        Glyph::new(2189, 8, 9, 9, 1, -14),
        Glyph::new(2198, 8, 8, 12, 2, -10),
        Glyph::new(2206, 12, 5, 16, 2, -8),
        Glyph::new(2216, 0, 0, 0, 0, 0),
        Glyph::new(2216, 14, 14, 19, 3, -14),
        Glyph::new(2244, 6, 1, 10, 2, -14),
        Glyph::new(2245, 6, 6, 10, 2, -14),
        Glyph::new(2251, 11, 12, 16, 2, -12),
        Glyph::new(2275, 6, 8, 8, 1, -14),
        Glyph::new(2283, 6, 8, 8, 1, -14),
        Glyph::new(2291, 4, 3, 10, 4, -15),
        Glyph::new(2294, 10, 13, 12, 1, -9),
        Glyph::new(2320, 9, 16, 12, 2, -14),
        Glyph::new(2352, 2, 2, 6, 2, -8),
        Glyph::new(2354, 4, 4, 10, 3, 0),
        Glyph::new(2358, 5, 8, 8, 1, -14),
        Glyph::new(2366, 7, 9, 9, 1, -14),
        Glyph::new(2375, 8, 8, 12, 2, -10),
        Glyph::new(2383, 17, 14, 18, 1, -14),
        Glyph::new(2425, 17, 14, 18, 1, -14),
        Glyph::new(2467, 17, 14, 18, 1, -14),
        Glyph::new(2509, 8, 13, 10, 1, -9),
        Glyph::new(2522, 14, 17, 14, 0, -17),
        Glyph::new(2556, 14, 17, 14, 0, -17),
        Glyph::new(2590, 14, 17, 14, 0, -17),
        Glyph::new(2624, 14, 17, 14, 0, -17),
        Glyph::new(2658, 14, 17, 14, 0, -17),
        Glyph::new(2692, 14, 18, 14, 0, -18),
        Glyph::new(2728, 19, 14, 19, -1, -14),
        Glyph::new(2770, 12, 18, 15, 1, -14),
        Glyph::new(2806, 12, 17, 14, 1, -17),
        Glyph::new(2840, 12, 17, 14, 1, -17),
        Glyph::new(2874, 12, 17, 14, 1, -17),
        Glyph::new(2908, 12, 17, 14, 1, -17),
        Glyph::new(2942, 6, 17, 8, 1, -17),
        Glyph::new(2959, 6, 17, 8, 1, -17),
        Glyph::new(2976, 6, 17, 8, 1, -17),
        Glyph::new(2993, 6, 17, 8, 1, -17),
        Glyph::new(3010, 13, 14, 15, 1, -14),
        Glyph::new(3038, 15, 17, 17, 1, -17),
        Glyph::new(3072, 13, 17, 16, 1, -17),
        Glyph::new(3106, 13, 17, 16, 1, -17),
        Glyph::new(3140, 13, 17, 16, 1, -17),
        Glyph::new(3174, 13, 17, 16, 1, -17),
        Glyph::new(3208, 13, 17, 16, 1, -17),
        Glyph::new(3242, 11, 11, 16, 2, -11),
        Glyph::new(3264, 13, 14, 16, 1, -15),
        Glyph::new(3292, 15, 17, 16, 1, -17),
        Glyph::new(3326, 15, 17, 16, 1, -17),
        Glyph::new(3360, 15, 17, 16, 1, -17),
        Glyph::new(3394, 15, 17, 16, 1, -17),
        Glyph::new(3428, 13, 17, 13, 0, -17),
        Glyph::new(3462, 11, 14, 13, 1, -14),
        Glyph::new(3490, 11, 14, 13, 1, -14),
        Glyph::new(3518, 9, 15, 11, 1, -15),
        Glyph::new(3548, 9, 15, 11, 1, -15),
        Glyph::new(3578, 9, 15, 11, 1, -15),
        Glyph::new(3608, 9, 14, 11, 1, -14),
        Glyph::new(3636, 9, 14, 11, 1, -14),
        Glyph::new(3664, 9, 17, 11, 1, -17),
        Glyph::new(3698, 16, 9, 18, 1, -9),
        Glyph::new(3716, 9, 13, 11, 1, -9),
        Glyph::new(3742, 9, 15, 11, 1, -15),
        Glyph::new(3772, 9, 15, 11, 1, -15),
        Glyph::new(3802, 9, 15, 11, 1, -15),
        Glyph::new(3832, 9, 14, 11, 1, -14),
        Glyph::new(3860, 6, 15, 6, 0, -15),
        Glyph::new(3875, 5, 15, 6, 1, -15),
        Glyph::new(3890, 6, 15, 6, 0, -15),
        Glyph::new(3905, 5, 14, 6, 1, -14),
        Glyph::new(3919, 9, 14, 11, 1, -14),
        Glyph::new(3947, 10, 14, 12, 1, -14),
        Glyph::new(3975, 9, 15, 11, 1, -15),
        Glyph::new(4005, 9, 15, 11, 1, -15),
        Glyph::new(4035, 9, 15, 11, 1, -15),
        Glyph::new(4065, 9, 14, 11, 1, -14),
        Glyph::new(4093, 9, 14, 11, 1, -14),
        Glyph::new(4121, 12, 7, 16, 2, -10),
        Glyph::new(4135, 9, 11, 11, 1, -10),
        Glyph::new(4157, 10, 15, 12, 1, -15),
        Glyph::new(4187, 10, 15, 12, 1, -15),
        Glyph::new(4217, 10, 15, 12, 1, -15),
        Glyph::new(4247, 10, 14, 12, 1, -14),
        Glyph::new(4275, 11, 19, 11, 0, -15),
        Glyph::new(4313, 10, 18, 12, 1, -14),
        Glyph::new(4349, 11, 18, 11, 0, -14),
        Glyph::new(4385, 8, 1, 10, 1, -6),
        Glyph::new(4386, 17, 1, 19, 1, -6),
        Glyph::new(4389, 3, 5, 6, 2, -14),
        Glyph::new(4394, 3, 5, 6, 1, -14),
        Glyph::new(4399, 4, 5, 6, 1, -2),
        Glyph::new(4404, 7, 5, 10, 2, -14),
        Glyph::new(4409, 7, 5, 10, 1, -14),
        Glyph::new(4414, 8, 5, 10, 0, -2),
        Glyph::new(4419, 6, 6, 11, 3, -10),
        Glyph::new(4425, 14, 2, 19, 3, -2),
        Glyph::new(4429, 4, 8, 8, 2, -10),
        Glyph::new(4437, 4, 8, 8, 2, -10),
        Glyph::new(4445, 11, 14, 12, 0, -14),
        Glyph::new(4473, 14, 5, 19, 2, -14),
        Glyph::new(4483, 12, 1, 16, 2, -7),
    ],
    bitmap: &[
        0xC0, 0xC0, 0xC0, 0xC0, 0xC0, 0xC0, 0xC0, 0xC0, 0xC0, 0xC0, 0x00, 0x00, 0xC0, 0xC0, 0x90,
        0x90, 0x90, 0x90, 0x90, 0x06, 0x60, 0x04, 0x60, 0x04, 0x40, 0x0C, 0x40, 0x7F, 0xF8, 0x08,
        0xC0, 0x08, 0x80, 0x18, 0x80, 0x19, 0x80, 0xFF, 0xF0, 0x11, 0x00, 0x31, 0x00, 0x33, 0x00,
        0x33, 0x00, 0x08, 0x00, 0x08, 0x00, 0x3E, 0x00, 0xEB, 0x00, 0xC9, 0x00, 0xC8, 0x00, 0xF8,
        0x00, 0x3E, 0x00, 0x0F, 0x00, 0x09, 0x80, 0x89, 0x80, 0x89, 0x80, 0xCB, 0x00, 0x7E, 0x00,
        0x08, 0x00, 0x08, 0x00, 0x08, 0x00, 0x78, 0x08, 0x48, 0x10, 0x84, 0x30, 0x84, 0x20, 0x84,
        0x40, 0x84, 0xC0, 0x48, 0x9E, 0x79, 0x12, 0x03, 0x21, 0x02, 0x21, 0x04, 0x21, 0x0C, 0x21,
        0x08, 0x12, 0x10, 0x1E, 0x0F, 0x00, 0x39, 0x80, 0x30, 0x80, 0x30, 0x00, 0x38, 0x00, 0x1C,
        0x00, 0x6C, 0x3E, 0x46, 0x08, 0xC3, 0x08, 0xC1, 0x90, 0xC1, 0xF0, 0xE0, 0xE0, 0x70, 0xF0,
        0x3F, 0x3E, 0x80, 0x80, 0x80, 0x80, 0x80, 0x08, 0x10, 0x20, 0x60, 0x40, 0xC0, 0xC0, 0xC0,
        0xC0, 0xC0, 0xC0, 0xC0, 0x40, 0x60, 0x20, 0x10, 0x08, 0x80, 0x40, 0x20, 0x30, 0x10, 0x18,
        0x18, 0x18, 0x18, 0x18, 0x18, 0x18, 0x10, 0x30, 0x20, 0x40, 0x80, 0x08, 0x00, 0x08, 0x00,
        0xC9, 0x80, 0x6B, 0x00, 0x1C, 0x00, 0x7F, 0x00, 0xC9, 0x80, 0x08, 0x00, 0x08, 0x00, 0x02,
        0x00, 0x02, 0x00, 0x02, 0x00, 0x02, 0x00, 0x02, 0x00, 0x02, 0x00, 0xFF, 0xF8, 0x02, 0x00,
        0x02, 0x00, 0x02, 0x00, 0x02, 0x00, 0x02, 0x00, 0x02, 0x00, 0x30, 0x30, 0x20, 0x60, 0xC0,
        0xF8, 0xC0, 0xC0, 0x0C, 0x0C, 0x08, 0x08, 0x18, 0x10, 0x10, 0x30, 0x30, 0x20, 0x20, 0x60,
        0x40, 0x40, 0xC0, 0xC0, 0x1E, 0x00, 0x33, 0x00, 0x61, 0x80, 0xC0, 0xC0, 0xC0, 0xC0, 0xC0,
        0xC0, 0xC0, 0xC0, 0xC0, 0xC0, 0xC0, 0xC0, 0xC0, 0xC0, 0xC0, 0xC0, 0x61, 0x80, 0x33, 0x00,
        0x1E, 0x00, 0x18, 0x78, 0x98, 0x18, 0x18, 0x18, 0x18, 0x18, 0x18, 0x18, 0x18, 0x18, 0x18,
        0x7E, 0x7E, 0x00, 0xC3, 0x00, 0x81, 0x80, 0x01, 0x80, 0x01, 0x80, 0x01, 0x00, 0x03, 0x00,
        0x06, 0x00, 0x08, 0x00, 0x10, 0x00, 0x20, 0x80, 0x40, 0x80, 0xFF, 0x80, 0xFF, 0x80, 0x7C,
        0x00, 0xC7, 0x00, 0x83, 0x00, 0x03, 0x00, 0x03, 0x00, 0x06, 0x00, 0x18, 0x00, 0x07, 0x00,
        0x01, 0x80, 0x01, 0x80, 0x01, 0x80, 0x81, 0x80, 0xC3, 0x00, 0x7E, 0x00, 0x03, 0x00, 0x07,
        0x00, 0x0F, 0x00, 0x0B, 0x00, 0x13, 0x00, 0x33, 0x00, 0x23, 0x00, 0x43, 0x00, 0xC3, 0x00,
        0xFF, 0xE0, 0x03, 0x00, 0x03, 0x00, 0x03, 0x00, 0x0F, 0xC0, 0x7F, 0x00, 0x7F, 0x00, 0x40,
        0x00, 0x40, 0x00, 0x40, 0x00, 0x7E, 0x00, 0x43, 0x00, 0x01, 0x80, 0x01, 0x80, 0x01, 0x80,
        0x01, 0x80, 0x81, 0x80, 0xC3, 0x00, 0x7E, 0x00, 0x1F, 0x00, 0x31, 0x80, 0x60, 0x80, 0x40,
        0x00, 0xC0, 0x00, 0xDF, 0x00, 0xE1, 0x80, 0xC0, 0xC0, 0xC0, 0xC0, 0xC0, 0xC0, 0xC0, 0xC0,
        0x40, 0xC0, 0x61, 0x80, 0x1F, 0x00, 0xFF, 0x80, 0xFF, 0x80, 0x81, 0x00, 0x81, 0x00, 0x03,
        0x00, 0x02, 0x00, 0x02, 0x00, 0x04, 0x00, 0x04, 0x00, 0x08, 0x00, 0x08, 0x00, 0x08, 0x00,
        0x10, 0x00, 0x10, 0x00, 0x3F, 0x00, 0x61, 0x80, 0xC0, 0xC0, 0xC0, 0xC0, 0xC0, 0xC0, 0x61,
        0x80, 0x1E, 0x00, 0x61, 0x80, 0xC0, 0xC0, 0xC0, 0xC0, 0xC0, 0xC0, 0xC0, 0xC0, 0x61, 0x80,
        0x3F, 0x00, 0x3E, 0x00, 0x61, 0x80, 0xC0, 0x80, 0xC0, 0xC0, 0xC0, 0xC0, 0xC0, 0xC0, 0xC0,
        0xC0, 0x61, 0xC0, 0x3E, 0xC0, 0x00, 0xC0, 0x00, 0x80, 0x41, 0x80, 0x63, 0x00, 0x3E, 0x00,
        0xC0, 0xC0, 0x00, 0x00, 0x00, 0x00, 0xC0, 0xC0, 0x60, 0x60, 0x00, 0x00, 0x00, 0x00, 0x60,
        0x60, 0x40, 0xC0, 0x80, 0x00, 0x10, 0x00, 0xF0, 0x07, 0x80, 0x3E, 0x00, 0xF0, 0x00, 0xF0,
        0x00, 0x3C, 0x00, 0x07, 0x80, 0x00, 0xF0, 0x00, 0x10, 0xFF, 0xF0, 0x00, 0x00, 0x00, 0x00,
        0x00, 0x00, 0xFF, 0xF0, 0x80, 0x00, 0xF0, 0x00, 0x1E, 0x00, 0x07, 0xC0, 0x00, 0xF0, 0x00,
        0xF0, 0x03, 0xC0, 0x1E, 0x00, 0xF0, 0x00, 0x80, 0x00, 0x7C, 0xC6, 0x83, 0x03, 0x03, 0x07,
        0x0E, 0x1C, 0x10, 0x10, 0x10, 0x00, 0x30, 0x30, 0x07, 0xE0, 0x0C, 0x18, 0x38, 0x04, 0x30,
        0x02, 0x63, 0xB2, 0x43, 0x71, 0xC6, 0x31, 0xC6, 0x31, 0xC6, 0x31, 0xC6, 0x31, 0xC6, 0x32,
        0xC3, 0x74, 0x63, 0xB8, 0x70, 0x00, 0x38, 0x08, 0x1C, 0x18, 0x07, 0xE0, 0x03, 0x00, 0x03,
        0x00, 0x07, 0x80, 0x05, 0x80, 0x09, 0x80, 0x08, 0xC0, 0x08, 0xC0, 0x10, 0xE0, 0x10, 0x60,
        0x3F, 0xE0, 0x20, 0x30, 0x20, 0x30, 0x40, 0x30, 0xF0, 0x7C, 0xFF, 0x80, 0x30, 0xE0, 0x30,
        0x60, 0x30, 0x60, 0x30, 0x60, 0x30, 0xC0, 0x3F, 0x80, 0x30, 0x60, 0x30, 0x30, 0x30, 0x30,
        0x30, 0x30, 0x30, 0x30, 0x30, 0x60, 0xFF, 0xC0, 0x0F, 0xC0, 0x30, 0x70, 0x60, 0x30, 0x60,
        0x10, 0xC0, 0x00, 0xC0, 0x00, 0xC0, 0x00, 0xC0, 0x00, 0xC0, 0x00, 0xC0, 0x00, 0x60, 0x30,
        0x60, 0x60, 0x30, 0xE0, 0x0F, 0x80, 0xFF, 0x80, 0x30, 0xE0, 0x30, 0x30, 0x30, 0x30, 0x30,
        0x18, 0x30, 0x18, 0x30, 0x18, 0x30, 0x18, 0x30, 0x18, 0x30, 0x18, 0x30, 0x30, 0x30, 0x30,
        0x30, 0xE0, 0xFF, 0x80, 0xFF, 0xF0, 0x30, 0x10, 0x30, 0x10, 0x30, 0x00, 0x30, 0x40, 0x30,
        0x40, 0x3F, 0xC0, 0x30, 0x40, 0x30, 0x40, 0x30, 0x00, 0x30, 0x00, 0x30, 0x10, 0x30, 0x10,
        0xFF, 0xF0, 0xFF, 0xF0, 0x30, 0x10, 0x30, 0x10, 0x30, 0x00, 0x30, 0x40, 0x30, 0x40, 0x3F,
        0xC0, 0x30, 0x40, 0x30, 0x40, 0x30, 0x00, 0x30, 0x00, 0x30, 0x00, 0x30, 0x00, 0xFC, 0x00,
        0x0F, 0xE0, 0x18, 0x38, 0x60, 0x18, 0x60, 0x08, 0xC0, 0x00, 0xC0, 0x00, 0xC0, 0x00, 0xC0,
        0xF8, 0xC0, 0x18, 0xC0, 0x18, 0x60, 0x18, 0x60, 0x18, 0x38, 0x38, 0x0F, 0xE0, 0xFC, 0x7E,
        0x30, 0x18, 0x30, 0x18, 0x30, 0x18, 0x30, 0x18, 0x30, 0x18, 0x3F, 0xF8, 0x30, 0x18, 0x30,
        0x18, 0x30, 0x18, 0x30, 0x18, 0x30, 0x18, 0x30, 0x18, 0xFC, 0x7E, 0xFC, 0x30, 0x30, 0x30,
        0x30, 0x30, 0x30, 0x30, 0x30, 0x30, 0x30, 0x30, 0x30, 0xFC, 0x1F, 0x80, 0x06, 0x00, 0x06,
        0x00, 0x06, 0x00, 0x06, 0x00, 0x06, 0x00, 0x06, 0x00, 0x06, 0x00, 0x06, 0x00, 0x06, 0x00,
        0x06, 0x00, 0x06, 0x00, 0x06, 0x00, 0x06, 0x00, 0x06, 0x00, 0x86, 0x00, 0x8C, 0x00, 0x78,
        0x00, 0xFC, 0x78, 0x30, 0x20, 0x30, 0xC0, 0x31, 0x80, 0x33, 0x00, 0x34, 0x00, 0x3C, 0x00,
        0x3E, 0x00, 0x37, 0x00, 0x33, 0x80, 0x31, 0xC0, 0x30, 0xE0, 0x30, 0x70, 0xFC, 0x3C, 0xFC,
        0x00, 0x30, 0x00, 0x30, 0x00, 0x30, 0x00, 0x30, 0x00, 0x30, 0x00, 0x30, 0x00, 0x30, 0x00,
        0x30, 0x00, 0x30, 0x00, 0x30, 0x00, 0x30, 0x20, 0x30, 0x20, 0xFF, 0xE0, 0xF0, 0x03, 0xC0,
        0x38, 0x07, 0x00, 0x38, 0x07, 0x00, 0x2C, 0x0B, 0x00, 0x2C, 0x0B, 0x00, 0x26, 0x13, 0x00,
        0x26, 0x13, 0x00, 0x23, 0x23, 0x00, 0x23, 0x23, 0x00, 0x21, 0xC3, 0x00, 0x21, 0xC3, 0x00,
        0x21, 0x83, 0x00, 0x20, 0x03, 0x00, 0xF8, 0x0F, 0xC0, 0xF0, 0x3E, 0x38, 0x08, 0x3C, 0x08,
        0x2C, 0x08, 0x26, 0x08, 0x27, 0x08, 0x23, 0x88, 0x21, 0x88, 0x20, 0xC8, 0x20, 0xE8, 0x20,
        0x78, 0x20, 0x38, 0x20, 0x18, 0xF8, 0x18, 0x0F, 0x80, 0x30, 0x60, 0x60, 0x30, 0x60, 0x30,
        0xC0, 0x18, 0xC0, 0x18, 0xC0, 0x18, 0xC0, 0x18, 0xC0, 0x18, 0xC0, 0x18, 0x60, 0x30, 0x60,
        0x30, 0x30, 0x60, 0x0F, 0x80, 0xFF, 0x80, 0x30, 0xC0, 0x30, 0x60, 0x30, 0x60, 0x30, 0x60,
        0x30, 0x60, 0x30, 0xC0, 0x3F, 0x80, 0x30, 0x00, 0x30, 0x00, 0x30, 0x00, 0x30, 0x00, 0x30,
        0x00, 0xFC, 0x00, 0x0F, 0x80, 0x30, 0x60, 0x60, 0x30, 0x60, 0x30, 0xC0, 0x18, 0xC0, 0x18,
        0xC0, 0x18, 0xC0, 0x18, 0xC0, 0x18, 0xC0, 0x18, 0x60, 0x30, 0x60, 0x30, 0x30, 0x60, 0x0F,
        0x80, 0x01, 0x80, 0x00, 0xE0, 0x00, 0x60, 0xFF, 0x80, 0x30, 0xC0, 0x30, 0x60, 0x30, 0x60,
        0x30, 0x60, 0x30, 0x60, 0x30, 0xC0, 0x3F, 0x00, 0x31, 0x80, 0x30, 0xC0, 0x30, 0xC0, 0x30,
        0x60, 0x30, 0x70, 0xFC, 0x38, 0x3F, 0x00, 0x61, 0x80, 0xC0, 0x80, 0xC0, 0x80, 0xC0, 0x00,
        0xF0, 0x00, 0x7E, 0x00, 0x1F, 0x80, 0x01, 0xC0, 0x00, 0xC0, 0x80, 0xC0, 0x80, 0xC0, 0xC1,
        0x80, 0x7F, 0x00, 0xFF, 0xF0, 0x86, 0x10, 0x86, 0x10, 0x06, 0x00, 0x06, 0x00, 0x06, 0x00,
        0x06, 0x00, 0x06, 0x00, 0x06, 0x00, 0x06, 0x00, 0x06, 0x00, 0x06, 0x00, 0x06, 0x00, 0x1F,
        0x80, 0xFC, 0x3E, 0x30, 0x08, 0x30, 0x08, 0x30, 0x08, 0x30, 0x08, 0x30, 0x08, 0x30, 0x08,
        0x30, 0x08, 0x30, 0x08, 0x30, 0x08, 0x30, 0x08, 0x38, 0x18, 0x1C, 0x30, 0x0F, 0xE0, 0xF8,
        0x3C, 0x70, 0x10, 0x30, 0x10, 0x30, 0x10, 0x18, 0x20, 0x18, 0x20, 0x18, 0x60, 0x0C, 0x40,
        0x0C, 0x40, 0x0E, 0x80, 0x06, 0x80, 0x06, 0x80, 0x03, 0x00, 0x03, 0x00, 0xF8, 0x61, 0xE0,
        0x70, 0x60, 0xC0, 0x30, 0x60, 0x80, 0x30, 0xB0, 0x80, 0x30, 0xB0, 0x80, 0x18, 0xB1, 0x00,
        0x19, 0x31, 0x00, 0x19, 0x19, 0x00, 0x19, 0x19, 0x00, 0x0D, 0x1A, 0x00, 0x0E, 0x1E, 0x00,
        0x0E, 0x0E, 0x00, 0x0E, 0x0E, 0x00, 0x06, 0x0C, 0x00, 0xF9, 0xF0, 0x30, 0x40, 0x38, 0xC0,
        0x18, 0x80, 0x0D, 0x00, 0x0F, 0x00, 0x06, 0x00, 0x07, 0x00, 0x0F, 0x00, 0x09, 0x80, 0x11,
        0xC0, 0x30, 0xC0, 0x20, 0x60, 0xF1, 0xF8, 0xF8, 0x78, 0x30, 0x30, 0x38, 0x20, 0x18, 0x40,
        0x0C, 0x40, 0x0E, 0x80, 0x06, 0x80, 0x03, 0x00, 0x03, 0x00, 0x03, 0x00, 0x03, 0x00, 0x03,
        0x00, 0x03, 0x00, 0x0F, 0xC0, 0xFF, 0xF0, 0x80, 0x60, 0x80, 0xE0, 0x01, 0xC0, 0x01, 0x80,
        0x03, 0x00, 0x07, 0x00, 0x0E, 0x00, 0x0C, 0x00, 0x18, 0x00, 0x38, 0x00, 0x70, 0x10, 0x60,
        0x10, 0xFF, 0xF0, 0xF8, 0xC0, 0xC0, 0xC0, 0xC0, 0xC0, 0xC0, 0xC0, 0xC0, 0xC0, 0xC0, 0xC0,
        0xC0, 0xC0, 0xC0, 0xC0, 0xF8, 0xC0, 0xC0, 0x40, 0x40, 0x60, 0x20, 0x20, 0x30, 0x30, 0x10,
        0x10, 0x18, 0x08, 0x08, 0x0C, 0x0C, 0xF8, 0x18, 0x18, 0x18, 0x18, 0x18, 0x18, 0x18, 0x18,
        0x18, 0x18, 0x18, 0x18, 0x18, 0x18, 0x18, 0xF8, 0x0C, 0x00, 0x1E, 0x00, 0x33, 0x00, 0x40,
        0x80, 0x80, 0x40, 0xFF, 0xC0, 0xC0, 0x60, 0x30, 0x3C, 0x00, 0x66, 0x00, 0x43, 0x00, 0x03,
        0x00, 0x7F, 0x00, 0xC3, 0x00, 0xC3, 0x00, 0xC3, 0x00, 0x7F, 0x80, 0xE0, 0x00, 0x60, 0x00,
        0x60, 0x00, 0x60, 0x00, 0x60, 0x00, 0x6F, 0x00, 0x71, 0x80, 0x60, 0xC0, 0x60, 0xC0, 0x60,
        0xC0, 0x60, 0xC0, 0x60, 0xC0, 0x71, 0x80, 0xEF, 0x00, 0x3F, 0x00, 0x61, 0x80, 0xC0, 0x80,
        0xC0, 0x00, 0xC0, 0x00, 0xC0, 0x00, 0xC0, 0x80, 0x61, 0x00, 0x3E, 0x00, 0x03, 0x80, 0x01,
        0x80, 0x01, 0x80, 0x01, 0x80, 0x01, 0x80, 0x3D, 0x80, 0x63, 0x80, 0xC1, 0x80, 0xC1, 0x80,
        0xC1, 0x80, 0xC1, 0x80, 0xC1, 0x80, 0x63, 0x80, 0x3D, 0xC0, 0x3E, 0x00, 0x63, 0x00, 0xC1,
        0x80, 0xC1, 0x80, 0xFF, 0x80, 0xC0, 0x00, 0xC0, 0x80, 0x61, 0x00, 0x3E, 0x00, 0x3E, 0x62,
        0x60, 0x60, 0x60, 0xFC, 0x60, 0x60, 0x60, 0x60, 0x60, 0x60, 0x60, 0xF8, 0x3D, 0xC0, 0x63,
        0x80, 0xC1, 0x80, 0xC1, 0x80, 0xC1, 0x80, 0xC1, 0x80, 0xC1, 0x80, 0x63, 0x80, 0x3D, 0x80,
        0x01, 0x80, 0x41, 0x80, 0x63, 0x00, 0x3E, 0x00, 0xE0, 0x00, 0x60, 0x00, 0x60, 0x00, 0x60,
        0x00, 0x60, 0x00, 0x6F, 0x00, 0x71, 0x80, 0x61, 0x80, 0x61, 0x80, 0x61, 0x80, 0x61, 0x80,
        0x61, 0x80, 0x61, 0x80, 0xF3, 0xC0, 0x60, 0x60, 0x00, 0x00, 0xE0, 0x60, 0x60, 0x60, 0x60,
        0x60, 0x60, 0x60, 0xF0, 0x0C, 0x0C, 0x00, 0x00, 0x1C, 0x0C, 0x0C, 0x0C, 0x0C, 0x0C, 0x0C,
        0x0C, 0x0C, 0x0C, 0x8C, 0x8C, 0x78, 0xE0, 0x00, 0x60, 0x00, 0x60, 0x00, 0x60, 0x00, 0x60,
        0x00, 0x67, 0xC0, 0x63, 0x00, 0x64, 0x00, 0x6C, 0x00, 0x7C, 0x00, 0x66, 0x00, 0x67, 0x00,
        0x63, 0x00, 0xF7, 0xC0, 0xE0, 0x60, 0x60, 0x60, 0x60, 0x60, 0x60, 0x60, 0x60, 0x60, 0x60,
        0x60, 0x60, 0xF0, 0xEF, 0x3C, 0x71, 0xC6, 0x61, 0x86, 0x61, 0x86, 0x61, 0x86, 0x61, 0x86,
        0x61, 0x86, 0x61, 0x86, 0xF3, 0xCF, 0xEF, 0x00, 0x71, 0x80, 0x61, 0x80, 0x61, 0x80, 0x61,
        0x80, 0x61, 0x80, 0x61, 0x80, 0x61, 0x80, 0xF3, 0xC0, 0x3E, 0x00, 0x63, 0x00, 0xC1, 0x80,
        0xC1, 0x80, 0xC1, 0x80, 0xC1, 0x80, 0xC1, 0x80, 0x63, 0x00, 0x3E, 0x00, 0xEF, 0x00, 0x71,
        0x80, 0x60, 0xC0, 0x60, 0xC0, 0x60, 0xC0, 0x60, 0xC0, 0x60, 0xC0, 0x71, 0x80, 0x6F, 0x00,
        0x60, 0x00, 0x60, 0x00, 0x60, 0x00, 0xF0, 0x00, 0x3D, 0xC0, 0x63, 0x80, 0xC1, 0x80, 0xC1,
        0x80, 0xC1, 0x80, 0xC1, 0x80, 0xC1, 0x80, 0x63, 0x80, 0x3D, 0x80, 0x01, 0x80, 0x01, 0x80,
        0x01, 0x80, 0x03, 0xC0, 0xEF, 0x71, 0x60, 0x60, 0x60, 0x60, 0x60, 0x60, 0xF8, 0x7E, 0xC3,
        0xC1, 0xF8, 0x3E, 0x07, 0x83, 0xC3, 0x7E, 0x60, 0x60, 0x60, 0xFC, 0x60, 0x60, 0x60, 0x60,
        0x60, 0x64, 0x64, 0x38, 0xE3, 0x80, 0x61, 0x80, 0x61, 0x80, 0x61, 0x80, 0x61, 0x80, 0x61,
        0x80, 0x61, 0x80, 0x63, 0x80, 0x3D, 0xC0, 0xF8, 0xE0, 0x70, 0x40, 0x30, 0x80, 0x30, 0x80,
        0x19, 0x00, 0x19, 0x00, 0x0E, 0x00, 0x0E, 0x00, 0x04, 0x00, 0xF0, 0x87, 0x61, 0xC2, 0x31,
        0xC4, 0x33, 0xC4, 0x3A, 0xE4, 0x1A, 0x68, 0x1C, 0x68, 0x0C, 0x30, 0x0C, 0x30, 0xF1, 0xC0,
        0x31, 0x00, 0x3A, 0x00, 0x1E, 0x00, 0x0C, 0x00, 0x1E, 0x00, 0x17, 0x00, 0x23, 0x00, 0xF7,
        0xC0, 0xF8, 0xE0, 0x30, 0x40, 0x30, 0x80, 0x18, 0x80, 0x19, 0x00, 0x0D, 0x00, 0x0F, 0x00,
        0x0E, 0x00, 0x06, 0x00, 0x04, 0x00, 0x04, 0x00, 0x48, 0x00, 0x78, 0x00, 0xFF, 0x80, 0x83,
        0x00, 0x86, 0x00, 0x0E, 0x00, 0x1C, 0x00, 0x38, 0x00, 0x70, 0x80, 0x60, 0x80, 0xFF, 0x80,
        0x0F, 0x18, 0x18, 0x18, 0x18, 0x18, 0x18, 0x18, 0x38, 0xE0, 0x18, 0x18, 0x18, 0x18, 0x18,
        0x18, 0x18, 0x0F, 0xC0, 0xC0, 0xC0, 0xC0, 0xC0, 0xC0, 0xC0, 0xC0, 0xC0, 0xC0, 0xC0, 0xC0,
        0xC0, 0xC0, 0xC0, 0xC0, 0xC0, 0xC0, 0xC0, 0xF0, 0x18, 0x18, 0x18, 0x18, 0x18, 0x18, 0x18,
        0x0C, 0x07, 0x18, 0x18, 0x18, 0x18, 0x18, 0x18, 0x18, 0xF0, 0x7C, 0x10, 0x83, 0xE0, 0xC0,
        0xC0, 0x00, 0x00, 0x80, 0x80, 0x80, 0x80, 0x80, 0x80, 0xC0, 0xC0, 0xC0, 0xC0, 0x08, 0x00,
        0x08, 0x00, 0x3F, 0x00, 0x69, 0x80, 0xC8, 0x80, 0xC8, 0x00, 0xC8, 0x00, 0xC8, 0x00, 0xC8,
        0x80, 0x69, 0x00, 0x3E, 0x00, 0x08, 0x00, 0x08, 0x00, 0x08, 0x00, 0x0F, 0x80, 0x18, 0x80,
        0x30, 0x00, 0x30, 0x00, 0x30, 0x00, 0x30, 0x00, 0x30, 0x00, 0xFF, 0x00, 0x30, 0x00, 0x30,
        0x00, 0x30, 0x00, 0x30, 0x80, 0x30, 0x80, 0xFF, 0x80, 0x80, 0x40, 0x7F, 0x80, 0x61, 0x80,
        0x40, 0x80, 0x40, 0x80, 0x40, 0x80, 0x40, 0x80, 0x61, 0x80, 0x7F, 0x80, 0x80, 0x40, 0xF8,
        0xF0, 0x70, 0x60, 0x30, 0x40, 0x38, 0xC0, 0x18, 0x80, 0x1D, 0x80, 0x7D, 0xE0, 0x06, 0x00,
        0x06, 0x00, 0x7F, 0xE0, 0x06, 0x00, 0x06, 0x00, 0x06, 0x00, 0x1F, 0x80, 0xC0, 0xC0, 0xC0,
        0xC0, 0xC0, 0xC0, 0xC0, 0x00, 0x00, 0xC0, 0xC0, 0xC0, 0xC0, 0xC0, 0xC0, 0xC0, 0x3C, 0x62,
        0x62, 0x60, 0x30, 0x38, 0xCE, 0xC3, 0xE3, 0x73, 0x1C, 0x0E, 0x06, 0x46, 0x46, 0x3C, 0xD8,
        0xD8, 0x0F, 0xC0, 0x18, 0x60, 0x20, 0x10, 0x47, 0xC8, 0xCC, 0x2C, 0x98, 0x04, 0x98, 0x04,
        0x98, 0x04, 0x98, 0x04, 0xCC, 0x2C, 0x47, 0xC8, 0x20, 0x10, 0x18, 0x60, 0x0F, 0xC0, 0x3C,
        0x06, 0x06, 0x7E, 0xC6, 0xC6, 0x7F, 0x00, 0x7E, 0x11, 0x33, 0x66, 0xCC, 0xCC, 0x66, 0x33,
        0x11, 0xFF, 0xF0, 0x00, 0x10, 0x00, 0x10, 0x00, 0x10, 0x00, 0x10, 0x0F, 0xC0, 0x18, 0x60,
        0x20, 0x10, 0x5F, 0x88, 0xC8, 0x4C, 0x88, 0x44, 0x8F, 0x84, 0x88, 0x84, 0x88, 0x44, 0xC8,
        0x4C, 0x5C, 0x28, 0x20, 0x10, 0x18, 0x60, 0x0F, 0xC0, 0xFC, 0x78, 0xCC, 0x84, 0x84, 0xCC,
        0x78, 0x04, 0x00, 0x04, 0x00, 0x04, 0x00, 0x04, 0x00, 0xFF, 0xE0, 0x04, 0x00, 0x04, 0x00,
        0x04, 0x00, 0x04, 0x00, 0x00, 0x00, 0x00, 0x00, 0xFF, 0xE0, 0x78, 0x84, 0x04, 0x04, 0x08,
        0x30, 0x44, 0xFC, 0xF8, 0x84, 0x04, 0x38, 0x04, 0x04, 0x84, 0xF8, 0x30, 0x60, 0xC0, 0xE3,
        0x80, 0x61, 0x80, 0x61, 0x80, 0x61, 0x80, 0x61, 0x80, 0x61, 0x80, 0x61, 0x80, 0x63, 0x80,
        0x7D, 0xC0, 0x60, 0x00, 0x60, 0x00, 0x60, 0x00, 0xF0, 0x00, 0x3F, 0x80, 0x79, 0x00, 0xF9,
        0x00, 0xF9, 0x00, 0xF9, 0x00, 0xF9, 0x00, 0x79, 0x00, 0x39, 0x00, 0x09, 0x00, 0x09, 0x00,
        0x09, 0x00, 0x09, 0x00, 0x09, 0x00, 0x09, 0x00, 0x09, 0x00, 0x09, 0x00, 0xC0, 0xC0, 0x20,
        0x10, 0x10, 0xE0, 0x60, 0xA0, 0x20, 0x20, 0x20, 0x20, 0x20, 0xF8, 0x38, 0x44, 0xC6, 0xC6,
        0xC6, 0x44, 0x38, 0x00, 0xFE, 0x88, 0xCC, 0x66, 0x33, 0x33, 0x66, 0xCC, 0x88, 0x60, 0x04,
        0x00, 0xA0, 0x08, 0x00, 0x20, 0x10, 0x00, 0x20, 0x10, 0x00, 0x20, 0x20, 0x00, 0x20, 0x60,
        0x00, 0x20, 0x46, 0x00, 0xF8, 0x86, 0x00, 0x01, 0x8A, 0x00, 0x01, 0x12, 0x00, 0x02, 0x32,
        0x00, 0x02, 0x3F, 0x80, 0x04, 0x02, 0x00, 0x0C, 0x07, 0x00, 0x60, 0x04, 0x00, 0xA0, 0x08,
        0x00, 0x20, 0x10, 0x00, 0x20, 0x10, 0x00, 0x20, 0x20, 0x00, 0x20, 0x60, 0x00, 0x20, 0x4F,
        0x00, 0xF8, 0x90, 0x80, 0x01, 0x80, 0x80, 0x01, 0x00, 0x80, 0x02, 0x01, 0x00, 0x02, 0x06,
        0x00, 0x04, 0x08, 0x80, 0x0C, 0x1F, 0x80, 0xF8, 0x04, 0x00, 0x84, 0x08, 0x00, 0x04, 0x10,
        0x00, 0x38, 0x10, 0x00, 0x04, 0x20, 0x00, 0x04, 0x60, 0x00, 0x84, 0x46, 0x00, 0xF8, 0x86,
        0x00, 0x01, 0x8A, 0x00, 0x01, 0x12, 0x00, 0x02, 0x32, 0x00, 0x02, 0x3F, 0x80, 0x04, 0x02,
        0x00, 0x0C, 0x07, 0x00, 0x0C, 0x0C, 0x00, 0x08, 0x08, 0x18, 0x70, 0xE0, 0xC0, 0xC0, 0xC1,
        0x63, 0x3E, 0x03, 0x00, 0x01, 0x80, 0x00, 0x00, 0x03, 0x00, 0x03, 0x00, 0x07, 0x80, 0x05,
        0x80, 0x09, 0x80, 0x08, 0xC0, 0x08, 0xC0, 0x10, 0xE0, 0x10, 0x60, 0x3F, 0xE0, 0x20, 0x30,
        0x20, 0x30, 0x40, 0x30, 0xF0, 0x7C, 0x01, 0x80, 0x03, 0x00, 0x00, 0x00, 0x03, 0x00, 0x03,
        0x00, 0x07, 0x80, 0x05, 0x80, 0x09, 0x80, 0x08, 0xC0, 0x08, 0xC0, 0x10, 0xE0, 0x10, 0x60,
        0x3F, 0xE0, 0x20, 0x30, 0x20, 0x30, 0x40, 0x30, 0xF0, 0x7C, 0x03, 0x00, 0x04, 0x80, 0x00,
        0x00, 0x03, 0x00, 0x03, 0x00, 0x07, 0x80, 0x05, 0x80, 0x09, 0x80, 0x08, 0xC0, 0x08, 0xC0,
        0x10, 0xE0, 0x10, 0x60, 0x3F, 0xE0, 0x20, 0x30, 0x20, 0x30, 0x40, 0x30, 0xF0, 0x7C, 0x06,
        0x40, 0x09, 0x80, 0x00, 0x00, 0x03, 0x00, 0x03, 0x00, 0x07, 0x80, 0x05, 0x80, 0x09, 0x80,
        0x08, 0xC0, 0x08, 0xC0, 0x10, 0xE0, 0x10, 0x60, 0x3F, 0xE0, 0x20, 0x30, 0x20, 0x30, 0x40,
        0x30, 0xF0, 0x7C, 0x0D, 0x80, 0x0D, 0x80, 0x00, 0x00, 0x03, 0x00, 0x03, 0x00, 0x07, 0x80,
        0x05, 0x80, 0x09, 0x80, 0x08, 0xC0, 0x08, 0xC0, 0x10, 0xE0, 0x10, 0x60, 0x3F, 0xE0, 0x20,
        0x30, 0x20, 0x30, 0x40, 0x30, 0xF0, 0x7C, 0x07, 0x00, 0x08, 0x80, 0x08, 0x80, 0x08, 0x80,
        0x07, 0x00, 0x07, 0x00, 0x07, 0x00, 0x09, 0x80, 0x09, 0x80, 0x09, 0xC0, 0x10, 0xC0, 0x10,
        0xC0, 0x10, 0x60, 0x3F, 0xE0, 0x20, 0x70, 0x20, 0x30, 0x40, 0x30, 0xE0, 0x7C, 0x07, 0xFF,
        0xE0, 0x03, 0x60, 0x20, 0x02, 0x60, 0x20, 0x02, 0x60, 0x00, 0x04, 0x60, 0x80, 0x04, 0x60,
        0x80, 0x0C, 0x7F, 0x80, 0x08, 0x60, 0x80, 0x08, 0x60, 0x80, 0x1F, 0xE0, 0x00, 0x10, 0x60,
        0x00, 0x20, 0x60, 0x20, 0x20, 0x60, 0x20, 0xF1, 0xFF, 0xE0, 0x0F, 0xC0, 0x30, 0x70, 0x60,
        0x30, 0x60, 0x10, 0xC0, 0x00, 0xC0, 0x00, 0xC0, 0x00, 0xC0, 0x00, 0xC0, 0x00, 0xC0, 0x00,
        0x60, 0x30, 0x60, 0x60, 0x30, 0xE0, 0x0F, 0x80, 0x02, 0x00, 0x01, 0x00, 0x01, 0x00, 0x0E,
        0x00, 0x06, 0x00, 0x03, 0x00, 0x00, 0x00, 0xFF, 0xF0, 0x30, 0x10, 0x30, 0x10, 0x30, 0x00,
        0x30, 0x40, 0x30, 0x40, 0x3F, 0xC0, 0x30, 0x40, 0x30, 0x40, 0x30, 0x00, 0x30, 0x00, 0x30,
        0x10, 0x30, 0x10, 0xFF, 0xF0, 0x03, 0x00, 0x06, 0x00, 0x00, 0x00, 0xFF, 0xF0, 0x30, 0x10,
        0x30, 0x10, 0x30, 0x00, 0x30, 0x40, 0x30, 0x40, 0x3F, 0xC0, 0x30, 0x40, 0x30, 0x40, 0x30,
        0x00, 0x30, 0x00, 0x30, 0x10, 0x30, 0x10, 0xFF, 0xF0, 0x06, 0x00, 0x09, 0x00, 0x00, 0x00,
        0xFF, 0xF0, 0x30, 0x10, 0x30, 0x10, 0x30, 0x00, 0x30, 0x40, 0x30, 0x40, 0x3F, 0xC0, 0x30,
        0x40, 0x30, 0x40, 0x30, 0x00, 0x30, 0x00, 0x30, 0x10, 0x30, 0x10, 0xFF, 0xF0, 0x1B, 0x00,
        0x1B, 0x00, 0x00, 0x00, 0xFF, 0xF0, 0x30, 0x10, 0x30, 0x10, 0x30, 0x00, 0x30, 0x40, 0x30,
        0x40, 0x3F, 0xC0, 0x30, 0x40, 0x30, 0x40, 0x30, 0x00, 0x30, 0x00, 0x30, 0x10, 0x30, 0x10,
        0xFF, 0xF0, 0x30, 0x18, 0x00, 0xFC, 0x30, 0x30, 0x30, 0x30, 0x30, 0x30, 0x30, 0x30, 0x30,
        0x30, 0x30, 0x30, 0xFC, 0x18, 0x30, 0x00, 0xFC, 0x30, 0x30, 0x30, 0x30, 0x30, 0x30, 0x30,
        0x30, 0x30, 0x30, 0x30, 0x30, 0xFC, 0x30, 0x48, 0x00, 0xFC, 0x30, 0x30, 0x30, 0x30, 0x30,
        0x30, 0x30, 0x30, 0x30, 0x30, 0x30, 0x30, 0xFC, 0xD8, 0xD8, 0x00, 0xFC, 0x30, 0x30, 0x30,
        0x30, 0x30, 0x30, 0x30, 0x30, 0x30, 0x30, 0x30, 0x30, 0xFC, 0xFF, 0x80, 0x30, 0xE0, 0x30,
        0x30, 0x30, 0x30, 0x30, 0x18, 0x30, 0x18, 0xFE, 0x18, 0x30, 0x18, 0x30, 0x18, 0x30, 0x18,
        0x30, 0x30, 0x30, 0x30, 0x30, 0xE0, 0xFF, 0x80, 0x06, 0x40, 0x09, 0x80, 0x00, 0x00, 0xF0,
        0x3E, 0x38, 0x08, 0x3C, 0x08, 0x2C, 0x08, 0x26, 0x08, 0x27, 0x08, 0x23, 0x88, 0x21, 0x88,
        0x20, 0xC8, 0x20, 0xE8, 0x20, 0x78, 0x20, 0x38, 0x20, 0x18, 0xF8, 0x18, 0x03, 0x00, 0x01,
        0x80, 0x00, 0x00, 0x0F, 0x80, 0x30, 0x60, 0x60, 0x30, 0x60, 0x30, 0xC0, 0x18, 0xC0, 0x18,
        0xC0, 0x18, 0xC0, 0x18, 0xC0, 0x18, 0xC0, 0x18, 0x60, 0x30, 0x60, 0x30, 0x30, 0x60, 0x0F,
        0x80, 0x01, 0x80, 0x03, 0x00, 0x00, 0x00, 0x0F, 0x80, 0x30, 0x60, 0x60, 0x30, 0x60, 0x30,
        0xC0, 0x18, 0xC0, 0x18, 0xC0, 0x18, 0xC0, 0x18, 0xC0, 0x18, 0xC0, 0x18, 0x60, 0x30, 0x60,
        0x30, 0x30, 0x60, 0x0F, 0x80, 0x03, 0x00, 0x04, 0x80, 0x00, 0x00, 0x0F, 0x80, 0x30, 0x60,
        0x60, 0x30, 0x60, 0x30, 0xC0, 0x18, 0xC0, 0x18, 0xC0, 0x18, 0xC0, 0x18, 0xC0, 0x18, 0xC0,
        0x18, 0x60, 0x30, 0x60, 0x30, 0x30, 0x60, 0x0F, 0x80, 0x06, 0x40, 0x09, 0x80, 0x00, 0x00,
        0x0F, 0x80, 0x30, 0x60, 0x60, 0x30, 0x60, 0x30, 0xC0, 0x18, 0xC0, 0x18, 0xC0, 0x18, 0xC0,
        0x18, 0xC0, 0x18, 0xC0, 0x18, 0x60, 0x30, 0x60, 0x30, 0x30, 0x60, 0x0F, 0x80, 0x0D, 0x80,
        0x0D, 0x80, 0x00, 0x00, 0x0F, 0x80, 0x30, 0x60, 0x60, 0x30, 0x60, 0x30, 0xC0, 0x18, 0xC0,
        0x18, 0xC0, 0x18, 0xC0, 0x18, 0xC0, 0x18, 0xC0, 0x18, 0x60, 0x30, 0x60, 0x30, 0x30, 0x60,
        0x0F, 0x80, 0x40, 0x40, 0xE0, 0xE0, 0x71, 0xC0, 0x3B, 0x80, 0x1F, 0x00, 0x0E, 0x00, 0x1F,
        0x00, 0x3B, 0x80, 0x71, 0xC0, 0xE0, 0xE0, 0x40, 0x40, 0x0F, 0x88, 0x30, 0x70, 0x60, 0x30,
        0x60, 0x70, 0xC0, 0x98, 0xC1, 0x18, 0xC3, 0x18, 0xC6, 0x18, 0xCC, 0x18, 0xC8, 0x18, 0x70,
        0x30, 0x60, 0x30, 0x70, 0x60, 0x8F, 0x80, 0x01, 0x80, 0x00, 0xC0, 0x00, 0x00, 0xFC, 0x3E,
        0x30, 0x08, 0x30, 0x08, 0x30, 0x08, 0x30, 0x08, 0x30, 0x08, 0x30, 0x08, 0x30, 0x08, 0x30,
        0x08, 0x30, 0x08, 0x30, 0x08, 0x38, 0x18, 0x1C, 0x30, 0x0F, 0xE0, 0x00, 0xC0, 0x01, 0x80,
        0x00, 0x00, 0xFC, 0x3E, 0x30, 0x08, 0x30, 0x08, 0x30, 0x08, 0x30, 0x08, 0x30, 0x08, 0x30,
        0x08, 0x30, 0x08, 0x30, 0x08, 0x30, 0x08, 0x30, 0x08, 0x38, 0x18, 0x1C, 0x30, 0x0F, 0xE0,
        0x01, 0x80, 0x02, 0x40, 0x00, 0x00, 0xFC, 0x3E, 0x30, 0x08, 0x30, 0x08, 0x30, 0x08, 0x30,
        0x08, 0x30, 0x08, 0x30, 0x08, 0x30, 0x08, 0x30, 0x08, 0x30, 0x08, 0x30, 0x08, 0x38, 0x18,
        0x1C, 0x30, 0x0F, 0xE0, 0x06, 0xC0, 0x06, 0xC0, 0x00, 0x00, 0xFC, 0x3E, 0x30, 0x08, 0x30,
        0x08, 0x30, 0x08, 0x30, 0x08, 0x30, 0x08, 0x30, 0x08, 0x30, 0x08, 0x30, 0x08, 0x30, 0x08,
        0x30, 0x08, 0x38, 0x18, 0x1C, 0x30, 0x0F, 0xE0, 0x03, 0x00, 0x06, 0x00, 0x00, 0x00, 0xF8,
        0x78, 0x30, 0x30, 0x38, 0x20, 0x18, 0x40, 0x0C, 0x40, 0x0E, 0x80, 0x06, 0x80, 0x03, 0x00,
        0x03, 0x00, 0x03, 0x00, 0x03, 0x00, 0x03, 0x00, 0x03, 0x00, 0x0F, 0xC0, 0xFC, 0x00, 0x30,
        0x00, 0x30, 0x00, 0x3F, 0x80, 0x30, 0xC0, 0x30, 0x60, 0x30, 0x60, 0x30, 0x60, 0x30, 0x60,
        0x30, 0xC0, 0x3F, 0x80, 0x30, 0x00, 0x30, 0x00, 0xFC, 0x00, 0x1E, 0x00, 0x73, 0x00, 0x61,
        0x80, 0x67, 0x80, 0x6E, 0x00, 0x6C, 0x00, 0x6C, 0x00, 0x67, 0x00, 0x61, 0xC0, 0x60, 0xE0,
        0x60, 0x60, 0x68, 0x60, 0x6C, 0xE0, 0xE7, 0x80, 0x60, 0x00, 0x30, 0x00, 0x18, 0x00, 0x00,
        0x00, 0x00, 0x00, 0x00, 0x00, 0x3C, 0x00, 0x66, 0x00, 0x43, 0x00, 0x03, 0x00, 0x7F, 0x00,
        0xC3, 0x00, 0xC3, 0x00, 0xC3, 0x00, 0x7F, 0x80, 0x03, 0x00, 0x06, 0x00, 0x0C, 0x00, 0x00,
        0x00, 0x00, 0x00, 0x00, 0x00, 0x3C, 0x00, 0x66, 0x00, 0x43, 0x00, 0x03, 0x00, 0x7F, 0x00,
        0xC3, 0x00, 0xC3, 0x00, 0xC3, 0x00, 0x7F, 0x80, 0x0C, 0x00, 0x12, 0x00, 0x33, 0x00, 0x00,
        0x00, 0x00, 0x00, 0x00, 0x00, 0x3C, 0x00, 0x66, 0x00, 0x43, 0x00, 0x03, 0x00, 0x7F, 0x00,
        0xC3, 0x00, 0xC3, 0x00, 0xC3, 0x00, 0x7F, 0x80, 0x39, 0x00, 0x27, 0x00, 0x00, 0x00, 0x00,
        0x00, 0x00, 0x00, 0x3C, 0x00, 0x66, 0x00, 0x43, 0x00, 0x03, 0x00, 0x7F, 0x00, 0xC3, 0x00,
        0xC3, 0x00, 0xC3, 0x00, 0x7F, 0x80, 0x36, 0x00, 0x36, 0x00, 0x00, 0x00, 0x00, 0x00, 0x00,
        0x00, 0x3C, 0x00, 0x66, 0x00, 0x43, 0x00, 0x03, 0x00, 0x7F, 0x00, 0xC3, 0x00, 0xC3, 0x00,
        0xC3, 0x00, 0x7F, 0x80, 0x1C, 0x00, 0x22, 0x00, 0x22, 0x00, 0x22, 0x00, 0x1C, 0x00, 0x00,
        0x00, 0x00, 0x00, 0x00, 0x00, 0x3C, 0x00, 0x66, 0x00, 0x43, 0x00, 0x03, 0x00, 0x7F, 0x00,
        0xC3, 0x00, 0xC3, 0x00, 0xC3, 0x00, 0x7F, 0x80, 0x3E, 0x3C, 0x63, 0xC6, 0x41, 0x83, 0x01,
        0x83, 0x7F, 0xFF, 0xC1, 0x80, 0xC1, 0x81, 0xE3, 0xC2, 0x7C, 0x7C, 0x3F, 0x00, 0x61, 0x80,
        0xC0, 0x80, 0xC0, 0x00, 0xC0, 0x00, 0xC0, 0x00, 0xC0, 0x80, 0x61, 0x00, 0x3E, 0x00, 0x08,
        0x00, 0x04, 0x00, 0x04, 0x00, 0x38, 0x00, 0x60, 0x00, 0x30, 0x00, 0x18, 0x00, 0x00, 0x00,
        0x00, 0x00, 0x00, 0x00, 0x3E, 0x00, 0x63, 0x00, 0xC1, 0x80, 0xC1, 0x80, 0xFF, 0x80, 0xC0,
        0x00, 0xC0, 0x80, 0x61, 0x00, 0x3E, 0x00, 0x03, 0x00, 0x06, 0x00, 0x0C, 0x00, 0x00, 0x00,
        0x00, 0x00, 0x00, 0x00, 0x3E, 0x00, 0x63, 0x00, 0xC1, 0x80, 0xC1, 0x80, 0xFF, 0x80, 0xC0,
        0x00, 0xC0, 0x80, 0x61, 0x00, 0x3E, 0x00, 0x0C, 0x00, 0x12, 0x00, 0x33, 0x00, 0x00, 0x00,
        0x00, 0x00, 0x00, 0x00, 0x3E, 0x00, 0x63, 0x00, 0xC1, 0x80, 0xC1, 0x80, 0xFF, 0x80, 0xC0,
        0x00, 0xC0, 0x80, 0x61, 0x00, 0x3E, 0x00, 0x36, 0x00, 0x36, 0x00, 0x00, 0x00, 0x00, 0x00,
        0x00, 0x00, 0x3E, 0x00, 0x63, 0x00, 0xC1, 0x80, 0xC1, 0x80, 0xFF, 0x80, 0xC0, 0x00, 0xC0,
        0x80, 0x61, 0x00, 0x3E, 0x00, 0xC0, 0x60, 0x30, 0x00, 0x00, 0x00, 0x38, 0x18, 0x18, 0x18,
        0x18, 0x18, 0x18, 0x18, 0x3C, 0x18, 0x30, 0x60, 0x00, 0x00, 0x00, 0xE0, 0x60, 0x60, 0x60,
        0x60, 0x60, 0x60, 0x60, 0xF0, 0x30, 0x48, 0xCC, 0x00, 0x00, 0x00, 0x70, 0x30, 0x30, 0x30,
        0x30, 0x30, 0x30, 0x30, 0x78, 0xD8, 0xD8, 0x00, 0x00, 0x00, 0x70, 0x30, 0x30, 0x30, 0x30,
        0x30, 0x30, 0x30, 0x78, 0x60, 0x00, 0x1B, 0x00, 0x0C, 0x00, 0x36, 0x00, 0x03, 0x00, 0x3F,
        0x00, 0x63, 0x80, 0xC1, 0x80, 0xC1, 0x80, 0xC1, 0x80, 0xC1, 0x80, 0xC1, 0x80, 0x63, 0x00,
        0x3E, 0x00, 0x39, 0x00, 0x27, 0x00, 0x00, 0x00, 0x00, 0x00, 0x00, 0x00, 0xEF, 0x00, 0x71,
        0x80, 0x61, 0x80, 0x61, 0x80, 0x61, 0x80, 0x61, 0x80, 0x61, 0x80, 0x61, 0x80, 0xF3, 0xC0,
        0x60, 0x00, 0x30, 0x00, 0x18, 0x00, 0x00, 0x00, 0x00, 0x00, 0x00, 0x00, 0x3E, 0x00, 0x63,
        0x00, 0xC1, 0x80, 0xC1, 0x80, 0xC1, 0x80, 0xC1, 0x80, 0xC1, 0x80, 0x63, 0x00, 0x3E, 0x00,
        0x03, 0x00, 0x06, 0x00, 0x0C, 0x00, 0x00, 0x00, 0x00, 0x00, 0x00, 0x00, 0x3E, 0x00, 0x63,
        0x00, 0xC1, 0x80, 0xC1, 0x80, 0xC1, 0x80, 0xC1, 0x80, 0xC1, 0x80, 0x63, 0x00, 0x3E, 0x00,
        0x0C, 0x00, 0x12, 0x00, 0x33, 0x00, 0x00, 0x00, 0x00, 0x00, 0x00, 0x00, 0x3E, 0x00, 0x63,
        0x00, 0xC1, 0x80, 0xC1, 0x80, 0xC1, 0x80, 0xC1, 0x80, 0xC1, 0x80, 0x63, 0x00, 0x3E, 0x00,
        0x39, 0x00, 0x27, 0x00, 0x00, 0x00, 0x00, 0x00, 0x00, 0x00, 0x3E, 0x00, 0x63, 0x00, 0xC1,
        0x80, 0xC1, 0x80, 0xC1, 0x80, 0xC1, 0x80, 0xC1, 0x80, 0x63, 0x00, 0x3E, 0x00, 0x36, 0x00,
        0x36, 0x00, 0x00, 0x00, 0x00, 0x00, 0x00, 0x00, 0x3E, 0x00, 0x63, 0x00, 0xC1, 0x80, 0xC1,
        0x80, 0xC1, 0x80, 0xC1, 0x80, 0xC1, 0x80, 0x63, 0x00, 0x3E, 0x00, 0x06, 0x00, 0x06, 0x00,
        0x00, 0x00, 0xFF, 0xF0, 0x00, 0x00, 0x06, 0x00, 0x06, 0x00, 0x00, 0x80, 0x3C, 0x80, 0x63,
        0x00, 0xC3, 0x80, 0xC5, 0x80, 0xC9, 0x80, 0xD1, 0x80, 0xE1, 0x80, 0x63, 0x00, 0x9E, 0x00,
        0x80, 0x00, 0x60, 0x00, 0x30, 0x00, 0x18, 0x00, 0x00, 0x00, 0x00, 0x00, 0x00, 0x00, 0xE3,
        0x80, 0x61, 0x80, 0x61, 0x80, 0x61, 0x80, 0x61, 0x80, 0x61, 0x80, 0x61, 0x80, 0x63, 0x80,
        0x3D, 0xC0, 0x03, 0x00, 0x06, 0x00, 0x0C, 0x00, 0x00, 0x00, 0x00, 0x00, 0x00, 0x00, 0xE3,
        0x80, 0x61, 0x80, 0x61, 0x80, 0x61, 0x80, 0x61, 0x80, 0x61, 0x80, 0x61, 0x80, 0x63, 0x80,
        0x3D, 0xC0, 0x0C, 0x00, 0x12, 0x00, 0x33, 0x00, 0x00, 0x00, 0x00, 0x00, 0x00, 0x00, 0xE3,
        0x80, 0x61, 0x80, 0x61, 0x80, 0x61, 0x80, 0x61, 0x80, 0x61, 0x80, 0x61, 0x80, 0x63, 0x80,
        0x3D, 0xC0, 0x36, 0x00, 0x36, 0x00, 0x00, 0x00, 0x00, 0x00, 0x00, 0x00, 0xE3, 0x80, 0x61,
        0x80, 0x61, 0x80, 0x61, 0x80, 0x61, 0x80, 0x61, 0x80, 0x61, 0x80, 0x63, 0x80, 0x3D, 0xC0,
        0x01, 0x80, 0x03, 0x00, 0x06, 0x00, 0x00, 0x00, 0x00, 0x00, 0x00, 0x00, 0xF8, 0xE0, 0x30,
        0x40, 0x30, 0x80, 0x18, 0x80, 0x19, 0x00, 0x0D, 0x00, 0x0F, 0x00, 0x0E, 0x00, 0x06, 0x00,
        0x04, 0x00, 0x04, 0x00, 0x48, 0x00, 0x78, 0x00, 0xE0, 0x00, 0x60, 0x00, 0x60, 0x00, 0x60,
        0x00, 0x60, 0x00, 0x6F, 0x00, 0x71, 0x80, 0x60, 0xC0, 0x60, 0xC0, 0x60, 0xC0, 0x60, 0xC0,
        0x60, 0xC0, 0x71, 0x80, 0x6F, 0x00, 0x60, 0x00, 0x60, 0x00, 0x60, 0x00, 0xF0, 0x00, 0x1B,
        0x00, 0x1B, 0x00, 0x00, 0x00, 0x00, 0x00, 0x00, 0x00, 0xF8, 0xE0, 0x30, 0x40, 0x30, 0x80,
        0x18, 0x80, 0x19, 0x00, 0x0D, 0x00, 0x0F, 0x00, 0x0E, 0x00, 0x06, 0x00, 0x04, 0x00, 0x04,
        0x00, 0x48, 0x00, 0x78, 0x00, 0xFF, 0xFF, 0xFF, 0x80, 0x20, 0x60, 0xC0, 0xC0, 0xC0, 0x60,
        0x60, 0x60, 0xC0, 0x80, 0x30, 0x30, 0x20, 0x60, 0xC0, 0x22, 0x66, 0xCC, 0xCC, 0xCC, 0x66,
        0x66, 0x66, 0xCC, 0x88, 0x33, 0x33, 0x22, 0x66, 0xCC, 0x78, 0xFC, 0xFC, 0xFC, 0xFC, 0x78,
        0xC3, 0x0C, 0xC3, 0x0C, 0x10, 0x30, 0x60, 0xC0, 0xC0, 0x60, 0x30, 0x10, 0x80, 0xC0, 0x60,
        0x30, 0x30, 0x60, 0xC0, 0x80, 0x07, 0xC0, 0x0C, 0x60, 0x18, 0x20, 0x10, 0x20, 0x30, 0x00,
        0xFF, 0x80, 0x30, 0x00, 0x30, 0x00, 0xFF, 0x00, 0x30, 0x00, 0x10, 0x20, 0x18, 0x20, 0x0C,
        0x40, 0x07, 0x80, 0xFB, 0x8C, 0xA9, 0x98, 0x21, 0x68, 0x21, 0x08, 0x73, 0x9C, 0xFF, 0xF0,
    ],
    line_height: 24,
};

// SERIF_LARGE: 22 px, cap 16, line height 28, mono
pub static SERIF_LARGE: BitmapFont = BitmapFont {
    glyphs: &[
        Glyph::new(0, 0, 0, 7, 0, 0),
        Glyph::new(0, 3, 16, 9, 3, -16),
        Glyph::new(16, 6, 6, 10, 2, -16),
        Glyph::new(22, 15, 16, 18, 2, -16),
        Glyph::new(54, 10, 20, 14, 2, -17),
        Glyph::new(94, 18, 16, 21, 1, -16),
        Glyph::new(142, 17, 16, 20, 2, -16),
        Glyph::new(190, 2, 6, 6, 2, -16),
        Glyph::new(196, 5, 20, 9, 2, -17),
        Glyph::new(216, 5, 20, 9, 2, -17),
        Glyph::new(236, 11, 10, 11, 0, -16),
        Glyph::new(256, 14, 14, 18, 2, -14),
        Glyph::new(284, 4, 5, 7, 1, -2),
        Glyph::new(289, 6, 2, 7, 1, -7),
        Glyph::new(291, 3, 3, 7, 2, -3),
        Glyph::new(294, 7, 18, 7, 0, -16),
        Glyph::new(312, 11, 16, 14, 2, -16),
        Glyph::new(344, 8, 16, 14, 3, -16),
        Glyph::new(360, 10, 16, 14, 2, -16),
        Glyph::new(392, 11, 16, 14, 2, -16),
        Glyph::new(424, 12, 16, 14, 1, -16),
        Glyph::new(456, 10, 16, 14, 2, -16),
        Glyph::new(488, 11, 16, 14, 2, -16),
        Glyph::new(520, 11, 16, 14, 2, -16),
        Glyph::new(552, 11, 16, 14, 2, -16),
        Glyph::new(584, 11, 16, 14, 1, -16),
        Glyph::new(616, 3, 10, 7, 2, -10),
        Glyph::new(626, 4, 13, 7, 1, -10),
        Glyph::new(639, 14, 12, 18, 2, -13),
        Glyph::new(663, 14, 6, 18, 2, -10),
        Glyph::new(675, 14, 12, 18, 2, -13),
        Glyph::new(699, 9, 16, 12, 2, -16),
        Glyph::new(731, 19, 19, 22, 1, -15),
        Glyph::new(788, 16, 16, 16, 0, -16),
        Glyph::new(820, 14, 16, 16, 1, -16),
        Glyph::new(852, 14, 16, 17, 1, -16),
        Glyph::new(884, 15, 16, 18, 1, -16),
        Glyph::new(916, 13, 16, 16, 1, -16),
        Glyph::new(948, 13, 16, 15, 1, -16),
        Glyph::new(980, 15, 16, 18, 1, -16),
        Glyph::new(1012, 17, 16, 19, 1, -16),
        Glyph::new(1060, 6, 16, 9, 1, -16),
        Glyph::new(1076, 10, 21, 9, -2, -16),
        Glyph::new(1118, 15, 16, 16, 2, -16),
        Glyph::new(1150, 13, 16, 15, 1, -16),
        Glyph::new(1182, 20, 16, 23, 1, -16),
        Glyph::new(1230, 17, 16, 19, 1, -16),
        Glyph::new(1278, 16, 16, 18, 1, -16),
        Glyph::new(1310, 13, 16, 15, 1, -16),
        Glyph::new(1342, 16, 20, 18, 1, -16),
        Glyph::new(1382, 16, 16, 17, 1, -16),
        Glyph::new(1414, 12, 16, 15, 2, -16),
        Glyph::new(1446, 14, 16, 15, 0, -16),
        Glyph::new(1478, 16, 16, 19, 1, -16),
        Glyph::new(1510, 16, 16, 16, 0, -16),
        Glyph::new(1542, 22, 16, 23, 0, -16),
        Glyph::new(1590, 15, 16, 16, 0, -16),
        Glyph::new(1622, 14, 16, 15, 0, -16),
        Glyph::new(1654, 13, 16, 15, 1, -16),
        Glyph::new(1686, 5, 20, 9, 2, -17),
        Glyph::new(1706, 7, 18, 7, 0, -16),
        Glyph::new(1724, 5, 20, 9, 2, -17),
        Glyph::new(1744, 14, 6, 18, 2, -16),
        Glyph::new(1756, 11, 1, 11, 0, 4),
        Glyph::new(1758, 5, 4, 11, 2, -18),
        Glyph::new(1762, 12, 11, 13, 1, -11),
        Glyph::new(1784, 12, 17, 14, 1, -17),
        Glyph::new(1818, 10, 11, 12, 1, -11),
        Glyph::new(1840, 12, 17, 14, 1, -17),
        Glyph::new(1874, 11, 11, 13, 1, -11),
        Glyph::new(1896, 9, 17, 8, 1, -17),
        Glyph::new(1930, 12, 16, 14, 1, -11),
        Glyph::new(1962, 13, 17, 14, 1, -17),
        Glyph::new(1996, 6, 15, 7, 1, -15),
        Glyph::new(2011, 7, 20, 7, -2, -15),
        Glyph::new(2031, 13, 17, 13, 1, -17),
        Glyph::new(2065, 6, 17, 7, 1, -17),
        Glyph::new(2082, 20, 11, 21, 1, -11),
        Glyph::new(2115, 13, 11, 14, 1, -11),
        Glyph::new(2137, 11, 11, 13, 1, -11),
        Glyph::new(2159, 12, 16, 14, 1, -11),
        Glyph::new(2191, 12, 16, 14, 1, -11),
        Glyph::new(2223, 10, 11, 11, 1, -11),
        Glyph::new(2245, 9, 11, 11, 1, -11),
        Glyph::new(2267, 8, 15, 9, 1, -15),
        Glyph::new(2282, 13, 11, 14, 0, -11),
        Glyph::new(2304, 12, 11, 12, 0, -11),
        Glyph::new(2326, 18, 11, 19, 0, -11),
        Glyph::new(2359, 12, 11, 12, 0, -11),
        Glyph::new(2381, 12, 16, 12, 0, -11),
        Glyph::new(2413, 10, 11, 12, 1, -11),
        Glyph::new(2435, 8, 20, 14, 3, -17),
        Glyph::new(2455, 2, 22, 7, 3, -17),
        Glyph::new(2477, 8, 20, 14, 3, -17),
        Glyph::new(2497, 14, 4, 18, 2, -10),
        Glyph::new(2505, 0, 0, 7, 0, 0),
        Glyph::new(2505, 3, 16, 9, 3, -11),
        Glyph::new(2521, 10, 17, 14, 2, -14),
        Glyph::new(2555, 11, 16, 14, 1, -16),
        Glyph::new(2587, 11, 11, 14, 2, -13),
        Glyph::new(2609, 14, 16, 14, 0, -16),
        Glyph::new(2641, 2, 19, 7, 3, -15),
        Glyph::new(2660, 9, 18, 11, 1, -16),
        Glyph::new(2696, 8, 3, 11, 2, -17),
        Glyph::new(2699, 16, 16, 22, 3, -16),
        Glyph::new(2731, 9, 10, 10, 1, -16),
        Glyph::new(2751, 10, 10, 13, 2, -11),
        Glyph::new(2771, 14, 6, 18, 2, -9),
        Glyph::new(2783, 0, 0, 0, 0, 0),
        Glyph::new(2783, 16, 16, 22, 3, -16),
        Glyph::new(2815, 6, 2, 11, 3, -16),
        Glyph::new(2817, 7, 7, 11, 2, -16),
        Glyph::new(2824, 14, 14, 18, 2, -14),
        Glyph::new(2852, 6, 9, 9, 1, -16),
        Glyph::new(2861, 7, 9, 9, 1, -16),
        Glyph::new(2870, 5, 4, 11, 4, -18),
        Glyph::new(2874, 13, 16, 14, 1, -11),
        Glyph::new(2906, 11, 18, 14, 2, -16),
        Glyph::new(2942, 3, 3, 7, 2, -9),
        Glyph::new(2945, 4, 4, 11, 3, 0),
        Glyph::new(2949, 6, 9, 9, 1, -16),
        Glyph::new(2958, 8, 10, 10, 1, -16),
        Glyph::new(2968, 10, 10, 13, 2, -11),
        Glyph::new(2988, 20, 16, 21, 1, -16),
        Glyph::new(3036, 18, 16, 21, 2, -16),
        Glyph::new(3084, 21, 16, 21, 0, -16),
        Glyph::new(3132, 9, 16, 12, 2, -11),
        Glyph::new(3164, 16, 20, 16, 0, -20),
        Glyph::new(3204, 16, 20, 16, 0, -20),
        Glyph::new(3244, 16, 20, 16, 0, -20),
        Glyph::new(3284, 16, 20, 16, 0, -20),
        Glyph::new(3324, 16, 20, 16, 0, -20),
        Glyph::new(3364, 16, 20, 16, 0, -20),
        Glyph::new(3404, 21, 16, 22, 0, -16),
        Glyph::new(3452, 14, 20, 17, 1, -16),
        Glyph::new(3492, 13, 20, 16, 1, -20),
        Glyph::new(3532, 13, 20, 16, 1, -20),
        Glyph::new(3572, 13, 20, 16, 1, -20),
        Glyph::new(3612, 13, 20, 16, 1, -20),
        Glyph::new(3652, 6, 20, 9, 1, -20),
        Glyph::new(3672, 6, 20, 9, 1, -20),
        Glyph::new(3692, 7, 20, 9, 1, -20),
        Glyph::new(3712, 8, 20, 9, 0, -20),
        Glyph::new(3732, 15, 16, 18, 1, -16),
        Glyph::new(3764, 17, 20, 19, 1, -20),
        Glyph::new(3824, 16, 20, 18, 1, -20),
        Glyph::new(3864, 16, 20, 18, 1, -20),
        Glyph::new(3904, 16, 20, 18, 1, -20),
        Glyph::new(3944, 16, 20, 18, 1, -20),
        Glyph::new(3984, 16, 20, 18, 1, -20),
        Glyph::new(4024, 12, 12, 18, 3, -13),
        Glyph::new(4048, 16, 16, 18, 1, -17),
        Glyph::new(4080, 16, 20, 19, 1, -20),
        Glyph::new(4120, 16, 20, 19, 1, -20),
        Glyph::new(4160, 16, 20, 19, 1, -20),
        Glyph::new(4200, 16, 20, 19, 1, -20),
        Glyph::new(4240, 14, 20, 15, 0, -20),
        Glyph::new(4280, 13, 16, 15, 1, -16),
        Glyph::new(4312, 13, 17, 15, 1, -17),
        Glyph::new(4346, 12, 18, 13, 1, -18),
        Glyph::new(4382, 12, 18, 13, 1, -18),
        Glyph::new(4418, 12, 18, 13, 1, -18),
        Glyph::new(4454, 12, 17, 13, 1, -17),
        Glyph::new(4488, 12, 17, 13, 1, -17),
        Glyph::new(4522, 12, 19, 13, 1, -19),
        Glyph::new(4560, 18, 11, 21, 1, -11),
        Glyph::new(4593, 10, 15, 12, 1, -11),
        Glyph::new(4623, 11, 18, 13, 1, -18),
        Glyph::new(4659, 11, 18, 13, 1, -18),
        Glyph::new(4695, 11, 18, 13, 1, -18),
        Glyph::new(4731, 11, 17, 13, 1, -17),
        Glyph::new(4765, 7, 18, 7, 0, -18),
        Glyph::new(4783, 6, 18, 7, 1, -18),
        Glyph::new(4801, 7, 18, 7, 0, -18),
        Glyph::new(4819, 8, 17, 7, 0, -17),
        Glyph::new(4836, 11, 17, 13, 1, -17),
        Glyph::new(4870, 13, 17, 14, 1, -17),
        Glyph::new(4904, 11, 18, 13, 1, -18),
        Glyph::new(4940, 11, 18, 13, 1, -18),
        Glyph::new(4976, 11, 18, 13, 1, -18),
        Glyph::new(5012, 11, 17, 13, 1, -17),
        Glyph::new(5046, 11, 17, 13, 1, -17),
        Glyph::new(5080, 13, 12, 18, 3, -13),
        Glyph::new(5104, 11, 13, 13, 1, -12),
        Glyph::new(5130, 13, 18, 14, 0, -18),
        Glyph::new(5166, 13, 18, 14, 0, -18),
        Glyph::new(5202, 13, 18, 14, 0, -18),
        Glyph::new(5238, 13, 17, 14, 0, -17),
        Glyph::new(5272, 12, 23, 12, 0, -18),
        Glyph::new(5318, 12, 22, 14, 1, -17),
        Glyph::new(5362, 12, 22, 12, 0, -17),
        Glyph::new(5406, 9, 1, 11, 1, -7),
        Glyph::new(5408, 20, 1, 22, 1, -7),
        Glyph::new(5411, 4, 5, 7, 2, -16),
        Glyph::new(5416, 4, 5, 7, 1, -16),
        Glyph::new(5421, 4, 5, 7, 1, -2),
        Glyph::new(5426, 8, 5, 11, 2, -16),
        Glyph::new(5431, 8, 5, 11, 2, -16),
        Glyph::new(5436, 8, 5, 11, 1, -2),
        Glyph::new(5441, 6, 6, 13, 3, -11),
        Glyph::new(5447, 17, 3, 22, 3, -3),
        Glyph::new(5456, 5, 10, 9, 2, -11),
        Glyph::new(5466, 5, 10, 9, 2, -11),
        Glyph::new(5476, 12, 16, 14, 0, -16),
        Glyph::new(5508, 15, 6, 22, 3, -16),
        Glyph::new(5520, 14, 2, 18, 2, -8),
    ],
    bitmap: &[
        0xE0, 0xE0, 0xE0, 0xE0, 0x40, 0x40, 0x40, 0x40, 0x40, 0x40, 0x40, 0x00, 0x00, 0xE0, 0xE0,
        0xE0, 0xCC, 0xCC, 0xCC, 0xCC, 0xCC, 0xCC, 0x03, 0x18, 0x02, 0x10, 0x06, 0x30, 0x06, 0x30,
        0x7F, 0xFE, 0x7F, 0xFE, 0x0C, 0x60, 0x0C, 0x60, 0x0C, 0x60, 0x0C, 0x40, 0xFF, 0xFC, 0xFF,
        0xFC, 0x18, 0xC0, 0x18, 0xC0, 0x11, 0x80, 0x31, 0x80, 0x04, 0x00, 0x04, 0x00, 0x04, 0x00,
        0x3F, 0x00, 0x65, 0x80, 0xC4, 0x80, 0xC4, 0x80, 0xE4, 0x00, 0xF4, 0x00, 0x7E, 0x00, 0x0F,
        0x80, 0x05, 0xC0, 0x04, 0xC0, 0x84, 0xC0, 0x84, 0xC0, 0xE5, 0x80, 0x3F, 0x00, 0x04, 0x00,
        0x04, 0x00, 0x04, 0x00, 0x38, 0x04, 0x00, 0x6C, 0x04, 0x00, 0xC6, 0x08, 0x00, 0xC6, 0x10,
        0x00, 0xC6, 0x10, 0x00, 0xC6, 0x20, 0x00, 0xC6, 0x60, 0x00, 0x6C, 0x47, 0x00, 0x38, 0x8D,
        0x80, 0x01, 0x98, 0xC0, 0x01, 0x18, 0xC0, 0x02, 0x18, 0xC0, 0x02, 0x18, 0xC0, 0x04, 0x18,
        0xC0, 0x08, 0x0D, 0x80, 0x08, 0x07, 0x00, 0x0F, 0x80, 0x00, 0x18, 0xC0, 0x00, 0x30, 0x40,
        0x00, 0x30, 0x40, 0x00, 0x30, 0x00, 0x00, 0x38, 0x00, 0x00, 0x1C, 0x00, 0x00, 0x2E, 0x1F,
        0x80, 0x67, 0x02, 0x00, 0xC3, 0x82, 0x00, 0xC1, 0xC4, 0x00, 0xC0, 0xEC, 0x00, 0xC0, 0x78,
        0x00, 0x60, 0x38, 0x00, 0x70, 0xFC, 0x00, 0x1F, 0x8F, 0x80, 0xC0, 0xC0, 0xC0, 0xC0, 0xC0,
        0xC0, 0x08, 0x10, 0x30, 0x60, 0x60, 0x40, 0xC0, 0xC0, 0xC0, 0xC0, 0xC0, 0xC0, 0xC0, 0xC0,
        0x40, 0x60, 0x60, 0x30, 0x10, 0x08, 0x80, 0x40, 0x60, 0x30, 0x30, 0x10, 0x18, 0x18, 0x18,
        0x18, 0x18, 0x18, 0x18, 0x18, 0x10, 0x30, 0x30, 0x60, 0x40, 0x80, 0x04, 0x00, 0x04, 0x00,
        0x44, 0x40, 0xF5, 0xE0, 0x1F, 0x00, 0x1F, 0x00, 0x75, 0xC0, 0xC4, 0x60, 0x04, 0x00, 0x04,
        0x00, 0x03, 0x00, 0x03, 0x00, 0x03, 0x00, 0x03, 0x00, 0x03, 0x00, 0x03, 0x00, 0xFF, 0xFC,
        0xFF, 0xFC, 0x03, 0x00, 0x03, 0x00, 0x03, 0x00, 0x03, 0x00, 0x03, 0x00, 0x03, 0x00, 0x30,
        0x30, 0x20, 0x60, 0xC0, 0xFC, 0xFC, 0xE0, 0xE0, 0xE0, 0x06, 0x06, 0x04, 0x0C, 0x0C, 0x08,
        0x18, 0x18, 0x10, 0x10, 0x30, 0x30, 0x20, 0x60, 0x60, 0x40, 0xC0, 0xC0, 0x1F, 0x00, 0x31,
        0x80, 0x60, 0xC0, 0x60, 0xC0, 0xC0, 0x60, 0xC0, 0x60, 0xC0, 0x60, 0xC0, 0x60, 0xC0, 0x60,
        0xC0, 0x60, 0xC0, 0x60, 0xC0, 0x60, 0x60, 0xC0, 0x60, 0xC0, 0x31, 0x80, 0x1F, 0x00, 0x18,
        0x38, 0x58, 0x98, 0x18, 0x18, 0x18, 0x18, 0x18, 0x18, 0x18, 0x18, 0x18, 0x18, 0x18, 0xFF,
        0x7E, 0x00, 0xC1, 0x80, 0x80, 0xC0, 0x80, 0xC0, 0x00, 0xC0, 0x00, 0xC0, 0x00, 0x80, 0x01,
        0x80, 0x03, 0x00, 0x06, 0x00, 0x0C, 0x00, 0x18, 0x00, 0x30, 0x40, 0x60, 0x40, 0xFF, 0xC0,
        0xFF, 0xC0, 0x3F, 0x00, 0xC1, 0x80, 0x80, 0xC0, 0x80, 0xC0, 0x00, 0xC0, 0x01, 0x80, 0x1E,
        0x00, 0x01, 0x80, 0x00, 0xC0, 0x00, 0x60, 0x00, 0x60, 0x00, 0x60, 0x80, 0x60, 0x80, 0xC0,
        0xE1, 0xC0, 0x7F, 0x00, 0x01, 0x80, 0x03, 0x80, 0x07, 0x80, 0x05, 0x80, 0x09, 0x80, 0x19,
        0x80, 0x11, 0x80, 0x21, 0x80, 0x61, 0x80, 0x41, 0x80, 0x81, 0x80, 0xFF, 0xF0, 0x01, 0x80,
        0x01, 0x80, 0x01, 0x80, 0x0F, 0xF0, 0x7F, 0x80, 0x7F, 0x80, 0x40, 0x00, 0x40, 0x00, 0x40,
        0x00, 0x7E, 0x00, 0x43, 0x80, 0x01, 0x80, 0x00, 0xC0, 0x00, 0xC0, 0x00, 0xC0, 0x00, 0xC0,
        0x80, 0xC0, 0x81, 0x80, 0xC3, 0x80, 0x7E, 0x00, 0x0F, 0x80, 0x30, 0xC0, 0x60, 0x40, 0x40,
        0x40, 0x40, 0x00, 0xDF, 0x00, 0xF1, 0xC0, 0xE0, 0xC0, 0xC0, 0x60, 0xC0, 0x60, 0xC0, 0x60,
        0xC0, 0x60, 0x40, 0x60, 0x60, 0xC0, 0x31, 0xC0, 0x1F, 0x00, 0xFF, 0xE0, 0xFF, 0xE0, 0x80,
        0x40, 0x80, 0x40, 0x00, 0x80, 0x00, 0x80, 0x01, 0x80, 0x01, 0x00, 0x01, 0x00, 0x02, 0x00,
        0x02, 0x00, 0x04, 0x00, 0x04, 0x00, 0x08, 0x00, 0x08, 0x00, 0x10, 0x00, 0x1F, 0x00, 0x31,
        0x80, 0x60, 0xC0, 0x60, 0xC0, 0x60, 0xC0, 0x60, 0xC0, 0x31, 0x80, 0x0E, 0x00, 0x71, 0xC0,
        0x40, 0x40, 0xC0, 0x60, 0xC0, 0x60, 0xC0, 0x60, 0xC0, 0x60, 0x60, 0xC0, 0x1F, 0x00, 0x1F,
        0x00, 0x71, 0x80, 0x60, 0xC0, 0xC0, 0x40, 0xC0, 0x60, 0xC0, 0x60, 0xC0, 0x60, 0xC0, 0x60,
        0x60, 0xE0, 0x71, 0xE0, 0x1F, 0x60, 0x00, 0x40, 0x40, 0x40, 0x40, 0xC0, 0x61, 0x80, 0x3E,
        0x00, 0xE0, 0xE0, 0xE0, 0x00, 0x00, 0x00, 0x00, 0xE0, 0xE0, 0xE0, 0x70, 0x70, 0x70, 0x00,
        0x00, 0x00, 0x00, 0x00, 0x30, 0x30, 0x20, 0x60, 0xC0, 0x00, 0x04, 0x00, 0x3C, 0x01, 0xF0,
        0x0F, 0xC0, 0x3E, 0x00, 0xF0, 0x00, 0xF0, 0x00, 0x3E, 0x00, 0x0F, 0x80, 0x01, 0xF0, 0x00,
        0x3C, 0x00, 0x04, 0xFF, 0xFC, 0xFF, 0xFC, 0x00, 0x00, 0x00, 0x00, 0xFF, 0xFC, 0xFF, 0xFC,
        0x80, 0x00, 0xF0, 0x00, 0x3E, 0x00, 0x0F, 0xC0, 0x01, 0xF0, 0x00, 0x3C, 0x00, 0x3C, 0x01,
        0xF0, 0x07, 0xC0, 0x3E, 0x00, 0xF0, 0x00, 0x80, 0x00, 0x7E, 0x00, 0xC3, 0x00, 0x81, 0x80,
        0x81, 0x80, 0x01, 0x80, 0x01, 0x80, 0x03, 0x00, 0x06, 0x00, 0x1C, 0x00, 0x10, 0x00, 0x10,
        0x00, 0x00, 0x00, 0x00, 0x00, 0x38, 0x00, 0x38, 0x00, 0x38, 0x00, 0x01, 0xF8, 0x00, 0x0E,
        0x06, 0x00, 0x18, 0x01, 0x80, 0x30, 0x00, 0x80, 0x60, 0x00, 0x40, 0x61, 0xEC, 0x20, 0xC3,
        0x1C, 0x20, 0xC6, 0x0C, 0x20, 0xC6, 0x0C, 0x20, 0xC6, 0x0C, 0x20, 0xC6, 0x0C, 0x60, 0xC6,
        0x0C, 0x40, 0xC3, 0x1D, 0x80, 0x61, 0xEE, 0x00, 0x60, 0x00, 0x00, 0x30, 0x00, 0x00, 0x18,
        0x00, 0x00, 0x0E, 0x06, 0x00, 0x03, 0xF8, 0x00, 0x01, 0x80, 0x03, 0x80, 0x02, 0xC0, 0x02,
        0xC0, 0x04, 0xC0, 0x04, 0x60, 0x0C, 0x60, 0x08, 0x70, 0x08, 0x30, 0x10, 0x30, 0x1F, 0xF8,
        0x10, 0x18, 0x20, 0x18, 0x20, 0x0C, 0x60, 0x0C, 0xF0, 0x3F, 0xFF, 0xE0, 0x30, 0x30, 0x30,
        0x18, 0x30, 0x18, 0x30, 0x18, 0x30, 0x18, 0x30, 0x30, 0x3F, 0xC0, 0x30, 0x38, 0x30, 0x0C,
        0x30, 0x0C, 0x30, 0x0C, 0x30, 0x0C, 0x30, 0x0C, 0x30, 0x38, 0xFF, 0xE0, 0x07, 0xE0, 0x18,
        0x38, 0x30, 0x18, 0x60, 0x08, 0x40, 0x08, 0xC0, 0x00, 0xC0, 0x00, 0xC0, 0x00, 0xC0, 0x00,
        0xC0, 0x00, 0xC0, 0x00, 0x40, 0x0C, 0x60, 0x18, 0x30, 0x18, 0x18, 0x30, 0x07, 0xC0, 0xFF,
        0xC0, 0x30, 0x70, 0x30, 0x18, 0x30, 0x0C, 0x30, 0x0C, 0x30, 0x06, 0x30, 0x06, 0x30, 0x06,
        0x30, 0x06, 0x30, 0x06, 0x30, 0x06, 0x30, 0x0C, 0x30, 0x0C, 0x30, 0x18, 0x30, 0x70, 0xFF,
        0xC0, 0xFF, 0xF8, 0x30, 0x08, 0x30, 0x08, 0x30, 0x00, 0x30, 0x00, 0x30, 0x20, 0x30, 0x20,
        0x3F, 0xE0, 0x30, 0x20, 0x30, 0x20, 0x30, 0x00, 0x30, 0x00, 0x30, 0x00, 0x30, 0x08, 0x30,
        0x08, 0xFF, 0xF8, 0xFF, 0xF8, 0x30, 0x08, 0x30, 0x08, 0x30, 0x00, 0x30, 0x00, 0x30, 0x20,
        0x30, 0x20, 0x3F, 0xE0, 0x30, 0x20, 0x30, 0x20, 0x30, 0x00, 0x30, 0x00, 0x30, 0x00, 0x30,
        0x00, 0x30, 0x00, 0xFE, 0x00, 0x07, 0xF0, 0x18, 0x1C, 0x30, 0x0C, 0x60, 0x04, 0x40, 0x04,
        0xC0, 0x00, 0xC0, 0x00, 0xC0, 0x00, 0xC0, 0x3E, 0xC0, 0x06, 0xC0, 0x06, 0x60, 0x06, 0x60,
        0x06, 0x30, 0x06, 0x18, 0x1E, 0x07, 0xF0, 0xFC, 0x1F, 0x80, 0x30, 0x06, 0x00, 0x30, 0x06,
        0x00, 0x30, 0x06, 0x00, 0x30, 0x06, 0x00, 0x30, 0x06, 0x00, 0x30, 0x06, 0x00, 0x3F, 0xFE,
        0x00, 0x30, 0x06, 0x00, 0x30, 0x06, 0x00, 0x30, 0x06, 0x00, 0x30, 0x06, 0x00, 0x30, 0x06,
        0x00, 0x30, 0x06, 0x00, 0x30, 0x06, 0x00, 0xFC, 0x1F, 0x80, 0xFC, 0x30, 0x30, 0x30, 0x30,
        0x30, 0x30, 0x30, 0x30, 0x30, 0x30, 0x30, 0x30, 0x30, 0x30, 0xFC, 0x1F, 0xC0, 0x03, 0x00,
        0x03, 0x00, 0x03, 0x00, 0x03, 0x00, 0x03, 0x00, 0x03, 0x00, 0x03, 0x00, 0x03, 0x00, 0x03,
        0x00, 0x03, 0x00, 0x03, 0x00, 0x03, 0x00, 0x03, 0x00, 0x03, 0x00, 0x03, 0x00, 0x03, 0x00,
        0x83, 0x00, 0x83, 0x00, 0xC6, 0x00, 0x7C, 0x00, 0xFC, 0x7C, 0x30, 0x30, 0x30, 0x60, 0x30,
        0xC0, 0x31, 0x80, 0x32, 0x00, 0x34, 0x00, 0x3C, 0x00, 0x3E, 0x00, 0x37, 0x00, 0x33, 0x80,
        0x31, 0xC0, 0x30, 0xE0, 0x30, 0x70, 0x30, 0x38, 0xFC, 0x1E, 0xFC, 0x00, 0x30, 0x00, 0x30,
        0x00, 0x30, 0x00, 0x30, 0x00, 0x30, 0x00, 0x30, 0x00, 0x30, 0x00, 0x30, 0x00, 0x30, 0x00,
        0x30, 0x00, 0x30, 0x00, 0x30, 0x08, 0x30, 0x08, 0x30, 0x08, 0xFF, 0xF8, 0xF0, 0x00, 0xF0,
        0x38, 0x01, 0xC0, 0x38, 0x01, 0xC0, 0x2C, 0x02, 0xC0, 0x2E, 0x02, 0xC0, 0x26, 0x04, 0xC0,
        0x27, 0x04, 0xC0, 0x23, 0x08, 0xC0, 0x23, 0x88, 0xC0, 0x21, 0x90, 0xC0, 0x21, 0xD0, 0xC0,
        0x20, 0xE0, 0xC0, 0x20, 0xE0, 0xC0, 0x20, 0x40, 0xC0, 0x20, 0x00, 0xC0, 0xF8, 0x03, 0xF0,
        0xF8, 0x0F, 0x80, 0x38, 0x02, 0x00, 0x2C, 0x02, 0x00, 0x2E, 0x02, 0x00, 0x27, 0x02, 0x00,
        0x23, 0x02, 0x00, 0x21, 0x82, 0x00, 0x21, 0xC2, 0x00, 0x20, 0xC2, 0x00, 0x20, 0x62, 0x00,
        0x20, 0x32, 0x00, 0x20, 0x3A, 0x00, 0x20, 0x1A, 0x00, 0x20, 0x0E, 0x00, 0x20, 0x06, 0x00,
        0xF8, 0x06, 0x00, 0x07, 0xE0, 0x18, 0x18, 0x30, 0x0C, 0x60, 0x06, 0x60, 0x06, 0xC0, 0x03,
        0xC0, 0x03, 0xC0, 0x03, 0xC0, 0x03, 0xC0, 0x03, 0xC0, 0x03, 0x60, 0x06, 0x60, 0x06, 0x30,
        0x0C, 0x18, 0x18, 0x07, 0xE0, 0xFF, 0xC0, 0x30, 0x70, 0x30, 0x38, 0x30, 0x18, 0x30, 0x18,
        0x30, 0x18, 0x30, 0x38, 0x30, 0x70, 0x3F, 0xC0, 0x30, 0x00, 0x30, 0x00, 0x30, 0x00, 0x30,
        0x00, 0x30, 0x00, 0x30, 0x00, 0xFC, 0x00, 0x07, 0xE0, 0x18, 0x18, 0x30, 0x0C, 0x60, 0x06,
        0x60, 0x06, 0xC0, 0x03, 0xC0, 0x03, 0xC0, 0x03, 0xC0, 0x03, 0xC0, 0x03, 0xC0, 0x03, 0x60,
        0x06, 0x60, 0x06, 0x30, 0x0C, 0x18, 0x18, 0x07, 0xE0, 0x00, 0x40, 0x00, 0x70, 0x00, 0x3C,
        0x00, 0x0C, 0xFF, 0xE0, 0x30, 0x30, 0x30, 0x18, 0x30, 0x18, 0x30, 0x18, 0x30, 0x18, 0x30,
        0x18, 0x30, 0x30, 0x3F, 0xC0, 0x30, 0x60, 0x30, 0x30, 0x30, 0x30, 0x30, 0x18, 0x30, 0x18,
        0x30, 0x1C, 0xFC, 0x0F, 0x1F, 0x80, 0x60, 0xE0, 0xC0, 0x60, 0xC0, 0x20, 0xC0, 0x20, 0xE0,
        0x00, 0x78, 0x00, 0x3F, 0x00, 0x0F, 0xC0, 0x00, 0xE0, 0x00, 0x30, 0x80, 0x30, 0x80, 0x30,
        0xC0, 0x30, 0xE0, 0xE0, 0x3F, 0x80, 0xFF, 0xFC, 0x83, 0x04, 0x83, 0x04, 0x83, 0x04, 0x03,
        0x00, 0x03, 0x00, 0x03, 0x00, 0x03, 0x00, 0x03, 0x00, 0x03, 0x00, 0x03, 0x00, 0x03, 0x00,
        0x03, 0x00, 0x03, 0x00, 0x03, 0x00, 0x0F, 0xC0, 0xFC, 0x1F, 0x30, 0x04, 0x30, 0x04, 0x30,
        0x04, 0x30, 0x04, 0x30, 0x04, 0x30, 0x04, 0x30, 0x04, 0x30, 0x04, 0x30, 0x04, 0x30, 0x04,
        0x30, 0x04, 0x30, 0x04, 0x18, 0x08, 0x1C, 0x18, 0x07, 0xE0, 0xF8, 0x1F, 0x30, 0x04, 0x30,
        0x04, 0x30, 0x0C, 0x18, 0x08, 0x18, 0x08, 0x1C, 0x10, 0x0C, 0x10, 0x0C, 0x10, 0x06, 0x20,
        0x06, 0x20, 0x06, 0x60, 0x03, 0x40, 0x03, 0x40, 0x03, 0x80, 0x01, 0x80, 0xF8, 0x10, 0x7C,
        0x30, 0x38, 0x10, 0x30, 0x38, 0x10, 0x30, 0x38, 0x10, 0x18, 0x4C, 0x20, 0x18, 0x4C, 0x20,
        0x18, 0x4C, 0x20, 0x18, 0x4C, 0x20, 0x0C, 0x86, 0x40, 0x0C, 0x86, 0x40, 0x0C, 0x86, 0x40,
        0x0F, 0x87, 0x40, 0x07, 0x03, 0x80, 0x07, 0x03, 0x80, 0x07, 0x03, 0x80, 0x02, 0x01, 0x00,
        0xFC, 0xFC, 0x30, 0x10, 0x18, 0x20, 0x1C, 0x60, 0x0C, 0x40, 0x06, 0x80, 0x06, 0x80, 0x03,
        0x00, 0x03, 0x80, 0x05, 0xC0, 0x04, 0xC0, 0x08, 0x60, 0x18, 0x70, 0x10, 0x30, 0x20, 0x18,
        0xF8, 0xFE, 0xF8, 0x7C, 0x30, 0x10, 0x38, 0x10, 0x18, 0x20, 0x1C, 0x60, 0x0C, 0x40, 0x06,
        0x80, 0x06, 0x80, 0x03, 0x00, 0x03, 0x00, 0x03, 0x00, 0x03, 0x00, 0x03, 0x00, 0x03, 0x00,
        0x03, 0x00, 0x0F, 0xC0, 0xFF, 0xF8, 0x80, 0x30, 0x80, 0x70, 0x00, 0x60, 0x00, 0xC0, 0x01,
        0xC0, 0x03, 0x80, 0x03, 0x00, 0x06, 0x00, 0x0E, 0x00, 0x1C, 0x00, 0x18, 0x00, 0x30, 0x00,
        0x70, 0x08, 0x60, 0x08, 0xFF, 0xF8, 0xF8, 0xC0, 0xC0, 0xC0, 0xC0, 0xC0, 0xC0, 0xC0, 0xC0,
        0xC0, 0xC0, 0xC0, 0xC0, 0xC0, 0xC0, 0xC0, 0xC0, 0xC0, 0xC0, 0xF8, 0xC0, 0xC0, 0x40, 0x60,
        0x60, 0x20, 0x30, 0x30, 0x10, 0x10, 0x18, 0x18, 0x08, 0x0C, 0x0C, 0x04, 0x06, 0x06, 0xF8,
        0x18, 0x18, 0x18, 0x18, 0x18, 0x18, 0x18, 0x18, 0x18, 0x18, 0x18, 0x18, 0x18, 0x18, 0x18,
        0x18, 0x18, 0x18, 0xF8, 0x07, 0x80, 0x0F, 0xC0, 0x1C, 0xE0, 0x38, 0x70, 0x70, 0x38, 0xC0,
        0x0C, 0xFF, 0xE0, 0xE0, 0x60, 0x30, 0x18, 0x3F, 0x00, 0x61, 0x80, 0x40, 0xC0, 0x00, 0xC0,
        0x3F, 0xC0, 0x60, 0xC0, 0xC0, 0xC0, 0xC0, 0xC0, 0xC0, 0xC0, 0x61, 0xC0, 0x3E, 0xF0, 0xF0,
        0x00, 0x30, 0x00, 0x30, 0x00, 0x30, 0x00, 0x30, 0x00, 0x30, 0x00, 0x37, 0xC0, 0x38, 0x60,
        0x30, 0x60, 0x30, 0x30, 0x30, 0x30, 0x30, 0x30, 0x30, 0x30, 0x30, 0x30, 0x30, 0x60, 0x38,
        0x60, 0xF7, 0xC0, 0x1F, 0x80, 0x30, 0xC0, 0x60, 0x40, 0xC0, 0x40, 0xC0, 0x00, 0xC0, 0x00,
        0xC0, 0x00, 0xC0, 0x00, 0x60, 0xC0, 0x61, 0x80, 0x1F, 0x00, 0x03, 0xC0, 0x00, 0xC0, 0x00,
        0xC0, 0x00, 0xC0, 0x00, 0xC0, 0x00, 0xC0, 0x3E, 0xC0, 0x61, 0xC0, 0x60, 0xC0, 0xC0, 0xC0,
        0xC0, 0xC0, 0xC0, 0xC0, 0xC0, 0xC0, 0xC0, 0xC0, 0x60, 0xC0, 0x61, 0xC0, 0x3E, 0xF0, 0x1F,
        0x00, 0x31, 0xC0, 0x60, 0xC0, 0xC0, 0x60, 0xC0, 0x60, 0xFF, 0xE0, 0xC0, 0x00, 0xC0, 0x00,
        0x60, 0x60, 0x30, 0xC0, 0x1F, 0x80, 0x0F, 0x00, 0x18, 0x80, 0x30, 0x80, 0x30, 0x00, 0x30,
        0x00, 0x30, 0x00, 0xFF, 0x00, 0x30, 0x00, 0x30, 0x00, 0x30, 0x00, 0x30, 0x00, 0x30, 0x00,
        0x30, 0x00, 0x30, 0x00, 0x30, 0x00, 0x30, 0x00, 0xFE, 0x00, 0x3E, 0xF0, 0x61, 0xC0, 0x60,
        0xC0, 0xC0, 0xC0, 0xC0, 0xC0, 0xC0, 0xC0, 0xC0, 0xC0, 0xC0, 0xC0, 0x60, 0xC0, 0x61, 0xC0,
        0x3E, 0xC0, 0x00, 0xC0, 0x00, 0xC0, 0x41, 0x80, 0x61, 0x80, 0x3E, 0x00, 0xF0, 0x00, 0x30,
        0x00, 0x30, 0x00, 0x30, 0x00, 0x30, 0x00, 0x30, 0x00, 0x37, 0xC0, 0x38, 0xE0, 0x30, 0x60,
        0x30, 0x60, 0x30, 0x60, 0x30, 0x60, 0x30, 0x60, 0x30, 0x60, 0x30, 0x60, 0x30, 0x60, 0xFD,
        0xF8, 0x30, 0x30, 0x00, 0x00, 0xF0, 0x30, 0x30, 0x30, 0x30, 0x30, 0x30, 0x30, 0x30, 0x30,
        0xFC, 0x06, 0x06, 0x00, 0x00, 0x1E, 0x06, 0x06, 0x06, 0x06, 0x06, 0x06, 0x06, 0x06, 0x06,
        0x06, 0x06, 0x06, 0x86, 0xCC, 0x78, 0xF0, 0x00, 0x30, 0x00, 0x30, 0x00, 0x30, 0x00, 0x30,
        0x00, 0x30, 0x00, 0x31, 0xF8, 0x30, 0xC0, 0x31, 0x80, 0x33, 0x00, 0x37, 0x00, 0x3B, 0x00,
        0x31, 0x80, 0x31, 0xC0, 0x30, 0xC0, 0x30, 0x60, 0xFD, 0xF8, 0xF0, 0x30, 0x30, 0x30, 0x30,
        0x30, 0x30, 0x30, 0x30, 0x30, 0x30, 0x30, 0x30, 0x30, 0x30, 0x30, 0xFC, 0xF7, 0xCF, 0x80,
        0x38, 0xF1, 0x80, 0x30, 0x60, 0xC0, 0x30, 0x60, 0xC0, 0x30, 0x60, 0xC0, 0x30, 0x60, 0xC0,
        0x30, 0x60, 0xC0, 0x30, 0x60, 0xC0, 0x30, 0x60, 0xC0, 0x30, 0x60, 0xC0, 0xFD, 0xFB, 0xF0,
        0xF7, 0xC0, 0x38, 0xE0, 0x30, 0x60, 0x30, 0x60, 0x30, 0x60, 0x30, 0x60, 0x30, 0x60, 0x30,
        0x60, 0x30, 0x60, 0x30, 0x60, 0xFD, 0xF8, 0x1F, 0x00, 0x71, 0xC0, 0x60, 0xC0, 0xC0, 0x60,
        0xC0, 0x60, 0xC0, 0x60, 0xC0, 0x60, 0xC0, 0x60, 0x60, 0xC0, 0x31, 0x80, 0x1F, 0x00, 0xF7,
        0xC0, 0x38, 0x60, 0x30, 0x60, 0x30, 0x30, 0x30, 0x30, 0x30, 0x30, 0x30, 0x30, 0x30, 0x30,
        0x30, 0x60, 0x38, 0x60, 0x37, 0xC0, 0x30, 0x00, 0x30, 0x00, 0x30, 0x00, 0x30, 0x00, 0xFC,
        0x00, 0x3E, 0xF0, 0x61, 0xC0, 0x60, 0xC0, 0xC0, 0xC0, 0xC0, 0xC0, 0xC0, 0xC0, 0xC0, 0xC0,
        0xC0, 0xC0, 0x60, 0xC0, 0x61, 0xC0, 0x3E, 0xC0, 0x00, 0xC0, 0x00, 0xC0, 0x00, 0xC0, 0x00,
        0xC0, 0x03, 0xF0, 0xF3, 0xC0, 0x3C, 0xC0, 0x38, 0x40, 0x30, 0x00, 0x30, 0x00, 0x30, 0x00,
        0x30, 0x00, 0x30, 0x00, 0x30, 0x00, 0x30, 0x00, 0xFC, 0x00, 0x3E, 0x00, 0xC3, 0x00, 0xC1,
        0x00, 0xE0, 0x00, 0xF8, 0x00, 0x3F, 0x00, 0x07, 0x80, 0x01, 0x80, 0x81, 0x80, 0xC3, 0x00,
        0x7E, 0x00, 0x30, 0x30, 0x30, 0x30, 0xFE, 0x30, 0x30, 0x30, 0x30, 0x30, 0x30, 0x30, 0x33,
        0x33, 0x1E, 0xF1, 0xE0, 0x30, 0x60, 0x30, 0x60, 0x30, 0x60, 0x30, 0x60, 0x30, 0x60, 0x30,
        0x60, 0x30, 0x60, 0x30, 0x60, 0x18, 0xE0, 0x1F, 0x78, 0xF8, 0xF0, 0x70, 0x60, 0x30, 0x40,
        0x30, 0x40, 0x18, 0x80, 0x18, 0x80, 0x1D, 0x80, 0x0D, 0x00, 0x0D, 0x00, 0x06, 0x00, 0x06,
        0x00, 0xF8, 0x43, 0xC0, 0x70, 0xE0, 0x80, 0x30, 0xE1, 0x00, 0x30, 0xE1, 0x00, 0x39, 0x31,
        0x00, 0x19, 0x32, 0x00, 0x19, 0x32, 0x00, 0x1E, 0x1A, 0x00, 0x0E, 0x1C, 0x00, 0x0E, 0x1C,
        0x00, 0x0C, 0x0C, 0x00, 0xF8, 0xF0, 0x30, 0x40, 0x18, 0x80, 0x1D, 0x00, 0x0F, 0x00, 0x06,
        0x00, 0x0F, 0x00, 0x0B, 0x80, 0x11, 0x80, 0x20, 0xC0, 0xF1, 0xF0, 0xF8, 0xF0, 0x30, 0x20,
        0x30, 0x40, 0x38, 0x40, 0x18, 0x80, 0x18, 0x80, 0x0C, 0x80, 0x0D, 0x00, 0x0D, 0x00, 0x07,
        0x00, 0x06, 0x00, 0x06, 0x00, 0x06, 0x00, 0x04, 0x00, 0x44, 0x00, 0x78, 0x00, 0xFF, 0xC0,
        0x81, 0xC0, 0x83, 0x80, 0x07, 0x00, 0x0E, 0x00, 0x0C, 0x00, 0x18, 0x00, 0x38, 0x00, 0x70,
        0x40, 0xE0, 0x40, 0xFF, 0xC0, 0x0F, 0x18, 0x18, 0x18, 0x18, 0x18, 0x18, 0x18, 0x30, 0xE0,
        0x30, 0x18, 0x18, 0x18, 0x18, 0x18, 0x18, 0x18, 0x18, 0x0F, 0xC0, 0xC0, 0xC0, 0xC0, 0xC0,
        0xC0, 0xC0, 0xC0, 0xC0, 0xC0, 0xC0, 0xC0, 0xC0, 0xC0, 0xC0, 0xC0, 0xC0, 0xC0, 0xC0, 0xC0,
        0xC0, 0xC0, 0xF0, 0x18, 0x18, 0x18, 0x18, 0x18, 0x18, 0x18, 0x0C, 0x07, 0x0C, 0x18, 0x18,
        0x18, 0x18, 0x18, 0x18, 0x18, 0x18, 0xF0, 0x3C, 0x04, 0x7F, 0x0C, 0xC3, 0xF8, 0x00, 0xF0,
        0xE0, 0xE0, 0xE0, 0x00, 0x00, 0x40, 0x40, 0x40, 0x40, 0x40, 0x40, 0x40, 0xE0, 0xE0, 0xE0,
        0xE0, 0x04, 0x00, 0x04, 0x00, 0x04, 0x00, 0x1F, 0x80, 0x74, 0xC0, 0x64, 0xC0, 0xC4, 0x40,
        0xC4, 0x00, 0xC4, 0x00, 0xC4, 0x00, 0xC4, 0x00, 0x64, 0xC0, 0x75, 0x80, 0x1F, 0x00, 0x04,
        0x00, 0x04, 0x00, 0x04, 0x00, 0x0F, 0xC0, 0x18, 0x60, 0x30, 0x20, 0x30, 0x20, 0x30, 0x00,
        0x30, 0x00, 0x30, 0x00, 0xFF, 0x80, 0x30, 0x00, 0x30, 0x00, 0x30, 0x00, 0x30, 0x00, 0x30,
        0x00, 0x30, 0x20, 0x30, 0x20, 0xFF, 0xE0, 0xC0, 0x60, 0x6E, 0xE0, 0x7F, 0xC0, 0x31, 0x80,
        0x60, 0xC0, 0x60, 0xC0, 0x60, 0xC0, 0x31, 0x80, 0x7F, 0xC0, 0x6E, 0xE0, 0x80, 0x20, 0xFC,
        0x7C, 0x30, 0x10, 0x30, 0x10, 0x18, 0x20, 0x1C, 0x60, 0x0C, 0x40, 0x0E, 0xC0, 0x3E, 0xF0,
        0x07, 0x00, 0x03, 0x00, 0x3F, 0xF0, 0x03, 0x00, 0x03, 0x00, 0x03, 0x00, 0x03, 0x00, 0x0F,
        0xC0, 0xC0, 0xC0, 0xC0, 0xC0, 0xC0, 0xC0, 0xC0, 0xC0, 0x00, 0x00, 0x00, 0xC0, 0xC0, 0xC0,
        0xC0, 0xC0, 0xC0, 0xC0, 0xC0, 0x1E, 0x00, 0x73, 0x00, 0x61, 0x00, 0x60, 0x00, 0x70, 0x00,
        0x38, 0x00, 0x6E, 0x00, 0xC7, 0x00, 0xC1, 0x80, 0xE1, 0x80, 0x71, 0x80, 0x1B, 0x00, 0x0E,
        0x00, 0x07, 0x00, 0x03, 0x00, 0x43, 0x00, 0x67, 0x00, 0x3C, 0x00, 0xE7, 0xE7, 0xE7, 0x07,
        0xE0, 0x18, 0x18, 0x30, 0x0C, 0x63, 0xE6, 0x4C, 0x32, 0x88, 0x11, 0x98, 0x01, 0x98, 0x01,
        0x98, 0x01, 0x98, 0x01, 0x88, 0x11, 0x4C, 0x22, 0x67, 0xC6, 0x30, 0x0C, 0x18, 0x18, 0x07,
        0xE0, 0x3E, 0x00, 0x43, 0x00, 0x03, 0x00, 0x7F, 0x00, 0xC3, 0x00, 0xC3, 0x00, 0xC3, 0x00,
        0x7F, 0x80, 0x00, 0x00, 0x7F, 0x00, 0x08, 0x40, 0x18, 0xC0, 0x31, 0x80, 0x63, 0x00, 0xC6,
        0x00, 0xC6, 0x00, 0x63, 0x00, 0x31, 0x80, 0x18, 0xC0, 0x08, 0x40, 0xFF, 0xFC, 0xFF, 0xFC,
        0x00, 0x0C, 0x00, 0x0C, 0x00, 0x0C, 0x00, 0x0C, 0x07, 0xE0, 0x18, 0x18, 0x30, 0x0C, 0x6F,
        0xC6, 0x46, 0x62, 0x86, 0x61, 0x86, 0x61, 0x87, 0x81, 0x86, 0xC1, 0x86, 0xC1, 0x86, 0x61,
        0x46, 0x62, 0x6F, 0x36, 0x30, 0x0C, 0x18, 0x18, 0x07, 0xE0, 0xFC, 0xFC, 0x38, 0x44, 0x82,
        0x82, 0x82, 0x44, 0x38, 0x03, 0x00, 0x03, 0x00, 0x03, 0x00, 0x03, 0x00, 0xFF, 0xFC, 0xFF,
        0xFC, 0x03, 0x00, 0x03, 0x00, 0x03, 0x00, 0x03, 0x00, 0x00, 0x00, 0x00, 0x00, 0xFF, 0xFC,
        0xFF, 0xFC, 0x78, 0x8C, 0x8C, 0x0C, 0x18, 0x30, 0x44, 0xFC, 0xFC, 0x7C, 0x86, 0x06, 0x06,
        0x38, 0x06, 0x86, 0xC6, 0x7C, 0x38, 0x30, 0x60, 0xC0, 0xF1, 0xE0, 0x30, 0x60, 0x30, 0x60,
        0x30, 0x60, 0x30, 0x60, 0x30, 0x60, 0x30, 0x60, 0x30, 0x60, 0x30, 0x60, 0x38, 0xE0, 0x3F,
        0x78, 0x30, 0x00, 0x30, 0x00, 0x30, 0x00, 0x30, 0x00, 0xFC, 0x00, 0x1F, 0xE0, 0x7C, 0x40,
        0xFC, 0x40, 0xFC, 0x40, 0xFC, 0x40, 0xFC, 0x40, 0xFC, 0x40, 0x7C, 0x40, 0x1C, 0x40, 0x04,
        0x40, 0x04, 0x40, 0x04, 0x40, 0x04, 0x40, 0x04, 0x40, 0x04, 0x40, 0x04, 0x40, 0x04, 0x40,
        0x04, 0x40, 0xE0, 0xE0, 0xE0, 0x20, 0x10, 0x10, 0xE0, 0x70, 0xF0, 0x30, 0x30, 0x30, 0x30,
        0x30, 0x30, 0xFC, 0x3C, 0x66, 0xC3, 0xC3, 0xC3, 0xC3, 0x66, 0x3C, 0x00, 0xFF, 0x84, 0x00,
        0xC6, 0x00, 0x63, 0x00, 0x31, 0x80, 0x18, 0xC0, 0x18, 0xC0, 0x31, 0x80, 0x63, 0x00, 0xC6,
        0x00, 0x84, 0x00, 0x70, 0x06, 0x00, 0xF0, 0x04, 0x00, 0x30, 0x08, 0x00, 0x30, 0x18, 0x00,
        0x30, 0x10, 0x00, 0x30, 0x20, 0x00, 0x30, 0x60, 0x00, 0x30, 0x40, 0xC0, 0xFC, 0x81, 0xC0,
        0x01, 0x81, 0xC0, 0x01, 0x02, 0xC0, 0x02, 0x04, 0xC0, 0x06, 0x0C, 0xC0, 0x04, 0x0F, 0xF0,
        0x08, 0x00, 0xC0, 0x18, 0x03, 0xF0, 0x70, 0x06, 0x00, 0xF0, 0x04, 0x00, 0x30, 0x08, 0x00,
        0x30, 0x18, 0x00, 0x30, 0x10, 0x00, 0x30, 0x20, 0x00, 0x30, 0x60, 0x00, 0x30, 0x47, 0x80,
        0xFC, 0x88, 0xC0, 0x01, 0x88, 0xC0, 0x01, 0x00, 0xC0, 0x02, 0x01, 0x80, 0x06, 0x03, 0x00,
        0x04, 0x04, 0x40, 0x08, 0x0F, 0xC0, 0x18, 0x0F, 0xC0, 0x7C, 0x03, 0x00, 0x86, 0x02, 0x00,
        0x06, 0x04, 0x00, 0x06, 0x0C, 0x00, 0x38, 0x08, 0x00, 0x06, 0x10, 0x00, 0x86, 0x30, 0x00,
        0xC6, 0x20, 0x60, 0x7C, 0x40, 0xE0, 0x00, 0xC0, 0xE0, 0x00, 0x81, 0x60, 0x01, 0x02, 0x60,
        0x03, 0x06, 0x60, 0x02, 0x07, 0xF8, 0x04, 0x00, 0x60, 0x0C, 0x01, 0xF8, 0x0E, 0x00, 0x0E,
        0x00, 0x0E, 0x00, 0x00, 0x00, 0x00, 0x00, 0x04, 0x00, 0x04, 0x00, 0x1C, 0x00, 0x30, 0x00,
        0x60, 0x00, 0xC0, 0x00, 0xC0, 0x00, 0xC0, 0x80, 0xC0, 0x80, 0x61, 0x80, 0x3F, 0x00, 0x06,
        0x00, 0x03, 0x00, 0x01, 0x80, 0x00, 0x00, 0x01, 0x80, 0x03, 0x80, 0x02, 0xC0, 0x02, 0xC0,
        0x04, 0xC0, 0x04, 0x60, 0x0C, 0x60, 0x08, 0x70, 0x08, 0x30, 0x10, 0x30, 0x1F, 0xF8, 0x10,
        0x18, 0x20, 0x18, 0x20, 0x0C, 0x60, 0x0C, 0xF0, 0x3F, 0x00, 0xC0, 0x01, 0x80, 0x03, 0x00,
        0x00, 0x00, 0x01, 0x80, 0x03, 0x80, 0x02, 0xC0, 0x02, 0xC0, 0x04, 0xC0, 0x04, 0x60, 0x0C,
        0x60, 0x08, 0x70, 0x08, 0x30, 0x10, 0x30, 0x1F, 0xF8, 0x10, 0x18, 0x20, 0x18, 0x20, 0x0C,
        0x60, 0x0C, 0xF0, 0x3F, 0x03, 0x80, 0x06, 0xC0, 0x0C, 0x60, 0x00, 0x00, 0x01, 0x80, 0x03,
        0x80, 0x02, 0xC0, 0x02, 0xC0, 0x04, 0xC0, 0x04, 0x60, 0x0C, 0x60, 0x08, 0x70, 0x08, 0x30,
        0x10, 0x30, 0x1F, 0xF8, 0x10, 0x18, 0x20, 0x18, 0x20, 0x0C, 0x60, 0x0C, 0xF0, 0x3F, 0x07,
        0x20, 0x09, 0xC0, 0x00, 0x00, 0x00, 0x00, 0x01, 0x80, 0x03, 0x80, 0x02, 0xC0, 0x02, 0xC0,
        0x04, 0xC0, 0x04, 0x60, 0x0C, 0x60, 0x08, 0x70, 0x08, 0x30, 0x10, 0x30, 0x1F, 0xF8, 0x10,
        0x18, 0x20, 0x18, 0x20, 0x0C, 0x60, 0x0C, 0xF0, 0x3F, 0x0E, 0x70, 0x0E, 0x70, 0x0E, 0x70,
        0x00, 0x00, 0x01, 0x80, 0x03, 0x80, 0x02, 0xC0, 0x02, 0xC0, 0x04, 0xC0, 0x04, 0x60, 0x0C,
        0x60, 0x08, 0x70, 0x08, 0x30, 0x10, 0x30, 0x1F, 0xF8, 0x10, 0x18, 0x20, 0x18, 0x20, 0x0C,
        0x60, 0x0C, 0xF0, 0x3F, 0x03, 0xC0, 0x04, 0x60, 0x04, 0x20, 0x04, 0x60, 0x03, 0xC0, 0x02,
        0xC0, 0x02, 0xC0, 0x04, 0xE0, 0x04, 0x60, 0x04, 0x60, 0x08, 0x70, 0x08, 0x30, 0x08, 0x30,
        0x10, 0x38, 0x1F, 0xF8, 0x10, 0x18, 0x20, 0x0C, 0x20, 0x0C, 0x60, 0x0C, 0xF0, 0x1F, 0x07,
        0xFF, 0xF8, 0x01, 0x30, 0x08, 0x01, 0x30, 0x08, 0x02, 0x30, 0x00, 0x02, 0x30, 0x00, 0x06,
        0x30, 0x20, 0x04, 0x30, 0x20, 0x04, 0x3F, 0xE0, 0x08, 0x30, 0x20, 0x08, 0x30, 0x20, 0x1F,
        0xF0, 0x00, 0x10, 0x30, 0x00, 0x20, 0x30, 0x00, 0x20, 0x30, 0x08, 0x40, 0x30, 0x08, 0xF0,
        0xFF, 0xF8, 0x07, 0xE0, 0x18, 0x38, 0x30, 0x18, 0x60, 0x08, 0x40, 0x08, 0xC0, 0x00, 0xC0,
        0x00, 0xC0, 0x00, 0xC0, 0x00, 0xC0, 0x00, 0xC0, 0x00, 0x40, 0x0C, 0x60, 0x18, 0x30, 0x18,
        0x18, 0x30, 0x07, 0xC0, 0x00, 0x80, 0x00, 0x40, 0x00, 0x40, 0x03, 0x80, 0x06, 0x00, 0x03,
        0x00, 0x01, 0x80, 0x00, 0x00, 0xFF, 0xF8, 0x30, 0x08, 0x30, 0x08, 0x30, 0x00, 0x30, 0x00,
        0x30, 0x20, 0x30, 0x20, 0x3F, 0xE0, 0x30, 0x20, 0x30, 0x20, 0x30, 0x00, 0x30, 0x00, 0x30,
        0x00, 0x30, 0x08, 0x30, 0x08, 0xFF, 0xF8, 0x00, 0xC0, 0x01, 0x80, 0x03, 0x00, 0x00, 0x00,
        0xFF, 0xF8, 0x30, 0x08, 0x30, 0x08, 0x30, 0x00, 0x30, 0x00, 0x30, 0x20, 0x30, 0x20, 0x3F,
        0xE0, 0x30, 0x20, 0x30, 0x20, 0x30, 0x00, 0x30, 0x00, 0x30, 0x00, 0x30, 0x08, 0x30, 0x08,
        0xFF, 0xF8, 0x03, 0x80, 0x06, 0xC0, 0x0C, 0x60, 0x00, 0x00, 0xFF, 0xF8, 0x30, 0x08, 0x30,
        0x08, 0x30, 0x00, 0x30, 0x00, 0x30, 0x20, 0x30, 0x20, 0x3F, 0xE0, 0x30, 0x20, 0x30, 0x20,
        0x30, 0x00, 0x30, 0x00, 0x30, 0x00, 0x30, 0x08, 0x30, 0x08, 0xFF, 0xF8, 0x0E, 0x70, 0x0E,
        0x70, 0x0E, 0x70, 0x00, 0x00, 0xFF, 0xF8, 0x30, 0x08, 0x30, 0x08, 0x30, 0x00, 0x30, 0x00,
        0x30, 0x20, 0x30, 0x20, 0x3F, 0xE0, 0x30, 0x20, 0x30, 0x20, 0x30, 0x00, 0x30, 0x00, 0x30,
        0x00, 0x30, 0x08, 0x30, 0x08, 0xFF, 0xF8, 0x60, 0x30, 0x18, 0x00, 0xFC, 0x30, 0x30, 0x30,
        0x30, 0x30, 0x30, 0x30, 0x30, 0x30, 0x30, 0x30, 0x30, 0x30, 0x30, 0xFC, 0x0C, 0x18, 0x30,
        0x00, 0xFC, 0x30, 0x30, 0x30, 0x30, 0x30, 0x30, 0x30, 0x30, 0x30, 0x30, 0x30, 0x30, 0x30,
        0x30, 0xFC, 0x38, 0x6C, 0xC6, 0x00, 0xFC, 0x30, 0x30, 0x30, 0x30, 0x30, 0x30, 0x30, 0x30,
        0x30, 0x30, 0x30, 0x30, 0x30, 0x30, 0xFC, 0xE7, 0xE7, 0xE7, 0x00, 0xFC, 0x30, 0x30, 0x30,
        0x30, 0x30, 0x30, 0x30, 0x30, 0x30, 0x30, 0x30, 0x30, 0x30, 0x30, 0xFC, 0xFF, 0xC0, 0x30,
        0x70, 0x30, 0x18, 0x30, 0x0C, 0x30, 0x0C, 0x30, 0x06, 0x30, 0x06, 0xFF, 0x06, 0x30, 0x06,
        0x30, 0x06, 0x30, 0x06, 0x30, 0x0C, 0x30, 0x0C, 0x30, 0x18, 0x30, 0x70, 0xFF, 0xC0, 0x03,
        0x90, 0x00, 0x04, 0xE0, 0x00, 0x00, 0x00, 0x00, 0x00, 0x00, 0x00, 0xF8, 0x0F, 0x80, 0x38,
        0x02, 0x00, 0x2C, 0x02, 0x00, 0x2E, 0x02, 0x00, 0x27, 0x02, 0x00, 0x23, 0x02, 0x00, 0x21,
        0x82, 0x00, 0x21, 0xC2, 0x00, 0x20, 0xC2, 0x00, 0x20, 0x62, 0x00, 0x20, 0x32, 0x00, 0x20,
        0x3A, 0x00, 0x20, 0x1A, 0x00, 0x20, 0x0E, 0x00, 0x20, 0x06, 0x00, 0xF8, 0x06, 0x00, 0x03,
        0x00, 0x01, 0x80, 0x00, 0xC0, 0x00, 0x00, 0x07, 0xE0, 0x18, 0x18, 0x30, 0x0C, 0x60, 0x06,
        0x60, 0x06, 0xC0, 0x03, 0xC0, 0x03, 0xC0, 0x03, 0xC0, 0x03, 0xC0, 0x03, 0xC0, 0x03, 0x60,
        0x06, 0x60, 0x06, 0x30, 0x0C, 0x18, 0x18, 0x07, 0xE0, 0x00, 0x60, 0x00, 0xC0, 0x01, 0x80,
        0x00, 0x00, 0x07, 0xE0, 0x18, 0x18, 0x30, 0x0C, 0x60, 0x06, 0x60, 0x06, 0xC0, 0x03, 0xC0,
        0x03, 0xC0, 0x03, 0xC0, 0x03, 0xC0, 0x03, 0xC0, 0x03, 0x60, 0x06, 0x60, 0x06, 0x30, 0x0C,
        0x18, 0x18, 0x07, 0xE0, 0x01, 0xC0, 0x03, 0x60, 0x06, 0x30, 0x00, 0x00, 0x07, 0xE0, 0x18,
        0x18, 0x30, 0x0C, 0x60, 0x06, 0x60, 0x06, 0xC0, 0x03, 0xC0, 0x03, 0xC0, 0x03, 0xC0, 0x03,
        0xC0, 0x03, 0xC0, 0x03, 0x60, 0x06, 0x60, 0x06, 0x30, 0x0C, 0x18, 0x18, 0x07, 0xE0, 0x03,
        0x90, 0x04, 0xE0, 0x00, 0x00, 0x00, 0x00, 0x07, 0xE0, 0x18, 0x18, 0x30, 0x0C, 0x60, 0x06,
        0x60, 0x06, 0xC0, 0x03, 0xC0, 0x03, 0xC0, 0x03, 0xC0, 0x03, 0xC0, 0x03, 0xC0, 0x03, 0x60,
        0x06, 0x60, 0x06, 0x30, 0x0C, 0x18, 0x18, 0x07, 0xE0, 0x07, 0x38, 0x07, 0x38, 0x07, 0x38,
        0x00, 0x00, 0x07, 0xE0, 0x18, 0x18, 0x30, 0x0C, 0x60, 0x06, 0x60, 0x06, 0xC0, 0x03, 0xC0,
        0x03, 0xC0, 0x03, 0xC0, 0x03, 0xC0, 0x03, 0xC0, 0x03, 0x60, 0x06, 0x60, 0x06, 0x30, 0x0C,
        0x18, 0x18, 0x07, 0xE0, 0x40, 0x20, 0xE0, 0x70, 0x70, 0xE0, 0x39, 0xC0, 0x1F, 0x80, 0x0F,
        0x00, 0x0F, 0x00, 0x1F, 0x80, 0x39, 0xC0, 0x70, 0xE0, 0xE0, 0x70, 0x40, 0x20, 0x07, 0xF1,
        0x18, 0x1E, 0x30, 0x0E, 0x60, 0x0E, 0x60, 0x1E, 0xC0, 0x23, 0xC0, 0x43, 0xC0, 0x83, 0xC1,
        0x03, 0xC2, 0x03, 0xCC, 0x03, 0xF8, 0x06, 0x70, 0x06, 0x70, 0x0C, 0x78, 0x18, 0x8F, 0xE0,
        0x03, 0x00, 0x01, 0x80, 0x00, 0xC0, 0x00, 0x00, 0xFC, 0x1F, 0x30, 0x04, 0x30, 0x04, 0x30,
        0x04, 0x30, 0x04, 0x30, 0x04, 0x30, 0x04, 0x30, 0x04, 0x30, 0x04, 0x30, 0x04, 0x30, 0x04,
        0x30, 0x04, 0x30, 0x04, 0x18, 0x08, 0x1C, 0x18, 0x07, 0xE0, 0x00, 0x60, 0x00, 0xC0, 0x01,
        0x80, 0x00, 0x00, 0xFC, 0x1F, 0x30, 0x04, 0x30, 0x04, 0x30, 0x04, 0x30, 0x04, 0x30, 0x04,
        0x30, 0x04, 0x30, 0x04, 0x30, 0x04, 0x30, 0x04, 0x30, 0x04, 0x30, 0x04, 0x30, 0x04, 0x18,
        0x08, 0x1C, 0x18, 0x07, 0xE0, 0x01, 0xC0, 0x03, 0x60, 0x06, 0x30, 0x00, 0x00, 0xFC, 0x1F,
        0x30, 0x04, 0x30, 0x04, 0x30, 0x04, 0x30, 0x04, 0x30, 0x04, 0x30, 0x04, 0x30, 0x04, 0x30,
        0x04, 0x30, 0x04, 0x30, 0x04, 0x30, 0x04, 0x30, 0x04, 0x18, 0x08, 0x1C, 0x18, 0x07, 0xE0,
        0x07, 0x38, 0x07, 0x38, 0x07, 0x38, 0x00, 0x00, 0xFC, 0x1F, 0x30, 0x04, 0x30, 0x04, 0x30,
        0x04, 0x30, 0x04, 0x30, 0x04, 0x30, 0x04, 0x30, 0x04, 0x30, 0x04, 0x30, 0x04, 0x30, 0x04,
        0x30, 0x04, 0x30, 0x04, 0x18, 0x08, 0x1C, 0x18, 0x07, 0xE0, 0x00, 0xC0, 0x01, 0x80, 0x03,
        0x00, 0x00, 0x00, 0xF8, 0x7C, 0x30, 0x10, 0x38, 0x10, 0x18, 0x20, 0x1C, 0x60, 0x0C, 0x40,
        0x06, 0x80, 0x06, 0x80, 0x03, 0x00, 0x03, 0x00, 0x03, 0x00, 0x03, 0x00, 0x03, 0x00, 0x03,
        0x00, 0x03, 0x00, 0x0F, 0xC0, 0xFC, 0x00, 0x30, 0x00, 0x30, 0x00, 0x3F, 0xC0, 0x30, 0x70,
        0x30, 0x38, 0x30, 0x18, 0x30, 0x18, 0x30, 0x18, 0x30, 0x38, 0x30, 0x70, 0x3F, 0xC0, 0x30,
        0x00, 0x30, 0x00, 0x30, 0x00, 0xFC, 0x00, 0x0F, 0xC0, 0x18, 0x60, 0x30, 0x20, 0x30, 0x30,
        0x30, 0x70, 0x31, 0xC0, 0x31, 0x80, 0x31, 0x80, 0x31, 0xC0, 0x30, 0x60, 0x30, 0x30, 0x30,
        0x18, 0x30, 0x18, 0x34, 0x18, 0x34, 0x18, 0x36, 0x30, 0xF3, 0xE0, 0x38, 0x00, 0x18, 0x00,
        0x0C, 0x00, 0x06, 0x00, 0x00, 0x00, 0x00, 0x00, 0x00, 0x00, 0x3F, 0x00, 0x61, 0x80, 0x40,
        0xC0, 0x00, 0xC0, 0x3F, 0xC0, 0x60, 0xC0, 0xC0, 0xC0, 0xC0, 0xC0, 0xC0, 0xC0, 0x61, 0xC0,
        0x3E, 0xF0, 0x03, 0x80, 0x03, 0x00, 0x06, 0x00, 0x0C, 0x00, 0x00, 0x00, 0x00, 0x00, 0x00,
        0x00, 0x3F, 0x00, 0x61, 0x80, 0x40, 0xC0, 0x00, 0xC0, 0x3F, 0xC0, 0x60, 0xC0, 0xC0, 0xC0,
        0xC0, 0xC0, 0xC0, 0xC0, 0x61, 0xC0, 0x3E, 0xF0, 0x0E, 0x00, 0x0A, 0x00, 0x11, 0x00, 0x31,
        0x80, 0x00, 0x00, 0x00, 0x00, 0x00, 0x00, 0x3F, 0x00, 0x61, 0x80, 0x40, 0xC0, 0x00, 0xC0,
        0x3F, 0xC0, 0x60, 0xC0, 0xC0, 0xC0, 0xC0, 0xC0, 0xC0, 0xC0, 0x61, 0xC0, 0x3E, 0xF0, 0x1C,
        0x80, 0x24, 0x80, 0x27, 0x00, 0x00, 0x00, 0x00, 0x00, 0x00, 0x00, 0x3F, 0x00, 0x61, 0x80,
        0x40, 0xC0, 0x00, 0xC0, 0x3F, 0xC0, 0x60, 0xC0, 0xC0, 0xC0, 0xC0, 0xC0, 0xC0, 0xC0, 0x61,
        0xC0, 0x3E, 0xF0, 0x39, 0xC0, 0x39, 0xC0, 0x39, 0xC0, 0x00, 0x00, 0x00, 0x00, 0x00, 0x00,
        0x3F, 0x00, 0x61, 0x80, 0x40, 0xC0, 0x00, 0xC0, 0x3F, 0xC0, 0x60, 0xC0, 0xC0, 0xC0, 0xC0,
        0xC0, 0xC0, 0xC0, 0x61, 0xC0, 0x3E, 0xF0, 0x0F, 0x00, 0x19, 0x80, 0x10, 0x80, 0x10, 0x80,
        0x19, 0x80, 0x0F, 0x00, 0x00, 0x00, 0x00, 0x00, 0x3F, 0x00, 0x61, 0x80, 0x40, 0xC0, 0x00,
        0xC0, 0x3F, 0xC0, 0x60, 0xC0, 0xC0, 0xC0, 0xC0, 0xC0, 0xC0, 0xC0, 0x61, 0xC0, 0x3E, 0xF0,
        0x3E, 0x3E, 0x00, 0x63, 0xE3, 0x00, 0x41, 0xC1, 0x80, 0x01, 0x80, 0xC0, 0x3F, 0x80, 0xC0,
        0x61, 0xFF, 0xC0, 0xC1, 0x80, 0x00, 0xC1, 0x80, 0x00, 0xC1, 0xC0, 0xC0, 0x63, 0xC1, 0x80,
        0x3C, 0x3F, 0x00, 0x1F, 0x80, 0x30, 0xC0, 0x60, 0x40, 0xC0, 0x40, 0xC0, 0x00, 0xC0, 0x00,
        0xC0, 0x00, 0xC0, 0x00, 0x60, 0xC0, 0x61, 0x80, 0x1F, 0x00, 0x04, 0x00, 0x02, 0x00, 0x02,
        0x00, 0x1C, 0x00, 0x38, 0x00, 0x18, 0x00, 0x0C, 0x00, 0x06, 0x00, 0x00, 0x00, 0x00, 0x00,
        0x00, 0x00, 0x1F, 0x00, 0x31, 0xC0, 0x60, 0xC0, 0xC0, 0x60, 0xC0, 0x60, 0xFF, 0xE0, 0xC0,
        0x00, 0xC0, 0x00, 0x60, 0x60, 0x30, 0xC0, 0x1F, 0x80, 0x03, 0x80, 0x03, 0x00, 0x06, 0x00,
        0x0C, 0x00, 0x00, 0x00, 0x00, 0x00, 0x00, 0x00, 0x1F, 0x00, 0x31, 0xC0, 0x60, 0xC0, 0xC0,
        0x60, 0xC0, 0x60, 0xFF, 0xE0, 0xC0, 0x00, 0xC0, 0x00, 0x60, 0x60, 0x30, 0xC0, 0x1F, 0x80,
        0x0E, 0x00, 0x0A, 0x00, 0x11, 0x00, 0x31, 0x80, 0x00, 0x00, 0x00, 0x00, 0x00, 0x00, 0x1F,
        0x00, 0x31, 0xC0, 0x60, 0xC0, 0xC0, 0x60, 0xC0, 0x60, 0xFF, 0xE0, 0xC0, 0x00, 0xC0, 0x00,
        0x60, 0x60, 0x30, 0xC0, 0x1F, 0x80, 0x39, 0xC0, 0x39, 0xC0, 0x39, 0xC0, 0x00, 0x00, 0x00,
        0x00, 0x00, 0x00, 0x1F, 0x00, 0x31, 0xC0, 0x60, 0xC0, 0xC0, 0x60, 0xC0, 0x60, 0xFF, 0xE0,
        0xC0, 0x00, 0xC0, 0x00, 0x60, 0x60, 0x30, 0xC0, 0x1F, 0x80, 0xE0, 0x60, 0x30, 0x18, 0x00,
        0x00, 0x00, 0x78, 0x18, 0x18, 0x18, 0x18, 0x18, 0x18, 0x18, 0x18, 0x18, 0x7E, 0x1C, 0x18,
        0x30, 0x60, 0x00, 0x00, 0x00, 0xF0, 0x30, 0x30, 0x30, 0x30, 0x30, 0x30, 0x30, 0x30, 0x30,
        0xFC, 0x38, 0x28, 0x44, 0xC6, 0x00, 0x00, 0x00, 0x78, 0x18, 0x18, 0x18, 0x18, 0x18, 0x18,
        0x18, 0x18, 0x18, 0x7E, 0xE7, 0xE7, 0xE7, 0x00, 0x00, 0x00, 0x78, 0x18, 0x18, 0x18, 0x18,
        0x18, 0x18, 0x18, 0x18, 0x18, 0x7E, 0x60, 0x00, 0x18, 0xC0, 0x0F, 0x00, 0x0F, 0x00, 0x33,
        0x80, 0x01, 0x80, 0x1F, 0xC0, 0x30, 0xC0, 0x60, 0x60, 0xC0, 0x60, 0xC0, 0x60, 0xC0, 0x60,
        0xC0, 0x60, 0xC0, 0x60, 0x60, 0xC0, 0x31, 0x80, 0x1F, 0x00, 0x0E, 0x40, 0x12, 0x40, 0x13,
        0x80, 0x00, 0x00, 0x00, 0x00, 0x00, 0x00, 0xF7, 0xC0, 0x38, 0xE0, 0x30, 0x60, 0x30, 0x60,
        0x30, 0x60, 0x30, 0x60, 0x30, 0x60, 0x30, 0x60, 0x30, 0x60, 0x30, 0x60, 0xFD, 0xF8, 0x38,
        0x00, 0x18, 0x00, 0x0C, 0x00, 0x06, 0x00, 0x00, 0x00, 0x00, 0x00, 0x00, 0x00, 0x1F, 0x00,
        0x71, 0xC0, 0x60, 0xC0, 0xC0, 0x60, 0xC0, 0x60, 0xC0, 0x60, 0xC0, 0x60, 0xC0, 0x60, 0x60,
        0xC0, 0x31, 0x80, 0x1F, 0x00, 0x03, 0x80, 0x03, 0x00, 0x06, 0x00, 0x0C, 0x00, 0x00, 0x00,
        0x00, 0x00, 0x00, 0x00, 0x1F, 0x00, 0x71, 0xC0, 0x60, 0xC0, 0xC0, 0x60, 0xC0, 0x60, 0xC0,
        0x60, 0xC0, 0x60, 0xC0, 0x60, 0x60, 0xC0, 0x31, 0x80, 0x1F, 0x00, 0x0E, 0x00, 0x0A, 0x00,
        0x11, 0x00, 0x31, 0x80, 0x00, 0x00, 0x00, 0x00, 0x00, 0x00, 0x1F, 0x00, 0x71, 0xC0, 0x60,
        0xC0, 0xC0, 0x60, 0xC0, 0x60, 0xC0, 0x60, 0xC0, 0x60, 0xC0, 0x60, 0x60, 0xC0, 0x31, 0x80,
        0x1F, 0x00, 0x1C, 0x80, 0x24, 0x80, 0x27, 0x00, 0x00, 0x00, 0x00, 0x00, 0x00, 0x00, 0x1F,
        0x00, 0x71, 0xC0, 0x60, 0xC0, 0xC0, 0x60, 0xC0, 0x60, 0xC0, 0x60, 0xC0, 0x60, 0xC0, 0x60,
        0x60, 0xC0, 0x31, 0x80, 0x1F, 0x00, 0x39, 0xC0, 0x39, 0xC0, 0x39, 0xC0, 0x00, 0x00, 0x00,
        0x00, 0x00, 0x00, 0x1F, 0x00, 0x71, 0xC0, 0x60, 0xC0, 0xC0, 0x60, 0xC0, 0x60, 0xC0, 0x60,
        0xC0, 0x60, 0xC0, 0x60, 0x60, 0xC0, 0x31, 0x80, 0x1F, 0x00, 0x07, 0x00, 0x07, 0x00, 0x07,
        0x00, 0x00, 0x00, 0x00, 0x00, 0xFF, 0xF8, 0xFF, 0xF8, 0x00, 0x00, 0x00, 0x00, 0x07, 0x00,
        0x07, 0x00, 0x07, 0x00, 0x00, 0x20, 0x1F, 0x20, 0x31, 0xC0, 0x60, 0xC0, 0xC1, 0x60, 0xC2,
        0x60, 0xC4, 0x60, 0xC8, 0x60, 0xD0, 0x60, 0x60, 0xC0, 0x71, 0x80, 0x9F, 0x00, 0x80, 0x00,
        0x38, 0x00, 0x18, 0x00, 0x0C, 0x00, 0x06, 0x00, 0x00, 0x00, 0x00, 0x00, 0x00, 0x00, 0xF1,
        0xE0, 0x30, 0x60, 0x30, 0x60, 0x30, 0x60, 0x30, 0x60, 0x30, 0x60, 0x30, 0x60, 0x30, 0x60,
        0x30, 0x60, 0x18, 0xE0, 0x1F, 0x78, 0x03, 0x80, 0x03, 0x00, 0x06, 0x00, 0x0C, 0x00, 0x00,
        0x00, 0x00, 0x00, 0x00, 0x00, 0xF1, 0xE0, 0x30, 0x60, 0x30, 0x60, 0x30, 0x60, 0x30, 0x60,
        0x30, 0x60, 0x30, 0x60, 0x30, 0x60, 0x30, 0x60, 0x18, 0xE0, 0x1F, 0x78, 0x0E, 0x00, 0x0A,
        0x00, 0x11, 0x00, 0x31, 0x80, 0x00, 0x00, 0x00, 0x00, 0x00, 0x00, 0xF1, 0xE0, 0x30, 0x60,
        0x30, 0x60, 0x30, 0x60, 0x30, 0x60, 0x30, 0x60, 0x30, 0x60, 0x30, 0x60, 0x30, 0x60, 0x18,
        0xE0, 0x1F, 0x78, 0x39, 0xC0, 0x39, 0xC0, 0x39, 0xC0, 0x00, 0x00, 0x00, 0x00, 0x00, 0x00,
        0xF1, 0xE0, 0x30, 0x60, 0x30, 0x60, 0x30, 0x60, 0x30, 0x60, 0x30, 0x60, 0x30, 0x60, 0x30,
        0x60, 0x30, 0x60, 0x18, 0xE0, 0x1F, 0x78, 0x01, 0xC0, 0x01, 0x80, 0x03, 0x00, 0x06, 0x00,
        0x00, 0x00, 0x00, 0x00, 0x00, 0x00, 0xF8, 0xF0, 0x30, 0x20, 0x30, 0x40, 0x38, 0x40, 0x18,
        0x80, 0x18, 0x80, 0x0C, 0x80, 0x0D, 0x00, 0x0D, 0x00, 0x07, 0x00, 0x06, 0x00, 0x06, 0x00,
        0x06, 0x00, 0x04, 0x00, 0x44, 0x00, 0x78, 0x00, 0xF0, 0x00, 0x30, 0x00, 0x30, 0x00, 0x30,
        0x00, 0x30, 0x00, 0x30, 0x00, 0x37, 0xC0, 0x38, 0x60, 0x30, 0x60, 0x30, 0x30, 0x30, 0x30,
        0x30, 0x30, 0x30, 0x30, 0x30, 0x30, 0x30, 0x60, 0x38, 0x60, 0x37, 0xC0, 0x30, 0x00, 0x30,
        0x00, 0x30, 0x00, 0x30, 0x00, 0xFC, 0x00, 0x1C, 0xE0, 0x1C, 0xE0, 0x1C, 0xE0, 0x00, 0x00,
        0x00, 0x00, 0x00, 0x00, 0xF8, 0xF0, 0x30, 0x20, 0x30, 0x40, 0x38, 0x40, 0x18, 0x80, 0x18,
        0x80, 0x0C, 0x80, 0x0D, 0x00, 0x0D, 0x00, 0x07, 0x00, 0x06, 0x00, 0x06, 0x00, 0x06, 0x00,
        0x04, 0x00, 0x44, 0x00, 0x78, 0x00, 0xFF, 0x80, 0xFF, 0xFF, 0xF0, 0x30, 0x60, 0xC0, 0xC0,
        0xC0, 0x30, 0x30, 0x20, 0x60, 0xC0, 0x30, 0x30, 0x20, 0x60, 0xC0, 0x33, 0x66, 0xCC, 0xCC,
        0xCC, 0x33, 0x33, 0x23, 0x66, 0xCC, 0x33, 0x33, 0x22, 0x66, 0xCC, 0x78, 0xFC, 0xFC, 0xFC,
        0xFC, 0x78, 0xE1, 0xC3, 0x80, 0xE1, 0xC3, 0x80, 0xE1, 0xC3, 0x80, 0x08, 0x18, 0x30, 0x60,
        0xC0, 0xC0, 0x60, 0x30, 0x18, 0x08, 0x80, 0xC0, 0x60, 0x30, 0x18, 0x18, 0x30, 0x60, 0xC0,
        0x80, 0x07, 0xE0, 0x0C, 0x70, 0x18, 0x30, 0x18, 0x10, 0x30, 0x10, 0x30, 0x00, 0xFF, 0xC0,
        0x30, 0x00, 0x30, 0x00, 0xFF, 0x00, 0x30, 0x00, 0x30, 0x10, 0x18, 0x10, 0x18, 0x20, 0x0C,
        0x60, 0x07, 0x80, 0xFB, 0x8E, 0xA9, 0xCC, 0x21, 0x74, 0x21, 0x24, 0x21, 0x04, 0x73, 0x8E,
        0xFF, 0xFC, 0xFF, 0xFC,
    ],
    line_height: 28,
};

// SERIF_XLARGE: 26 px, cap 19, line height 33, mono
pub static SERIF_XLARGE: BitmapFont = BitmapFont {
    glyphs: &[
        Glyph::new(0, 0, 0, 8, 0, 0),
        Glyph::new(0, 3, 19, 10, 4, -19),
        Glyph::new(19, 7, 7, 12, 2, -19),
        Glyph::new(26, 18, 19, 22, 2, -19),
        Glyph::new(83, 12, 22, 17, 2, -19),
        Glyph::new(127, 22, 19, 25, 1, -19),
        Glyph::new(184, 20, 19, 23, 2, -19),
        Glyph::new(241, 2, 7, 7, 3, -19),
        Glyph::new(248, 7, 24, 10, 2, -20),
        Glyph::new(272, 7, 24, 10, 1, -20),
        Glyph::new(296, 11, 12, 13, 1, -19),
        Glyph::new(320, 16, 16, 22, 3, -16),
        Glyph::new(352, 5, 6, 8, 1, -3),
        Glyph::new(358, 7, 2, 9, 1, -8),
        Glyph::new(360, 3, 3, 8, 3, -3),
        Glyph::new(363, 9, 21, 9, 0, -19),
        Glyph::new(405, 13, 19, 17, 2, -19),
        Glyph::new(443, 10, 19, 17, 3, -19),
        Glyph::new(481, 12, 19, 17, 2, -19),
        Glyph::new(519, 13, 19, 17, 2, -19),
        Glyph::new(557, 15, 19, 17, 1, -19),
        Glyph::new(595, 12, 19, 17, 2, -19),
        Glyph::new(633, 13, 19, 17, 2, -19),
        Glyph::new(671, 12, 19, 17, 2, -19),
        Glyph::new(709, 13, 19, 17, 2, -19),
        Glyph::new(747, 13, 19, 17, 2, -19),
        Glyph::new(785, 3, 11, 9, 3, -11),
        Glyph::new(796, 5, 14, 9, 1, -11),
        Glyph::new(810, 16, 14, 22, 3, -15),
        Glyph::new(838, 16, 7, 22, 3, -12),
        Glyph::new(852, 16, 14, 22, 3, -15),
        Glyph::new(880, 11, 19, 14, 2, -19),
        Glyph::new(918, 22, 23, 26, 2, -18),
        Glyph::new(987, 19, 19, 19, 0, -19),
        Glyph::new(1044, 16, 19, 19, 1, -19),
        Glyph::new(1082, 17, 19, 20, 1, -19),
        Glyph::new(1139, 18, 19, 21, 1, -19),
        Glyph::new(1196, 15, 19, 19, 2, -19),
        Glyph::new(1234, 15, 19, 18, 2, -19),
        Glyph::new(1272, 17, 19, 21, 2, -19),
        Glyph::new(1329, 19, 19, 23, 2, -19),
        Glyph::new(1386, 7, 19, 10, 2, -19),
        Glyph::new(1405, 11, 24, 10, -2, -19),
        Glyph::new(1453, 18, 19, 19, 2, -19),
        Glyph::new(1510, 15, 19, 17, 2, -19),
        Glyph::new(1548, 23, 19, 27, 2, -19),
        Glyph::new(1605, 19, 19, 23, 2, -19),
        Glyph::new(1662, 18, 19, 21, 2, -19),
        Glyph::new(1719, 15, 19, 17, 2, -19),
        Glyph::new(1757, 18, 23, 21, 2, -19),
        Glyph::new(1826, 18, 19, 20, 2, -19),
        Glyph::new(1883, 14, 19, 18, 2, -19),
        Glyph::new(1921, 17, 19, 17, 0, -19),
        Glyph::new(1978, 19, 19, 22, 1, -19),
        Glyph::new(2035, 19, 19, 19, 0, -19),
        Glyph::new(2092, 27, 19, 27, 0, -19),
        Glyph::new(2168, 18, 19, 19, 0, -19),
        Glyph::new(2225, 18, 19, 17, 0, -19),
        Glyph::new(2282, 16, 19, 18, 1, -19),
        Glyph::new(2320, 6, 23, 10, 2, -20),
        Glyph::new(2343, 9, 21, 9, 0, -19),
        Glyph::new(2385, 6, 23, 10, 2, -20),
        Glyph::new(2408, 16, 7, 22, 3, -19),
        Glyph::new(2422, 13, 1, 13, 0, 5),
        Glyph::new(2424, 6, 5, 13, 2, -21),
        Glyph::new(2429, 13, 13, 16, 2, -13),
        Glyph::new(2455, 14, 20, 17, 1, -20),
        Glyph::new(2495, 12, 13, 15, 1, -13),
        Glyph::new(2521, 14, 20, 17, 2, -20),
        Glyph::new(2561, 13, 13, 15, 1, -13),
        Glyph::new(2587, 10, 20, 10, 1, -20),
        Glyph::new(2627, 14, 18, 17, 2, -13),
        Glyph::new(2663, 15, 20, 17, 1, -20),
        Glyph::new(2703, 7, 19, 8, 1, -19),
        Glyph::new(2722, 8, 24, 8, -2, -19),
        Glyph::new(2746, 16, 20, 16, 0, -20),
        Glyph::new(2786, 7, 20, 8, 1, -20),
        Glyph::new(2806, 23, 13, 25, 1, -13),
        Glyph::new(2845, 15, 13, 17, 1, -13),
        Glyph::new(2871, 13, 13, 16, 1, -13),
        Glyph::new(2897, 14, 18, 17, 1, -13),
        Glyph::new(2933, 14, 18, 17, 2, -13),
        Glyph::new(2969, 11, 13, 12, 1, -13),
        Glyph::new(2995, 11, 13, 13, 1, -13),
        Glyph::new(3021, 9, 17, 10, 1, -17),
        Glyph::new(3055, 15, 13, 17, 1, -13),
        Glyph::new(3081, 15, 13, 15, 0, -13),
        Glyph::new(3107, 22, 13, 22, 0, -13),
        Glyph::new(3146, 14, 13, 15, 0, -13),
        Glyph::new(3172, 15, 18, 15, 0, -13),
        Glyph::new(3208, 12, 13, 14, 1, -13),
        Glyph::new(3234, 11, 24, 17, 3, -20),
        Glyph::new(3282, 2, 26, 9, 3, -20),
        Glyph::new(3308, 11, 24, 17, 3, -20),
        Glyph::new(3356, 16, 4, 22, 3, -11),
        Glyph::new(3364, 0, 0, 8, 0, 0),
        Glyph::new(3364, 3, 19, 10, 4, -13),
        Glyph::new(3383, 12, 19, 17, 2, -16),
        Glyph::new(3421, 12, 19, 17, 2, -19),
        Glyph::new(3459, 14, 14, 17, 1, -15),
        Glyph::new(3487, 17, 19, 17, 0, -19),
        Glyph::new(3544, 2, 22, 9, 3, -18),
        Glyph::new(3566, 11, 21, 13, 1, -19),
        Glyph::new(3608, 8, 3, 13, 3, -20),
        Glyph::new(3611, 19, 19, 26, 4, -19),
        Glyph::new(3668, 10, 12, 12, 2, -19),
        Glyph::new(3692, 12, 12, 16, 2, -14),
        Glyph::new(3716, 16, 7, 22, 3, -11),
        Glyph::new(3730, 0, 0, 0, 0, 0),
        Glyph::new(3730, 19, 19, 26, 4, -19),
        Glyph::new(3787, 8, 2, 13, 3, -19),
        Glyph::new(3789, 8, 8, 13, 3, -19),
        Glyph::new(3797, 16, 16, 22, 3, -16),
        Glyph::new(3829, 8, 11, 10, 1, -19),
        Glyph::new(3840, 8, 11, 10, 1, -19),
        Glyph::new(3851, 6, 5, 13, 5, -21),
        Glyph::new(3856, 15, 18, 17, 1, -13),
        Glyph::new(3892, 13, 22, 17, 2, -19),
        Glyph::new(3936, 3, 3, 8, 3, -11),
        Glyph::new(3939, 6, 5, 13, 3, 0),
        Glyph::new(3944, 7, 11, 10, 2, -19),
        Glyph::new(3955, 10, 12, 12, 1, -19),
        Glyph::new(3979, 12, 12, 16, 2, -14),
        Glyph::new(4003, 24, 19, 25, 1, -19),
        Glyph::new(4060, 23, 19, 25, 1, -19),
        Glyph::new(4117, 24, 19, 25, 1, -19),
        Glyph::new(4174, 11, 18, 14, 2, -13),
        Glyph::new(4210, 19, 24, 19, 0, -24),
        Glyph::new(4282, 19, 24, 19, 0, -24),
        Glyph::new(4354, 19, 24, 19, 0, -24),
        Glyph::new(4426, 19, 24, 19, 0, -24),
        Glyph::new(4498, 19, 24, 19, 0, -24),
        Glyph::new(4570, 19, 24, 19, 0, -24),
        Glyph::new(4642, 25, 19, 26, 0, -19),
        Glyph::new(4718, 17, 24, 20, 1, -19),
        Glyph::new(4790, 15, 24, 19, 2, -24),
        Glyph::new(4838, 15, 24, 19, 2, -24),
        Glyph::new(4886, 15, 24, 19, 2, -24),
        Glyph::new(4934, 15, 24, 19, 2, -24),
        Glyph::new(4982, 7, 24, 10, 2, -24),
        Glyph::new(5006, 7, 24, 10, 2, -24),
        Glyph::new(5030, 8, 24, 10, 1, -24),
        Glyph::new(5054, 8, 24, 10, 1, -24),
        Glyph::new(5078, 18, 19, 21, 1, -19),
        Glyph::new(5135, 19, 24, 23, 2, -24),
        Glyph::new(5207, 18, 24, 21, 2, -24),
        Glyph::new(5279, 18, 24, 21, 2, -24),
        Glyph::new(5351, 18, 24, 21, 2, -24),
        Glyph::new(5423, 18, 24, 21, 2, -24),
        Glyph::new(5495, 18, 24, 21, 2, -24),
        Glyph::new(5567, 15, 15, 22, 3, -15),
        Glyph::new(5597, 18, 19, 21, 2, -20),
        Glyph::new(5654, 19, 24, 22, 1, -24),
        Glyph::new(5726, 19, 24, 22, 1, -24),
        Glyph::new(5798, 19, 24, 22, 1, -24),
        Glyph::new(5870, 19, 24, 22, 1, -24),
        Glyph::new(5942, 18, 24, 17, 0, -24),
        Glyph::new(6014, 15, 19, 18, 2, -19),
        Glyph::new(6052, 15, 20, 17, 1, -20),
        Glyph::new(6092, 13, 21, 16, 2, -21),
        Glyph::new(6134, 13, 21, 16, 2, -21),
        Glyph::new(6176, 13, 21, 16, 2, -21),
        Glyph::new(6218, 13, 21, 16, 2, -21),
        Glyph::new(6260, 13, 20, 16, 2, -20),
        Glyph::new(6300, 13, 23, 16, 2, -23),
        Glyph::new(6346, 22, 13, 24, 1, -13),
        Glyph::new(6385, 12, 18, 15, 1, -13),
        Glyph::new(6421, 13, 21, 15, 1, -21),
        Glyph::new(6463, 13, 21, 15, 1, -21),
        Glyph::new(6505, 13, 21, 15, 1, -21),
        Glyph::new(6547, 13, 20, 15, 1, -20),
        Glyph::new(6587, 8, 21, 8, 0, -21),
        Glyph::new(6608, 8, 21, 8, 1, -21),
        Glyph::new(6629, 8, 21, 8, 0, -21),
        Glyph::new(6650, 8, 20, 8, 0, -20),
        Glyph::new(6670, 13, 20, 16, 1, -20),
        Glyph::new(6710, 15, 21, 17, 1, -21),
        Glyph::new(6752, 13, 21, 16, 1, -21),
        Glyph::new(6794, 13, 21, 16, 1, -21),
        Glyph::new(6836, 13, 21, 16, 1, -21),
        Glyph::new(6878, 13, 21, 16, 1, -21),
        Glyph::new(6920, 13, 20, 16, 1, -20),
        Glyph::new(6960, 15, 12, 22, 3, -14),
        Glyph::new(6984, 13, 15, 16, 1, -14),
        Glyph::new(7014, 15, 21, 17, 1, -21),
        Glyph::new(7056, 15, 21, 17, 1, -21),
        Glyph::new(7098, 15, 21, 17, 1, -21),
        Glyph::new(7140, 15, 20, 17, 1, -20),
        Glyph::new(7180, 15, 26, 15, 0, -21),
        Glyph::new(7232, 14, 25, 17, 1, -20),
        Glyph::new(7282, 15, 25, 15, 0, -20),
        Glyph::new(7332, 11, 2, 13, 1, -8),
        Glyph::new(7336, 24, 2, 26, 1, -8),
        Glyph::new(7342, 5, 6, 8, 2, -19),
        Glyph::new(7348, 5, 6, 8, 2, -19),
        Glyph::new(7354, 5, 6, 8, 1, -3),
        Glyph::new(7360, 11, 6, 13, 2, -19),
        Glyph::new(7372, 11, 6, 13, 1, -19),
        Glyph::new(7384, 11, 6, 13, 1, -3),
        Glyph::new(7396, 8, 8, 15, 4, -13),
        Glyph::new(7404, 21, 3, 26, 3, -3),
        Glyph::new(7413, 6, 12, 10, 2, -14),
        Glyph::new(7425, 6, 12, 10, 2, -14),
        Glyph::new(7437, 14, 19, 17, 0, -19),
        Glyph::new(7475, 18, 7, 26, 3, -19),
        Glyph::new(7496, 16, 2, 22, 3, -9),
    ],
    bitmap: &[
        0xE0, 0xE0, 0xE0, 0xE0, 0xE0, 0x60, 0x40, 0x40, 0x40, 0x40, 0x40, 0x40, 0x40, 0x40, 0x00,
        0x00, 0xE0, 0xE0, 0xE0, 0xC6, 0xC6, 0xC6, 0xC6, 0xC6, 0xC6, 0xC6, 0x01, 0x86, 0x00, 0x01,
        0x86, 0x00, 0x03, 0x0E, 0x00, 0x03, 0x0C, 0x00, 0x03, 0x0C, 0x00, 0x7F, 0xFF, 0xC0, 0x7F,
        0xFF, 0xC0, 0x06, 0x18, 0x00, 0x06, 0x18, 0x00, 0x06, 0x38, 0x00, 0x06, 0x38, 0x00, 0x0C,
        0x30, 0x00, 0xFF, 0xFF, 0x00, 0xFF, 0xFF, 0x00, 0x0C, 0x70, 0x00, 0x18, 0x60, 0x00, 0x18,
        0x60, 0x00, 0x18, 0xE0, 0x00, 0x18, 0xC0, 0x00, 0x02, 0x00, 0x02, 0x00, 0x02, 0x00, 0x1F,
        0xC0, 0x72, 0x60, 0xE2, 0x20, 0xE2, 0x20, 0xE2, 0x00, 0xFA, 0x00, 0x7F, 0x00, 0x1F, 0xC0,
        0x03, 0xE0, 0x02, 0xF0, 0x02, 0x70, 0x82, 0x70, 0x82, 0x70, 0xC2, 0x70, 0xE2, 0xE0, 0x3F,
        0x80, 0x02, 0x00, 0x02, 0x00, 0x02, 0x00, 0x3E, 0x01, 0xC0, 0x63, 0x01, 0x80, 0xC1, 0x83,
        0x00, 0xC1, 0x87, 0x00, 0xC1, 0x86, 0x00, 0xC1, 0x8E, 0x00, 0xC1, 0x8C, 0x00, 0xC1, 0x98,
        0x00, 0x63, 0x38, 0x00, 0x3E, 0x31, 0xF0, 0x00, 0x73, 0x18, 0x00, 0x66, 0x0C, 0x00, 0xC6,
        0x0C, 0x01, 0xC6, 0x0C, 0x01, 0x86, 0x0C, 0x03, 0x86, 0x0C, 0x03, 0x06, 0x0C, 0x06, 0x03,
        0x18, 0x0E, 0x01, 0xF0, 0x03, 0xE0, 0x00, 0x0E, 0x18, 0x00, 0x1C, 0x08, 0x00, 0x1C, 0x08,
        0x00, 0x1C, 0x00, 0x00, 0x1E, 0x00, 0x00, 0x0F, 0x00, 0x00, 0x0F, 0x00, 0x00, 0x3F, 0x83,
        0xE0, 0x73, 0xC0, 0x80, 0x71, 0xE0, 0x80, 0xE0, 0xF1, 0x80, 0xE0, 0x79, 0x00, 0xE0, 0x3D,
        0x00, 0xE0, 0x3F, 0x00, 0xF0, 0x1E, 0x00, 0x70, 0x0F, 0x00, 0x3C, 0x1F, 0x80, 0x0F, 0xE3,
        0xF0, 0xC0, 0xC0, 0xC0, 0xC0, 0xC0, 0xC0, 0xC0, 0x02, 0x0E, 0x18, 0x38, 0x30, 0x70, 0x60,
        0x60, 0xE0, 0xE0, 0xE0, 0xE0, 0xE0, 0xE0, 0xE0, 0xE0, 0xE0, 0x60, 0x70, 0x30, 0x38, 0x1C,
        0x0E, 0x02, 0x80, 0xE0, 0x70, 0x38, 0x18, 0x1C, 0x1C, 0x0C, 0x0E, 0x0E, 0x0E, 0x0E, 0x0E,
        0x0E, 0x0E, 0x0E, 0x0C, 0x1C, 0x1C, 0x18, 0x38, 0x70, 0xE0, 0x80, 0x04, 0x00, 0x04, 0x00,
        0x44, 0x40, 0xE4, 0xE0, 0x35, 0x80, 0x0E, 0x00, 0x0E, 0x00, 0x35, 0x80, 0xE4, 0xE0, 0x44,
        0x40, 0x04, 0x00, 0x04, 0x00, 0x01, 0x80, 0x01, 0x80, 0x01, 0x80, 0x01, 0x80, 0x01, 0x80,
        0x01, 0x80, 0x01, 0x80, 0xFF, 0xFF, 0xFF, 0xFF, 0x01, 0x80, 0x01, 0x80, 0x01, 0x80, 0x01,
        0x80, 0x01, 0x80, 0x01, 0x80, 0x01, 0x80, 0x38, 0x38, 0x30, 0x70, 0x60, 0xC0, 0xFE, 0xFE,
        0xE0, 0xE0, 0xE0, 0x01, 0x80, 0x03, 0x80, 0x03, 0x00, 0x03, 0x00, 0x07, 0x00, 0x06, 0x00,
        0x06, 0x00, 0x0E, 0x00, 0x0C, 0x00, 0x0C, 0x00, 0x1C, 0x00, 0x18, 0x00, 0x18, 0x00, 0x38,
        0x00, 0x30, 0x00, 0x30, 0x00, 0x70, 0x00, 0x60, 0x00, 0x60, 0x00, 0xE0, 0x00, 0xC0, 0x00,
        0x0F, 0x80, 0x18, 0xC0, 0x30, 0x60, 0x70, 0x70, 0x60, 0x30, 0xE0, 0x38, 0xE0, 0x38, 0xE0,
        0x38, 0xE0, 0x38, 0xE0, 0x38, 0xE0, 0x38, 0xE0, 0x38, 0xE0, 0x38, 0xE0, 0x38, 0x60, 0x30,
        0x70, 0x70, 0x30, 0x60, 0x18, 0xC0, 0x0F, 0x80, 0x0E, 0x00, 0x1E, 0x00, 0x6E, 0x00, 0x8E,
        0x00, 0x0E, 0x00, 0x0E, 0x00, 0x0E, 0x00, 0x0E, 0x00, 0x0E, 0x00, 0x0E, 0x00, 0x0E, 0x00,
        0x0E, 0x00, 0x0E, 0x00, 0x0E, 0x00, 0x0E, 0x00, 0x0E, 0x00, 0x0E, 0x00, 0x0E, 0x00, 0x7F,
        0xC0, 0x3F, 0x80, 0xE1, 0xC0, 0x80, 0xE0, 0x80, 0x70, 0x00, 0x70, 0x00, 0x70, 0x00, 0x70,
        0x00, 0x60, 0x00, 0xE0, 0x00, 0xC0, 0x01, 0x80, 0x03, 0x00, 0x06, 0x00, 0x0C, 0x00, 0x18,
        0x00, 0x30, 0x10, 0x60, 0x10, 0xFF, 0xF0, 0xFF, 0xF0, 0x1F, 0x80, 0x60, 0xE0, 0x40, 0x70,
        0x40, 0x70, 0x00, 0x70, 0x00, 0x70, 0x00, 0xE0, 0x01, 0xC0, 0x0F, 0x00, 0x00, 0xE0, 0x00,
        0x70, 0x00, 0x38, 0x00, 0x38, 0x00, 0x38, 0x00, 0x38, 0x80, 0x38, 0xC0, 0x70, 0xE0, 0xE0,
        0x3F, 0xC0, 0x00, 0xE0, 0x01, 0xE0, 0x01, 0xE0, 0x02, 0xE0, 0x06, 0xE0, 0x04, 0xE0, 0x08,
        0xE0, 0x18, 0xE0, 0x10, 0xE0, 0x20, 0xE0, 0x60, 0xE0, 0x40, 0xE0, 0x80, 0xE0, 0xFF, 0xFE,
        0x00, 0xE0, 0x00, 0xE0, 0x00, 0xE0, 0x00, 0xE0, 0x07, 0xFC, 0x7F, 0xE0, 0x7F, 0xE0, 0x40,
        0x00, 0x40, 0x00, 0x40, 0x00, 0x40, 0x00, 0x7F, 0x00, 0x61, 0xC0, 0x40, 0xE0, 0x00, 0x60,
        0x00, 0x70, 0x00, 0x70, 0x00, 0x70, 0x00, 0x70, 0x00, 0x70, 0x80, 0x60, 0x80, 0xE0, 0xE1,
        0xC0, 0x3F, 0x00, 0x07, 0xE0, 0x1C, 0x30, 0x30, 0x10, 0x70, 0x10, 0x60, 0x00, 0x60, 0x00,
        0xE7, 0xC0, 0xF8, 0xE0, 0xF0, 0x70, 0xE0, 0x30, 0xE0, 0x38, 0xE0, 0x38, 0xE0, 0x38, 0xE0,
        0x38, 0x60, 0x38, 0x60, 0x30, 0x30, 0x70, 0x38, 0xE0, 0x0F, 0x80, 0xFF, 0xF0, 0xFF, 0xF0,
        0x80, 0x70, 0x80, 0x60, 0x00, 0xE0, 0x00, 0xC0, 0x00, 0xC0, 0x01, 0x80, 0x01, 0x80, 0x03,
        0x80, 0x03, 0x00, 0x03, 0x00, 0x06, 0x00, 0x06, 0x00, 0x0C, 0x00, 0x0C, 0x00, 0x1C, 0x00,
        0x18, 0x00, 0x18, 0x00, 0x0F, 0x80, 0x38, 0xE0, 0x70, 0x70, 0x70, 0x70, 0x70, 0x70, 0x70,
        0x70, 0x70, 0x70, 0x38, 0xE0, 0x07, 0x00, 0x38, 0xE0, 0x70, 0x70, 0xE0, 0x38, 0xE0, 0x38,
        0xE0, 0x38, 0xE0, 0x38, 0xE0, 0x38, 0x70, 0x70, 0x38, 0xE0, 0x1F, 0xC0, 0x0F, 0x80, 0x38,
        0xE0, 0x70, 0x60, 0x60, 0x30, 0xE0, 0x30, 0xE0, 0x38, 0xE0, 0x38, 0xE0, 0x38, 0xE0, 0x38,
        0xE0, 0x38, 0x70, 0x78, 0x38, 0xF8, 0x1F, 0x38, 0x00, 0x30, 0x00, 0x30, 0x40, 0x70, 0x40,
        0x60, 0x61, 0xC0, 0x3F, 0x00, 0xE0, 0xE0, 0xE0, 0x00, 0x00, 0x00, 0x00, 0x00, 0xE0, 0xE0,
        0xE0, 0x38, 0x38, 0x38, 0x00, 0x00, 0x00, 0x00, 0x00, 0x38, 0x38, 0x30, 0x70, 0xE0, 0xC0,
        0x00, 0x01, 0x00, 0x0F, 0x00, 0x7E, 0x01, 0xF0, 0x0F, 0xC0, 0x7E, 0x00, 0xF0, 0x00, 0xF0,
        0x00, 0x7E, 0x00, 0x0F, 0xC0, 0x01, 0xF0, 0x00, 0x7E, 0x00, 0x0F, 0x00, 0x01, 0xFF, 0xFF,
        0xFF, 0xFF, 0x00, 0x00, 0x00, 0x00, 0x00, 0x00, 0xFF, 0xFF, 0xFF, 0xFF, 0x80, 0x00, 0xF0,
        0x00, 0x7E, 0x00, 0x0F, 0x80, 0x03, 0xF0, 0x00, 0x7E, 0x00, 0x0F, 0x00, 0x0F, 0x00, 0x7E,
        0x03, 0xF0, 0x0F, 0x80, 0x7E, 0x00, 0xF0, 0x00, 0x80, 0x00, 0x3F, 0x00, 0xE3, 0xC0, 0xC1,
        0xC0, 0x80, 0xE0, 0x00, 0xE0, 0x00, 0xE0, 0x00, 0xE0, 0x01, 0xC0, 0x01, 0xC0, 0x07, 0x80,
        0x0E, 0x00, 0x08, 0x00, 0x08, 0x00, 0x08, 0x00, 0x00, 0x00, 0x00, 0x00, 0x1C, 0x00, 0x1C,
        0x00, 0x1C, 0x00, 0x00, 0xFE, 0x00, 0x03, 0x81, 0x80, 0x0C, 0x00, 0x60, 0x18, 0x00, 0x20,
        0x30, 0x00, 0x10, 0x30, 0x7B, 0x08, 0x61, 0xCF, 0x08, 0x61, 0x87, 0x04, 0xC3, 0x03, 0x04,
        0xC3, 0x03, 0x04, 0xC3, 0x03, 0x04, 0xC3, 0x03, 0x04, 0xC3, 0x03, 0x04, 0xC3, 0x03, 0x08,
        0xC3, 0x03, 0x08, 0x61, 0x87, 0x10, 0x61, 0xCF, 0x60, 0x60, 0x7B, 0x80, 0x30, 0x00, 0x00,
        0x18, 0x00, 0x00, 0x0C, 0x00, 0xC0, 0x07, 0x03, 0x80, 0x00, 0xFE, 0x00, 0x00, 0xE0, 0x00,
        0x00, 0xE0, 0x00, 0x01, 0xE0, 0x00, 0x01, 0xF0, 0x00, 0x01, 0x70, 0x00, 0x02, 0x70, 0x00,
        0x02, 0x38, 0x00, 0x06, 0x38, 0x00, 0x04, 0x3C, 0x00, 0x04, 0x1C, 0x00, 0x08, 0x1C, 0x00,
        0x08, 0x1E, 0x00, 0x0F, 0xFE, 0x00, 0x10, 0x0E, 0x00, 0x10, 0x07, 0x00, 0x30, 0x07, 0x00,
        0x20, 0x07, 0x80, 0x20, 0x03, 0x80, 0xF8, 0x0F, 0xE0, 0xFF, 0xF0, 0x38, 0x1C, 0x38, 0x0E,
        0x38, 0x0E, 0x38, 0x0E, 0x38, 0x0E, 0x38, 0x0E, 0x38, 0x1C, 0x3F, 0xE0, 0x38, 0x1C, 0x38,
        0x0E, 0x38, 0x07, 0x38, 0x07, 0x38, 0x07, 0x38, 0x07, 0x38, 0x07, 0x38, 0x0E, 0x38, 0x1C,
        0xFF, 0xF0, 0x03, 0xFC, 0x00, 0x0E, 0x0F, 0x00, 0x18, 0x03, 0x00, 0x30, 0x03, 0x00, 0x70,
        0x01, 0x00, 0x70, 0x00, 0x00, 0xE0, 0x00, 0x00, 0xE0, 0x00, 0x00, 0xE0, 0x00, 0x00, 0xE0,
        0x00, 0x00, 0xE0, 0x00, 0x00, 0xE0, 0x00, 0x00, 0xE0, 0x00, 0x00, 0x60, 0x00, 0x00, 0x70,
        0x03, 0x80, 0x30, 0x07, 0x00, 0x18, 0x07, 0x00, 0x0C, 0x1C, 0x00, 0x03, 0xF0, 0x00, 0xFF,
        0xF0, 0x00, 0x38, 0x3C, 0x00, 0x38, 0x0E, 0x00, 0x38, 0x07, 0x00, 0x38, 0x03, 0x80, 0x38,
        0x03, 0x80, 0x38, 0x01, 0xC0, 0x38, 0x01, 0xC0, 0x38, 0x01, 0xC0, 0x38, 0x01, 0xC0, 0x38,
        0x01, 0xC0, 0x38, 0x01, 0xC0, 0x38, 0x01, 0xC0, 0x38, 0x03, 0x80, 0x38, 0x03, 0x80, 0x38,
        0x07, 0x00, 0x38, 0x0E, 0x00, 0x38, 0x3C, 0x00, 0xFF, 0xE0, 0x00, 0xFF, 0xFE, 0x38, 0x02,
        0x38, 0x02, 0x38, 0x02, 0x38, 0x00, 0x38, 0x00, 0x38, 0x10, 0x38, 0x10, 0x3F, 0xF0, 0x38,
        0x10, 0x38, 0x10, 0x38, 0x00, 0x38, 0x00, 0x38, 0x00, 0x38, 0x00, 0x38, 0x02, 0x38, 0x02,
        0x38, 0x02, 0xFF, 0xFE, 0xFF, 0xFE, 0x38, 0x02, 0x38, 0x02, 0x38, 0x02, 0x38, 0x00, 0x38,
        0x00, 0x38, 0x08, 0x38, 0x08, 0x3F, 0xF8, 0x38, 0x08, 0x38, 0x08, 0x38, 0x00, 0x38, 0x00,
        0x38, 0x00, 0x38, 0x00, 0x38, 0x00, 0x38, 0x00, 0x38, 0x00, 0xFF, 0x00, 0x03, 0xFC, 0x00,
        0x0E, 0x0F, 0x00, 0x18, 0x03, 0x00, 0x30, 0x03, 0x00, 0x70, 0x01, 0x00, 0x70, 0x00, 0x00,
        0xE0, 0x00, 0x00, 0xE0, 0x00, 0x00, 0xE0, 0x00, 0x00, 0xE0, 0x00, 0x00, 0xE0, 0x3F, 0x80,
        0xE0, 0x03, 0x80, 0xE0, 0x03, 0x80, 0x60, 0x03, 0x80, 0x70, 0x03, 0x80, 0x30, 0x03, 0x80,
        0x18, 0x03, 0x80, 0x0E, 0x0F, 0x80, 0x03, 0xFC, 0x00, 0xFE, 0x0F, 0xE0, 0x38, 0x03, 0x80,
        0x38, 0x03, 0x80, 0x38, 0x03, 0x80, 0x38, 0x03, 0x80, 0x38, 0x03, 0x80, 0x38, 0x03, 0x80,
        0x38, 0x03, 0x80, 0x3F, 0xFF, 0x80, 0x38, 0x03, 0x80, 0x38, 0x03, 0x80, 0x38, 0x03, 0x80,
        0x38, 0x03, 0x80, 0x38, 0x03, 0x80, 0x38, 0x03, 0x80, 0x38, 0x03, 0x80, 0x38, 0x03, 0x80,
        0x38, 0x03, 0x80, 0xFE, 0x0F, 0xE0, 0xFE, 0x38, 0x38, 0x38, 0x38, 0x38, 0x38, 0x38, 0x38,
        0x38, 0x38, 0x38, 0x38, 0x38, 0x38, 0x38, 0x38, 0x38, 0xFE, 0x1F, 0xE0, 0x03, 0x80, 0x03,
        0x80, 0x03, 0x80, 0x03, 0x80, 0x03, 0x80, 0x03, 0x80, 0x03, 0x80, 0x03, 0x80, 0x03, 0x80,
        0x03, 0x80, 0x03, 0x80, 0x03, 0x80, 0x03, 0x80, 0x03, 0x80, 0x03, 0x80, 0x03, 0x80, 0x03,
        0x80, 0x03, 0x80, 0x03, 0x80, 0x83, 0x80, 0x83, 0x00, 0xC7, 0x00, 0x7C, 0x00, 0xFE, 0x1F,
        0x80, 0x38, 0x04, 0x00, 0x38, 0x08, 0x00, 0x38, 0x10, 0x00, 0x38, 0x60, 0x00, 0x38, 0xC0,
        0x00, 0x39, 0x80, 0x00, 0x3B, 0x00, 0x00, 0x3F, 0x00, 0x00, 0x3F, 0x80, 0x00, 0x3F, 0x80,
        0x00, 0x3B, 0xC0, 0x00, 0x39, 0xE0, 0x00, 0x38, 0xF0, 0x00, 0x38, 0x78, 0x00, 0x38, 0x3C,
        0x00, 0x38, 0x1E, 0x00, 0x38, 0x1E, 0x00, 0xFE, 0x0F, 0xC0, 0xFE, 0x00, 0x38, 0x00, 0x38,
        0x00, 0x38, 0x00, 0x38, 0x00, 0x38, 0x00, 0x38, 0x00, 0x38, 0x00, 0x38, 0x00, 0x38, 0x00,
        0x38, 0x00, 0x38, 0x00, 0x38, 0x00, 0x38, 0x00, 0x38, 0x00, 0x38, 0x02, 0x38, 0x02, 0x38,
        0x02, 0xFF, 0xFE, 0xF0, 0x00, 0x3E, 0x38, 0x00, 0x78, 0x38, 0x00, 0x78, 0x3C, 0x00, 0xB8,
        0x3C, 0x00, 0xB8, 0x2E, 0x01, 0x38, 0x2F, 0x01, 0x38, 0x27, 0x02, 0x38, 0x27, 0x82, 0x38,
        0x23, 0x84, 0x38, 0x23, 0xC4, 0x38, 0x21, 0xC8, 0x38, 0x21, 0xE8, 0x38, 0x20, 0xF0, 0x38,
        0x20, 0xF0, 0x38, 0x20, 0x60, 0x38, 0x20, 0x60, 0x38, 0x20, 0x00, 0x38, 0xF8, 0x00, 0xFE,
        0xF8, 0x03, 0xE0, 0x3C, 0x00, 0x80, 0x3E, 0x00, 0x80, 0x2E, 0x00, 0x80, 0x2F, 0x00, 0x80,
        0x27, 0x80, 0x80, 0x23, 0xC0, 0x80, 0x21, 0xC0, 0x80, 0x21, 0xE0, 0x80, 0x20, 0xF0, 0x80,
        0x20, 0x78, 0x80, 0x20, 0x38, 0x80, 0x20, 0x3C, 0x80, 0x20, 0x1E, 0x80, 0x20, 0x0F, 0x80,
        0x20, 0x07, 0x80, 0x20, 0x03, 0x80, 0x20, 0x03, 0x80, 0xF8, 0x01, 0x80, 0x03, 0xF0, 0x00,
        0x0C, 0x1C, 0x00, 0x18, 0x06, 0x00, 0x30, 0x03, 0x00, 0x70, 0x03, 0x80, 0x60, 0x01, 0x80,
        0xE0, 0x01, 0xC0, 0xE0, 0x01, 0xC0, 0xE0, 0x01, 0xC0, 0xE0, 0x01, 0xC0, 0xE0, 0x01, 0xC0,
        0xE0, 0x01, 0xC0, 0xE0, 0x01, 0xC0, 0x60, 0x01, 0x80, 0x70, 0x03, 0x80, 0x30, 0x03, 0x00,
        0x18, 0x06, 0x00, 0x0E, 0x1C, 0x00, 0x03, 0xF0, 0x00, 0xFF, 0xF0, 0x38, 0x38, 0x38, 0x1C,
        0x38, 0x0E, 0x38, 0x0E, 0x38, 0x0E, 0x38, 0x0E, 0x38, 0x0E, 0x38, 0x1C, 0x38, 0x38, 0x3F,
        0xF0, 0x38, 0x00, 0x38, 0x00, 0x38, 0x00, 0x38, 0x00, 0x38, 0x00, 0x38, 0x00, 0x38, 0x00,
        0xFF, 0x00, 0x03, 0xF0, 0x00, 0x0C, 0x1C, 0x00, 0x18, 0x06, 0x00, 0x30, 0x03, 0x00, 0x70,
        0x03, 0x80, 0x60, 0x01, 0x80, 0xE0, 0x01, 0xC0, 0xE0, 0x01, 0xC0, 0xE0, 0x01, 0xC0, 0xE0,
        0x01, 0xC0, 0xE0, 0x01, 0xC0, 0xE0, 0x01, 0xC0, 0xE0, 0x01, 0xC0, 0x60, 0x01, 0x80, 0x70,
        0x03, 0x80, 0x30, 0x03, 0x00, 0x18, 0x06, 0x00, 0x0E, 0x1C, 0x00, 0x03, 0xF0, 0x00, 0x00,
        0x20, 0x00, 0x00, 0x38, 0x00, 0x00, 0x1E, 0x00, 0x00, 0x06, 0x00, 0xFF, 0xF0, 0x00, 0x38,
        0x3C, 0x00, 0x38, 0x1C, 0x00, 0x38, 0x0E, 0x00, 0x38, 0x0E, 0x00, 0x38, 0x0E, 0x00, 0x38,
        0x0E, 0x00, 0x38, 0x1C, 0x00, 0x38, 0x38, 0x00, 0x3F, 0xE0, 0x00, 0x38, 0x70, 0x00, 0x38,
        0x38, 0x00, 0x38, 0x3C, 0x00, 0x38, 0x1C, 0x00, 0x38, 0x1C, 0x00, 0x38, 0x0E, 0x00, 0x38,
        0x0E, 0x00, 0x38, 0x07, 0x00, 0xFE, 0x07, 0xC0, 0x1F, 0xE0, 0x38, 0x38, 0x60, 0x18, 0xE0,
        0x08, 0xE0, 0x08, 0xE0, 0x00, 0xF0, 0x00, 0x7C, 0x00, 0x7F, 0x80, 0x1F, 0xF0, 0x03, 0xF8,
        0x00, 0xFC, 0x00, 0x3C, 0x00, 0x1C, 0x80, 0x1C, 0x80, 0x1C, 0xC0, 0x38, 0xE0, 0x70, 0x3F,
        0xC0, 0xFF, 0xFF, 0x80, 0x81, 0xC0, 0x80, 0x81, 0xC0, 0x80, 0x81, 0xC0, 0x80, 0x01, 0xC0,
        0x00, 0x01, 0xC0, 0x00, 0x01, 0xC0, 0x00, 0x01, 0xC0, 0x00, 0x01, 0xC0, 0x00, 0x01, 0xC0,
        0x00, 0x01, 0xC0, 0x00, 0x01, 0xC0, 0x00, 0x01, 0xC0, 0x00, 0x01, 0xC0, 0x00, 0x01, 0xC0,
        0x00, 0x01, 0xC0, 0x00, 0x01, 0xC0, 0x00, 0x01, 0xC0, 0x00, 0x07, 0xF0, 0x00, 0xFE, 0x03,
        0xE0, 0x38, 0x00, 0x80, 0x38, 0x00, 0x80, 0x38, 0x00, 0x80, 0x38, 0x00, 0x80, 0x38, 0x00,
        0x80, 0x38, 0x00, 0x80, 0x38, 0x00, 0x80, 0x38, 0x00, 0x80, 0x38, 0x00, 0x80, 0x38, 0x00,
        0x80, 0x38, 0x00, 0x80, 0x38, 0x00, 0x80, 0x38, 0x00, 0x80, 0x38, 0x00, 0x80, 0x1C, 0x01,
        0x00, 0x1C, 0x01, 0x00, 0x0F, 0x06, 0x00, 0x03, 0xF8, 0x00, 0xFE, 0x03, 0xE0, 0x38, 0x00,
        0x80, 0x38, 0x00, 0x80, 0x1C, 0x01, 0x00, 0x1C, 0x01, 0x00, 0x1C, 0x03, 0x00, 0x0E, 0x02,
        0x00, 0x0E, 0x02, 0x00, 0x0F, 0x04, 0x00, 0x07, 0x04, 0x00, 0x07, 0x04, 0x00, 0x03, 0x88,
        0x00, 0x03, 0x88, 0x00, 0x03, 0x98, 0x00, 0x01, 0xD0, 0x00, 0x01, 0xD0, 0x00, 0x01, 0xE0,
        0x00, 0x00, 0xE0, 0x00, 0x00, 0xE0, 0x00, 0xFF, 0x06, 0x03, 0xE0, 0x38, 0x07, 0x00, 0x80,
        0x38, 0x0F, 0x00, 0x80, 0x1C, 0x0F, 0x01, 0x00, 0x1C, 0x0F, 0x01, 0x00, 0x1C, 0x1B, 0x81,
        0x00, 0x1E, 0x13, 0x81, 0x00, 0x0E, 0x13, 0x82, 0x00, 0x0E, 0x13, 0xC2, 0x00, 0x0E, 0x21,
        0xC2, 0x00, 0x07, 0x21, 0xC4, 0x00, 0x07, 0x21, 0xC4, 0x00, 0x07, 0x60, 0xE4, 0x00, 0x07,
        0xC0, 0xE4, 0x00, 0x03, 0xC0, 0xE8, 0x00, 0x03, 0xC0, 0xF8, 0x00, 0x03, 0x80, 0x78, 0x00,
        0x01, 0x80, 0x70, 0x00, 0x01, 0x80, 0x70, 0x00, 0xFF, 0x1F, 0x80, 0x3C, 0x06, 0x00, 0x1E,
        0x04, 0x00, 0x0E, 0x08, 0x00, 0x0F, 0x18, 0x00, 0x07, 0x10, 0x00, 0x07, 0xA0, 0x00, 0x03,
        0xE0, 0x00, 0x01, 0xC0, 0x00, 0x01, 0xE0, 0x00, 0x01, 0xE0, 0x00, 0x03, 0xF0, 0x00, 0x02,
        0x70, 0x00, 0x04, 0x38, 0x00, 0x0C, 0x3C, 0x00, 0x08, 0x1C, 0x00, 0x10, 0x1E, 0x00, 0x30,
        0x0F, 0x00, 0xFC, 0x3F, 0xC0, 0xFF, 0x07, 0xC0, 0x3C, 0x01, 0x00, 0x1C, 0x03, 0x00, 0x1E,
        0x02, 0x00, 0x0F, 0x04, 0x00, 0x07, 0x04, 0x00, 0x07, 0x88, 0x00, 0x03, 0x88, 0x00, 0x01,
        0xD0, 0x00, 0x01, 0xF0, 0x00, 0x00, 0xE0, 0x00, 0x00, 0xE0, 0x00, 0x00, 0xE0, 0x00, 0x00,
        0xE0, 0x00, 0x00, 0xE0, 0x00, 0x00, 0xE0, 0x00, 0x00, 0xE0, 0x00, 0x00, 0xE0, 0x00, 0x03,
        0xF8, 0x00, 0xFF, 0xFF, 0x80, 0x0F, 0x80, 0x1E, 0x80, 0x3C, 0x00, 0x38, 0x00, 0x78, 0x00,
        0xF0, 0x00, 0xE0, 0x01, 0xE0, 0x03, 0xC0, 0x07, 0x80, 0x07, 0x00, 0x0F, 0x00, 0x1E, 0x00,
        0x1C, 0x00, 0x3C, 0x01, 0x78, 0x01, 0xF0, 0x01, 0xFF, 0xFF, 0xFC, 0xE0, 0xE0, 0xE0, 0xE0,
        0xE0, 0xE0, 0xE0, 0xE0, 0xE0, 0xE0, 0xE0, 0xE0, 0xE0, 0xE0, 0xE0, 0xE0, 0xE0, 0xE0, 0xE0,
        0xE0, 0xE0, 0xFC, 0xC0, 0x00, 0xE0, 0x00, 0x60, 0x00, 0x60, 0x00, 0x70, 0x00, 0x30, 0x00,
        0x30, 0x00, 0x38, 0x00, 0x18, 0x00, 0x18, 0x00, 0x1C, 0x00, 0x0C, 0x00, 0x0C, 0x00, 0x0E,
        0x00, 0x06, 0x00, 0x06, 0x00, 0x07, 0x00, 0x03, 0x00, 0x03, 0x00, 0x03, 0x80, 0x01, 0x80,
        0xFC, 0x1C, 0x1C, 0x1C, 0x1C, 0x1C, 0x1C, 0x1C, 0x1C, 0x1C, 0x1C, 0x1C, 0x1C, 0x1C, 0x1C,
        0x1C, 0x1C, 0x1C, 0x1C, 0x1C, 0x1C, 0x1C, 0xFC, 0x03, 0xC0, 0x07, 0xE0, 0x0F, 0xF0, 0x1C,
        0x38, 0x38, 0x1C, 0x70, 0x0E, 0xE0, 0x07, 0xFF, 0xF8, 0xE0, 0x70, 0x30, 0x18, 0x0C, 0x3F,
        0x00, 0x61, 0xC0, 0x40, 0xC0, 0x40, 0xE0, 0x00, 0xE0, 0x3F, 0xE0, 0x70, 0xE0, 0xE0, 0xE0,
        0xE0, 0xE0, 0xE0, 0xE0, 0xE0, 0xE0, 0x71, 0xE0, 0x3E, 0xF8, 0xF8, 0x00, 0x38, 0x00, 0x38,
        0x00, 0x38, 0x00, 0x38, 0x00, 0x38, 0x00, 0x38, 0x00, 0x39, 0xE0, 0x3E, 0x70, 0x3C, 0x38,
        0x38, 0x1C, 0x38, 0x1C, 0x38, 0x1C, 0x38, 0x1C, 0x38, 0x1C, 0x38, 0x1C, 0x38, 0x18, 0x3C,
        0x38, 0x3C, 0x70, 0xFB, 0xE0, 0x0F, 0xC0, 0x38, 0x70, 0x70, 0x30, 0x60, 0x10, 0xE0, 0x00,
        0xE0, 0x00, 0xE0, 0x00, 0xE0, 0x00, 0xE0, 0x00, 0x60, 0x30, 0x70, 0x60, 0x38, 0xE0, 0x0F,
        0x80, 0x01, 0xF0, 0x00, 0x70, 0x00, 0x70, 0x00, 0x70, 0x00, 0x70, 0x00, 0x70, 0x00, 0x70,
        0x1E, 0x70, 0x31, 0xF0, 0x70, 0xF0, 0xE0, 0x70, 0xE0, 0x70, 0xE0, 0x70, 0xE0, 0x70, 0xE0,
        0x70, 0xE0, 0x70, 0xE0, 0x70, 0x70, 0xF0, 0x38, 0xF0, 0x1F, 0x7C, 0x0F, 0x80, 0x38, 0xE0,
        0x70, 0x70, 0x70, 0x30, 0xE0, 0x38, 0xE0, 0x38, 0xFF, 0xF8, 0xE0, 0x00, 0xE0, 0x00, 0x60,
        0x18, 0x70, 0x30, 0x38, 0x70, 0x0F, 0xC0, 0x0F, 0x80, 0x1C, 0xC0, 0x38, 0x40, 0x38, 0x40,
        0x38, 0x00, 0x38, 0x00, 0x38, 0x00, 0xFF, 0x80, 0x38, 0x00, 0x38, 0x00, 0x38, 0x00, 0x38,
        0x00, 0x38, 0x00, 0x38, 0x00, 0x38, 0x00, 0x38, 0x00, 0x38, 0x00, 0x38, 0x00, 0x38, 0x00,
        0xFF, 0x00, 0x1F, 0x7C, 0x30, 0xF0, 0x70, 0xF0, 0xE0, 0x70, 0xE0, 0x70, 0xE0, 0x70, 0xE0,
        0x70, 0xE0, 0x70, 0xE0, 0x70, 0xE0, 0x70, 0x70, 0xF0, 0x38, 0xF0, 0x1F, 0x70, 0x00, 0x70,
        0x40, 0x70, 0x40, 0xE0, 0x61, 0xE0, 0x3F, 0x80, 0xF8, 0x00, 0x38, 0x00, 0x38, 0x00, 0x38,
        0x00, 0x38, 0x00, 0x38, 0x00, 0x38, 0x00, 0x39, 0xE0, 0x3E, 0x70, 0x3C, 0x38, 0x38, 0x38,
        0x38, 0x38, 0x38, 0x38, 0x38, 0x38, 0x38, 0x38, 0x38, 0x38, 0x38, 0x38, 0x38, 0x38, 0x38,
        0x38, 0xFE, 0xFE, 0x38, 0x38, 0x38, 0x00, 0x00, 0x00, 0xF8, 0x38, 0x38, 0x38, 0x38, 0x38,
        0x38, 0x38, 0x38, 0x38, 0x38, 0x38, 0xFE, 0x07, 0x07, 0x07, 0x00, 0x00, 0x00, 0x1F, 0x07,
        0x07, 0x07, 0x07, 0x07, 0x07, 0x07, 0x07, 0x07, 0x07, 0x07, 0x07, 0x07, 0x87, 0x87, 0xCE,
        0x7C, 0xF8, 0x00, 0x38, 0x00, 0x38, 0x00, 0x38, 0x00, 0x38, 0x00, 0x38, 0x00, 0x38, 0x00,
        0x38, 0x7E, 0x38, 0x30, 0x38, 0x40, 0x38, 0x80, 0x39, 0x80, 0x3B, 0xC0, 0x3D, 0xC0, 0x39,
        0xE0, 0x38, 0xE0, 0x38, 0x70, 0x38, 0x78, 0x38, 0x38, 0xFF, 0xFF, 0xF8, 0x38, 0x38, 0x38,
        0x38, 0x38, 0x38, 0x38, 0x38, 0x38, 0x38, 0x38, 0x38, 0x38, 0x38, 0x38, 0x38, 0x38, 0x38,
        0xFE, 0xF9, 0xE1, 0xE0, 0x3E, 0x76, 0x70, 0x3C, 0x3C, 0x38, 0x38, 0x38, 0x38, 0x38, 0x38,
        0x38, 0x38, 0x38, 0x38, 0x38, 0x38, 0x38, 0x38, 0x38, 0x38, 0x38, 0x38, 0x38, 0x38, 0x38,
        0x38, 0x38, 0x38, 0x38, 0x38, 0x38, 0x38, 0xFE, 0xFE, 0xFE, 0xF9, 0xE0, 0x3E, 0x70, 0x3C,
        0x38, 0x38, 0x38, 0x38, 0x38, 0x38, 0x38, 0x38, 0x38, 0x38, 0x38, 0x38, 0x38, 0x38, 0x38,
        0x38, 0x38, 0x38, 0x38, 0xFE, 0xFE, 0x0F, 0x80, 0x38, 0xE0, 0x70, 0x70, 0x60, 0x30, 0xE0,
        0x38, 0xE0, 0x38, 0xE0, 0x38, 0xE0, 0x38, 0xE0, 0x38, 0x60, 0x30, 0x70, 0x70, 0x38, 0xE0,
        0x0F, 0x80, 0xFB, 0xE0, 0x3C, 0x70, 0x3C, 0x38, 0x38, 0x1C, 0x38, 0x1C, 0x38, 0x1C, 0x38,
        0x1C, 0x38, 0x1C, 0x38, 0x1C, 0x38, 0x18, 0x3C, 0x38, 0x3C, 0x70, 0x3B, 0xE0, 0x38, 0x00,
        0x38, 0x00, 0x38, 0x00, 0x38, 0x00, 0xFE, 0x00, 0x1F, 0x7C, 0x30, 0xF0, 0x70, 0xF0, 0xE0,
        0x70, 0xE0, 0x70, 0xE0, 0x70, 0xE0, 0x70, 0xE0, 0x70, 0xE0, 0x70, 0xE0, 0x70, 0x70, 0xF0,
        0x38, 0xF0, 0x1F, 0x70, 0x00, 0x70, 0x00, 0x70, 0x00, 0x70, 0x00, 0x70, 0x01, 0xFC, 0xF9,
        0xE0, 0x3B, 0xE0, 0x3C, 0x20, 0x38, 0x00, 0x38, 0x00, 0x38, 0x00, 0x38, 0x00, 0x38, 0x00,
        0x38, 0x00, 0x38, 0x00, 0x38, 0x00, 0x38, 0x00, 0xFF, 0x00, 0x3F, 0x80, 0x70, 0xC0, 0xE0,
        0x40, 0xF0, 0x40, 0xFC, 0x00, 0x7F, 0x80, 0x1F, 0xC0, 0x03, 0xE0, 0x01, 0xE0, 0x80, 0xE0,
        0x80, 0xE0, 0xC1, 0xC0, 0x7F, 0x00, 0x38, 0x00, 0x38, 0x00, 0x38, 0x00, 0x38, 0x00, 0xFF,
        0x00, 0x38, 0x00, 0x38, 0x00, 0x38, 0x00, 0x38, 0x00, 0x38, 0x00, 0x38, 0x00, 0x38, 0x00,
        0x38, 0x00, 0x38, 0x00, 0x39, 0x80, 0x39, 0x80, 0x1F, 0x00, 0xF8, 0xF8, 0x38, 0x38, 0x38,
        0x38, 0x38, 0x38, 0x38, 0x38, 0x38, 0x38, 0x38, 0x38, 0x38, 0x38, 0x38, 0x38, 0x38, 0x38,
        0x38, 0x78, 0x1C, 0x78, 0x0F, 0xBE, 0xFE, 0x1E, 0x38, 0x08, 0x38, 0x08, 0x1C, 0x10, 0x1C,
        0x10, 0x1E, 0x30, 0x0E, 0x20, 0x0F, 0x20, 0x07, 0x40, 0x07, 0x40, 0x03, 0x80, 0x03, 0x80,
        0x03, 0x80, 0xFE, 0x38, 0x7C, 0x38, 0x38, 0x10, 0x38, 0x38, 0x10, 0x3C, 0x7C, 0x10, 0x1C,
        0x5C, 0x20, 0x1C, 0x5C, 0x20, 0x1E, 0x9E, 0x20, 0x0E, 0x8E, 0x40, 0x0E, 0x8E, 0x40, 0x0F,
        0x0F, 0xC0, 0x07, 0x07, 0x80, 0x07, 0x07, 0x80, 0x06, 0x03, 0x80, 0xFC, 0xF8, 0x3C, 0x20,
        0x1C, 0x40, 0x1E, 0x80, 0x0F, 0x80, 0x07, 0x00, 0x07, 0x00, 0x07, 0x80, 0x0B, 0xC0, 0x1B,
        0xC0, 0x11, 0xE0, 0x20, 0xF0, 0xF3, 0xFC, 0xFE, 0x1E, 0x38, 0x08, 0x38, 0x08, 0x1C, 0x10,
        0x1C, 0x10, 0x1E, 0x20, 0x0E, 0x20, 0x0F, 0x60, 0x07, 0x40, 0x07, 0xC0, 0x03, 0x80, 0x03,
        0x80, 0x01, 0x00, 0x01, 0x00, 0x02, 0x00, 0x42, 0x00, 0x44, 0x00, 0x7C, 0x00, 0xFF, 0xF0,
        0x80, 0xF0, 0x81, 0xE0, 0x03, 0xC0, 0x07, 0x80, 0x07, 0x80, 0x0F, 0x00, 0x1E, 0x00, 0x1C,
        0x00, 0x3C, 0x00, 0x78, 0x10, 0xF0, 0x10, 0xFF, 0xF0, 0x03, 0xE0, 0x07, 0x00, 0x0E, 0x00,
        0x0E, 0x00, 0x0E, 0x00, 0x0E, 0x00, 0x0E, 0x00, 0x0E, 0x00, 0x0E, 0x00, 0x0E, 0x00, 0x1C,
        0x00, 0xF0, 0x00, 0x1C, 0x00, 0x0E, 0x00, 0x0E, 0x00, 0x0E, 0x00, 0x0E, 0x00, 0x0E, 0x00,
        0x0E, 0x00, 0x0E, 0x00, 0x0E, 0x00, 0x0E, 0x00, 0x07, 0x00, 0x03, 0xE0, 0xC0, 0xC0, 0xC0,
        0xC0, 0xC0, 0xC0, 0xC0, 0xC0, 0xC0, 0xC0, 0xC0, 0xC0, 0xC0, 0xC0, 0xC0, 0xC0, 0xC0, 0xC0,
        0xC0, 0xC0, 0xC0, 0xC0, 0xC0, 0xC0, 0xC0, 0xC0, 0xF8, 0x00, 0x1C, 0x00, 0x0E, 0x00, 0x0E,
        0x00, 0x0E, 0x00, 0x0E, 0x00, 0x0E, 0x00, 0x0E, 0x00, 0x0E, 0x00, 0x0E, 0x00, 0x07, 0x00,
        0x00, 0xE0, 0x07, 0x00, 0x0E, 0x00, 0x0E, 0x00, 0x0E, 0x00, 0x0E, 0x00, 0x0E, 0x00, 0x0E,
        0x00, 0x0E, 0x00, 0x0E, 0x00, 0x0E, 0x00, 0x1C, 0x00, 0xF8, 0x00, 0x3E, 0x01, 0x7F, 0x83,
        0xC1, 0xFE, 0x00, 0x7C, 0xE0, 0xE0, 0xE0, 0x00, 0x00, 0x80, 0x80, 0x80, 0x80, 0x80, 0x80,
        0xC0, 0xC0, 0xC0, 0xC0, 0xC0, 0xE0, 0xE0, 0xE0, 0x02, 0x00, 0x02, 0x00, 0x02, 0x00, 0x0F,
        0xC0, 0x3A, 0x70, 0x72, 0x30, 0x62, 0x10, 0xE2, 0x00, 0xE2, 0x00, 0xE2, 0x00, 0xE2, 0x00,
        0xE2, 0x00, 0x62, 0x30, 0x72, 0x60, 0x3A, 0xE0, 0x0F, 0x80, 0x02, 0x00, 0x02, 0x00, 0x02,
        0x00, 0x07, 0xE0, 0x1C, 0x30, 0x1C, 0x10, 0x38, 0x10, 0x38, 0x00, 0x38, 0x00, 0x38, 0x00,
        0x38, 0x00, 0x38, 0x00, 0xFF, 0xC0, 0x38, 0x00, 0x38, 0x00, 0x38, 0x00, 0x38, 0x00, 0x38,
        0x00, 0x38, 0x10, 0x38, 0x10, 0x38, 0x10, 0xFF, 0xF0, 0x60, 0x0C, 0x77, 0xDC, 0x3F, 0xF8,
        0x1C, 0x70, 0x38, 0x38, 0x30, 0x18, 0x30, 0x18, 0x30, 0x18, 0x38, 0x38, 0x1C, 0x70, 0x3F,
        0xF8, 0x77, 0xDC, 0xE0, 0x0C, 0x40, 0x00, 0xFF, 0x0F, 0x80, 0x38, 0x02, 0x00, 0x1C, 0x04,
        0x00, 0x1C, 0x04, 0x00, 0x0E, 0x08, 0x00, 0x0E, 0x08, 0x00, 0x07, 0x10, 0x00, 0x07, 0x90,
        0x00, 0x3F, 0xBE, 0x00, 0x03, 0xE0, 0x00, 0x01, 0xC0, 0x00, 0x01, 0xC0, 0x00, 0x3F, 0xFE,
        0x00, 0x01, 0xC0, 0x00, 0x01, 0xC0, 0x00, 0x01, 0xC0, 0x00, 0x01, 0xC0, 0x00, 0x01, 0xC0,
        0x00, 0x07, 0xF0, 0x00, 0xC0, 0xC0, 0xC0, 0xC0, 0xC0, 0xC0, 0xC0, 0xC0, 0xC0, 0xC0, 0x00,
        0x00, 0xC0, 0xC0, 0xC0, 0xC0, 0xC0, 0xC0, 0xC0, 0xC0, 0xC0, 0xC0, 0x1F, 0x80, 0x30, 0xC0,
        0x60, 0x40, 0x60, 0x40, 0x60, 0x00, 0x70, 0x00, 0x3C, 0x00, 0x3F, 0x00, 0xC3, 0xC0, 0xC0,
        0xE0, 0xC0, 0x60, 0x70, 0x60, 0x3C, 0x60, 0x1F, 0x80, 0x07, 0x80, 0x01, 0xC0, 0x00, 0xC0,
        0x40, 0xC0, 0x40, 0xC0, 0x61, 0x80, 0x3F, 0x00, 0xE7, 0xE7, 0xE7, 0x03, 0xF8, 0x00, 0x0E,
        0x0E, 0x00, 0x18, 0x03, 0x00, 0x30, 0x00, 0x80, 0x61, 0xF8, 0xC0, 0x43, 0x0C, 0x40, 0xC6,
        0x0C, 0x60, 0x8C, 0x04, 0x20, 0x8C, 0x00, 0x20, 0x8C, 0x00, 0x20, 0x8C, 0x00, 0x20, 0x8C,
        0x00, 0x20, 0xC6, 0x0C, 0x60, 0x46, 0x18, 0x40, 0x61, 0xF0, 0xC0, 0x30, 0x01, 0x80, 0x18,
        0x03, 0x00, 0x0E, 0x0E, 0x00, 0x03, 0xF8, 0x00, 0x3E, 0x00, 0x63, 0x00, 0x41, 0x80, 0x01,
        0x80, 0x3F, 0x80, 0xE1, 0x80, 0xC1, 0x80, 0xC1, 0x80, 0xE3, 0x80, 0x7D, 0xC0, 0x00, 0x00,
        0x7F, 0x80, 0x04, 0x10, 0x0C, 0x30, 0x18, 0x60, 0x30, 0xC0, 0x61, 0x80, 0xC3, 0x00, 0xC3,
        0x00, 0x61, 0x80, 0x30, 0xC0, 0x18, 0x60, 0x0C, 0x30, 0x04, 0x10, 0xFF, 0xFF, 0xFF, 0xFF,
        0x00, 0x03, 0x00, 0x03, 0x00, 0x03, 0x00, 0x03, 0x00, 0x03, 0x03, 0xF8, 0x00, 0x0E, 0x0E,
        0x00, 0x18, 0x03, 0x00, 0x30, 0x00, 0x80, 0x67, 0xF8, 0xC0, 0x43, 0x1C, 0x40, 0xC3, 0x0C,
        0x60, 0x83, 0x0C, 0x20, 0x83, 0x1C, 0x20, 0x83, 0xF0, 0x20, 0x83, 0x38, 0x20, 0x83, 0x18,
        0x20, 0xC3, 0x0C, 0x60, 0x43, 0x0C, 0x40, 0x67, 0x86, 0xC0, 0x30, 0x01, 0x80, 0x18, 0x03,
        0x00, 0x0E, 0x0E, 0x00, 0x03, 0xF8, 0x00, 0xFF, 0xFF, 0x3C, 0x7E, 0xE7, 0xC3, 0xC3, 0xE7,
        0x7E, 0x3C, 0x01, 0x80, 0x01, 0x80, 0x01, 0x80, 0x01, 0x80, 0x01, 0x80, 0xFF, 0xFF, 0xFF,
        0xFF, 0x01, 0x80, 0x01, 0x80, 0x01, 0x80, 0x01, 0x80, 0x01, 0x80, 0x00, 0x00, 0x00, 0x00,
        0xFF, 0xFF, 0xFF, 0xFF, 0x7C, 0xC7, 0x83, 0x03, 0x02, 0x06, 0x0C, 0x30, 0x61, 0xFF, 0xFF,
        0x7C, 0xC6, 0x86, 0x06, 0x0C, 0x38, 0x06, 0x03, 0x83, 0xC7, 0x7C, 0x1C, 0x38, 0x30, 0x60,
        0xC0, 0xF8, 0xF8, 0x38, 0x38, 0x38, 0x38, 0x38, 0x38, 0x38, 0x38, 0x38, 0x38, 0x38, 0x38,
        0x38, 0x38, 0x38, 0x38, 0x38, 0x38, 0x38, 0x78, 0x3C, 0x78, 0x3F, 0xBE, 0x38, 0x00, 0x38,
        0x00, 0x38, 0x00, 0x38, 0x00, 0xFE, 0x00, 0x1F, 0xF8, 0x3E, 0x20, 0x7E, 0x20, 0xFE, 0x20,
        0xFE, 0x20, 0xFE, 0x20, 0xFE, 0x20, 0xFE, 0x20, 0x7E, 0x20, 0x3E, 0x20, 0x0E, 0x20, 0x02,
        0x20, 0x02, 0x20, 0x02, 0x20, 0x02, 0x20, 0x02, 0x20, 0x02, 0x20, 0x02, 0x20, 0x02, 0x20,
        0x02, 0x20, 0x02, 0x20, 0x02, 0x20, 0xE0, 0xE0, 0xE0, 0x18, 0x0C, 0x0C, 0xFC, 0xF8, 0x18,
        0x78, 0x98, 0x18, 0x18, 0x18, 0x18, 0x18, 0x18, 0x18, 0x7E, 0x1E, 0x00, 0x61, 0x80, 0x61,
        0x80, 0xC0, 0xC0, 0xC0, 0xC0, 0xC0, 0xC0, 0xC0, 0xC0, 0x40, 0x80, 0x61, 0x80, 0x1F, 0x00,
        0x00, 0x00, 0xFF, 0xC0, 0x82, 0x00, 0xC3, 0x00, 0x61, 0x80, 0x30, 0xC0, 0x18, 0x60, 0x0C,
        0x30, 0x0C, 0x30, 0x18, 0x60, 0x30, 0xC0, 0x61, 0x80, 0xC3, 0x00, 0x82, 0x00, 0x18, 0x01,
        0xC0, 0x78, 0x01, 0x80, 0x98, 0x03, 0x00, 0x18, 0x07, 0x00, 0x18, 0x06, 0x00, 0x18, 0x0E,
        0x00, 0x18, 0x0C, 0x00, 0x18, 0x18, 0x00, 0x18, 0x38, 0x0C, 0x18, 0x30, 0x1C, 0x7E, 0x70,
        0x3C, 0x00, 0x60, 0x2C, 0x00, 0xC0, 0x4C, 0x01, 0xC0, 0x8C, 0x01, 0x81, 0x8C, 0x03, 0x81,
        0xFF, 0x03, 0x00, 0x0C, 0x06, 0x00, 0x0C, 0x0E, 0x00, 0x3F, 0x18, 0x01, 0xC0, 0x78, 0x01,
        0x80, 0x98, 0x03, 0x00, 0x18, 0x07, 0x00, 0x18, 0x06, 0x00, 0x18, 0x0E, 0x00, 0x18, 0x0C,
        0x00, 0x18, 0x18, 0x00, 0x18, 0x38, 0xF8, 0x18, 0x31, 0x8E, 0x7E, 0x71, 0x06, 0x00, 0x60,
        0x06, 0x00, 0xC0, 0x04, 0x01, 0xC0, 0x0C, 0x01, 0x80, 0x18, 0x03, 0x80, 0x60, 0x03, 0x00,
        0xC2, 0x06, 0x01, 0xFE, 0x0E, 0x01, 0xFE, 0x7C, 0x01, 0xC0, 0xC6, 0x01, 0x80, 0x86, 0x03,
        0x00, 0x06, 0x07, 0x00, 0x0C, 0x06, 0x00, 0x38, 0x0E, 0x00, 0x06, 0x0C, 0x00, 0x03, 0x18,
        0x00, 0x83, 0x38, 0x0C, 0xC7, 0x30, 0x1C, 0x7C, 0x70, 0x3C, 0x00, 0x60, 0x2C, 0x00, 0xC0,
        0x4C, 0x01, 0xC0, 0x8C, 0x01, 0x81, 0x8C, 0x03, 0x81, 0xFF, 0x03, 0x00, 0x0C, 0x06, 0x00,
        0x0C, 0x0E, 0x00, 0x3F, 0x07, 0x00, 0x07, 0x00, 0x07, 0x00, 0x00, 0x00, 0x00, 0x00, 0x02,
        0x00, 0x02, 0x00, 0x0E, 0x00, 0x3C, 0x00, 0x70, 0x00, 0x70, 0x00, 0xE0, 0x00, 0xE0, 0x00,
        0xE0, 0x00, 0xE0, 0x20, 0x70, 0x60, 0x78, 0xE0, 0x1F, 0xC0, 0x01, 0x80, 0x00, 0x00, 0xC0,
        0x00, 0x00, 0x60, 0x00, 0x00, 0x00, 0x00, 0x00, 0x00, 0x00, 0x00, 0xE0, 0x00, 0x00, 0xE0,
        0x00, 0x01, 0xE0, 0x00, 0x01, 0xF0, 0x00, 0x01, 0x70, 0x00, 0x02, 0x70, 0x00, 0x02, 0x38,
        0x00, 0x06, 0x38, 0x00, 0x04, 0x3C, 0x00, 0x04, 0x1C, 0x00, 0x08, 0x1C, 0x00, 0x08, 0x1E,
        0x00, 0x0F, 0xFE, 0x00, 0x10, 0x0E, 0x00, 0x10, 0x07, 0x00, 0x30, 0x07, 0x00, 0x20, 0x07,
        0x80, 0x20, 0x03, 0x80, 0xF8, 0x0F, 0xE0, 0x00, 0x30, 0x00, 0x00, 0x60, 0x00, 0x00, 0xC0,
        0x00, 0x00, 0x00, 0x00, 0x00, 0x00, 0x00, 0x00, 0xE0, 0x00, 0x00, 0xE0, 0x00, 0x01, 0xE0,
        0x00, 0x01, 0xF0, 0x00, 0x01, 0x70, 0x00, 0x02, 0x70, 0x00, 0x02, 0x38, 0x00, 0x06, 0x38,
        0x00, 0x04, 0x3C, 0x00, 0x04, 0x1C, 0x00, 0x08, 0x1C, 0x00, 0x08, 0x1E, 0x00, 0x0F, 0xFE,
        0x00, 0x10, 0x0E, 0x00, 0x10, 0x07, 0x00, 0x30, 0x07, 0x00, 0x20, 0x07, 0x80, 0x20, 0x03,
        0x80, 0xF8, 0x0F, 0xE0, 0x01, 0xE0, 0x00, 0x03, 0xF0, 0x00, 0x06, 0x18, 0x00, 0x00, 0x00,
        0x00, 0x00, 0x00, 0x00, 0x00, 0xE0, 0x00, 0x00, 0xE0, 0x00, 0x01, 0xE0, 0x00, 0x01, 0xF0,
        0x00, 0x01, 0x70, 0x00, 0x02, 0x70, 0x00, 0x02, 0x38, 0x00, 0x06, 0x38, 0x00, 0x04, 0x3C,
        0x00, 0x04, 0x1C, 0x00, 0x08, 0x1C, 0x00, 0x08, 0x1E, 0x00, 0x0F, 0xFE, 0x00, 0x10, 0x0E,
        0x00, 0x10, 0x07, 0x00, 0x30, 0x07, 0x00, 0x20, 0x07, 0x80, 0x20, 0x03, 0x80, 0xF8, 0x0F,
        0xE0, 0x03, 0x98, 0x00, 0x07, 0xF8, 0x00, 0x06, 0x70, 0x00, 0x00, 0x00, 0x00, 0x00, 0x00,
        0x00, 0x00, 0xE0, 0x00, 0x00, 0xE0, 0x00, 0x01, 0xE0, 0x00, 0x01, 0xF0, 0x00, 0x01, 0x70,
        0x00, 0x02, 0x70, 0x00, 0x02, 0x38, 0x00, 0x06, 0x38, 0x00, 0x04, 0x3C, 0x00, 0x04, 0x1C,
        0x00, 0x08, 0x1C, 0x00, 0x08, 0x1E, 0x00, 0x0F, 0xFE, 0x00, 0x10, 0x0E, 0x00, 0x10, 0x07,
        0x00, 0x30, 0x07, 0x00, 0x20, 0x07, 0x80, 0x20, 0x03, 0x80, 0xF8, 0x0F, 0xE0, 0x03, 0x9C,
        0x00, 0x03, 0x9C, 0x00, 0x03, 0x9C, 0x00, 0x00, 0x00, 0x00, 0x00, 0x00, 0x00, 0x00, 0xE0,
        0x00, 0x00, 0xE0, 0x00, 0x01, 0xE0, 0x00, 0x01, 0xF0, 0x00, 0x01, 0x70, 0x00, 0x02, 0x70,
        0x00, 0x02, 0x38, 0x00, 0x06, 0x38, 0x00, 0x04, 0x3C, 0x00, 0x04, 0x1C, 0x00, 0x08, 0x1C,
        0x00, 0x08, 0x1E, 0x00, 0x0F, 0xFE, 0x00, 0x10, 0x0E, 0x00, 0x10, 0x07, 0x00, 0x30, 0x07,
        0x00, 0x20, 0x07, 0x80, 0x20, 0x03, 0x80, 0xF8, 0x0F, 0xE0, 0x00, 0xE0, 0x00, 0x01, 0xF0,
        0x00, 0x03, 0x18, 0x00, 0x03, 0x18, 0x00, 0x03, 0x18, 0x00, 0x01, 0xF0, 0x00, 0x00, 0xE0,
        0x00, 0x00, 0xE0, 0x00, 0x01, 0xF0, 0x00, 0x01, 0x70, 0x00, 0x03, 0x70, 0x00, 0x02, 0x38,
        0x00, 0x02, 0x38, 0x00, 0x04, 0x3C, 0x00, 0x04, 0x1C, 0x00, 0x04, 0x1C, 0x00, 0x08, 0x1E,
        0x00, 0x0F, 0xFE, 0x00, 0x10, 0x0E, 0x00, 0x10, 0x07, 0x00, 0x10, 0x07, 0x00, 0x20, 0x07,
        0x80, 0x20, 0x03, 0x80, 0xF8, 0x0F, 0xE0, 0x03, 0xFF, 0xFF, 0x80, 0x00, 0x4E, 0x00, 0x80,
        0x00, 0x4E, 0x00, 0x80, 0x00, 0x8E, 0x00, 0x80, 0x00, 0x8E, 0x00, 0x00, 0x01, 0x0E, 0x00,
        0x00, 0x01, 0x0E, 0x02, 0x00, 0x02, 0x0E, 0x02, 0x00, 0x02, 0x0F, 0xFE, 0x00, 0x06, 0x0E,
        0x02, 0x00, 0x04, 0x0E, 0x02, 0x00, 0x0C, 0x0E, 0x00, 0x00, 0x0F, 0xFE, 0x00, 0x00, 0x18,
        0x0E, 0x00, 0x00, 0x10, 0x0E, 0x00, 0x00, 0x10, 0x0E, 0x00, 0x80, 0x20, 0x0E, 0x00, 0x80,
        0x20, 0x0E, 0x00, 0x80, 0xF8, 0x3F, 0xFF, 0x80, 0x03, 0xFC, 0x00, 0x0E, 0x0F, 0x00, 0x18,
        0x03, 0x00, 0x30, 0x03, 0x00, 0x70, 0x01, 0x00, 0x70, 0x00, 0x00, 0xE0, 0x00, 0x00, 0xE0,
        0x00, 0x00, 0xE0, 0x00, 0x00, 0xE0, 0x00, 0x00, 0xE0, 0x00, 0x00, 0xE0, 0x00, 0x00, 0xE0,
        0x00, 0x00, 0x60, 0x00, 0x00, 0x70, 0x03, 0x80, 0x30, 0x07, 0x00, 0x18, 0x07, 0x00, 0x0C,
        0x1C, 0x00, 0x03, 0xF0, 0x00, 0x00, 0x60, 0x00, 0x00, 0x30, 0x00, 0x00, 0x30, 0x00, 0x03,
        0xF0, 0x00, 0x03, 0xE0, 0x00, 0x06, 0x00, 0x03, 0x00, 0x01, 0x80, 0x00, 0x00, 0x00, 0x00,
        0xFF, 0xFE, 0x38, 0x02, 0x38, 0x02, 0x38, 0x02, 0x38, 0x00, 0x38, 0x00, 0x38, 0x10, 0x38,
        0x10, 0x3F, 0xF0, 0x38, 0x10, 0x38, 0x10, 0x38, 0x00, 0x38, 0x00, 0x38, 0x00, 0x38, 0x00,
        0x38, 0x02, 0x38, 0x02, 0x38, 0x02, 0xFF, 0xFE, 0x00, 0xC0, 0x01, 0x80, 0x03, 0x00, 0x00,
        0x00, 0x00, 0x00, 0xFF, 0xFE, 0x38, 0x02, 0x38, 0x02, 0x38, 0x02, 0x38, 0x00, 0x38, 0x00,
        0x38, 0x10, 0x38, 0x10, 0x3F, 0xF0, 0x38, 0x10, 0x38, 0x10, 0x38, 0x00, 0x38, 0x00, 0x38,
        0x00, 0x38, 0x00, 0x38, 0x02, 0x38, 0x02, 0x38, 0x02, 0xFF, 0xFE, 0x07, 0x80, 0x0F, 0xC0,
        0x18, 0x60, 0x00, 0x00, 0x00, 0x00, 0xFF, 0xFE, 0x38, 0x02, 0x38, 0x02, 0x38, 0x02, 0x38,
        0x00, 0x38, 0x00, 0x38, 0x10, 0x38, 0x10, 0x3F, 0xF0, 0x38, 0x10, 0x38, 0x10, 0x38, 0x00,
        0x38, 0x00, 0x38, 0x00, 0x38, 0x00, 0x38, 0x02, 0x38, 0x02, 0x38, 0x02, 0xFF, 0xFE, 0x0E,
        0x70, 0x0E, 0x70, 0x0E, 0x70, 0x00, 0x00, 0x00, 0x00, 0xFF, 0xFE, 0x38, 0x02, 0x38, 0x02,
        0x38, 0x02, 0x38, 0x00, 0x38, 0x00, 0x38, 0x10, 0x38, 0x10, 0x3F, 0xF0, 0x38, 0x10, 0x38,
        0x10, 0x38, 0x00, 0x38, 0x00, 0x38, 0x00, 0x38, 0x00, 0x38, 0x02, 0x38, 0x02, 0x38, 0x02,
        0xFF, 0xFE, 0x60, 0x30, 0x18, 0x00, 0x00, 0xFE, 0x38, 0x38, 0x38, 0x38, 0x38, 0x38, 0x38,
        0x38, 0x38, 0x38, 0x38, 0x38, 0x38, 0x38, 0x38, 0x38, 0x38, 0xFE, 0x0C, 0x18, 0x30, 0x00,
        0x00, 0xFE, 0x38, 0x38, 0x38, 0x38, 0x38, 0x38, 0x38, 0x38, 0x38, 0x38, 0x38, 0x38, 0x38,
        0x38, 0x38, 0x38, 0x38, 0xFE, 0x3C, 0x7E, 0xC3, 0x00, 0x00, 0x7F, 0x1C, 0x1C, 0x1C, 0x1C,
        0x1C, 0x1C, 0x1C, 0x1C, 0x1C, 0x1C, 0x1C, 0x1C, 0x1C, 0x1C, 0x1C, 0x1C, 0x1C, 0x7F, 0xE7,
        0xE7, 0xE7, 0x00, 0x00, 0xFE, 0x38, 0x38, 0x38, 0x38, 0x38, 0x38, 0x38, 0x38, 0x38, 0x38,
        0x38, 0x38, 0x38, 0x38, 0x38, 0x38, 0x38, 0xFE, 0xFF, 0xF0, 0x00, 0x38, 0x3C, 0x00, 0x38,
        0x0E, 0x00, 0x38, 0x07, 0x00, 0x38, 0x03, 0x80, 0x38, 0x03, 0x80, 0x38, 0x01, 0xC0, 0x38,
        0x01, 0xC0, 0x38, 0x01, 0xC0, 0xFF, 0x81, 0xC0, 0x38, 0x01, 0xC0, 0x38, 0x01, 0xC0, 0x38,
        0x01, 0xC0, 0x38, 0x03, 0x80, 0x38, 0x03, 0x80, 0x38, 0x07, 0x00, 0x38, 0x0E, 0x00, 0x38,
        0x3C, 0x00, 0xFF, 0xE0, 0x00, 0x03, 0x98, 0x00, 0x07, 0xF8, 0x00, 0x06, 0x70, 0x00, 0x00,
        0x00, 0x00, 0x00, 0x00, 0x00, 0xF8, 0x03, 0xE0, 0x3C, 0x00, 0x80, 0x3E, 0x00, 0x80, 0x2E,
        0x00, 0x80, 0x2F, 0x00, 0x80, 0x27, 0x80, 0x80, 0x23, 0xC0, 0x80, 0x21, 0xC0, 0x80, 0x21,
        0xE0, 0x80, 0x20, 0xF0, 0x80, 0x20, 0x78, 0x80, 0x20, 0x38, 0x80, 0x20, 0x3C, 0x80, 0x20,
        0x1E, 0x80, 0x20, 0x0F, 0x80, 0x20, 0x07, 0x80, 0x20, 0x03, 0x80, 0x20, 0x03, 0x80, 0xF8,
        0x01, 0x80, 0x01, 0x80, 0x00, 0x00, 0xC0, 0x00, 0x00, 0x60, 0x00, 0x00, 0x00, 0x00, 0x00,
        0x00, 0x00, 0x03, 0xF0, 0x00, 0x0C, 0x1C, 0x00, 0x18, 0x06, 0x00, 0x30, 0x03, 0x00, 0x70,
        0x03, 0x80, 0x60, 0x01, 0x80, 0xE0, 0x01, 0xC0, 0xE0, 0x01, 0xC0, 0xE0, 0x01, 0xC0, 0xE0,
        0x01, 0xC0, 0xE0, 0x01, 0xC0, 0xE0, 0x01, 0xC0, 0xE0, 0x01, 0xC0, 0x60, 0x01, 0x80, 0x70,
        0x03, 0x80, 0x30, 0x03, 0x00, 0x18, 0x06, 0x00, 0x0E, 0x1C, 0x00, 0x03, 0xF0, 0x00, 0x00,
        0x30, 0x00, 0x00, 0x60, 0x00, 0x00, 0xC0, 0x00, 0x00, 0x00, 0x00, 0x00, 0x00, 0x00, 0x03,
        0xF0, 0x00, 0x0C, 0x1C, 0x00, 0x18, 0x06, 0x00, 0x30, 0x03, 0x00, 0x70, 0x03, 0x80, 0x60,
        0x01, 0x80, 0xE0, 0x01, 0xC0, 0xE0, 0x01, 0xC0, 0xE0, 0x01, 0xC0, 0xE0, 0x01, 0xC0, 0xE0,
        0x01, 0xC0, 0xE0, 0x01, 0xC0, 0xE0, 0x01, 0xC0, 0x60, 0x01, 0x80, 0x70, 0x03, 0x80, 0x30,
        0x03, 0x00, 0x18, 0x06, 0x00, 0x0E, 0x1C, 0x00, 0x03, 0xF0, 0x00, 0x01, 0xE0, 0x00, 0x03,
        0xF0, 0x00, 0x06, 0x18, 0x00, 0x00, 0x00, 0x00, 0x00, 0x00, 0x00, 0x03, 0xF0, 0x00, 0x0C,
        0x1C, 0x00, 0x18, 0x06, 0x00, 0x30, 0x03, 0x00, 0x70, 0x03, 0x80, 0x60, 0x01, 0x80, 0xE0,
        0x01, 0xC0, 0xE0, 0x01, 0xC0, 0xE0, 0x01, 0xC0, 0xE0, 0x01, 0xC0, 0xE0, 0x01, 0xC0, 0xE0,
        0x01, 0xC0, 0xE0, 0x01, 0xC0, 0x60, 0x01, 0x80, 0x70, 0x03, 0x80, 0x30, 0x03, 0x00, 0x18,
        0x06, 0x00, 0x0E, 0x1C, 0x00, 0x03, 0xF0, 0x00, 0x03, 0x98, 0x00, 0x07, 0xF8, 0x00, 0x06,
        0x70, 0x00, 0x00, 0x00, 0x00, 0x00, 0x00, 0x00, 0x03, 0xF0, 0x00, 0x0C, 0x1C, 0x00, 0x18,
        0x06, 0x00, 0x30, 0x03, 0x00, 0x70, 0x03, 0x80, 0x60, 0x01, 0x80, 0xE0, 0x01, 0xC0, 0xE0,
        0x01, 0xC0, 0xE0, 0x01, 0xC0, 0xE0, 0x01, 0xC0, 0xE0, 0x01, 0xC0, 0xE0, 0x01, 0xC0, 0xE0,
        0x01, 0xC0, 0x60, 0x01, 0x80, 0x70, 0x03, 0x80, 0x30, 0x03, 0x00, 0x18, 0x06, 0x00, 0x0E,
        0x1C, 0x00, 0x03, 0xF0, 0x00, 0x03, 0x9C, 0x00, 0x03, 0x9C, 0x00, 0x03, 0x9C, 0x00, 0x00,
        0x00, 0x00, 0x00, 0x00, 0x00, 0x03, 0xF0, 0x00, 0x0C, 0x1C, 0x00, 0x18, 0x06, 0x00, 0x30,
        0x03, 0x00, 0x70, 0x03, 0x80, 0x60, 0x01, 0x80, 0xE0, 0x01, 0xC0, 0xE0, 0x01, 0xC0, 0xE0,
        0x01, 0xC0, 0xE0, 0x01, 0xC0, 0xE0, 0x01, 0xC0, 0xE0, 0x01, 0xC0, 0xE0, 0x01, 0xC0, 0x60,
        0x01, 0x80, 0x70, 0x03, 0x80, 0x30, 0x03, 0x00, 0x18, 0x06, 0x00, 0x0E, 0x1C, 0x00, 0x03,
        0xF0, 0x00, 0x40, 0x04, 0xE0, 0x0E, 0x70, 0x1C, 0x38, 0x38, 0x1C, 0x70, 0x0E, 0xE0, 0x07,
        0xC0, 0x03, 0x80, 0x07, 0xC0, 0x0E, 0xE0, 0x1C, 0x70, 0x38, 0x38, 0x70, 0x1C, 0xE0, 0x0E,
        0x40, 0x04, 0x03, 0xF0, 0xC0, 0x0C, 0x1D, 0x80, 0x18, 0x07, 0x00, 0x30, 0x07, 0x00, 0x70,
        0x0F, 0x80, 0x60, 0x0B, 0x80, 0xE0, 0x11, 0xC0, 0xE0, 0x31, 0xC0, 0xE0, 0x61, 0xC0, 0xE0,
        0xC1, 0xC0, 0xE1, 0x81, 0xC0, 0xE3, 0x01, 0xC0, 0xE2, 0x01, 0xC0, 0x64, 0x01, 0x80, 0x7C,
        0x03, 0x80, 0x38, 0x03, 0x00, 0x38, 0x06, 0x00, 0x6C, 0x1C, 0x00, 0xC3, 0xF0, 0x00, 0x01,
        0x80, 0x00, 0x00, 0xC0, 0x00, 0x00, 0x60, 0x00, 0x00, 0x00, 0x00, 0x00, 0x00, 0x00, 0xFE,
        0x03, 0xE0, 0x38, 0x00, 0x80, 0x38, 0x00, 0x80, 0x38, 0x00, 0x80, 0x38, 0x00, 0x80, 0x38,
        0x00, 0x80, 0x38, 0x00, 0x80, 0x38, 0x00, 0x80, 0x38, 0x00, 0x80, 0x38, 0x00, 0x80, 0x38,
        0x00, 0x80, 0x38, 0x00, 0x80, 0x38, 0x00, 0x80, 0x38, 0x00, 0x80, 0x38, 0x00, 0x80, 0x1C,
        0x01, 0x00, 0x1C, 0x01, 0x00, 0x0F, 0x06, 0x00, 0x03, 0xF8, 0x00, 0x00, 0x30, 0x00, 0x00,
        0x60, 0x00, 0x00, 0xC0, 0x00, 0x00, 0x00, 0x00, 0x00, 0x00, 0x00, 0xFE, 0x03, 0xE0, 0x38,
        0x00, 0x80, 0x38, 0x00, 0x80, 0x38, 0x00, 0x80, 0x38, 0x00, 0x80, 0x38, 0x00, 0x80, 0x38,
        0x00, 0x80, 0x38, 0x00, 0x80, 0x38, 0x00, 0x80, 0x38, 0x00, 0x80, 0x38, 0x00, 0x80, 0x38,
        0x00, 0x80, 0x38, 0x00, 0x80, 0x38, 0x00, 0x80, 0x38, 0x00, 0x80, 0x1C, 0x01, 0x00, 0x1C,
        0x01, 0x00, 0x0F, 0x06, 0x00, 0x03, 0xF8, 0x00, 0x01, 0xE0, 0x00, 0x03, 0xF0, 0x00, 0x06,
        0x18, 0x00, 0x00, 0x00, 0x00, 0x00, 0x00, 0x00, 0xFE, 0x03, 0xE0, 0x38, 0x00, 0x80, 0x38,
        0x00, 0x80, 0x38, 0x00, 0x80, 0x38, 0x00, 0x80, 0x38, 0x00, 0x80, 0x38, 0x00, 0x80, 0x38,
        0x00, 0x80, 0x38, 0x00, 0x80, 0x38, 0x00, 0x80, 0x38, 0x00, 0x80, 0x38, 0x00, 0x80, 0x38,
        0x00, 0x80, 0x38, 0x00, 0x80, 0x38, 0x00, 0x80, 0x1C, 0x01, 0x00, 0x1C, 0x01, 0x00, 0x0F,
        0x06, 0x00, 0x03, 0xF8, 0x00, 0x03, 0x9C, 0x00, 0x03, 0x9C, 0x00, 0x03, 0x9C, 0x00, 0x00,
        0x00, 0x00, 0x00, 0x00, 0x00, 0xFE, 0x03, 0xE0, 0x38, 0x00, 0x80, 0x38, 0x00, 0x80, 0x38,
        0x00, 0x80, 0x38, 0x00, 0x80, 0x38, 0x00, 0x80, 0x38, 0x00, 0x80, 0x38, 0x00, 0x80, 0x38,
        0x00, 0x80, 0x38, 0x00, 0x80, 0x38, 0x00, 0x80, 0x38, 0x00, 0x80, 0x38, 0x00, 0x80, 0x38,
        0x00, 0x80, 0x38, 0x00, 0x80, 0x1C, 0x01, 0x00, 0x1C, 0x01, 0x00, 0x0F, 0x06, 0x00, 0x03,
        0xF8, 0x00, 0x00, 0x30, 0x00, 0x00, 0x60, 0x00, 0x00, 0xC0, 0x00, 0x00, 0x00, 0x00, 0x00,
        0x00, 0x00, 0xFF, 0x07, 0xC0, 0x3C, 0x01, 0x00, 0x1C, 0x03, 0x00, 0x1E, 0x02, 0x00, 0x0F,
        0x04, 0x00, 0x07, 0x04, 0x00, 0x07, 0x88, 0x00, 0x03, 0x88, 0x00, 0x01, 0xD0, 0x00, 0x01,
        0xF0, 0x00, 0x00, 0xE0, 0x00, 0x00, 0xE0, 0x00, 0x00, 0xE0, 0x00, 0x00, 0xE0, 0x00, 0x00,
        0xE0, 0x00, 0x00, 0xE0, 0x00, 0x00, 0xE0, 0x00, 0x00, 0xE0, 0x00, 0x03, 0xF8, 0x00, 0xFF,
        0x00, 0x38, 0x00, 0x38, 0x00, 0x38, 0x00, 0x3F, 0xF0, 0x38, 0x38, 0x38, 0x1C, 0x38, 0x0E,
        0x38, 0x0E, 0x38, 0x0E, 0x38, 0x0E, 0x38, 0x0E, 0x38, 0x1C, 0x38, 0x38, 0x3F, 0xF0, 0x38,
        0x00, 0x38, 0x00, 0x38, 0x00, 0xFF, 0x00, 0x07, 0xC0, 0x1C, 0x70, 0x38, 0x30, 0x38, 0x38,
        0x38, 0x78, 0x38, 0xE0, 0x39, 0xC0, 0x39, 0xC0, 0x39, 0xC0, 0x39, 0xC0, 0x38, 0xE0, 0x38,
        0x30, 0x38, 0x3C, 0x38, 0x1E, 0x38, 0x0E, 0x38, 0x0E, 0x3A, 0x0E, 0x3A, 0x0E, 0x3B, 0x1C,
        0xF9, 0xF8, 0x38, 0x00, 0x1C, 0x00, 0x0C, 0x00, 0x06, 0x00, 0x03, 0x00, 0x00, 0x00, 0x00,
        0x00, 0x00, 0x00, 0x3F, 0x00, 0x61, 0xC0, 0x40, 0xC0, 0x40, 0xE0, 0x00, 0xE0, 0x3F, 0xE0,
        0x70, 0xE0, 0xE0, 0xE0, 0xE0, 0xE0, 0xE0, 0xE0, 0xE0, 0xE0, 0x71, 0xE0, 0x3E, 0xF8, 0x00,
        0xE0, 0x01, 0xC0, 0x01, 0x80, 0x03, 0x00, 0x06, 0x00, 0x00, 0x00, 0x00, 0x00, 0x00, 0x00,
        0x3F, 0x00, 0x61, 0xC0, 0x40, 0xC0, 0x40, 0xE0, 0x00, 0xE0, 0x3F, 0xE0, 0x70, 0xE0, 0xE0,
        0xE0, 0xE0, 0xE0, 0xE0, 0xE0, 0xE0, 0xE0, 0x71, 0xE0, 0x3E, 0xF8, 0x06, 0x00, 0x0F, 0x00,
        0x19, 0x80, 0x19, 0x80, 0x30, 0xC0, 0x00, 0x00, 0x00, 0x00, 0x00, 0x00, 0x3F, 0x00, 0x61,
        0xC0, 0x40, 0xC0, 0x40, 0xE0, 0x00, 0xE0, 0x3F, 0xE0, 0x70, 0xE0, 0xE0, 0xE0, 0xE0, 0xE0,
        0xE0, 0xE0, 0xE0, 0xE0, 0x71, 0xE0, 0x3E, 0xF8, 0x1C, 0xC0, 0x3C, 0xC0, 0x33, 0xC0, 0x33,
        0x80, 0x00, 0x00, 0x00, 0x00, 0x00, 0x00, 0x00, 0x00, 0x3F, 0x00, 0x61, 0xC0, 0x40, 0xC0,
        0x40, 0xE0, 0x00, 0xE0, 0x3F, 0xE0, 0x70, 0xE0, 0xE0, 0xE0, 0xE0, 0xE0, 0xE0, 0xE0, 0xE0,
        0xE0, 0x71, 0xE0, 0x3E, 0xF8, 0x1C, 0xE0, 0x1C, 0xE0, 0x1C, 0xE0, 0x00, 0x00, 0x00, 0x00,
        0x00, 0x00, 0x00, 0x00, 0x3F, 0x00, 0x61, 0xC0, 0x40, 0xC0, 0x40, 0xE0, 0x00, 0xE0, 0x3F,
        0xE0, 0x70, 0xE0, 0xE0, 0xE0, 0xE0, 0xE0, 0xE0, 0xE0, 0xE0, 0xE0, 0x71, 0xE0, 0x3E, 0xF8,
        0x07, 0x00, 0x0F, 0x80, 0x18, 0xC0, 0x18, 0xC0, 0x18, 0xC0, 0x0F, 0x80, 0x07, 0x00, 0x00,
        0x00, 0x00, 0x00, 0x00, 0x00, 0x3F, 0x00, 0x61, 0xC0, 0x40, 0xC0, 0x40, 0xE0, 0x00, 0xE0,
        0x3F, 0xE0, 0x70, 0xE0, 0xE0, 0xE0, 0xE0, 0xE0, 0xE0, 0xE0, 0xE0, 0xE0, 0x71, 0xE0, 0x3E,
        0xF8, 0x3F, 0x87, 0xC0, 0x60, 0xDC, 0x70, 0x40, 0x78, 0x38, 0x40, 0x78, 0x18, 0x00, 0x70,
        0x1C, 0x1F, 0xF0, 0x1C, 0x70, 0x7F, 0xFC, 0xE0, 0x70, 0x00, 0xE0, 0x70, 0x00, 0xE0, 0x70,
        0x0C, 0xE0, 0x78, 0x18, 0x70, 0xDC, 0x38, 0x3F, 0x07, 0xE0, 0x0F, 0xC0, 0x38, 0x70, 0x70,
        0x30, 0x60, 0x10, 0xE0, 0x00, 0xE0, 0x00, 0xE0, 0x00, 0xE0, 0x00, 0xE0, 0x00, 0x60, 0x30,
        0x70, 0x60, 0x38, 0xE0, 0x0F, 0x80, 0x03, 0x00, 0x01, 0x80, 0x01, 0x80, 0x1F, 0x80, 0x1F,
        0x00, 0x38, 0x00, 0x1C, 0x00, 0x0C, 0x00, 0x06, 0x00, 0x03, 0x00, 0x00, 0x00, 0x00, 0x00,
        0x00, 0x00, 0x0F, 0x80, 0x38, 0xE0, 0x70, 0x70, 0x70, 0x30, 0xE0, 0x38, 0xE0, 0x38, 0xFF,
        0xF8, 0xE0, 0x00, 0xE0, 0x00, 0x60, 0x18, 0x70, 0x30, 0x38, 0x70, 0x0F, 0xC0, 0x00, 0xE0,
        0x01, 0xC0, 0x01, 0x80, 0x03, 0x00, 0x06, 0x00, 0x00, 0x00, 0x00, 0x00, 0x00, 0x00, 0x0F,
        0x80, 0x38, 0xE0, 0x70, 0x70, 0x70, 0x30, 0xE0, 0x38, 0xE0, 0x38, 0xFF, 0xF8, 0xE0, 0x00,
        0xE0, 0x00, 0x60, 0x18, 0x70, 0x30, 0x38, 0x70, 0x0F, 0xC0, 0x06, 0x00, 0x0F, 0x00, 0x19,
        0x80, 0x19, 0x80, 0x30, 0xC0, 0x00, 0x00, 0x00, 0x00, 0x00, 0x00, 0x0F, 0x80, 0x38, 0xE0,
        0x70, 0x70, 0x70, 0x30, 0xE0, 0x38, 0xE0, 0x38, 0xFF, 0xF8, 0xE0, 0x00, 0xE0, 0x00, 0x60,
        0x18, 0x70, 0x30, 0x38, 0x70, 0x0F, 0xC0, 0x1C, 0xE0, 0x1C, 0xE0, 0x1C, 0xE0, 0x00, 0x00,
        0x00, 0x00, 0x00, 0x00, 0x00, 0x00, 0x0F, 0x80, 0x38, 0xE0, 0x70, 0x70, 0x70, 0x30, 0xE0,
        0x38, 0xE0, 0x38, 0xFF, 0xF8, 0xE0, 0x00, 0xE0, 0x00, 0x60, 0x18, 0x70, 0x30, 0x38, 0x70,
        0x0F, 0xC0, 0xE0, 0x70, 0x30, 0x18, 0x0C, 0x00, 0x00, 0x00, 0x7C, 0x1C, 0x1C, 0x1C, 0x1C,
        0x1C, 0x1C, 0x1C, 0x1C, 0x1C, 0x1C, 0x1C, 0x7F, 0x07, 0x0E, 0x0C, 0x18, 0x30, 0x00, 0x00,
        0x00, 0xF8, 0x38, 0x38, 0x38, 0x38, 0x38, 0x38, 0x38, 0x38, 0x38, 0x38, 0x38, 0xFE, 0x18,
        0x3C, 0x66, 0x66, 0xC3, 0x00, 0x00, 0x00, 0x7C, 0x1C, 0x1C, 0x1C, 0x1C, 0x1C, 0x1C, 0x1C,
        0x1C, 0x1C, 0x1C, 0x1C, 0x7F, 0xE7, 0xE7, 0xE7, 0x00, 0x00, 0x00, 0x00, 0xF8, 0x38, 0x38,
        0x38, 0x38, 0x38, 0x38, 0x38, 0x38, 0x38, 0x38, 0x38, 0xFE, 0x30, 0x00, 0x1C, 0x70, 0x07,
        0xC0, 0x03, 0x00, 0x0D, 0x80, 0x30, 0xC0, 0x00, 0xE0, 0x0F, 0xF0, 0x38, 0x70, 0x70, 0x70,
        0x60, 0x38, 0xE0, 0x38, 0xE0, 0x38, 0xE0, 0x38, 0xE0, 0x38, 0xE0, 0x38, 0x60, 0x30, 0x70,
        0x70, 0x38, 0xE0, 0x0F, 0x80, 0x0E, 0x60, 0x1E, 0x60, 0x19, 0xE0, 0x19, 0xC0, 0x00, 0x00,
        0x00, 0x00, 0x00, 0x00, 0x00, 0x00, 0xF9, 0xE0, 0x3E, 0x70, 0x3C, 0x38, 0x38, 0x38, 0x38,
        0x38, 0x38, 0x38, 0x38, 0x38, 0x38, 0x38, 0x38, 0x38, 0x38, 0x38, 0x38, 0x38, 0x38, 0x38,
        0xFE, 0xFE, 0x38, 0x00, 0x1C, 0x00, 0x0C, 0x00, 0x06, 0x00, 0x03, 0x00, 0x00, 0x00, 0x00,
        0x00, 0x00, 0x00, 0x0F, 0x80, 0x38, 0xE0, 0x70, 0x70, 0x60, 0x30, 0xE0, 0x38, 0xE0, 0x38,
        0xE0, 0x38, 0xE0, 0x38, 0xE0, 0x38, 0x60, 0x30, 0x70, 0x70, 0x38, 0xE0, 0x0F, 0x80, 0x00,
        0xE0, 0x01, 0xC0, 0x01, 0x80, 0x03, 0x00, 0x06, 0x00, 0x00, 0x00, 0x00, 0x00, 0x00, 0x00,
        0x0F, 0x80, 0x38, 0xE0, 0x70, 0x70, 0x60, 0x30, 0xE0, 0x38, 0xE0, 0x38, 0xE0, 0x38, 0xE0,
        0x38, 0xE0, 0x38, 0x60, 0x30, 0x70, 0x70, 0x38, 0xE0, 0x0F, 0x80, 0x06, 0x00, 0x0F, 0x00,
        0x19, 0x80, 0x19, 0x80, 0x30, 0xC0, 0x00, 0x00, 0x00, 0x00, 0x00, 0x00, 0x0F, 0x80, 0x38,
        0xE0, 0x70, 0x70, 0x60, 0x30, 0xE0, 0x38, 0xE0, 0x38, 0xE0, 0x38, 0xE0, 0x38, 0xE0, 0x38,
        0x60, 0x30, 0x70, 0x70, 0x38, 0xE0, 0x0F, 0x80, 0x1C, 0xC0, 0x3C, 0xC0, 0x33, 0xC0, 0x33,
        0x80, 0x00, 0x00, 0x00, 0x00, 0x00, 0x00, 0x00, 0x00, 0x0F, 0x80, 0x38, 0xE0, 0x70, 0x70,
        0x60, 0x30, 0xE0, 0x38, 0xE0, 0x38, 0xE0, 0x38, 0xE0, 0x38, 0xE0, 0x38, 0x60, 0x30, 0x70,
        0x70, 0x38, 0xE0, 0x0F, 0x80, 0x1C, 0xE0, 0x1C, 0xE0, 0x1C, 0xE0, 0x00, 0x00, 0x00, 0x00,
        0x00, 0x00, 0x00, 0x00, 0x0F, 0x80, 0x38, 0xE0, 0x70, 0x70, 0x60, 0x30, 0xE0, 0x38, 0xE0,
        0x38, 0xE0, 0x38, 0xE0, 0x38, 0xE0, 0x38, 0x60, 0x30, 0x70, 0x70, 0x38, 0xE0, 0x0F, 0x80,
        0x03, 0x80, 0x03, 0x80, 0x03, 0x80, 0x00, 0x00, 0x00, 0x00, 0xFF, 0xFE, 0xFF, 0xFE, 0x00,
        0x00, 0x00, 0x00, 0x03, 0x80, 0x03, 0x80, 0x03, 0x80, 0x00, 0x08, 0x0F, 0x98, 0x38, 0xF0,
        0x70, 0x70, 0x60, 0xF0, 0xE1, 0xB8, 0xE1, 0x38, 0xE2, 0x38, 0xE4, 0x38, 0xEC, 0x38, 0x78,
        0x30, 0x70, 0x70, 0x78, 0xE0, 0xCF, 0x80, 0x80, 0x00, 0x38, 0x00, 0x1C, 0x00, 0x0C, 0x00,
        0x06, 0x00, 0x03, 0x00, 0x00, 0x00, 0x00, 0x00, 0x00, 0x00, 0xF8, 0xF8, 0x38, 0x38, 0x38,
        0x38, 0x38, 0x38, 0x38, 0x38, 0x38, 0x38, 0x38, 0x38, 0x38, 0x38, 0x38, 0x38, 0x38, 0x38,
        0x38, 0x78, 0x1C, 0x78, 0x0F, 0xBE, 0x00, 0xE0, 0x01, 0xC0, 0x01, 0x80, 0x03, 0x00, 0x06,
        0x00, 0x00, 0x00, 0x00, 0x00, 0x00, 0x00, 0xF8, 0xF8, 0x38, 0x38, 0x38, 0x38, 0x38, 0x38,
        0x38, 0x38, 0x38, 0x38, 0x38, 0x38, 0x38, 0x38, 0x38, 0x38, 0x38, 0x38, 0x38, 0x78, 0x1C,
        0x78, 0x0F, 0xBE, 0x06, 0x00, 0x0F, 0x00, 0x19, 0x80, 0x19, 0x80, 0x30, 0xC0, 0x00, 0x00,
        0x00, 0x00, 0x00, 0x00, 0xF8, 0xF8, 0x38, 0x38, 0x38, 0x38, 0x38, 0x38, 0x38, 0x38, 0x38,
        0x38, 0x38, 0x38, 0x38, 0x38, 0x38, 0x38, 0x38, 0x38, 0x38, 0x78, 0x1C, 0x78, 0x0F, 0xBE,
        0x1C, 0xE0, 0x1C, 0xE0, 0x1C, 0xE0, 0x00, 0x00, 0x00, 0x00, 0x00, 0x00, 0x00, 0x00, 0xF8,
        0xF8, 0x38, 0x38, 0x38, 0x38, 0x38, 0x38, 0x38, 0x38, 0x38, 0x38, 0x38, 0x38, 0x38, 0x38,
        0x38, 0x38, 0x38, 0x38, 0x38, 0x78, 0x1C, 0x78, 0x0F, 0xBE, 0x00, 0x70, 0x00, 0xE0, 0x00,
        0xC0, 0x01, 0x80, 0x03, 0x00, 0x00, 0x00, 0x00, 0x00, 0x00, 0x00, 0xFE, 0x1E, 0x38, 0x08,
        0x38, 0x08, 0x1C, 0x10, 0x1C, 0x10, 0x1E, 0x20, 0x0E, 0x20, 0x0F, 0x60, 0x07, 0x40, 0x07,
        0xC0, 0x03, 0x80, 0x03, 0x80, 0x01, 0x00, 0x01, 0x00, 0x02, 0x00, 0x42, 0x00, 0x44, 0x00,
        0x7C, 0x00, 0xF8, 0x00, 0x38, 0x00, 0x38, 0x00, 0x38, 0x00, 0x38, 0x00, 0x38, 0x00, 0x38,
        0x00, 0x39, 0xE0, 0x3E, 0x70, 0x3C, 0x38, 0x38, 0x1C, 0x38, 0x1C, 0x38, 0x1C, 0x38, 0x1C,
        0x38, 0x1C, 0x38, 0x1C, 0x38, 0x18, 0x3C, 0x38, 0x3C, 0x70, 0x3B, 0xE0, 0x38, 0x00, 0x38,
        0x00, 0x38, 0x00, 0x38, 0x00, 0xFE, 0x00, 0x0E, 0x70, 0x0E, 0x70, 0x0E, 0x70, 0x00, 0x00,
        0x00, 0x00, 0x00, 0x00, 0x00, 0x00, 0xFE, 0x1E, 0x38, 0x08, 0x38, 0x08, 0x1C, 0x10, 0x1C,
        0x10, 0x1E, 0x20, 0x0E, 0x20, 0x0F, 0x60, 0x07, 0x40, 0x07, 0xC0, 0x03, 0x80, 0x03, 0x80,
        0x01, 0x00, 0x01, 0x00, 0x02, 0x00, 0x42, 0x00, 0x44, 0x00, 0x7C, 0x00, 0xFF, 0xE0, 0xFF,
        0xE0, 0xFF, 0xFF, 0xFF, 0xFF, 0xFF, 0xFF, 0x18, 0x30, 0x70, 0xE0, 0xE0, 0xE0, 0x38, 0x38,
        0x38, 0x70, 0x60, 0xC0, 0x38, 0x38, 0x30, 0x70, 0x60, 0xC0, 0x18, 0x60, 0x30, 0xC0, 0x71,
        0xC0, 0xE3, 0x80, 0xE3, 0x80, 0xE3, 0x80, 0x38, 0xE0, 0x38, 0xE0, 0x38, 0xE0, 0x71, 0xC0,
        0x61, 0x80, 0xC3, 0x00, 0x38, 0xE0, 0x38, 0xE0, 0x30, 0xC0, 0x71, 0xC0, 0x61, 0x80, 0xC3,
        0x00, 0x3C, 0x7E, 0xFF, 0xFF, 0xFF, 0xFF, 0x7E, 0x3C, 0xE0, 0x70, 0x38, 0xE0, 0x70, 0x38,
        0xE0, 0x70, 0x38, 0x04, 0x0C, 0x18, 0x30, 0x60, 0xC0, 0xC0, 0x60, 0x30, 0x18, 0x0C, 0x04,
        0x80, 0xC0, 0x60, 0x30, 0x18, 0x0C, 0x0C, 0x18, 0x30, 0x60, 0xC0, 0x80, 0x03, 0xF0, 0x06,
        0x1C, 0x0C, 0x0C, 0x1C, 0x04, 0x1C, 0x04, 0x18, 0x00, 0x38, 0x00, 0xFF, 0xF0, 0x38, 0x00,
        0x38, 0x00, 0x38, 0x00, 0xFF, 0xC0, 0x38, 0x00, 0x18, 0x00, 0x1C, 0x0C, 0x1C, 0x0C, 0x0C,
        0x18, 0x06, 0x30, 0x03, 0xE0, 0xFE, 0xE1, 0xC0, 0x92, 0x73, 0x80, 0x10, 0x5A, 0x80, 0x10,
        0x4C, 0x80, 0x10, 0x40, 0x80, 0x10, 0x40, 0x80, 0x38, 0xE1, 0xC0, 0xFF, 0xFF, 0xFF, 0xFF,
    ],
    line_height: 33,
};
