//! Reader glyph atlases: Literata Medium.
//!
//! Generated by scripts/fonts/generate.py from scripts/fonts/fonts.toml; do
//! not edit by hand. Glyph order follows src/charset.rs. Source fonts are not
//! distributed with this repository; see docs/licenses/FONT_NOTICES.md.

use super::typography::{BitmapFont, Glyph};

// LITERATA_SMALL: 16 px, cap 12, line height 20, gray 128
pub static LITERATA_SMALL: BitmapFont = BitmapFont {
    glyphs: &[
        Glyph::new(0, 0, 0, 3, 0, 0),
        Glyph::new(0, 2, 12, 5, 2, -12),
        Glyph::new(12, 4, 4, 6, 1, -13),
        Glyph::new(16, 9, 9, 11, 1, -9),
        Glyph::new(34, 8, 15, 9, 1, -14),
        Glyph::new(49, 13, 11, 14, 0, -11),
        Glyph::new(71, 11, 12, 13, 1, -12),
        Glyph::new(95, 2, 4, 4, 1, -13),
        Glyph::new(99, 4, 17, 5, 1, -14),
        Glyph::new(116, 4, 17, 5, 0, -14),
        Glyph::new(133, 5, 7, 7, 1, -13),
        Glyph::new(140, 7, 8, 9, 1, -9),
        Glyph::new(148, 3, 5, 5, 1, -2),
        Glyph::new(153, 4, 1, 6, 1, -6),
        Glyph::new(154, 3, 3, 5, 1, -3),
        Glyph::new(157, 6, 15, 7, 1, -13),
        Glyph::new(172, 8, 12, 9, 1, -12),
        Glyph::new(184, 6, 12, 7, 0, -12),
        Glyph::new(196, 7, 12, 8, 1, -12),
        Glyph::new(208, 7, 12, 9, 1, -12),
        Glyph::new(220, 8, 12, 9, 0, -12),
        Glyph::new(232, 7, 12, 8, 1, -12),
        Glyph::new(244, 8, 12, 9, 0, -12),
        Glyph::new(256, 7, 11, 8, 1, -12),
        Glyph::new(267, 8, 12, 9, 0, -12),
        Glyph::new(279, 8, 12, 9, 0, -12),
        Glyph::new(291, 3, 9, 5, 1, -9),
        Glyph::new(300, 3, 12, 5, 1, -9),
        Glyph::new(312, 6, 8, 9, 1, -9),
        Glyph::new(320, 7, 4, 9, 1, -7),
        Glyph::new(324, 6, 8, 9, 2, -9),
        Glyph::new(332, 7, 12, 9, 1, -12),
        Glyph::new(344, 12, 13, 14, 1, -10),
        Glyph::new(370, 11, 12, 12, 0, -12),
        Glyph::new(394, 10, 12, 11, 0, -12),
        Glyph::new(418, 9, 12, 11, 1, -12),
        Glyph::new(442, 10, 12, 12, 1, -12),
        Glyph::new(466, 9, 12, 10, 1, -12),
        Glyph::new(490, 9, 12, 10, 1, -12),
        Glyph::new(514, 11, 12, 12, 1, -12),
        Glyph::new(538, 12, 12, 13, 1, -12),
        Glyph::new(562, 5, 12, 7, 1, -12),
        Glyph::new(574, 8, 12, 9, 1, -12),
        Glyph::new(586, 11, 12, 12, 1, -12),
        Glyph::new(610, 9, 12, 10, 1, -12),
        Glyph::new(634, 13, 12, 16, 2, -12),
        Glyph::new(658, 11, 12, 13, 1, -12),
        Glyph::new(682, 11, 12, 12, 1, -12),
        Glyph::new(706, 9, 12, 10, 1, -12),
        Glyph::new(730, 13, 15, 12, 1, -12),
        Glyph::new(760, 10, 12, 12, 1, -12),
        Glyph::new(784, 8, 12, 10, 1, -12),
        Glyph::new(796, 9, 12, 12, 1, -12),
        Glyph::new(820, 11, 12, 13, 1, -12),
        Glyph::new(844, 11, 12, 12, 0, -12),
        Glyph::new(868, 17, 12, 17, 0, -12),
        Glyph::new(904, 11, 12, 12, 0, -12),
        Glyph::new(928, 11, 12, 12, 0, -12),
        Glyph::new(952, 9, 12, 11, 1, -12),
        Glyph::new(976, 4, 18, 5, 1, -14),
        Glyph::new(994, 6, 15, 7, 1, -13),
        Glyph::new(1009, 4, 18, 5, 0, -14),
        Glyph::new(1027, 7, 6, 9, 1, -12),
        Glyph::new(1033, 8, 1, 8, 0, 1),
        Glyph::new(1034, 3, 3, 8, 2, -13),
        Glyph::new(1037, 8, 9, 9, 1, -9),
        Glyph::new(1046, 9, 13, 10, 0, -13),
        Glyph::new(1072, 7, 9, 8, 1, -9),
        Glyph::new(1081, 9, 13, 10, 1, -13),
        Glyph::new(1107, 7, 9, 9, 1, -9),
        Glyph::new(1116, 7, 13, 6, 1, -13),
        Glyph::new(1129, 9, 14, 9, 0, -10),
        Glyph::new(1157, 9, 13, 11, 1, -13),
        Glyph::new(1183, 4, 13, 5, 1, -13),
        Glyph::new(1196, 3, 16, 5, 1, -13),
        Glyph::new(1212, 9, 13, 10, 1, -13),
        Glyph::new(1238, 4, 13, 5, 1, -13),
        Glyph::new(1251, 14, 9, 16, 1, -9),
        Glyph::new(1269, 9, 9, 11, 1, -9),
        Glyph::new(1287, 8, 9, 10, 1, -9),
        Glyph::new(1296, 9, 13, 10, 0, -9),
        Glyph::new(1322, 9, 13, 10, 1, -9),
        Glyph::new(1348, 7, 9, 8, 1, -9),
        Glyph::new(1357, 6, 9, 7, 1, -9),
        Glyph::new(1366, 5, 12, 7, 1, -12),
        Glyph::new(1378, 10, 9, 10, 0, -9),
        Glyph::new(1396, 9, 9, 10, 0, -9),
        Glyph::new(1414, 14, 9, 14, 0, -9),
        Glyph::new(1432, 9, 9, 9, 0, -9),
        Glyph::new(1450, 9, 13, 9, 0, -9),
        Glyph::new(1476, 7, 9, 8, 1, -9),
        Glyph::new(1485, 5, 18, 6, 1, -14),
        Glyph::new(1503, 1, 15, 7, 3, -13),
        Glyph::new(1518, 5, 18, 6, 0, -14),
        Glyph::new(1536, 7, 2, 9, 1, -6),
        Glyph::new(1538, 0, 0, 3, 0, 0),
        Glyph::new(1538, 2, 13, 5, 2, -9),
        Glyph::new(1551, 7, 11, 8, 1, -11),
        Glyph::new(1562, 8, 12, 9, 0, -12),
        Glyph::new(1574, 6, 7, 9, 1, -9),
        Glyph::new(1581, 11, 12, 11, 1, -12),
        Glyph::new(1605, 1, 15, 7, 3, -13),
        Glyph::new(1620, 8, 15, 10, 1, -12),
        Glyph::new(1635, 5, 2, 8, 1, -13),
        Glyph::new(1637, 11, 11, 13, 1, -11),
        Glyph::new(1659, 6, 6, 7, 1, -12),
        Glyph::new(1665, 6, 7, 8, 1, -8),
        Glyph::new(1672, 7, 4, 9, 1, -6),
        Glyph::new(1676, 0, 0, 0, 0, 0),
        Glyph::new(1676, 6, 6, 8, 1, -13),
        Glyph::new(1682, 5, 1, 8, 2, -12),
        Glyph::new(1683, 4, 4, 5, 1, -13),
        Glyph::new(1687, 7, 9, 9, 1, -9),
        Glyph::new(1696, 5, 7, 6, 1, -13),
        Glyph::new(1703, 5, 7, 7, 1, -13),
        Glyph::new(1710, 3, 3, 8, 3, -13),
        Glyph::new(1713, 8, 13, 10, 2, -9),
        Glyph::new(1726, 8, 15, 9, 1, -12),
        Glyph::new(1741, 3, 3, 5, 1, -7),
        Glyph::new(1744, 3, 4, 8, 2, 0),
        Glyph::new(1748, 4, 7, 5, 1, -13),
        Glyph::new(1755, 6, 6, 7, 0, -12),
        Glyph::new(1761, 6, 7, 8, 1, -8),
        Glyph::new(1768, 14, 13, 15, 1, -13),
        Glyph::new(1794, 14, 13, 16, 1, -12),
        Glyph::new(1820, 14, 13, 16, 1, -13),
        Glyph::new(1846, 7, 13, 9, 1, -9),
        Glyph::new(1859, 11, 16, 12, 0, -16),
        Glyph::new(1891, 11, 16, 12, 0, -16),
        Glyph::new(1923, 11, 16, 12, 0, -16),
        Glyph::new(1955, 11, 15, 12, 0, -15),
        Glyph::new(1985, 11, 16, 12, 0, -16),
        Glyph::new(2017, 11, 17, 12, 0, -17),
        Glyph::new(2051, 15, 12, 16, 0, -12),
        Glyph::new(2075, 9, 16, 11, 1, -12),
        Glyph::new(2107, 9, 16, 10, 1, -16),
        Glyph::new(2139, 9, 16, 10, 1, -16),
        Glyph::new(2171, 9, 16, 10, 1, -16),
        Glyph::new(2203, 9, 16, 10, 1, -16),
        Glyph::new(2235, 5, 16, 7, 1, -16),
        Glyph::new(2251, 5, 16, 7, 1, -16),
        Glyph::new(2267, 5, 16, 7, 1, -16),
        Glyph::new(2283, 6, 16, 7, 0, -16),
        Glyph::new(2299, 11, 12, 12, 0, -12),
        Glyph::new(2323, 11, 15, 13, 1, -15),
        Glyph::new(2353, 11, 16, 12, 1, -16),
        Glyph::new(2385, 11, 16, 12, 1, -16),
        Glyph::new(2417, 11, 17, 12, 1, -17),
        Glyph::new(2451, 11, 15, 12, 1, -15),
        Glyph::new(2481, 11, 16, 12, 1, -16),
        Glyph::new(2513, 5, 6, 9, 2, -8),
        Glyph::new(2519, 11, 12, 12, 1, -12),
        Glyph::new(2543, 11, 16, 13, 1, -16),
        Glyph::new(2575, 11, 16, 13, 1, -16),
        Glyph::new(2607, 11, 17, 13, 1, -17),
        Glyph::new(2641, 11, 16, 13, 1, -16),
        Glyph::new(2673, 11, 16, 12, 0, -16),
        Glyph::new(2705, 9, 12, 10, 1, -12),
        Glyph::new(2729, 10, 13, 11, 1, -13),
        Glyph::new(2755, 8, 13, 9, 1, -13),
        Glyph::new(2768, 8, 13, 9, 1, -13),
        Glyph::new(2781, 8, 13, 9, 1, -13),
        Glyph::new(2794, 8, 13, 9, 1, -13),
        Glyph::new(2807, 7, 13, 9, 1, -13),
        Glyph::new(2820, 8, 14, 9, 1, -14),
        Glyph::new(2834, 12, 9, 13, 1, -9),
        Glyph::new(2852, 7, 13, 8, 1, -9),
        Glyph::new(2865, 7, 13, 9, 1, -13),
        Glyph::new(2878, 7, 13, 9, 1, -13),
        Glyph::new(2891, 7, 13, 9, 1, -13),
        Glyph::new(2904, 7, 13, 9, 1, -13),
        Glyph::new(2917, 4, 13, 5, 1, -13),
        Glyph::new(2930, 4, 13, 5, 1, -13),
        Glyph::new(2943, 5, 13, 5, 0, -13),
        Glyph::new(2956, 5, 13, 5, 0, -13),
        Glyph::new(2969, 8, 13, 9, 1, -13),
        Glyph::new(2982, 9, 13, 11, 1, -13),
        Glyph::new(3008, 8, 13, 10, 1, -13),
        Glyph::new(3021, 8, 13, 10, 1, -13),
        Glyph::new(3034, 8, 13, 10, 1, -13),
        Glyph::new(3047, 8, 13, 10, 1, -13),
        Glyph::new(3060, 8, 13, 10, 1, -13),
        Glyph::new(3073, 7, 8, 9, 1, -9),
        Glyph::new(3081, 8, 9, 10, 1, -9),
        Glyph::new(3090, 10, 13, 10, 0, -13),
        Glyph::new(3116, 10, 13, 10, 0, -13),
        Glyph::new(3142, 10, 13, 10, 0, -13),
        Glyph::new(3168, 10, 13, 10, 0, -13),
        Glyph::new(3194, 9, 17, 9, 0, -13),
        Glyph::new(3228, 9, 17, 10, 0, -13),
        Glyph::new(3262, 8, 17, 9, 1, -13),
        Glyph::new(3279, 8, 1, 8, 0, -5),
        Glyph::new(3280, 16, 1, 16, 0, -5),
        Glyph::new(3282, 2, 3, 5, 2, -12),
        Glyph::new(3285, 2, 4, 5, 2, -13),
        Glyph::new(3289, 2, 4, 5, 2, -2),
        Glyph::new(3293, 6, 4, 8, 1, -13),
        Glyph::new(3297, 6, 4, 8, 1, -13),
        Glyph::new(3301, 6, 4, 7, 1, -2),
        Glyph::new(3305, 4, 4, 6, 1, -7),
        Glyph::new(3309, 13, 3, 14, 1, -3),
        Glyph::new(3315, 3, 7, 5, 1, -8),
        Glyph::new(3322, 3, 7, 5, 1, -8),
        Glyph::new(3329, 9, 12, 11, 1, -12),
        Glyph::new(3353, 16, 6, 17, 0, -10),
        Glyph::new(3365, 7, 1, 9, 1, -5),
    ],
    bitmap: &[
        0xC0, 0xC0, 0xC0, 0xC0, 0x40, 0x40, 0x40, 0x40, 0x40, 0xC0, 0xC0, 0xC0, 0xD0, 0xD0, 0x90,
        0x90, 0x12, 0x00, 0x22, 0x00, 0xFF, 0x80, 0x22, 0x00, 0x22, 0x00, 0xFF, 0x80, 0x64, 0x00,
        0x64, 0x00, 0x44, 0x00, 0x10, 0x10, 0x7E, 0x56, 0xD3, 0xD0, 0xF0, 0x7C, 0x3E, 0x17, 0x93,
        0x93, 0xD6, 0xBC, 0x10, 0x70, 0xC0, 0xD8, 0x80, 0xD9, 0x80, 0xD9, 0x00, 0xDA, 0x00, 0x72,
        0xF0, 0x05, 0x98, 0x0D, 0x98, 0x09, 0x98, 0x11, 0xD8, 0x10, 0xF0, 0x3C, 0x00, 0x76, 0x00,
        0x62, 0x00, 0x60, 0x60, 0x30, 0xA0, 0x7C, 0x80, 0x4D, 0x00, 0xC7, 0x00, 0xC7, 0x00, 0xC3,
        0x80, 0x63, 0x80, 0x3C, 0xE0, 0xC0, 0xC0, 0x80, 0x80, 0x10, 0x30, 0x20, 0x60, 0x60, 0xC0,
        0xC0, 0xC0, 0xC0, 0xC0, 0xC0, 0xC0, 0x40, 0x60, 0x60, 0x20, 0x10, 0x80, 0xC0, 0x40, 0x60,
        0x60, 0x30, 0x30, 0x30, 0x30, 0x30, 0x30, 0x30, 0x20, 0x60, 0x60, 0x40, 0x80, 0x20, 0xA8,
        0xF8, 0x70, 0xF8, 0x20, 0x20, 0x10, 0x10, 0x10, 0x10, 0xFE, 0x10, 0x10, 0x10, 0xE0, 0xE0,
        0x60, 0x40, 0x80, 0xF0, 0x40, 0xE0, 0xC0, 0x04, 0x04, 0x0C, 0x08, 0x08, 0x18, 0x10, 0x10,
        0x30, 0x20, 0x20, 0x60, 0x40, 0x40, 0xC0, 0x3C, 0x66, 0x42, 0xC3, 0xC3, 0xC3, 0xC3, 0xC3,
        0xC3, 0x42, 0x66, 0x3C, 0xF0, 0x30, 0x30, 0x30, 0x30, 0x30, 0x30, 0x30, 0x30, 0x30, 0x30,
        0xFC, 0x78, 0xCC, 0xC6, 0x46, 0x06, 0x0C, 0x0C, 0x18, 0x30, 0x62, 0xFE, 0xFE, 0x7C, 0xCE,
        0xC6, 0x46, 0x0C, 0x18, 0x1C, 0x06, 0x06, 0x06, 0xCC, 0x78, 0x06, 0x0E, 0x0E, 0x16, 0x36,
        0x26, 0x46, 0xC6, 0xFF, 0x06, 0x06, 0x1F, 0x7E, 0x7C, 0x40, 0xC0, 0xF8, 0x4C, 0x06, 0x06,
        0x06, 0x06, 0xCC, 0x78, 0x1E, 0x33, 0x63, 0x40, 0xDC, 0xE6, 0xC3, 0xC3, 0xC3, 0xC3, 0x66,
        0x3C, 0xFE, 0x86, 0x84, 0x0C, 0x08, 0x18, 0x18, 0x30, 0x30, 0x30, 0x30, 0x3E, 0x67, 0xC3,
        0xC3, 0x66, 0x3C, 0x6E, 0xC7, 0xC3, 0xC3, 0xE6, 0x3C, 0x3C, 0x66, 0xC3, 0xC3, 0xC3, 0xE7,
        0x7B, 0x03, 0x03, 0x06, 0xCE, 0x7C, 0xC0, 0xE0, 0x40, 0x00, 0x00, 0x00, 0x40, 0xE0, 0xC0,
        0xC0, 0xE0, 0x40, 0x00, 0x00, 0x00, 0x00, 0xE0, 0xE0, 0x60, 0x40, 0x80, 0x04, 0x1C, 0x30,
        0xC0, 0xC0, 0x30, 0x18, 0x04, 0xFE, 0x00, 0x00, 0xFE, 0x80, 0xE0, 0x30, 0x0C, 0x0C, 0x30,
        0x60, 0x80, 0x7C, 0xCE, 0xC6, 0x06, 0x0C, 0x18, 0x10, 0x10, 0x00, 0x30, 0x30, 0x30, 0x0F,
        0x80, 0x30, 0xC0, 0x60, 0x20, 0x47, 0x90, 0x8D, 0x90, 0x99, 0x90, 0x99, 0x90, 0x99, 0x90,
        0x9A, 0xA0, 0xCC, 0xC0, 0x40, 0x00, 0x20, 0x80, 0x1F, 0x00, 0x06, 0x00, 0x0E, 0x00, 0x0B,
        0x00, 0x0B, 0x00, 0x13, 0x00, 0x11, 0x80, 0x11, 0x80, 0x3F, 0x80, 0x20, 0xC0, 0x20, 0xC0,
        0x60, 0xC0, 0xF1, 0xE0, 0xFF, 0x00, 0x33, 0x80, 0x31, 0x80, 0x31, 0x80, 0x33, 0x00, 0x3E,
        0x00, 0x31, 0x80, 0x30, 0xC0, 0x30, 0xC0, 0x30, 0xC0, 0x31, 0x80, 0xFF, 0x00, 0x1E, 0x80,
        0x31, 0x80, 0x60, 0x80, 0xC0, 0x80, 0xC0, 0x00, 0xC0, 0x00, 0xC0, 0x00, 0xC0, 0x00, 0xC0,
        0x00, 0x60, 0x80, 0x31, 0x80, 0x1F, 0x00, 0xFE, 0x00, 0x63, 0x00, 0x61, 0x80, 0x60, 0xC0,
        0x60, 0xC0, 0x60, 0xC0, 0x60, 0xC0, 0x60, 0xC0, 0x60, 0x80, 0x61, 0x80, 0x63, 0x00, 0xFC,
        0x00, 0xFF, 0x80, 0x31, 0x80, 0x30, 0x80, 0x30, 0x00, 0x33, 0x00, 0x3F, 0x00, 0x33, 0x00,
        0x30, 0x00, 0x30, 0x00, 0x30, 0x80, 0x31, 0x80, 0x7F, 0x80, 0xFF, 0x80, 0x31, 0x80, 0x30,
        0x80, 0x30, 0x80, 0x30, 0x00, 0x33, 0x00, 0x3F, 0x00, 0x33, 0x00, 0x30, 0x00, 0x30, 0x00,
        0x30, 0x00, 0x7C, 0x00, 0x1E, 0x80, 0x31, 0xC0, 0x60, 0xC0, 0xC0, 0x40, 0xC0, 0x00, 0xC0,
        0x00, 0xC1, 0xE0, 0xC0, 0xC0, 0xC0, 0xC0, 0x60, 0xC0, 0x31, 0xC0, 0x1F, 0x40, 0xF9, 0xF0,
        0x60, 0xC0, 0x60, 0xC0, 0x60, 0xC0, 0x60, 0xC0, 0x7F, 0xC0, 0x60, 0xC0, 0x60, 0xC0, 0x60,
        0xC0, 0x60, 0xC0, 0x60, 0xC0, 0xF9, 0xF0, 0xF8, 0x60, 0x60, 0x60, 0x60, 0x60, 0x60, 0x60,
        0x60, 0x60, 0x60, 0xF8, 0x1F, 0x06, 0x06, 0x06, 0x06, 0x06, 0x06, 0x06, 0x46, 0xC6, 0xCC,
        0x78, 0xF9, 0xE0, 0x61, 0x80, 0x61, 0x00, 0x62, 0x00, 0x64, 0x00, 0x7C, 0x00, 0x7E, 0x00,
        0x66, 0x00, 0x63, 0x00, 0x63, 0x80, 0x61, 0x80, 0xF8, 0xE0, 0xF8, 0x00, 0x60, 0x00, 0x60,
        0x00, 0x60, 0x00, 0x60, 0x00, 0x60, 0x00, 0x60, 0x00, 0x60, 0x00, 0x60, 0x00, 0x61, 0x80,
        0x63, 0x00, 0xFF, 0x00, 0xF0, 0x78, 0x70, 0x70, 0x70, 0xF0, 0x58, 0xB0, 0x58, 0xB0, 0x59,
        0xB0, 0x4D, 0x30, 0x4F, 0x30, 0x46, 0x30, 0x46, 0x30, 0x40, 0x30, 0xE0, 0x78, 0xF1, 0xE0,
        0x38, 0x40, 0x38, 0x40, 0x2C, 0x40, 0x2C, 0x40, 0x26, 0x40, 0x26, 0x40, 0x23, 0x40, 0x23,
        0xC0, 0x21, 0xC0, 0x21, 0xC0, 0xF0, 0xC0, 0x1F, 0x00, 0x31, 0x80, 0x60, 0xC0, 0xC0, 0x60,
        0xC0, 0x60, 0xC0, 0x60, 0xC0, 0x60, 0xC0, 0x60, 0xC0, 0x40, 0x60, 0xC0, 0x31, 0x80, 0x1F,
        0x00, 0xFE, 0x00, 0x33, 0x00, 0x31, 0x80, 0x31, 0x80, 0x31, 0x80, 0x33, 0x00, 0x3E, 0x00,
        0x30, 0x00, 0x30, 0x00, 0x30, 0x00, 0x30, 0x00, 0x7C, 0x00, 0x1F, 0x00, 0x31, 0x80, 0x60,
        0xC0, 0xC0, 0x60, 0xC0, 0x60, 0xC0, 0x60, 0xC0, 0x60, 0xDC, 0x60, 0xE6, 0xC0, 0x63, 0xC0,
        0x33, 0x80, 0x1F, 0x80, 0x01, 0xC0, 0x00, 0xF8, 0x00, 0x70, 0xFE, 0x00, 0x33, 0x80, 0x31,
        0x80, 0x31, 0x80, 0x33, 0x00, 0x3E, 0x00, 0x36, 0x00, 0x33, 0x00, 0x33, 0x00, 0x31, 0x80,
        0x31, 0x80, 0xF8, 0xC0, 0x3E, 0x66, 0xC3, 0xC0, 0xE0, 0x7C, 0x1E, 0x07, 0x83, 0x83, 0xE6,
        0xBC, 0xFF, 0x80, 0xCC, 0x80, 0x8C, 0x80, 0x0C, 0x00, 0x0C, 0x00, 0x0C, 0x00, 0x0C, 0x00,
        0x0C, 0x00, 0x0C, 0x00, 0x0C, 0x00, 0x0C, 0x00, 0x3E, 0x00, 0xF9, 0xE0, 0x60, 0x40, 0x60,
        0x40, 0x60, 0x40, 0x60, 0x40, 0x60, 0x40, 0x60, 0x40, 0x60, 0x40, 0x60, 0x40, 0x60, 0xC0,
        0x31, 0x80, 0x1F, 0x00, 0xF1, 0xE0, 0x60, 0xC0, 0x60, 0x80, 0x60, 0x80, 0x31, 0x80, 0x31,
        0x00, 0x31, 0x00, 0x1B, 0x00, 0x1A, 0x00, 0x1A, 0x00, 0x0E, 0x00, 0x0C, 0x00, 0xF8, 0xC7,
        0x80, 0x61, 0xC3, 0x00, 0x71, 0xC2, 0x00, 0x31, 0x62, 0x00, 0x31, 0x62, 0x00, 0x32, 0x66,
        0x00, 0x32, 0x64, 0x00, 0x1A, 0x34, 0x00, 0x1A, 0x34, 0x00, 0x1E, 0x3C, 0x00, 0x1C, 0x18,
        0x00, 0x0C, 0x18, 0x00, 0xF1, 0xC0, 0x70, 0x80, 0x31, 0x00, 0x19, 0x00, 0x1E, 0x00, 0x0E,
        0x00, 0x0E, 0x00, 0x0F, 0x00, 0x13, 0x00, 0x31, 0x80, 0x61, 0xC0, 0xF3, 0xE0, 0xF1, 0xE0,
        0x60, 0xC0, 0x20, 0x80, 0x31, 0x00, 0x1B, 0x00, 0x1E, 0x00, 0x0C, 0x00, 0x0C, 0x00, 0x0C,
        0x00, 0x0C, 0x00, 0x0C, 0x00, 0x1F, 0x00, 0xFF, 0x80, 0xC3, 0x80, 0xC3, 0x00, 0x86, 0x00,
        0x0E, 0x00, 0x0C, 0x00, 0x18, 0x00, 0x38, 0x00, 0x30, 0x80, 0x60, 0x80, 0xE1, 0x80, 0xFF,
        0x80, 0xF0, 0xC0, 0xC0, 0xC0, 0xC0, 0xC0, 0xC0, 0xC0, 0xC0, 0xC0, 0xC0, 0xC0, 0xC0, 0xC0,
        0xC0, 0xC0, 0xC0, 0xF0, 0x80, 0x80, 0xC0, 0x40, 0x40, 0x60, 0x20, 0x20, 0x30, 0x10, 0x10,
        0x18, 0x08, 0x08, 0x0C, 0xF0, 0x30, 0x30, 0x30, 0x30, 0x30, 0x30, 0x30, 0x30, 0x30, 0x30,
        0x30, 0x30, 0x30, 0x30, 0x30, 0x30, 0xF0, 0x10, 0x38, 0x2C, 0x44, 0xC6, 0x82, 0xFF, 0xC0,
        0xC0, 0x60, 0x7C, 0xCE, 0xC6, 0x06, 0x3E, 0xE6, 0xC6, 0xCE, 0x73, 0xE0, 0x00, 0x60, 0x00,
        0x60, 0x00, 0x60, 0x00, 0x6E, 0x00, 0x73, 0x00, 0x61, 0x80, 0x61, 0x80, 0x61, 0x80, 0x61,
        0x80, 0x61, 0x80, 0x73, 0x00, 0x5E, 0x00, 0x3C, 0x66, 0xC6, 0xC0, 0xC0, 0xC0, 0xC0, 0x62,
        0x3C, 0x07, 0x00, 0x03, 0x00, 0x03, 0x00, 0x03, 0x00, 0x3F, 0x00, 0x67, 0x00, 0xC3, 0x00,
        0xC3, 0x00, 0xC3, 0x00, 0xC3, 0x00, 0xC3, 0x00, 0x67, 0x00, 0x3B, 0x80, 0x3C, 0x66, 0xC6,
        0xFE, 0xC0, 0xC0, 0xC0, 0x66, 0x3C, 0x1C, 0x26, 0x64, 0x60, 0xF8, 0x60, 0x60, 0x60, 0x60,
        0x60, 0x60, 0x60, 0xF8, 0x01, 0x80, 0x3B, 0x80, 0x6C, 0x00, 0xC6, 0x00, 0xC6, 0x00, 0xC6,
        0x00, 0x7C, 0x00, 0x40, 0x00, 0xC0, 0x00, 0x7E, 0x00, 0x43, 0x00, 0xC3, 0x00, 0xE6, 0x00,
        0x7C, 0x00, 0xE0, 0x00, 0x60, 0x00, 0x60, 0x00, 0x60, 0x00, 0x6E, 0x00, 0x73, 0x00, 0x63,
        0x00, 0x63, 0x00, 0x63, 0x00, 0x63, 0x00, 0x63, 0x00, 0x63, 0x00, 0xF7, 0x80, 0x60, 0x60,
        0x00, 0x00, 0xE0, 0x60, 0x60, 0x60, 0x60, 0x60, 0x60, 0x60, 0xF0, 0x60, 0x60, 0x00, 0x00,
        0xE0, 0x60, 0x60, 0x60, 0x60, 0x60, 0x60, 0x60, 0x60, 0x60, 0x40, 0xC0, 0xE0, 0x00, 0x60,
        0x00, 0x60, 0x00, 0x60, 0x00, 0x67, 0x80, 0x66, 0x00, 0x64, 0x00, 0x68, 0x00, 0x78, 0x00,
        0x6C, 0x00, 0x66, 0x00, 0x67, 0x00, 0xF3, 0x80, 0xE0, 0x60, 0x60, 0x60, 0x60, 0x60, 0x60,
        0x60, 0x60, 0x60, 0x60, 0x60, 0xF0, 0xEE, 0x70, 0x73, 0x98, 0x63, 0x18, 0x63, 0x18, 0x63,
        0x18, 0x63, 0x18, 0x63, 0x18, 0x63, 0x18, 0xF7, 0xBC, 0xEE, 0x00, 0x73, 0x00, 0x63, 0x00,
        0x63, 0x00, 0x63, 0x00, 0x63, 0x00, 0x63, 0x00, 0x63, 0x00, 0xF7, 0x80, 0x3C, 0x66, 0xC3,
        0xC3, 0xC3, 0xC3, 0xC3, 0x66, 0x3C, 0xEE, 0x00, 0x73, 0x00, 0x61, 0x80, 0x61, 0x80, 0x61,
        0x80, 0x61, 0x80, 0x61, 0x80, 0x73, 0x00, 0x7E, 0x00, 0x60, 0x00, 0x60, 0x00, 0x60, 0x00,
        0xF8, 0x00, 0x3D, 0x00, 0x67, 0x00, 0xC3, 0x00, 0xC3, 0x00, 0xC3, 0x00, 0xC3, 0x00, 0xC3,
        0x00, 0x67, 0x00, 0x3B, 0x00, 0x03, 0x00, 0x03, 0x00, 0x03, 0x00, 0x0F, 0x80, 0xEC, 0x76,
        0x66, 0x60, 0x60, 0x60, 0x60, 0x60, 0xF0, 0x78, 0xCC, 0xC4, 0xE0, 0x78, 0x1C, 0x8C, 0xCC,
        0xF8, 0x20, 0x20, 0x60, 0xF8, 0x60, 0x60, 0x60, 0x60, 0x60, 0x60, 0x60, 0x38, 0xE7, 0x00,
        0x63, 0x00, 0x63, 0x00, 0x63, 0x00, 0x63, 0x00, 0x63, 0x00, 0x63, 0x00, 0x77, 0x00, 0x3B,
        0xC0, 0xF3, 0x80, 0x61, 0x00, 0x31, 0x00, 0x33, 0x00, 0x32, 0x00, 0x1A, 0x00, 0x1E, 0x00,
        0x1C, 0x00, 0x0C, 0x00, 0xF3, 0x3C, 0x63, 0x98, 0x63, 0x90, 0x33, 0x90, 0x34, 0x90, 0x34,
        0xD0, 0x1C, 0xE0, 0x1C, 0xE0, 0x18, 0x60, 0xF7, 0x80, 0x73, 0x00, 0x32, 0x00, 0x1C, 0x00,
        0x1C, 0x00, 0x1C, 0x00, 0x26, 0x00, 0x63, 0x00, 0xF7, 0x80, 0xF3, 0x80, 0x61, 0x00, 0x61,
        0x00, 0x32, 0x00, 0x32, 0x00, 0x1E, 0x00, 0x1C, 0x00, 0x1C, 0x00, 0x08, 0x00, 0x08, 0x00,
        0x58, 0x00, 0xD0, 0x00, 0xE0, 0x00, 0xFE, 0xCE, 0x8C, 0x18, 0x18, 0x30, 0x62, 0xE6, 0xFE,
        0x30, 0x60, 0x60, 0x60, 0x60, 0x60, 0x60, 0x60, 0xC0, 0x60, 0x60, 0x60, 0x60, 0x60, 0x60,
        0x60, 0x60, 0x38, 0x80, 0x80, 0x80, 0x80, 0x80, 0x80, 0x80, 0x80, 0x80, 0x80, 0x80, 0x80,
        0x80, 0x80, 0x80, 0x60, 0x30, 0x30, 0x30, 0x30, 0x30, 0x30, 0x30, 0x18, 0x30, 0x30, 0x30,
        0x30, 0x30, 0x30, 0x30, 0x30, 0xE0, 0x72, 0x9E, 0xC0, 0xC0, 0xC0, 0x00, 0x40, 0x40, 0x40,
        0x40, 0x40, 0xC0, 0xC0, 0xC0, 0xC0, 0x08, 0x3C, 0x7E, 0xD6, 0xD0, 0xD0, 0xD0, 0xF0, 0x72,
        0x3C, 0x20, 0x1E, 0x33, 0x63, 0x62, 0x60, 0x60, 0xFE, 0x30, 0x30, 0x31, 0x7F, 0x7F, 0xFC,
        0xCC, 0xCC, 0xCC, 0xCC, 0xFC, 0x84, 0xF1, 0xE0, 0x60, 0xC0, 0x30, 0x80, 0x31, 0x00, 0x1B,
        0x00, 0x7F, 0x80, 0x0C, 0x00, 0x7F, 0x80, 0x0C, 0x00, 0x0C, 0x00, 0x0C, 0x00, 0x1F, 0x00,
        0x80, 0x80, 0x80, 0x80, 0x80, 0x80, 0x00, 0x00, 0x80, 0x80, 0x80, 0x80, 0x80, 0x80, 0x80,
        0x3C, 0x66, 0x66, 0x60, 0x70, 0xDC, 0xCE, 0xE7, 0x73, 0x3B, 0x1F, 0x06, 0x66, 0x66, 0x7C,
        0xD8, 0xD8, 0x1F, 0x00, 0x31, 0x80, 0x4F, 0x40, 0xD9, 0x20, 0xB0, 0x20, 0xB0, 0x20, 0xB0,
        0x20, 0x99, 0x20, 0x5E, 0x40, 0x60, 0xC0, 0x1F, 0x00, 0x70, 0x98, 0x78, 0xD8, 0xD8, 0x6C,
        0x24, 0x6C, 0xD8, 0xD8, 0xD8, 0x6C, 0x24, 0xFE, 0x02, 0x02, 0x02, 0x78, 0xDC, 0xCC, 0xDC,
        0xDC, 0x78, 0xF8, 0x60, 0x90, 0x90, 0x60, 0x10, 0x10, 0xFE, 0x10, 0x10, 0x10, 0x00, 0x00,
        0xFE, 0xF0, 0x98, 0x10, 0x30, 0x60, 0xD8, 0xF8, 0xF0, 0x98, 0x10, 0x60, 0x10, 0x18, 0xF0,
        0x60, 0x60, 0xC0, 0xC6, 0xC6, 0xC6, 0xC6, 0xC6, 0xC6, 0xC6, 0xCE, 0xF3, 0xC0, 0xC0, 0xC0,
        0xC0, 0x37, 0x76, 0xF6, 0xF6, 0xF6, 0xF6, 0x76, 0x36, 0x06, 0x06, 0x06, 0x06, 0x06, 0x0E,
        0x0C, 0x40, 0xE0, 0xC0, 0x40, 0x40, 0x20, 0xE0, 0xE0, 0x60, 0x60, 0x60, 0x60, 0x60, 0xF0,
        0x78, 0xCC, 0xCC, 0xCC, 0xCC, 0x78, 0x90, 0xD8, 0x6C, 0x6C, 0x6C, 0xD8, 0x90, 0x20, 0x00,
        0xE0, 0x40, 0x60, 0xC0, 0x60, 0x80, 0x61, 0x00, 0x61, 0x18, 0x62, 0x38, 0xF2, 0x58, 0x04,
        0x18, 0x04, 0x98, 0x08, 0xFC, 0x08, 0x18, 0x10, 0x18, 0xE0, 0x40, 0x60, 0xC0, 0x60, 0x80,
        0x61, 0x80, 0x61, 0x38, 0x63, 0x4C, 0x62, 0x4C, 0xF6, 0x0C, 0x04, 0x18, 0x0C, 0x30, 0x08,
        0x64, 0x18, 0x7C, 0x10, 0x00, 0x70, 0x40, 0x98, 0x40, 0x98, 0x80, 0x30, 0x80, 0x31, 0x88,
        0x19, 0x18, 0x1B, 0x38, 0xF2, 0x58, 0x06, 0x58, 0x04, 0x98, 0x0C, 0xFC, 0x08, 0x18, 0x18,
        0x18, 0x18, 0x18, 0x18, 0x00, 0x10, 0x10, 0x30, 0x70, 0x60, 0xC0, 0xC6, 0xC6, 0x78, 0x08,
        0x00, 0x0C, 0x00, 0x02, 0x00, 0x00, 0x00, 0x0E, 0x00, 0x0E, 0x00, 0x0B, 0x00, 0x1B, 0x00,
        0x13, 0x00, 0x11, 0x80, 0x11, 0x80, 0x3F, 0x80, 0x21, 0xC0, 0x20, 0xC0, 0x60, 0xC0, 0xF1,
        0xE0, 0x03, 0x00, 0x07, 0x00, 0x04, 0x00, 0x00, 0x00, 0x06, 0x00, 0x0E, 0x00, 0x0B, 0x00,
        0x0B, 0x00, 0x1B, 0x00, 0x11, 0x80, 0x11, 0x80, 0x3F, 0x80, 0x20, 0xC0, 0x20, 0xC0, 0x60,
        0xC0, 0xF1, 0xE0, 0x06, 0x00, 0x0F, 0x00, 0x11, 0x00, 0x00, 0x00, 0x06, 0x00, 0x0E, 0x00,
        0x0B, 0x00, 0x0B, 0x00, 0x13, 0x00, 0x11, 0x80, 0x11, 0x80, 0x3F, 0x80, 0x20, 0xC0, 0x20,
        0xC0, 0x60, 0xC0, 0xF1, 0xE0, 0x0E, 0x00, 0x17, 0x00, 0x00, 0x00, 0x06, 0x00, 0x0E, 0x00,
        0x0B, 0x00, 0x0B, 0x00, 0x13, 0x00, 0x11, 0x80, 0x11, 0x80, 0x3F, 0x80, 0x20, 0xC0, 0x20,
        0xC0, 0x60, 0xC0, 0xF1, 0xE0, 0x19, 0x80, 0x19, 0x80, 0x00, 0x00, 0x00, 0x00, 0x0F, 0x00,
        0x0F, 0x00, 0x0B, 0x00, 0x1B, 0x00, 0x11, 0x80, 0x11, 0x80, 0x11, 0x80, 0x3F, 0xC0, 0x20,
        0xC0, 0x20, 0xC0, 0x60, 0x60, 0xF0, 0xE0, 0x06, 0x00, 0x09, 0x00, 0x09, 0x00, 0x06, 0x00,
        0x00, 0x00, 0x06, 0x00, 0x0F, 0x00, 0x0B, 0x00, 0x0B, 0x00, 0x19, 0x80, 0x11, 0x80, 0x11,
        0x80, 0x3F, 0x80, 0x20, 0xC0, 0x20, 0xC0, 0x60, 0xE0, 0xF1, 0xE0, 0x07, 0xFE, 0x06, 0xC6,
        0x04, 0xC2, 0x04, 0xC0, 0x08, 0xCC, 0x0F, 0xFC, 0x10, 0xCC, 0x10, 0xC0, 0x20, 0xC0, 0x20,
        0xC2, 0x60, 0xC6, 0xF1, 0xFE, 0x1E, 0x80, 0x31, 0x80, 0x60, 0x80, 0xC0, 0x80, 0xC0, 0x00,
        0xC0, 0x00, 0xC0, 0x00, 0xC0, 0x00, 0xC0, 0x00, 0x60, 0x00, 0x71, 0x80, 0x1E, 0x00, 0x08,
        0x00, 0x0E, 0x00, 0x06, 0x00, 0x1C, 0x00, 0x18, 0x00, 0x1C, 0x00, 0x04, 0x00, 0x00, 0x00,
        0xFF, 0x80, 0x31, 0x80, 0x30, 0x80, 0x30, 0x00, 0x33, 0x00, 0x3F, 0x00, 0x33, 0x00, 0x30,
        0x00, 0x30, 0x00, 0x30, 0x80, 0x31, 0x80, 0x7F, 0x80, 0x06, 0x00, 0x0E, 0x00, 0x08, 0x00,
        0x00, 0x00, 0xFF, 0x80, 0x31, 0x80, 0x30, 0x80, 0x30, 0x00, 0x33, 0x00, 0x3F, 0x00, 0x33,
        0x00, 0x30, 0x00, 0x30, 0x00, 0x30, 0x80, 0x31, 0x80, 0x7F, 0x80, 0x0C, 0x00, 0x1E, 0x00,
        0x20, 0x00, 0x00, 0x00, 0xFF, 0x80, 0x31, 0x80, 0x30, 0x80, 0x30, 0x00, 0x33, 0x00, 0x3F,
        0x00, 0x33, 0x00, 0x30, 0x00, 0x30, 0x00, 0x30, 0x80, 0x31, 0x80, 0x7F, 0x80, 0x33, 0x00,
        0x33, 0x00, 0x00, 0x00, 0x00, 0x00, 0xFF, 0x80, 0x31, 0x80, 0x30, 0x80, 0x30, 0x00, 0x31,
        0x00, 0x3F, 0x00, 0x33, 0x00, 0x30, 0x00, 0x30, 0x00, 0x30, 0x80, 0x30, 0x80, 0x7F, 0x80,
        0xC0, 0x60, 0x30, 0x00, 0xF8, 0x60, 0x60, 0x60, 0x60, 0x60, 0x60, 0x60, 0x60, 0x60, 0x60,
        0xF8, 0x10, 0x30, 0x40, 0x00, 0xF8, 0x60, 0x60, 0x60, 0x60, 0x60, 0x60, 0x60, 0x60, 0x60,
        0x60, 0xF8, 0x70, 0x70, 0x88, 0x00, 0xF8, 0x60, 0x60, 0x60, 0x60, 0x60, 0x60, 0x60, 0x60,
        0x60, 0x60, 0xF8, 0xCC, 0xCC, 0x00, 0x00, 0xF8, 0x30, 0x30, 0x30, 0x30, 0x30, 0x30, 0x30,
        0x30, 0x30, 0x30, 0xF8, 0x7F, 0x00, 0x31, 0x80, 0x30, 0xC0, 0x30, 0x60, 0x30, 0x60, 0xFE,
        0x60, 0x30, 0x60, 0x30, 0x60, 0x30, 0x40, 0x30, 0xC0, 0x31, 0x80, 0x7E, 0x00, 0x0D, 0x00,
        0x17, 0x00, 0x00, 0x00, 0xF1, 0xE0, 0x38, 0x40, 0x38, 0x40, 0x2C, 0x40, 0x2C, 0x40, 0x26,
        0x40, 0x26, 0x40, 0x23, 0x40, 0x23, 0xC0, 0x21, 0xC0, 0x21, 0xC0, 0xF0, 0xC0, 0x18, 0x00,
        0x0C, 0x00, 0x02, 0x00, 0x00, 0x00, 0x1F, 0x00, 0x31, 0x80, 0x60, 0xC0, 0xC0, 0x60, 0xC0,
        0x60, 0xC0, 0x60, 0xC0, 0x60, 0xC0, 0x60, 0xC0, 0x40, 0x60, 0xC0, 0x31, 0x80, 0x1F, 0x00,
        0x03, 0x00, 0x06, 0x00, 0x08, 0x00, 0x00, 0x00, 0x1F, 0x00, 0x31, 0x80, 0x60, 0xC0, 0xC0,
        0x60, 0xC0, 0x60, 0xC0, 0x60, 0xC0, 0x60, 0xC0, 0x60, 0xC0, 0x40, 0x60, 0xC0, 0x31, 0x80,
        0x1F, 0x00, 0x04, 0x00, 0x0E, 0x00, 0x1B, 0x00, 0x11, 0x00, 0x00, 0x00, 0x1F, 0x00, 0x31,
        0x80, 0x60, 0xC0, 0xC0, 0x60, 0xC0, 0x60, 0xC0, 0x60, 0xC0, 0x60, 0xC0, 0x60, 0xC0, 0x40,
        0x60, 0xC0, 0x31, 0x80, 0x1F, 0x00, 0x1D, 0x00, 0x17, 0x00, 0x00, 0x00, 0x1F, 0x00, 0x31,
        0x80, 0x60, 0xC0, 0xC0, 0x60, 0xC0, 0x60, 0xC0, 0x60, 0xC0, 0x60, 0xC0, 0x60, 0xC0, 0x40,
        0x60, 0xC0, 0x31, 0x80, 0x1F, 0x00, 0x1B, 0x00, 0x1B, 0x00, 0x00, 0x00, 0x00, 0x00, 0x1F,
        0x00, 0x31, 0x80, 0x60, 0xC0, 0xC0, 0x60, 0xC0, 0x60, 0xC0, 0x60, 0xC0, 0x60, 0xC0, 0x60,
        0xC0, 0x40, 0x60, 0xC0, 0x31, 0x80, 0x1F, 0x00, 0x88, 0x58, 0x30, 0x70, 0xD8, 0x88, 0x1F,
        0x60, 0x31, 0xC0, 0x60, 0xC0, 0x41, 0xE0, 0xC3, 0x60, 0xC6, 0x60, 0xCC, 0x60, 0xC8, 0x60,
        0xF0, 0x40, 0x60, 0xC0, 0x71, 0x80, 0xDF, 0x00, 0x08, 0x00, 0x0C, 0x00, 0x02, 0x00, 0x00,
        0x00, 0xF9, 0xE0, 0x60, 0x40, 0x60, 0x40, 0x60, 0x40, 0x60, 0x40, 0x60, 0x40, 0x60, 0x40,
        0x60, 0x40, 0x60, 0x40, 0x60, 0xC0, 0x31, 0x80, 0x1F, 0x00, 0x03, 0x00, 0x06, 0x00, 0x04,
        0x00, 0x00, 0x00, 0xF9, 0xE0, 0x60, 0x40, 0x60, 0x40, 0x60, 0x40, 0x60, 0x40, 0x60, 0x40,
        0x60, 0x40, 0x60, 0x40, 0x60, 0x40, 0x60, 0xC0, 0x31, 0x80, 0x1F, 0x00, 0x04, 0x00, 0x0E,
        0x00, 0x0F, 0x00, 0x11, 0x00, 0x00, 0x00, 0xF9, 0xE0, 0x60, 0x40, 0x60, 0x40, 0x60, 0x40,
        0x60, 0x40, 0x60, 0x40, 0x60, 0x40, 0x60, 0x40, 0x60, 0x40, 0x60, 0xC0, 0x31, 0x80, 0x1F,
        0x00, 0x19, 0x80, 0x19, 0x80, 0x00, 0x00, 0x00, 0x00, 0xF9, 0xE0, 0x60, 0x40, 0x60, 0x40,
        0x60, 0x40, 0x60, 0x40, 0x60, 0x40, 0x60, 0x40, 0x60, 0x40, 0x60, 0x40, 0x60, 0x40, 0x30,
        0x80, 0x1F, 0x00, 0x03, 0x00, 0x07, 0x00, 0x0C, 0x00, 0x00, 0x00, 0xF1, 0xE0, 0x60, 0xC0,
        0x20, 0x80, 0x31, 0x00, 0x1B, 0x00, 0x1E, 0x00, 0x0C, 0x00, 0x0C, 0x00, 0x0C, 0x00, 0x0C,
        0x00, 0x0C, 0x00, 0x1F, 0x00, 0x78, 0x00, 0x30, 0x00, 0x3E, 0x00, 0x33, 0x00, 0x31, 0x80,
        0x31, 0x80, 0x31, 0x80, 0x33, 0x00, 0x3E, 0x00, 0x30, 0x00, 0x30, 0x00, 0xFC, 0x00, 0x1E,
        0x00, 0x33, 0x00, 0x63, 0x00, 0x63, 0x00, 0x66, 0x00, 0xEC, 0x00, 0x6C, 0x00, 0x6F, 0x00,
        0x67, 0x80, 0x61, 0xC0, 0x60, 0xC0, 0x68, 0xC0, 0xEF, 0x80, 0x20, 0x30, 0x08, 0x00, 0x7C,
        0xCE, 0xC6, 0x06, 0x3E, 0xE6, 0xC6, 0xCE, 0x73, 0x08, 0x18, 0x20, 0x00, 0x7C, 0xCE, 0xC6,
        0x06, 0x3E, 0xE6, 0xC6, 0xCE, 0x73, 0x18, 0x3C, 0x44, 0x00, 0x7C, 0xCE, 0xC6, 0x06, 0x3E,
        0xE6, 0xC6, 0xCE, 0x73, 0x7C, 0x5C, 0x00, 0x00, 0x7C, 0xCE, 0xC6, 0x06, 0x3E, 0xE6, 0xC6,
        0xCE, 0x73, 0x6C, 0x6C, 0x00, 0x00, 0x78, 0xCC, 0xCC, 0x0C, 0x7C, 0xEC, 0xCC, 0xDC, 0x66,
        0x38, 0x28, 0x28, 0x10, 0x00, 0x7C, 0xCE, 0xC6, 0x06, 0x3E, 0xE6, 0xC6, 0xCE, 0x77, 0x79,
        0xE0, 0xCF, 0x30, 0xC6, 0x30, 0x07, 0xF0, 0x3E, 0x00, 0xE6, 0x00, 0xC6, 0x00, 0xCF, 0x10,
        0x79, 0xE0, 0x3C, 0x66, 0xC6, 0xC0, 0xC0, 0xC0, 0xC0, 0x62, 0x3C, 0x18, 0x0C, 0x04, 0x38,
        0x20, 0x30, 0x08, 0x00, 0x3C, 0x66, 0xC6, 0xFE, 0xC0, 0xC0, 0xC0, 0x66, 0x3C, 0x0C, 0x18,
        0x10, 0x00, 0x3C, 0x66, 0xC6, 0xFE, 0xC0, 0xC0, 0xC0, 0x66, 0x3C, 0x18, 0x38, 0x04, 0x00,
        0x3C, 0x66, 0xC6, 0xFE, 0xC0, 0xC0, 0xC0, 0x66, 0x3C, 0x66, 0x66, 0x00, 0x00, 0x3C, 0x66,
        0xC6, 0xFE, 0xC0, 0xC0, 0xC0, 0x62, 0x3C, 0x80, 0xC0, 0x00, 0x00, 0xE0, 0x60, 0x60, 0x60,
        0x60, 0x60, 0x60, 0x60, 0xF0, 0x20, 0x60, 0x80, 0x00, 0xE0, 0x60, 0x60, 0x60, 0x60, 0x60,
        0x60, 0x60, 0xF0, 0x60, 0x70, 0x88, 0x00, 0x70, 0x30, 0x30, 0x30, 0x30, 0x30, 0x30, 0x30,
        0x78, 0xD8, 0xD8, 0x00, 0x00, 0x70, 0x30, 0x30, 0x30, 0x30, 0x30, 0x30, 0x30, 0x78, 0x36,
        0x1C, 0x16, 0x02, 0x3B, 0x67, 0xC3, 0xC3, 0xC3, 0xC3, 0xC2, 0x66, 0x3C, 0x3A, 0x00, 0x2E,
        0x00, 0x00, 0x00, 0x00, 0x00, 0xEE, 0x00, 0x73, 0x00, 0x63, 0x00, 0x63, 0x00, 0x63, 0x00,
        0x63, 0x00, 0x63, 0x00, 0x63, 0x00, 0xF7, 0x80, 0x30, 0x10, 0x08, 0x00, 0x3C, 0x66, 0xC3,
        0xC3, 0xC3, 0xC3, 0xC3, 0x66, 0x3C, 0x0C, 0x08, 0x10, 0x00, 0x3C, 0x66, 0xC3, 0xC3, 0xC3,
        0xC3, 0xC3, 0x66, 0x3C, 0x18, 0x3C, 0x24, 0x00, 0x3C, 0x66, 0xC3, 0xC3, 0xC3, 0xC3, 0xC3,
        0x66, 0x3C, 0x38, 0x1C, 0x00, 0x00, 0x3C, 0x66, 0xC3, 0xC3, 0xC3, 0xC3, 0xC3, 0x66, 0x3C,
        0x36, 0x36, 0x00, 0x00, 0x3C, 0x66, 0xC3, 0xC3, 0xC3, 0xC3, 0xC3, 0x66, 0x3C, 0x30, 0x30,
        0x00, 0xFE, 0x00, 0x00, 0x30, 0x30, 0x3F, 0x66, 0xC7, 0xCB, 0xD3, 0xF3, 0xE3, 0x66, 0xBC,
        0x30, 0x00, 0x18, 0x00, 0x08, 0x00, 0x00, 0x00, 0xE7, 0x00, 0x63, 0x00, 0x63, 0x00, 0x63,
        0x00, 0x63, 0x00, 0x63, 0x00, 0x63, 0x00, 0x77, 0x00, 0x3B, 0xC0, 0x04, 0x00, 0x0C, 0x00,
        0x10, 0x00, 0x00, 0x00, 0xE7, 0x00, 0x63, 0x00, 0x63, 0x00, 0x63, 0x00, 0x63, 0x00, 0x63,
        0x00, 0x63, 0x00, 0x77, 0x00, 0x3B, 0xC0, 0x18, 0x00, 0x1C, 0x00, 0x20, 0x00, 0x00, 0x00,
        0xE7, 0x00, 0x63, 0x00, 0x63, 0x00, 0x63, 0x00, 0x63, 0x00, 0x63, 0x00, 0x63, 0x00, 0x77,
        0x00, 0x3B, 0xC0, 0x36, 0x00, 0x36, 0x00, 0x00, 0x00, 0x00, 0x00, 0xE7, 0x00, 0x63, 0x00,
        0x63, 0x00, 0x63, 0x00, 0x63, 0x00, 0x63, 0x00, 0x63, 0x00, 0x77, 0x00, 0x3B, 0xC0, 0x06,
        0x00, 0x0C, 0x00, 0x08, 0x00, 0x00, 0x00, 0xF3, 0x80, 0x61, 0x00, 0x61, 0x00, 0x32, 0x00,
        0x32, 0x00, 0x1E, 0x00, 0x1C, 0x00, 0x1C, 0x00, 0x08, 0x00, 0x08, 0x00, 0x58, 0x00, 0xD0,
        0x00, 0xE0, 0x00, 0xE0, 0x00, 0x60, 0x00, 0x60, 0x00, 0x60, 0x00, 0x6E, 0x00, 0x73, 0x00,
        0x61, 0x80, 0x61, 0x80, 0x61, 0x80, 0x61, 0x80, 0x61, 0x80, 0x73, 0x00, 0x7E, 0x00, 0x60,
        0x00, 0x60, 0x00, 0x60, 0x00, 0xF8, 0x00, 0x36, 0x36, 0x00, 0x00, 0xF7, 0x62, 0x62, 0x22,
        0x34, 0x34, 0x1C, 0x18, 0x18, 0x18, 0x10, 0xD0, 0xE0, 0xFF, 0xFF, 0xFF, 0x80, 0xC0, 0xC0,
        0xC0, 0xC0, 0x40, 0x80, 0xC0, 0xC0, 0x40, 0x80, 0x04, 0x88, 0xCC, 0xCC, 0xCC, 0xCC, 0x44,
        0x80, 0xCC, 0xCC, 0x44, 0x88, 0x60, 0xF0, 0xF0, 0x60, 0x42, 0x10, 0xE7, 0x38, 0xC6, 0x30,
        0x20, 0x60, 0xC0, 0xC0, 0xC0, 0x60, 0x20, 0x80, 0xC0, 0x60, 0x60, 0x60, 0xC0, 0x80, 0x0F,
        0x80, 0x31, 0x80, 0x30, 0x80, 0x60, 0x00, 0xFC, 0x00, 0x60, 0x00, 0xFC, 0x00, 0x60, 0x00,
        0x60, 0x00, 0x30, 0x80, 0x39, 0x80, 0x0F, 0x80, 0x5E, 0xE7, 0x92, 0xE6, 0x10, 0xAA, 0x10,
        0xBA, 0x10, 0x92, 0x38, 0xC7, 0xFE,
    ],
    line_height: 20,
};

// LITERATA_MEDIUM: 20 px, cap 15, line height 24, gray 128
pub static LITERATA_MEDIUM: BitmapFont = BitmapFont {
    glyphs: &[
        Glyph::new(0, 0, 0, 4, 0, 0),
        Glyph::new(0, 2, 15, 7, 2, -15),
        Glyph::new(15, 5, 4, 8, 2, -16),
        Glyph::new(19, 12, 11, 13, 1, -11),
        Glyph::new(41, 9, 18, 11, 1, -17),
        Glyph::new(77, 16, 13, 17, 1, -13),
        Glyph::new(103, 15, 15, 16, 1, -15),
        Glyph::new(133, 2, 4, 5, 1, -16),
        Glyph::new(137, 5, 21, 7, 1, -17),
        Glyph::new(158, 4, 21, 7, 1, -17),
        Glyph::new(179, 7, 8, 9, 1, -17),
        Glyph::new(187, 8, 9, 12, 2, -11),
        Glyph::new(196, 3, 6, 7, 2, -3),
        Glyph::new(202, 5, 1, 7, 1, -7),
        Glyph::new(203, 3, 3, 7, 2, -3),
        Glyph::new(206, 8, 19, 9, 0, -17),
        Glyph::new(225, 10, 15, 12, 1, -15),
        Glyph::new(255, 7, 15, 8, 1, -15),
        Glyph::new(270, 9, 15, 10, 1, -15),
        Glyph::new(300, 9, 15, 11, 1, -15),
        Glyph::new(330, 11, 15, 11, 0, -15),
        Glyph::new(360, 9, 15, 10, 1, -15),
        Glyph::new(390, 10, 15, 11, 1, -15),
        Glyph::new(420, 10, 15, 10, 0, -15),
        Glyph::new(450, 10, 15, 11, 1, -15),
        Glyph::new(480, 9, 15, 11, 1, -15),
        Glyph::new(510, 3, 11, 7, 2, -11),
        Glyph::new(521, 3, 14, 7, 2, -11),
        Glyph::new(535, 8, 10, 12, 2, -11),
        Glyph::new(545, 8, 5, 12, 2, -9),
        Glyph::new(550, 8, 10, 12, 2, -11),
        Glyph::new(560, 8, 15, 11, 1, -15),
        Glyph::new(575, 15, 15, 18, 1, -12),
        Glyph::new(605, 14, 15, 15, 0, -15),
        Glyph::new(635, 11, 15, 13, 1, -15),
        Glyph::new(665, 12, 15, 14, 1, -15),
        Glyph::new(695, 13, 15, 15, 1, -15),
        Glyph::new(725, 11, 15, 13, 1, -15),
        Glyph::new(755, 10, 15, 12, 1, -15),
        Glyph::new(785, 14, 15, 15, 1, -15),
        Glyph::new(815, 15, 15, 17, 1, -15),
        Glyph::new(845, 6, 15, 8, 1, -15),
        Glyph::new(860, 9, 15, 11, 1, -15),
        Glyph::new(890, 14, 15, 15, 1, -15),
        Glyph::new(920, 10, 15, 13, 1, -15),
        Glyph::new(950, 18, 15, 20, 1, -15),
        Glyph::new(995, 14, 15, 17, 1, -15),
        Glyph::new(1025, 13, 15, 15, 1, -15),
        Glyph::new(1055, 10, 15, 12, 2, -15),
        Glyph::new(1085, 17, 19, 15, 1, -15),
        Glyph::new(1142, 12, 15, 15, 2, -15),
        Glyph::new(1172, 9, 15, 12, 1, -15),
        Glyph::new(1202, 13, 15, 15, 1, -15),
        Glyph::new(1232, 14, 15, 16, 1, -15),
        Glyph::new(1262, 14, 15, 15, 0, -15),
        Glyph::new(1292, 21, 15, 22, 0, -15),
        Glyph::new(1337, 14, 15, 14, 0, -15),
        Glyph::new(1367, 14, 15, 14, 0, -15),
        Glyph::new(1397, 12, 15, 13, 1, -15),
        Glyph::new(1427, 4, 22, 7, 2, -17),
        Glyph::new(1449, 8, 19, 9, 0, -17),
        Glyph::new(1468, 4, 22, 7, 1, -17),
        Glyph::new(1490, 9, 7, 12, 1, -15),
        Glyph::new(1504, 9, 1, 9, 0, 1),
        Glyph::new(1506, 4, 4, 10, 3, -16),
        Glyph::new(1510, 9, 11, 11, 1, -11),
        Glyph::new(1532, 11, 16, 12, 0, -16),
        Glyph::new(1564, 8, 11, 10, 1, -11),
        Glyph::new(1575, 11, 16, 13, 1, -16),
        Glyph::new(1607, 9, 11, 11, 1, -11),
        Glyph::new(1629, 8, 16, 8, 1, -16),
        Glyph::new(1645, 11, 17, 11, 0, -12),
        Glyph::new(1679, 12, 16, 13, 1, -16),
        Glyph::new(1711, 6, 16, 7, 1, -16),
        Glyph::new(1727, 4, 20, 6, 1, -16),
        Glyph::new(1747, 11, 16, 13, 1, -16),
        Glyph::new(1779, 6, 16, 7, 1, -16),
        Glyph::new(1795, 18, 11, 20, 1, -11),
        Glyph::new(1828, 12, 11, 13, 1, -11),
        Glyph::new(1850, 10, 11, 12, 1, -11),
        Glyph::new(1872, 11, 16, 13, 1, -11),
        Glyph::new(1904, 11, 16, 12, 1, -11),
        Glyph::new(1936, 8, 11, 10, 1, -11),
        Glyph::new(1947, 8, 11, 9, 1, -11),
        Glyph::new(1958, 7, 15, 8, 1, -15),
        Glyph::new(1973, 12, 11, 13, 0, -11),
        Glyph::new(1995, 12, 11, 12, 0, -11),
        Glyph::new(2017, 17, 11, 17, 0, -11),
        Glyph::new(2050, 12, 11, 12, 0, -11),
        Glyph::new(2072, 12, 16, 12, 0, -11),
        Glyph::new(2104, 8, 11, 10, 1, -11),
        Glyph::new(2115, 6, 22, 7, 1, -17),
        Glyph::new(2137, 1, 19, 8, 4, -17),
        Glyph::new(2156, 6, 22, 7, 1, -17),
        Glyph::new(2178, 9, 2, 12, 1, -7),
        Glyph::new(2182, 0, 0, 4, 0, 0),
        Glyph::new(2182, 2, 16, 7, 2, -11),
        Glyph::new(2198, 8, 14, 10, 1, -14),
        Glyph::new(2212, 10, 15, 11, 1, -15),
        Glyph::new(2242, 7, 9, 11, 2, -11),
        Glyph::new(2251, 14, 15, 14, 0, -15),
        Glyph::new(2281, 1, 19, 8, 4, -17),
        Glyph::new(2300, 10, 18, 12, 1, -15),
        Glyph::new(2336, 7, 3, 10, 1, -16),
        Glyph::new(2339, 14, 14, 16, 1, -14),
        Glyph::new(2367, 7, 8, 9, 1, -15),
        Glyph::new(2375, 8, 9, 10, 1, -10),
        Glyph::new(2384, 9, 4, 12, 1, -8),
        Glyph::new(2392, 0, 0, 0, 0, 0),
        Glyph::new(2392, 7, 7, 10, 1, -16),
        Glyph::new(2399, 6, 1, 10, 2, -15),
        Glyph::new(2400, 5, 5, 7, 1, -17),
        Glyph::new(2405, 8, 11, 12, 2, -11),
        Glyph::new(2416, 6, 10, 8, 1, -17),
        Glyph::new(2426, 6, 10, 8, 1, -17),
        Glyph::new(2436, 4, 4, 10, 3, -16),
        Glyph::new(2440, 11, 15, 13, 1, -11),
        Glyph::new(2470, 10, 18, 12, 1, -15),
        Glyph::new(2506, 3, 3, 7, 2, -8),
        Glyph::new(2509, 4, 5, 10, 3, 0),
        Glyph::new(2514, 6, 9, 7, 0, -16),
        Glyph::new(2523, 7, 8, 9, 1, -15),
        Glyph::new(2531, 8, 9, 10, 1, -10),
        Glyph::new(2540, 18, 15, 19, 1, -15),
        Glyph::new(2585, 18, 15, 20, 1, -15),
        Glyph::new(2630, 19, 15, 19, 0, -15),
        Glyph::new(2675, 8, 16, 11, 2, -11),
        Glyph::new(2691, 14, 19, 15, 0, -19),
        Glyph::new(2729, 14, 19, 15, 0, -19),
        Glyph::new(2767, 14, 20, 15, 0, -20),
        Glyph::new(2807, 14, 19, 15, 0, -19),
        Glyph::new(2845, 14, 19, 15, 0, -19),
        Glyph::new(2883, 14, 20, 15, 0, -20),
        Glyph::new(2923, 19, 15, 20, 0, -15),
        Glyph::new(2968, 12, 19, 14, 1, -15),
        Glyph::new(3006, 11, 19, 13, 1, -19),
        Glyph::new(3044, 11, 19, 13, 1, -19),
        Glyph::new(3082, 11, 20, 13, 1, -20),
        Glyph::new(3122, 11, 19, 13, 1, -19),
        Glyph::new(3160, 6, 19, 8, 1, -19),
        Glyph::new(3179, 6, 19, 8, 1, -19),
        Glyph::new(3198, 6, 20, 8, 1, -20),
        Glyph::new(3218, 7, 19, 8, 1, -19),
        Glyph::new(3237, 13, 15, 15, 1, -15),
        Glyph::new(3267, 14, 19, 17, 1, -19),
        Glyph::new(3305, 13, 20, 15, 1, -20),
        Glyph::new(3345, 13, 20, 15, 1, -20),
        Glyph::new(3385, 13, 20, 15, 1, -20),
        Glyph::new(3425, 13, 19, 15, 1, -19),
        Glyph::new(3463, 13, 20, 15, 1, -20),
        Glyph::new(3503, 7, 7, 12, 2, -10),
        Glyph::new(3510, 13, 15, 15, 1, -15),
        Glyph::new(3540, 14, 20, 16, 1, -20),
        Glyph::new(3580, 14, 20, 16, 1, -20),
        Glyph::new(3620, 14, 20, 16, 1, -20),
        Glyph::new(3660, 14, 20, 16, 1, -20),
        Glyph::new(3700, 14, 19, 14, 0, -19),
        Glyph::new(3738, 10, 15, 12, 2, -15),
        Glyph::new(3768, 13, 16, 14, 1, -16),
        Glyph::new(3800, 9, 16, 11, 1, -16),
        Glyph::new(3832, 9, 16, 11, 1, -16),
        Glyph::new(3864, 9, 17, 11, 1, -17),
        Glyph::new(3898, 9, 16, 11, 1, -16),
        Glyph::new(3930, 9, 16, 11, 1, -16),
        Glyph::new(3962, 9, 17, 11, 1, -17),
        Glyph::new(3996, 14, 11, 16, 1, -11),
        Glyph::new(4018, 8, 15, 10, 1, -11),
        Glyph::new(4033, 9, 16, 11, 1, -16),
        Glyph::new(4065, 9, 16, 11, 1, -16),
        Glyph::new(4097, 9, 17, 11, 1, -17),
        Glyph::new(4131, 9, 16, 11, 1, -16),
        Glyph::new(4163, 6, 16, 7, 0, -16),
        Glyph::new(4179, 6, 16, 7, 1, -16),
        Glyph::new(4195, 7, 16, 7, 0, -16),
        Glyph::new(4211, 7, 16, 7, -1, -16),
        Glyph::new(4227, 10, 16, 12, 1, -16),
        Glyph::new(4259, 12, 16, 13, 1, -16),
        Glyph::new(4291, 10, 16, 12, 1, -16),
        Glyph::new(4323, 10, 16, 12, 1, -16),
        Glyph::new(4355, 10, 17, 12, 1, -17),
        Glyph::new(4389, 10, 16, 12, 1, -16),
        Glyph::new(4421, 10, 16, 12, 1, -16),
        Glyph::new(4453, 9, 10, 12, 1, -11),
        Glyph::new(4473, 10, 11, 12, 1, -11),
        Glyph::new(4495, 12, 16, 13, 0, -16),
        Glyph::new(4527, 12, 16, 13, 0, -16),
        Glyph::new(4559, 12, 17, 13, 0, -17),
        Glyph::new(4593, 12, 16, 13, 0, -16),
        Glyph::new(4625, 12, 21, 12, 0, -16),
        Glyph::new(4667, 11, 21, 12, 0, -16),
        Glyph::new(4709, 11, 21, 12, 0, -16),
        Glyph::new(4751, 9, 1, 10, 1, -7),
        Glyph::new(4753, 19, 1, 20, 1, -7),
        Glyph::new(4756, 3, 6, 6, 2, -17),
        Glyph::new(4762, 3, 6, 6, 2, -16),
        Glyph::new(4768, 3, 6, 6, 2, -3),
        Glyph::new(4774, 7, 6, 11, 2, -17),
        Glyph::new(4780, 7, 6, 11, 2, -16),
        Glyph::new(4786, 7, 6, 9, 1, -3),
        Glyph::new(4792, 5, 5, 8, 1, -9),
        Glyph::new(4797, 17, 3, 18, 1, -3),
        Glyph::new(4806, 4, 9, 6, 1, -10),
        Glyph::new(4815, 4, 8, 6, 1, -10),
        Glyph::new(4823, 12, 15, 14, 0, -15),
        Glyph::new(4853, 20, 8, 21, 0, -13),
        Glyph::new(4877, 8, 1, 12, 2, -7),
    ],
    bitmap: &[
        0xC0, 0xC0, 0xC0, 0xC0, 0xC0, 0xC0, 0x40, 0x40, 0x40, 0x40, 0x40, 0x00, 0xC0, 0xC0, 0xC0,
        0xD8, 0xD8, 0xD8, 0xD8, 0x18, 0x80, 0x18, 0x80, 0x7F, 0xF0, 0x11, 0x80, 0x11, 0x80, 0x11,
        0x80, 0x11, 0x80, 0xFF, 0xE0, 0x31, 0x00, 0x21, 0x00, 0x21, 0x00, 0x08, 0x00, 0x08, 0x00,
        0x3D, 0x80, 0x7B, 0x80, 0xE9, 0x80, 0xC9, 0x80, 0xE8, 0x00, 0xF8, 0x00, 0x7C, 0x00, 0x3F,
        0x00, 0x0F, 0x80, 0x0B, 0x80, 0x89, 0x80, 0x89, 0x80, 0xC9, 0x80, 0xFB, 0x00, 0xBE, 0x00,
        0x08, 0x00, 0x3C, 0x10, 0x6E, 0x30, 0xEE, 0x60, 0xC6, 0x40, 0xEE, 0xC0, 0xEC, 0x80, 0x7D,
        0x9C, 0x01, 0x37, 0x03, 0x77, 0x06, 0x63, 0x04, 0x77, 0x0C, 0x36, 0x08, 0x1C, 0x1E, 0x00,
        0x3B, 0x00, 0x31, 0x00, 0x31, 0x00, 0x30, 0x1C, 0x18, 0x3C, 0x1C, 0x64, 0x3E, 0x40, 0x67,
        0x40, 0xE3, 0xC0, 0xC3, 0x80, 0xE1, 0xC0, 0xE1, 0xE0, 0x73, 0xF6, 0x3E, 0x3C, 0xC0, 0xC0,
        0xC0, 0xC0, 0x08, 0x10, 0x30, 0x30, 0x60, 0x60, 0x60, 0xE0, 0xE0, 0xC0, 0xC0, 0xE0, 0xE0,
        0xE0, 0x60, 0x60, 0x60, 0x30, 0x30, 0x10, 0x08, 0x80, 0xC0, 0xC0, 0x60, 0x60, 0x70, 0x30,
        0x30, 0x30, 0x30, 0x30, 0x30, 0x30, 0x30, 0x30, 0x70, 0x60, 0x60, 0xC0, 0xC0, 0x80, 0x10,
        0x10, 0xD6, 0xFE, 0x38, 0xFC, 0xD6, 0x10, 0x18, 0x18, 0x18, 0x18, 0xFF, 0x18, 0x18, 0x18,
        0x18, 0x40, 0xE0, 0xE0, 0x60, 0x40, 0xC0, 0xF8, 0xE0, 0xE0, 0xE0, 0x01, 0x03, 0x03, 0x02,
        0x06, 0x06, 0x04, 0x0C, 0x08, 0x08, 0x18, 0x10, 0x10, 0x30, 0x20, 0x20, 0x60, 0x40, 0xC0,
        0x1E, 0x00, 0x33, 0x80, 0x61, 0x80, 0x60, 0xC0, 0xE0, 0xC0, 0xE0, 0xC0, 0xC0, 0xC0, 0xC0,
        0xC0, 0xC0, 0xC0, 0xE0, 0xC0, 0xE0, 0xC0, 0x60, 0xC0, 0x61, 0x80, 0x3B, 0x00, 0x1E, 0x00,
        0x78, 0xF8, 0x38, 0x18, 0x18, 0x18, 0x18, 0x18, 0x18, 0x18, 0x18, 0x18, 0x18, 0x38, 0xFE,
        0x3E, 0x00, 0x67, 0x00, 0xC3, 0x80, 0xC3, 0x80, 0x43, 0x80, 0x03, 0x80, 0x03, 0x00, 0x07,
        0x00, 0x06, 0x00, 0x0C, 0x00, 0x18, 0x00, 0x30, 0x80, 0x61, 0x80, 0xFF, 0x80, 0xFF, 0x80,
        0x3E, 0x00, 0x67, 0x00, 0xC3, 0x00, 0xC3, 0x00, 0x43, 0x00, 0x07, 0x00, 0x0E, 0x00, 0x1C,
        0x00, 0x07, 0x00, 0x03, 0x80, 0x03, 0x80, 0x03, 0x80, 0x83, 0x80, 0xE7, 0x00, 0x3E, 0x00,
        0x01, 0x80, 0x03, 0x80, 0x07, 0x80, 0x0F, 0x80, 0x09, 0x80, 0x19, 0x80, 0x31, 0x80, 0x21,
        0x80, 0x61, 0x80, 0xC1, 0x80, 0xFF, 0xE0, 0x03, 0x80, 0x01, 0x80, 0x03, 0x80, 0x0F, 0xE0,
        0x3F, 0x80, 0x3F, 0x80, 0x20, 0x00, 0x60, 0x00, 0x60, 0x00, 0x60, 0x00, 0x7E, 0x00, 0x67,
        0x80, 0x01, 0x80, 0x01, 0x80, 0x01, 0x80, 0x01, 0x80, 0xC3, 0x80, 0x67, 0x00, 0x3E, 0x00,
        0x0F, 0x80, 0x39, 0xC0, 0x31, 0xC0, 0x60, 0x80, 0x60, 0x00, 0xEF, 0x00, 0xF3, 0x80, 0xE1,
        0xC0, 0xE1, 0xC0, 0xC0, 0xC0, 0xE1, 0xC0, 0xE1, 0xC0, 0x61, 0x80, 0x73, 0x80, 0x1E, 0x00,
        0xFF, 0xC0, 0xFF, 0xC0, 0xC1, 0x80, 0xC1, 0x00, 0x03, 0x00, 0x06, 0x00, 0x06, 0x00, 0x0C,
        0x00, 0x0C, 0x00, 0x0C, 0x00, 0x1C, 0x00, 0x1C, 0x00, 0x1C, 0x00, 0x18, 0x00, 0x18, 0x00,
        0x1F, 0x00, 0x73, 0x80, 0x61, 0x80, 0x61, 0x80, 0x61, 0x80, 0x73, 0x00, 0x3E, 0x00, 0x1F,
        0x00, 0x73, 0x80, 0xE1, 0xC0, 0xE1, 0xC0, 0xE0, 0xC0, 0xE1, 0xC0, 0x73, 0x80, 0x3E, 0x00,
        0x1E, 0x00, 0x77, 0x00, 0x61, 0x80, 0xE1, 0x80, 0xC1, 0x80, 0xC1, 0x80, 0xE1, 0x80, 0x63,
        0x80, 0x3D, 0x80, 0x01, 0x80, 0x01, 0x80, 0x03, 0x80, 0x03, 0x00, 0xE7, 0x00, 0x3C, 0x00,
        0xE0, 0xE0, 0xE0, 0x00, 0x00, 0x00, 0x00, 0x00, 0xE0, 0xE0, 0xE0, 0xE0, 0xE0, 0xE0, 0x00,
        0x00, 0x00, 0x00, 0x00, 0x40, 0xE0, 0xE0, 0x60, 0x40, 0xC0, 0x03, 0x06, 0x1C, 0x30, 0xE0,
        0xE0, 0x30, 0x1C, 0x06, 0x03, 0xFF, 0x00, 0x00, 0x00, 0xFF, 0xC0, 0x60, 0x38, 0x0C, 0x07,
        0x07, 0x0C, 0x38, 0x60, 0xC0, 0x3E, 0x67, 0xC3, 0xC3, 0x03, 0x07, 0x0E, 0x18, 0x10, 0x10,
        0x10, 0x00, 0x18, 0x18, 0x18, 0x07, 0xE0, 0x1C, 0x38, 0x30, 0x0C, 0x47, 0xA4, 0xCE, 0x66,
        0x8C, 0x62, 0x9C, 0x62, 0x9C, 0xE2, 0x98, 0xE2, 0x9C, 0x64, 0x9D, 0x6C, 0x4E, 0x38, 0x60,
        0x00, 0x30, 0x30, 0x1F, 0xC0, 0x03, 0x00, 0x07, 0x00, 0x07, 0x80, 0x05, 0x80, 0x0D, 0x80,
        0x0D, 0xC0, 0x08, 0xC0, 0x18, 0xC0, 0x18, 0xE0, 0x1F, 0xE0, 0x30, 0x70, 0x30, 0x70, 0x30,
        0x70, 0x70, 0x78, 0xF8, 0xFC, 0xFF, 0x80, 0x39, 0xC0, 0x30, 0xE0, 0x30, 0x60, 0x30, 0xE0,
        0x30, 0xE0, 0x31, 0xC0, 0x3F, 0x80, 0x39, 0xE0, 0x30, 0x60, 0x30, 0x60, 0x30, 0x60, 0x30,
        0xE0, 0x39, 0xC0, 0xFF, 0x80, 0x0F, 0xA0, 0x38, 0xE0, 0x70, 0x60, 0x60, 0x20, 0xE0, 0x30,
        0xE0, 0x00, 0xE0, 0x00, 0xC0, 0x00, 0xE0, 0x00, 0xE0, 0x00, 0xE0, 0x00, 0x60, 0x00, 0x30,
        0x30, 0x3C, 0xE0, 0x0F, 0x80, 0xFF, 0x80, 0x39, 0xE0, 0x30, 0x70, 0x30, 0x38, 0x30, 0x18,
        0x30, 0x18, 0x30, 0x18, 0x30, 0x18, 0x30, 0x18, 0x30, 0x18, 0x30, 0x18, 0x30, 0x30, 0x30,
        0x70, 0x39, 0xE0, 0xFF, 0x80, 0xFF, 0xC0, 0x39, 0xC0, 0x30, 0x40, 0x30, 0x40, 0x30, 0x00,
        0x30, 0x00, 0x31, 0x80, 0x3F, 0x80, 0x39, 0x80, 0x30, 0x00, 0x30, 0x00, 0x30, 0x60, 0x30,
        0x60, 0x38, 0xE0, 0xFF, 0xC0, 0xFF, 0xC0, 0x71, 0xC0, 0x30, 0x40, 0x30, 0x40, 0x30, 0x00,
        0x30, 0x00, 0x31, 0x80, 0x3F, 0x80, 0x31, 0x80, 0x31, 0x80, 0x30, 0x00, 0x30, 0x00, 0x30,
        0x00, 0x70, 0x00, 0xFC, 0x00, 0x0F, 0xA0, 0x3C, 0xE0, 0x30, 0x70, 0x60, 0x30, 0xE0, 0x10,
        0xE0, 0x00, 0xC0, 0x00, 0xC0, 0x00, 0xE0, 0xFC, 0xE0, 0x70, 0xE0, 0x30, 0x60, 0x30, 0x70,
        0x70, 0x3C, 0xF0, 0x0F, 0x90, 0xFC, 0x7E, 0x70, 0x38, 0x30, 0x18, 0x30, 0x18, 0x30, 0x18,
        0x30, 0x18, 0x30, 0x38, 0x3F, 0xF8, 0x30, 0x38, 0x30, 0x18, 0x30, 0x18, 0x30, 0x18, 0x30,
        0x18, 0x70, 0x38, 0xFC, 0x7E, 0xFC, 0x70, 0x30, 0x30, 0x30, 0x30, 0x30, 0x30, 0x30, 0x30,
        0x30, 0x30, 0x30, 0x70, 0xFC, 0x1F, 0x80, 0x07, 0x00, 0x06, 0x00, 0x06, 0x00, 0x06, 0x00,
        0x06, 0x00, 0x06, 0x00, 0x06, 0x00, 0x06, 0x00, 0x06, 0x00, 0x06, 0x00, 0xC6, 0x00, 0xC6,
        0x00, 0xCC, 0x00, 0x78, 0x00, 0xFC, 0xF8, 0x70, 0x70, 0x30, 0x60, 0x30, 0xC0, 0x31, 0x80,
        0x33, 0x00, 0x36, 0x00, 0x3F, 0x00, 0x3B, 0x00, 0x33, 0x80, 0x31, 0xC0, 0x31, 0xC0, 0x30,
        0xE0, 0x70, 0x70, 0xFC, 0x3C, 0xFC, 0x00, 0x70, 0x00, 0x30, 0x00, 0x30, 0x00, 0x30, 0x00,
        0x30, 0x00, 0x30, 0x00, 0x30, 0x00, 0x30, 0x00, 0x30, 0x00, 0x30, 0x40, 0x30, 0x40, 0x30,
        0xC0, 0x71, 0xC0, 0xFF, 0xC0, 0xFC, 0x0F, 0x80, 0x3C, 0x0F, 0x00, 0x3C, 0x0E, 0x00, 0x3E,
        0x1E, 0x00, 0x36, 0x16, 0x00, 0x36, 0x16, 0x00, 0x37, 0x36, 0x00, 0x33, 0x26, 0x00, 0x33,
        0x26, 0x00, 0x33, 0xE6, 0x00, 0x31, 0xC6, 0x00, 0x31, 0xC6, 0x00, 0x30, 0x86, 0x00, 0x30,
        0x07, 0x00, 0xF8, 0x0F, 0xC0, 0xF8, 0x7C, 0x78, 0x18, 0x7C, 0x18, 0x7E, 0x18, 0x6E, 0x18,
        0x67, 0x18, 0x67, 0x18, 0x63, 0x98, 0x63, 0x98, 0x61, 0xD8, 0x61, 0xD8, 0x60, 0xF8, 0x60,
        0x78, 0x60, 0x78, 0xF8, 0x38, 0x0F, 0x80, 0x18, 0xE0, 0x30, 0x70, 0x60, 0x38, 0x60, 0x18,
        0xE0, 0x18, 0xC0, 0x18, 0xC0, 0x18, 0xE0, 0x18, 0xE0, 0x18, 0xE0, 0x18, 0x60, 0x30, 0x70,
        0x30, 0x3C, 0xE0, 0x0F, 0x80, 0xFF, 0x00, 0x73, 0x80, 0x30, 0xC0, 0x30, 0xC0, 0x30, 0xC0,
        0x30, 0xC0, 0x30, 0xC0, 0x31, 0x80, 0x3F, 0x00, 0x30, 0x00, 0x30, 0x00, 0x30, 0x00, 0x30,
        0x00, 0x70, 0x00, 0xFC, 0x00, 0x0F, 0x80, 0x00, 0x18, 0xE0, 0x00, 0x30, 0x30, 0x00, 0x60,
        0x38, 0x00, 0x60, 0x18, 0x00, 0xE0, 0x18, 0x00, 0xC0, 0x18, 0x00, 0xC0, 0x18, 0x00, 0xE0,
        0x18, 0x00, 0xEE, 0x18, 0x00, 0xF3, 0x38, 0x00, 0x71, 0xB8, 0x00, 0x71, 0xF0, 0x00, 0x3C,
        0xE0, 0x00, 0x0F, 0xE0, 0x00, 0x00, 0x70, 0x00, 0x00, 0x79, 0x80, 0x00, 0x3F, 0x00, 0x00,
        0x1E, 0x00, 0xFF, 0x00, 0x73, 0xC0, 0x30, 0xC0, 0x30, 0xC0, 0x30, 0xC0, 0x30, 0xC0, 0x31,
        0x80, 0x3F, 0x00, 0x33, 0x00, 0x33, 0x80, 0x31, 0x80, 0x31, 0xC0, 0x30, 0xC0, 0x70, 0xE0,
        0xFC, 0x70, 0x3D, 0x80, 0x73, 0x80, 0xE1, 0x80, 0xC1, 0x80, 0xE0, 0x00, 0xF0, 0x00, 0x7C,
        0x00, 0x3F, 0x00, 0x0F, 0x80, 0x03, 0x80, 0x81, 0x80, 0x81, 0x80, 0xC1, 0x80, 0xF3, 0x00,
        0x9E, 0x00, 0xFF, 0xF8, 0xE7, 0x38, 0xC6, 0x18, 0x86, 0x08, 0x86, 0x08, 0x06, 0x00, 0x06,
        0x00, 0x06, 0x00, 0x06, 0x00, 0x06, 0x00, 0x06, 0x00, 0x06, 0x00, 0x06, 0x00, 0x07, 0x00,
        0x1F, 0xC0, 0xFC, 0x7C, 0x70, 0x30, 0x30, 0x10, 0x30, 0x10, 0x30, 0x10, 0x30, 0x10, 0x30,
        0x10, 0x30, 0x10, 0x30, 0x10, 0x30, 0x10, 0x30, 0x10, 0x30, 0x30, 0x38, 0x20, 0x1C, 0xE0,
        0x0F, 0x80, 0xFC, 0x7C, 0x78, 0x38, 0x38, 0x30, 0x38, 0x30, 0x18, 0x20, 0x18, 0x20, 0x1C,
        0x60, 0x0C, 0x60, 0x0C, 0x40, 0x0E, 0xC0, 0x06, 0xC0, 0x06, 0x80, 0x07, 0x80, 0x03, 0x80,
        0x03, 0x00, 0xFC, 0x30, 0xF8, 0x78, 0x70, 0x70, 0x38, 0x78, 0x60, 0x38, 0x78, 0x60, 0x38,
        0x58, 0x60, 0x18, 0xD8, 0x40, 0x18, 0xDC, 0x40, 0x1C, 0x8C, 0xC0, 0x1C, 0x8C, 0xC0, 0x0C,
        0x8C, 0x80, 0x0D, 0x8E, 0x80, 0x0D, 0x06, 0x80, 0x0F, 0x07, 0x80, 0x07, 0x07, 0x00, 0x07,
        0x07, 0x00, 0xFC, 0x78, 0x78, 0x30, 0x38, 0x60, 0x1C, 0x40, 0x1C, 0xC0, 0x0F, 0x80, 0x07,
        0x00, 0x03, 0x00, 0x07, 0x80, 0x0D, 0xC0, 0x08, 0xC0, 0x18, 0xE0, 0x30, 0x70, 0x70, 0x78,
        0xF8, 0xFC, 0xFC, 0x7C, 0x78, 0x38, 0x38, 0x30, 0x18, 0x20, 0x1C, 0x60, 0x0C, 0xC0, 0x0E,
        0x80, 0x07, 0x80, 0x07, 0x00, 0x03, 0x00, 0x03, 0x00, 0x03, 0x00, 0x03, 0x00, 0x07, 0x00,
        0x0F, 0xC0, 0x7F, 0xF0, 0x70, 0x70, 0x60, 0xE0, 0x60, 0xC0, 0x01, 0xC0, 0x03, 0x80, 0x03,
        0x00, 0x07, 0x00, 0x0E, 0x00, 0x0C, 0x00, 0x1C, 0x00, 0x38, 0x10, 0x70, 0x30, 0x70, 0x70,
        0xFF, 0xF0, 0xF0, 0xE0, 0xC0, 0xC0, 0xC0, 0xC0, 0xC0, 0xC0, 0xC0, 0xC0, 0xC0, 0xC0, 0xC0,
        0xC0, 0xC0, 0xC0, 0xC0, 0xC0, 0xC0, 0xC0, 0xE0, 0xF0, 0xC0, 0x40, 0x60, 0x20, 0x20, 0x30,
        0x10, 0x10, 0x18, 0x08, 0x08, 0x0C, 0x04, 0x06, 0x06, 0x02, 0x03, 0x03, 0x01, 0xF0, 0x30,
        0x30, 0x30, 0x30, 0x30, 0x30, 0x30, 0x30, 0x30, 0x30, 0x30, 0x30, 0x30, 0x30, 0x30, 0x30,
        0x30, 0x30, 0x30, 0x30, 0xF0, 0x0C, 0x00, 0x1C, 0x00, 0x16, 0x00, 0x33, 0x00, 0x63, 0x00,
        0x61, 0x80, 0xC0, 0x80, 0xFF, 0x80, 0xC0, 0xC0, 0x60, 0x30, 0x3C, 0x00, 0x6E, 0x00, 0xC7,
        0x00, 0xC3, 0x00, 0x03, 0x00, 0x3F, 0x00, 0x77, 0x00, 0xE3, 0x00, 0xE7, 0x00, 0xEF, 0x80,
        0x7B, 0x80, 0xF0, 0x00, 0x30, 0x00, 0x30, 0x00, 0x30, 0x00, 0x30, 0x00, 0x33, 0x80, 0x3C,
        0xC0, 0x38, 0x60, 0x38, 0x60, 0x30, 0x60, 0x30, 0x60, 0x30, 0x60, 0x30, 0x60, 0x30, 0xE0,
        0x3D, 0xC0, 0x27, 0x80, 0x1E, 0x73, 0x63, 0xE3, 0xE0, 0xC0, 0xE0, 0xE0, 0x60, 0x73, 0x1E,
        0x07, 0x80, 0x01, 0x80, 0x01, 0x80, 0x01, 0x80, 0x01, 0x80, 0x1F, 0x80, 0x73, 0x80, 0x61,
        0x80, 0xE1, 0x80, 0xE1, 0x80, 0xC1, 0x80, 0xC1, 0x80, 0xE1, 0x80, 0xE1, 0x80, 0x77, 0xC0,
        0x3D, 0xE0, 0x1E, 0x00, 0x33, 0x00, 0x63, 0x80, 0xE1, 0x80, 0xFF, 0x80, 0xE0, 0x00, 0xE0,
        0x00, 0xE0, 0x00, 0x60, 0x80, 0x7B, 0x80, 0x1E, 0x00, 0x1F, 0x3B, 0x33, 0x30, 0x30, 0xFE,
        0x70, 0x30, 0x30, 0x30, 0x30, 0x30, 0x30, 0x30, 0x70, 0xFC, 0x00, 0x40, 0x1E, 0xE0, 0x37,
        0x00, 0x73, 0x80, 0x61, 0x80, 0x73, 0x80, 0x73, 0x80, 0x3F, 0x00, 0x60, 0x00, 0x60, 0x00,
        0x7F, 0x80, 0x3F, 0xC0, 0x60, 0xC0, 0xE0, 0xC0, 0xE0, 0xC0, 0xF3, 0x80, 0x3F, 0x00, 0xF0,
        0x00, 0x70, 0x00, 0x30, 0x00, 0x30, 0x00, 0x30, 0x00, 0x37, 0x80, 0x3D, 0xC0, 0x30, 0xC0,
        0x30, 0xC0, 0x30, 0xC0, 0x30, 0xC0, 0x30, 0xC0, 0x30, 0xC0, 0x30, 0xC0, 0x70, 0xE0, 0xF9,
        0xF0, 0x60, 0x60, 0x60, 0x00, 0x00, 0xE0, 0x60, 0x60, 0x60, 0x60, 0x60, 0x60, 0x60, 0x60,
        0x70, 0xFC, 0x70, 0x70, 0x70, 0x00, 0x00, 0xF0, 0x70, 0x30, 0x30, 0x30, 0x30, 0x30, 0x30,
        0x30, 0x30, 0x30, 0x70, 0x60, 0x60, 0xC0, 0xF0, 0x00, 0x70, 0x00, 0x30, 0x00, 0x30, 0x00,
        0x30, 0x00, 0x33, 0xE0, 0x31, 0xC0, 0x31, 0x00, 0x32, 0x00, 0x34, 0x00, 0x3E, 0x00, 0x37,
        0x00, 0x33, 0x80, 0x31, 0x80, 0x71, 0xE0, 0xF8, 0xE0, 0xF0, 0x70, 0x30, 0x30, 0x30, 0x30,
        0x30, 0x30, 0x30, 0x30, 0x30, 0x30, 0x30, 0x30, 0x70, 0xFC, 0xF7, 0x9E, 0x00, 0x79, 0xF7,
        0x00, 0x31, 0xC3, 0x00, 0x30, 0xC3, 0x00, 0x30, 0xC3, 0x00, 0x30, 0xC3, 0x00, 0x30, 0xC3,
        0x00, 0x30, 0xC3, 0x00, 0x30, 0xC3, 0x00, 0x71, 0xC3, 0x80, 0xFB, 0xE7, 0xC0, 0xF7, 0x80,
        0x7D, 0xC0, 0x30, 0xC0, 0x30, 0xC0, 0x30, 0xC0, 0x30, 0xC0, 0x30, 0xC0, 0x30, 0xC0, 0x30,
        0xC0, 0x70, 0xE0, 0xF9, 0xF0, 0x1F, 0x00, 0x33, 0x80, 0x61, 0xC0, 0xE0, 0xC0, 0xC0, 0xC0,
        0xC0, 0xC0, 0xE0, 0xC0, 0xE0, 0xC0, 0x61, 0xC0, 0x7B, 0x80, 0x1E, 0x00, 0xF7, 0x80, 0x7D,
        0xC0, 0x30, 0xE0, 0x30, 0xE0, 0x30, 0x60, 0x30, 0x60, 0x30, 0xE0, 0x30, 0xE0, 0x30, 0xC0,
        0x39, 0xC0, 0x3F, 0x00, 0x30, 0x00, 0x30, 0x00, 0x30, 0x00, 0x78, 0x00, 0xFC, 0x00, 0x1E,
        0x80, 0x73, 0x80, 0x61, 0x80, 0xE1, 0x80, 0xE1, 0x80, 0xC1, 0x80, 0xE1, 0x80, 0xE1, 0x80,
        0xE1, 0x80, 0x77, 0x80, 0x3D, 0x80, 0x01, 0x80, 0x01, 0x80, 0x01, 0x80, 0x03, 0xC0, 0x07,
        0xE0, 0xE7, 0xFF, 0x3B, 0x33, 0x30, 0x30, 0x30, 0x30, 0x30, 0x70, 0xFC, 0x3A, 0xE6, 0xE3,
        0xE0, 0xF8, 0x7E, 0x0F, 0x87, 0xC7, 0xE6, 0xFC, 0x10, 0x30, 0x30, 0x30, 0xFE, 0x70, 0x30,
        0x30, 0x30, 0x30, 0x30, 0x30, 0x30, 0x3A, 0x1C, 0xE3, 0xC0, 0x61, 0xC0, 0x60, 0xC0, 0x60,
        0xC0, 0x60, 0xC0, 0x60, 0xC0, 0x60, 0xC0, 0x61, 0xC0, 0x71, 0xC0, 0x3F, 0xE0, 0x3C, 0xF0,
        0xF9, 0xF0, 0x70, 0xC0, 0x70, 0xC0, 0x30, 0x80, 0x38, 0x80, 0x39, 0x80, 0x19, 0x00, 0x1D,
        0x00, 0x0F, 0x00, 0x0E, 0x00, 0x0E, 0x00, 0xF8, 0xC7, 0x80, 0x71, 0xC3, 0x00, 0x71, 0xE2,
        0x00, 0x31, 0x62, 0x00, 0x31, 0x66, 0x00, 0x3B, 0x64, 0x00, 0x1A, 0x34, 0x00, 0x1A, 0x34,
        0x00, 0x1E, 0x3C, 0x00, 0x1E, 0x38, 0x00, 0x0C, 0x18, 0x00, 0xF9, 0xF0, 0x70, 0xC0, 0x39,
        0x80, 0x3D, 0x00, 0x1F, 0x00, 0x0E, 0x00, 0x1F, 0x00, 0x13, 0x80, 0x21, 0xC0, 0x61, 0xE0,
        0xF3, 0xF0, 0xFD, 0xF0, 0x70, 0xC0, 0x30, 0x40, 0x38, 0x80, 0x38, 0x80, 0x19, 0x80, 0x1D,
        0x00, 0x0D, 0x00, 0x0E, 0x00, 0x06, 0x00, 0x06, 0x00, 0x04, 0x00, 0x04, 0x00, 0xE8, 0x00,
        0xF8, 0x00, 0x70, 0x00, 0xFF, 0xC7, 0xC6, 0x8C, 0x0C, 0x18, 0x38, 0x31, 0x61, 0xE3, 0xFF,
        0x1C, 0x38, 0x30, 0x30, 0x30, 0x30, 0x30, 0x30, 0x30, 0x30, 0xE0, 0x70, 0x30, 0x30, 0x30,
        0x30, 0x30, 0x30, 0x30, 0x30, 0x38, 0x1C, 0x80, 0x80, 0x80, 0x80, 0x80, 0x80, 0x80, 0x80,
        0x80, 0x80, 0x80, 0x80, 0x80, 0x80, 0x80, 0x80, 0x80, 0x80, 0x80, 0xF0, 0x30, 0x30, 0x30,
        0x30, 0x30, 0x30, 0x30, 0x30, 0x18, 0x0C, 0x18, 0x38, 0x30, 0x30, 0x30, 0x30, 0x30, 0x30,
        0x30, 0x70, 0xE0, 0x78, 0x80, 0xCF, 0x80, 0xC0, 0xC0, 0xC0, 0x00, 0x00, 0x40, 0x40, 0x40,
        0x40, 0x40, 0x40, 0xC0, 0xC0, 0xC0, 0xC0, 0xC0, 0x04, 0x04, 0x1E, 0x7F, 0x6B, 0xEB, 0xE8,
        0xC8, 0xF8, 0xF8, 0x70, 0x71, 0x3E, 0x10, 0x1F, 0x00, 0x3B, 0x80, 0x71, 0x80, 0x61, 0x80,
        0x70, 0x00, 0x70, 0x00, 0x70, 0x00, 0xFF, 0x00, 0x38, 0x00, 0x38, 0x00, 0x18, 0x00, 0x38,
        0x40, 0x30, 0xC0, 0x7F, 0xC0, 0xFF, 0xC0, 0xFE, 0xEE, 0xEE, 0xC6, 0xC6, 0xEE, 0x6C, 0xFE,
        0x82, 0xFC, 0x7C, 0x78, 0x38, 0x38, 0x30, 0x38, 0x20, 0x1C, 0x60, 0x0C, 0x40, 0x0E, 0xC0,
        0x7F, 0xF0, 0x07, 0x00, 0x7F, 0xF0, 0x07, 0x00, 0x03, 0x00, 0x03, 0x00, 0x07, 0x00, 0x0F,
        0xC0, 0x80, 0x80, 0x80, 0x80, 0x80, 0x80, 0x80, 0x80, 0x00, 0x00, 0x00, 0x80, 0x80, 0x80,
        0x80, 0x80, 0x80, 0x80, 0x80, 0x1E, 0x00, 0x3B, 0x00, 0x33, 0x00, 0x33, 0x00, 0x38, 0x00,
        0x7C, 0x00, 0xEE, 0x00, 0xE7, 0x80, 0xE3, 0xC0, 0x71, 0xC0, 0x78, 0xC0, 0x1C, 0xC0, 0x0F,
        0xC0, 0x07, 0x80, 0x03, 0x00, 0x73, 0x00, 0x77, 0x00, 0x3E, 0x00, 0x44, 0xC6, 0xC6, 0x0F,
        0xC0, 0x38, 0x70, 0x60, 0x18, 0x47, 0xC8, 0xCC, 0xCC, 0x98, 0x44, 0x98, 0x04, 0x98, 0x04,
        0x98, 0x04, 0x98, 0x0C, 0x5C, 0x48, 0x6F, 0x98, 0x30, 0x70, 0x1F, 0xC0, 0x78, 0xDC, 0xCC,
        0x0C, 0x7C, 0xEC, 0xCC, 0x76, 0x09, 0x33, 0x76, 0xEE, 0xEC, 0x66, 0x33, 0x11, 0x08, 0xFF,
        0x80, 0x01, 0x80, 0x01, 0x80, 0x01, 0x80, 0x3C, 0x4E, 0xF6, 0xEE, 0xF6, 0xD6, 0x7C, 0xFC,
        0x70, 0xD8, 0x88, 0x88, 0x70, 0x18, 0x18, 0x18, 0xFF, 0x18, 0x18, 0x18, 0x18, 0x00, 0x00,
        0xFF, 0x78, 0x9C, 0x8C, 0x0C, 0x18, 0x18, 0x30, 0x64, 0xFC, 0xFC, 0x78, 0x9C, 0x8C, 0x0C,
        0x38, 0x38, 0x0C, 0x0C, 0x9C, 0xF8, 0x30, 0x30, 0x60, 0xC0, 0xC1, 0x80, 0xC1, 0x80, 0xC1,
        0x80, 0xC1, 0x80, 0xC1, 0x80, 0xC1, 0x80, 0xC1, 0x80, 0xC3, 0x80, 0xC3, 0x80, 0xE7, 0xC0,
        0xFC, 0xE0, 0xC0, 0x00, 0xC0, 0x00, 0xE0, 0x00, 0xE0, 0x00, 0x3B, 0xC0, 0x7B, 0x80, 0xFB,
        0x00, 0xFB, 0x00, 0xFB, 0x00, 0xFB, 0x00, 0xFB, 0x00, 0xFB, 0x00, 0x7B, 0x00, 0x3B, 0x00,
        0x03, 0x00, 0x03, 0x00, 0x03, 0x00, 0x03, 0x00, 0x03, 0x00, 0x03, 0x00, 0x03, 0x00, 0x0F,
        0x00, 0xE0, 0xE0, 0xE0, 0x40, 0xE0, 0x30, 0x30, 0xE0, 0xF0, 0x30, 0x30, 0x30, 0x30, 0x30,
        0x30, 0x30, 0xFC, 0x38, 0x6C, 0xC6, 0xC6, 0xC6, 0xC6, 0x6C, 0x38, 0x90, 0xCC, 0x6E, 0x77,
        0x37, 0x66, 0xCC, 0x88, 0x10, 0xF0, 0x08, 0x00, 0x70, 0x18, 0x00, 0x30, 0x10, 0x00, 0x30,
        0x20, 0x00, 0x30, 0x60, 0x00, 0x30, 0x43, 0x00, 0x30, 0xC7, 0x00, 0x30, 0x87, 0x00, 0x71,
        0x8B, 0x00, 0xF9, 0x13, 0x00, 0x03, 0x13, 0x00, 0x02, 0x23, 0x80, 0x04, 0x3F, 0xC0, 0x04,
        0x03, 0x80, 0x08, 0x03, 0x00, 0xF0, 0x18, 0x00, 0x70, 0x10, 0x00, 0x30, 0x30, 0x00, 0x30,
        0x20, 0x00, 0x30, 0x60, 0x00, 0x30, 0x4F, 0x80, 0x30, 0xD9, 0xC0, 0x30, 0x99, 0xC0, 0xF9,
        0x81, 0xC0, 0xF9, 0x01, 0x80, 0x03, 0x03, 0x80, 0x02, 0x07, 0x00, 0x04, 0x0C, 0x40, 0x04,
        0x1C, 0xC0, 0x08, 0x1F, 0xC0, 0x3C, 0x04, 0x00, 0x6E, 0x0C, 0x00, 0x46, 0x08, 0x00, 0x06,
        0x18, 0x00, 0x0C, 0x10, 0x00, 0x1C, 0x30, 0x00, 0x06, 0x61, 0x80, 0x06, 0x43, 0x80, 0xCE,
        0xC5, 0x80, 0x7C, 0x85, 0x80, 0x01, 0x89, 0x80, 0x01, 0x11, 0xC0, 0x03, 0x1F, 0xE0, 0x02,
        0x01, 0xC0, 0x06, 0x01, 0x80, 0x18, 0x18, 0x18, 0x00, 0x00, 0x08, 0x08, 0x18, 0x38, 0x70,
        0x60, 0xE2, 0xC3, 0xE3, 0x66, 0x3C, 0x06, 0x00, 0x07, 0x00, 0x01, 0x00, 0x00, 0x00, 0x03,
        0x00, 0x07, 0x00, 0x07, 0x80, 0x05, 0x80, 0x0D, 0x80, 0x0D, 0xC0, 0x08, 0xC0, 0x18, 0xC0,
        0x18, 0xE0, 0x1F, 0xE0, 0x30, 0x70, 0x30, 0x70, 0x30, 0x70, 0x70, 0x78, 0xF8, 0xFC, 0x01,
        0x80, 0x03, 0x80, 0x02, 0x00, 0x00, 0x00, 0x03, 0x00, 0x07, 0x00, 0x07, 0x80, 0x05, 0x80,
        0x0D, 0x80, 0x0D, 0xC0, 0x08, 0xC0, 0x18, 0xC0, 0x18, 0xE0, 0x1F, 0xE0, 0x30, 0x70, 0x30,
        0x70, 0x30, 0x70, 0x70, 0x78, 0xF8, 0xFC, 0x03, 0x00, 0x07, 0x80, 0x07, 0x80, 0x08, 0x40,
        0x00, 0x00, 0x03, 0x00, 0x07, 0x00, 0x07, 0x80, 0x05, 0x80, 0x0D, 0x80, 0x0D, 0xC0, 0x08,
        0xC0, 0x18, 0xC0, 0x18, 0xE0, 0x1F, 0xE0, 0x30, 0x70, 0x30, 0x70, 0x30, 0x70, 0x70, 0x78,
        0xF8, 0xFC, 0x06, 0x00, 0x0F, 0xC0, 0x01, 0x80, 0x00, 0x00, 0x03, 0x00, 0x07, 0x00, 0x07,
        0x80, 0x05, 0x80, 0x0D, 0x80, 0x0D, 0xC0, 0x08, 0xC0, 0x18, 0xC0, 0x18, 0xE0, 0x1F, 0xE0,
        0x30, 0x70, 0x30, 0x70, 0x30, 0x70, 0x70, 0x78, 0xF8, 0xFC, 0x0C, 0xC0, 0x0C, 0xC0, 0x0C,
        0xC0, 0x00, 0x00, 0x03, 0x00, 0x03, 0x80, 0x07, 0x80, 0x05, 0x80, 0x05, 0xC0, 0x0C, 0xC0,
        0x08, 0xC0, 0x08, 0xE0, 0x18, 0xE0, 0x1F, 0xE0, 0x10, 0x70, 0x30, 0x70, 0x30, 0x70, 0x70,
        0x78, 0xF8, 0xFC, 0x07, 0x80, 0x04, 0x80, 0x05, 0x80, 0x03, 0x00, 0x00, 0x00, 0x03, 0x00,
        0x07, 0x00, 0x07, 0x80, 0x05, 0x80, 0x0D, 0x80, 0x09, 0xC0, 0x08, 0xC0, 0x18, 0xC0, 0x18,
        0xE0, 0x1F, 0xE0, 0x30, 0x70, 0x30, 0x70, 0x20, 0x70, 0x60, 0x78, 0xF8, 0xFC, 0x03, 0xFF,
        0xC0, 0x01, 0xB9, 0xC0, 0x01, 0x30, 0x40, 0x03, 0x30, 0x40, 0x02, 0x30, 0x00, 0x06, 0x30,
        0x00, 0x04, 0x31, 0x80, 0x0F, 0xFF, 0x80, 0x08, 0x39, 0x80, 0x18, 0x31, 0x00, 0x10, 0x30,
        0x00, 0x30, 0x30, 0x60, 0x30, 0x30, 0x60, 0x70, 0x38, 0xE0, 0xF8, 0xFF, 0xC0, 0x0F, 0xA0,
        0x3C, 0xE0, 0x30, 0x70, 0x60, 0x30, 0xE0, 0x10, 0xE0, 0x00, 0xE0, 0x00, 0xC0, 0x00, 0xE0,
        0x00, 0xE0, 0x00, 0xE0, 0x00, 0x60, 0x00, 0x70, 0x30, 0x3C, 0xE0, 0x0F, 0x80, 0x06, 0x00,
        0x03, 0x80, 0x01, 0x80, 0x0F, 0x00, 0x18, 0x00, 0x0E, 0x00, 0x02, 0x00, 0x00, 0x00, 0xFF,
        0xC0, 0x39, 0xC0, 0x30, 0x40, 0x30, 0x40, 0x30, 0x00, 0x30, 0x00, 0x31, 0x80, 0x3F, 0x80,
        0x39, 0x80, 0x30, 0x00, 0x30, 0x00, 0x30, 0x60, 0x30, 0x60, 0x38, 0xE0, 0xFF, 0xC0, 0x03,
        0x00, 0x06, 0x00, 0x08, 0x00, 0x00, 0x00, 0xFF, 0xC0, 0x39, 0xC0, 0x30, 0x40, 0x30, 0x40,
        0x30, 0x00, 0x30, 0x00, 0x31, 0x80, 0x3F, 0x80, 0x39, 0x80, 0x31, 0x00, 0x30, 0x00, 0x30,
        0x60, 0x30, 0x60, 0x38, 0xE0, 0xFF, 0xC0, 0x04, 0x00, 0x0E, 0x00, 0x1B, 0x00, 0x10, 0x80,
        0x00, 0x00, 0xFF, 0xC0, 0x39, 0xC0, 0x30, 0x40, 0x30, 0x40, 0x30, 0x00, 0x30, 0x00, 0x31,
        0x80, 0x3F, 0x80, 0x39, 0x80, 0x30, 0x00, 0x30, 0x00, 0x30, 0x60, 0x30, 0x60, 0x38, 0xE0,
        0xFF, 0xC0, 0x31, 0x80, 0x31, 0x80, 0x31, 0x80, 0x00, 0x00, 0xFF, 0xC0, 0x39, 0xC0, 0x30,
        0x40, 0x30, 0x40, 0x30, 0x00, 0x30, 0x80, 0x31, 0x80, 0x3F, 0x80, 0x39, 0x80, 0x30, 0x80,
        0x30, 0x00, 0x30, 0x20, 0x30, 0x60, 0x38, 0xE0, 0xFF, 0xC0, 0xE0, 0x70, 0x18, 0x00, 0xFC,
        0x70, 0x30, 0x30, 0x30, 0x30, 0x30, 0x30, 0x30, 0x30, 0x30, 0x30, 0x30, 0x70, 0xFC, 0x18,
        0x38, 0x60, 0x00, 0xFC, 0x70, 0x30, 0x30, 0x30, 0x30, 0x30, 0x30, 0x30, 0x30, 0x30, 0x30,
        0x30, 0x70, 0xFC, 0x30, 0x78, 0xDC, 0x84, 0x00, 0xFC, 0x70, 0x30, 0x30, 0x30, 0x30, 0x30,
        0x30, 0x30, 0x30, 0x30, 0x30, 0x30, 0x70, 0xFC, 0xC6, 0xE6, 0xC4, 0x00, 0x7E, 0x38, 0x18,
        0x18, 0x18, 0x18, 0x18, 0x18, 0x18, 0x18, 0x18, 0x18, 0x18, 0x38, 0x7E, 0xFF, 0x80, 0x39,
        0xE0, 0x30, 0x70, 0x30, 0x38, 0x30, 0x18, 0x30, 0x18, 0x30, 0x18, 0xFF, 0x18, 0x38, 0x18,
        0x30, 0x18, 0x30, 0x18, 0x30, 0x30, 0x30, 0x70, 0x39, 0xE0, 0xFF, 0x80, 0x0E, 0x00, 0x0F,
        0xC0, 0x01, 0x80, 0x00, 0x00, 0xF8, 0x7C, 0x78, 0x18, 0x7C, 0x18, 0x7E, 0x18, 0x6E, 0x18,
        0x67, 0x18, 0x67, 0x18, 0x63, 0x98, 0x63, 0x98, 0x61, 0xD8, 0x61, 0xD8, 0x60, 0xF8, 0x60,
        0x78, 0x60, 0x78, 0xF8, 0x38, 0x0C, 0x00, 0x0E, 0x00, 0x07, 0x00, 0x01, 0x80, 0x00, 0x00,
        0x0F, 0x80, 0x18, 0xE0, 0x30, 0x70, 0x60, 0x38, 0x60, 0x18, 0xE0, 0x18, 0xC0, 0x18, 0xC0,
        0x18, 0xE0, 0x18, 0xE0, 0x18, 0xE0, 0x18, 0x60, 0x30, 0x70, 0x30, 0x3C, 0xE0, 0x0F, 0x80,
        0x00, 0x80, 0x01, 0x80, 0x03, 0x00, 0x04, 0x00, 0x00, 0x00, 0x0F, 0x80, 0x18, 0xE0, 0x30,
        0x70, 0x60, 0x38, 0x60, 0x18, 0xE0, 0x18, 0xC0, 0x18, 0xC0, 0x18, 0xE0, 0x18, 0xE0, 0x18,
        0xE0, 0x18, 0x60, 0x30, 0x70, 0x30, 0x3C, 0xE0, 0x0F, 0x80, 0x03, 0x00, 0x07, 0x80, 0x0D,
        0xC0, 0x08, 0x40, 0x00, 0x00, 0x0F, 0x80, 0x18, 0xE0, 0x30, 0x70, 0x60, 0x38, 0x60, 0x18,
        0xE0, 0x18, 0xC0, 0x18, 0xC0, 0x18, 0xE0, 0x18, 0xE0, 0x18, 0xE0, 0x18, 0x60, 0x30, 0x70,
        0x30, 0x3C, 0xE0, 0x0F, 0x80, 0x0E, 0x00, 0x0F, 0xC0, 0x01, 0x80, 0x00, 0x00, 0x0F, 0x80,
        0x18, 0xE0, 0x30, 0x70, 0x60, 0x38, 0x60, 0x18, 0xE0, 0x18, 0xC0, 0x18, 0xC0, 0x18, 0xE0,
        0x18, 0xE0, 0x18, 0xE0, 0x18, 0x60, 0x30, 0x70, 0x30, 0x3C, 0xE0, 0x0F, 0x80, 0x0C, 0xC0,
        0x0C, 0xC0, 0x0C, 0xC0, 0x00, 0x00, 0x00, 0x00, 0x0F, 0x80, 0x18, 0xE0, 0x30, 0x70, 0x60,
        0x38, 0x60, 0x18, 0xE0, 0x18, 0xC0, 0x18, 0xC0, 0x18, 0xE0, 0x18, 0xE0, 0x18, 0xE0, 0x18,
        0x60, 0x30, 0x70, 0x30, 0x3C, 0xE0, 0x0F, 0x80, 0xC2, 0x66, 0x3C, 0x18, 0x3C, 0x66, 0xC2,
        0x0F, 0xC8, 0x18, 0xF0, 0x30, 0x70, 0x60, 0x78, 0x60, 0xF8, 0xE0, 0x98, 0xC1, 0x18, 0xC3,
        0x18, 0xE6, 0x18, 0xEC, 0x18, 0xF8, 0x18, 0x70, 0x30, 0x70, 0x30, 0x7C, 0xE0, 0xCF, 0x80,
        0x04, 0x00, 0x06, 0x00, 0x03, 0x00, 0x00, 0x80, 0x00, 0x00, 0xFC, 0x7C, 0x70, 0x30, 0x30,
        0x10, 0x30, 0x10, 0x30, 0x10, 0x30, 0x10, 0x30, 0x10, 0x30, 0x10, 0x30, 0x10, 0x30, 0x10,
        0x30, 0x10, 0x30, 0x30, 0x38, 0x20, 0x1C, 0xE0, 0x0F, 0x80, 0x00, 0x80, 0x01, 0xC0, 0x03,
        0x80, 0x02, 0x00, 0x00, 0x00, 0xFC, 0x7C, 0x70, 0x30, 0x30, 0x10, 0x30, 0x10, 0x30, 0x10,
        0x30, 0x10, 0x30, 0x10, 0x30, 0x10, 0x30, 0x10, 0x30, 0x10, 0x30, 0x10, 0x30, 0x30, 0x38,
        0x20, 0x1C, 0xE0, 0x0F, 0x80, 0x03, 0x00, 0x03, 0x80, 0x06, 0xC0, 0x08, 0x40, 0x00, 0x00,
        0xFC, 0x7C, 0x70, 0x30, 0x30, 0x10, 0x30, 0x10, 0x30, 0x10, 0x30, 0x10, 0x30, 0x10, 0x30,
        0x10, 0x30, 0x10, 0x30, 0x10, 0x30, 0x10, 0x30, 0x30, 0x38, 0x20, 0x1C, 0xE0, 0x0F, 0x80,
        0x0C, 0x60, 0x0C, 0x60, 0x0C, 0x60, 0x00, 0x00, 0x00, 0x00, 0xFC, 0x7C, 0x70, 0x10, 0x30,
        0x10, 0x30, 0x10, 0x30, 0x10, 0x30, 0x10, 0x30, 0x10, 0x30, 0x10, 0x30, 0x10, 0x30, 0x10,
        0x30, 0x10, 0x30, 0x10, 0x38, 0x20, 0x1C, 0x60, 0x0F, 0x80, 0x01, 0xC0, 0x03, 0x80, 0x02,
        0x00, 0x00, 0x00, 0xFC, 0x7C, 0x78, 0x38, 0x38, 0x30, 0x18, 0x20, 0x1C, 0x60, 0x0C, 0xC0,
        0x0E, 0x80, 0x07, 0x80, 0x07, 0x00, 0x03, 0x00, 0x03, 0x00, 0x03, 0x00, 0x03, 0x00, 0x07,
        0x00, 0x0F, 0xC0, 0xFC, 0x00, 0x70, 0x00, 0x30, 0x00, 0x3F, 0x00, 0x31, 0x80, 0x30, 0xC0,
        0x30, 0xC0, 0x30, 0xC0, 0x30, 0xC0, 0x30, 0xC0, 0x31, 0x80, 0x3F, 0x00, 0x30, 0x00, 0x70,
        0x00, 0xFC, 0x00, 0x07, 0xC0, 0x1C, 0xE0, 0x18, 0x60, 0x38, 0x60, 0x30, 0x40, 0x30, 0xC0,
        0x71, 0x80, 0x31, 0x80, 0x31, 0xC0, 0x31, 0xE0, 0x30, 0xF8, 0x30, 0x38, 0x32, 0x18, 0x32,
        0x18, 0x73, 0xB8, 0xF3, 0xF0, 0x20, 0x00, 0x30, 0x00, 0x18, 0x00, 0x08, 0x00, 0x00, 0x00,
        0x3C, 0x00, 0x6E, 0x00, 0xC7, 0x00, 0xC3, 0x00, 0x03, 0x00, 0x3F, 0x00, 0x77, 0x00, 0xE3,
        0x00, 0xE7, 0x00, 0xEF, 0x80, 0x7B, 0x80, 0x04, 0x00, 0x0C, 0x00, 0x18, 0x00, 0x10, 0x00,
        0x00, 0x00, 0x3C, 0x00, 0x6E, 0x00, 0xC7, 0x00, 0xC3, 0x00, 0x03, 0x00, 0x3F, 0x00, 0x67,
        0x00, 0xE3, 0x00, 0xE7, 0x00, 0xEF, 0x80, 0x7B, 0x80, 0x18, 0x00, 0x1C, 0x00, 0x3C, 0x00,
        0x66, 0x00, 0x00, 0x00, 0x00, 0x00, 0x3C, 0x00, 0x6E, 0x00, 0xC7, 0x00, 0xC3, 0x00, 0x03,
        0x00, 0x3F, 0x00, 0x77, 0x00, 0xE3, 0x00, 0xE7, 0x00, 0xEF, 0x80, 0x7B, 0x80, 0x30, 0x00,
        0x7E, 0x00, 0x0C, 0x00, 0x00, 0x00, 0x00, 0x00, 0x3C, 0x00, 0x6E, 0x00, 0xC7, 0x00, 0xC3,
        0x00, 0x03, 0x00, 0x3F, 0x00, 0x77, 0x00, 0xE3, 0x00, 0xE7, 0x00, 0xEF, 0x80, 0x7B, 0x80,
        0x66, 0x00, 0x66, 0x00, 0x22, 0x00, 0x00, 0x00, 0x00, 0x00, 0x3C, 0x00, 0x66, 0x00, 0xC7,
        0x00, 0xC3, 0x00, 0x03, 0x00, 0x3F, 0x00, 0x77, 0x00, 0xE3, 0x00, 0xE7, 0x00, 0xEF, 0x80,
        0x7B, 0x80, 0x18, 0x00, 0x2C, 0x00, 0x24, 0x00, 0x38, 0x00, 0x00, 0x00, 0x00, 0x00, 0x3C,
        0x00, 0x6E, 0x00, 0xC7, 0x00, 0xC3, 0x00, 0x03, 0x00, 0x3F, 0x00, 0x77, 0x00, 0xE3, 0x00,
        0xE7, 0x00, 0xEF, 0x80, 0x73, 0x80, 0x3C, 0x78, 0xEF, 0x9C, 0xC7, 0x0C, 0x03, 0x0C, 0x03,
        0xFC, 0x3F, 0x00, 0x77, 0x00, 0xE3, 0x00, 0xE7, 0x80, 0xEF, 0xCC, 0x78, 0xF8, 0x1E, 0x73,
        0x63, 0xE3, 0xE0, 0xC0, 0xE0, 0xE0, 0x60, 0x73, 0x1E, 0x08, 0x0E, 0x06, 0x1C, 0x10, 0x00,
        0x18, 0x00, 0x0C, 0x00, 0x04, 0x00, 0x00, 0x00, 0x1E, 0x00, 0x33, 0x00, 0x63, 0x80, 0xE1,
        0x80, 0xFF, 0x80, 0xE0, 0x00, 0xE0, 0x00, 0xE0, 0x00, 0x60, 0x80, 0x7B, 0x80, 0x1E, 0x00,
        0x06, 0x00, 0x06, 0x00, 0x0C, 0x00, 0x00, 0x00, 0x00, 0x00, 0x1E, 0x00, 0x33, 0x00, 0x63,
        0x80, 0xE1, 0x80, 0xFF, 0x80, 0xE0, 0x00, 0xE0, 0x00, 0xE0, 0x00, 0x60, 0x80, 0x7B, 0x80,
        0x1E, 0x00, 0x0C, 0x00, 0x1C, 0x00, 0x1E, 0x00, 0x33, 0x00, 0x00, 0x00, 0x00, 0x00, 0x1E,
        0x00, 0x33, 0x00, 0x63, 0x80, 0xE1, 0x80, 0xFF, 0x80, 0xE0, 0x00, 0xE0, 0x00, 0xE0, 0x00,
        0x60, 0x80, 0x7B, 0x80, 0x1E, 0x00, 0x33, 0x00, 0x33, 0x00, 0x21, 0x00, 0x00, 0x00, 0x00,
        0x00, 0x1E, 0x00, 0x33, 0x00, 0x63, 0x80, 0xE1, 0x80, 0xFF, 0x80, 0xE0, 0x00, 0xE0, 0x00,
        0xE0, 0x00, 0x60, 0x00, 0x7B, 0x80, 0x1E, 0x00, 0x80, 0xC0, 0x60, 0x00, 0x00, 0xF0, 0x70,
        0x30, 0x30, 0x30, 0x30, 0x30, 0x30, 0x30, 0x70, 0xFC, 0x10, 0x30, 0x60, 0x00, 0x00, 0xF0,
        0x70, 0x30, 0x30, 0x30, 0x30, 0x30, 0x30, 0x30, 0x70, 0xFC, 0x38, 0x78, 0xCC, 0x00, 0x00,
        0x78, 0x38, 0x18, 0x18, 0x18, 0x18, 0x18, 0x18, 0x18, 0x38, 0x7E, 0xC6, 0xC6, 0xC4, 0x00,
        0x00, 0x78, 0x38, 0x18, 0x18, 0x18, 0x18, 0x18, 0x18, 0x18, 0x1C, 0x7E, 0x39, 0x80, 0x0F,
        0x00, 0x0F, 0x00, 0x01, 0x80, 0x01, 0x80, 0x1D, 0xC0, 0x73, 0xC0, 0x61, 0xC0, 0xE1, 0xC0,
        0xE0, 0xC0, 0xC0, 0xC0, 0xE1, 0xC0, 0xE1, 0x80, 0x61, 0x80, 0x73, 0x00, 0x1E, 0x00, 0x0C,
        0x00, 0x1F, 0x80, 0x03, 0x00, 0x00, 0x00, 0x00, 0x00, 0xF7, 0x80, 0x7D, 0xC0, 0x30, 0xC0,
        0x30, 0xC0, 0x30, 0xC0, 0x30, 0xC0, 0x30, 0xC0, 0x30, 0xC0, 0x30, 0xC0, 0x70, 0xE0, 0xF9,
        0xF0, 0x18, 0x00, 0x18, 0x00, 0x0C, 0x00, 0x02, 0x00, 0x00, 0x00, 0x1F, 0x00, 0x33, 0x80,
        0x61, 0xC0, 0xE0, 0xC0, 0xC0, 0xC0, 0xC0, 0xC0, 0xE0, 0xC0, 0xE0, 0xC0, 0x61, 0xC0, 0x7B,
        0x80, 0x1E, 0x00, 0x02, 0x00, 0x07, 0x00, 0x0C, 0x00, 0x08, 0x00, 0x00, 0x00, 0x1F, 0x00,
        0x33, 0x80, 0x61, 0xC0, 0xE0, 0xC0, 0xC0, 0xC0, 0xC0, 0xC0, 0xE0, 0xC0, 0xE0, 0xC0, 0x61,
        0xC0, 0x7B, 0x80, 0x1E, 0x00, 0x0C, 0x00, 0x0E, 0x00, 0x1E, 0x00, 0x31, 0x00, 0x00, 0x00,
        0x00, 0x00, 0x1F, 0x00, 0x33, 0x80, 0x61, 0xC0, 0xE0, 0xC0, 0xC0, 0xC0, 0xC0, 0xC0, 0xE0,
        0xC0, 0xE0, 0xC0, 0x61, 0xC0, 0x7B, 0x80, 0x1E, 0x00, 0x18, 0x00, 0x3F, 0x00, 0x07, 0x00,
        0x00, 0x00, 0x00, 0x00, 0x1F, 0x00, 0x33, 0x80, 0x61, 0xC0, 0xE0, 0xC0, 0xC0, 0xC0, 0xC0,
        0xC0, 0xE0, 0xC0, 0xE0, 0xC0, 0x61, 0xC0, 0x7B, 0x80, 0x1E, 0x00, 0x33, 0x00, 0x33, 0x00,
        0x31, 0x00, 0x00, 0x00, 0x00, 0x00, 0x1F, 0x00, 0x33, 0x80, 0x61, 0xC0, 0xE0, 0xC0, 0xC0,
        0xC0, 0xC0, 0xC0, 0xE0, 0xC0, 0xE0, 0xC0, 0x61, 0xC0, 0x7B, 0x80, 0x1E, 0x00, 0x18, 0x00,
        0x18, 0x00, 0x08, 0x00, 0x00, 0x00, 0xFF, 0x80, 0x00, 0x00, 0x00, 0x00, 0x18, 0x00, 0x18,
        0x00, 0x08, 0x00, 0x1F, 0x40, 0x33, 0xC0, 0x61, 0xC0, 0xE3, 0xC0, 0xC6, 0xC0, 0xCC, 0xC0,
        0xF8, 0xC0, 0xF0, 0xC0, 0x61, 0xC0, 0x7B, 0x80, 0x9E, 0x00, 0x18, 0x00, 0x18, 0x00, 0x0C,
        0x00, 0x00, 0x00, 0x00, 0x00, 0xE3, 0xC0, 0x61, 0xC0, 0x60, 0xC0, 0x60, 0xC0, 0x60, 0xC0,
        0x60, 0xC0, 0x60, 0xC0, 0x61, 0xC0, 0x71, 0xC0, 0x3F, 0xE0, 0x3C, 0xF0, 0x02, 0x00, 0x06,
        0x00, 0x0C, 0x00, 0x08, 0x00, 0x00, 0x00, 0xE3, 0xC0, 0x61, 0xC0, 0x60, 0xC0, 0x60, 0xC0,
        0x60, 0xC0, 0x60, 0xC0, 0x60, 0xC0, 0x61, 0xC0, 0x71, 0xC0, 0x3F, 0xE0, 0x3C, 0xF0, 0x0C,
        0x00, 0x0E, 0x00, 0x1E, 0x00, 0x31, 0x00, 0x00, 0x00, 0x00, 0x00, 0xE3, 0xC0, 0x61, 0xC0,
        0x60, 0xC0, 0x60, 0xC0, 0x60, 0xC0, 0x60, 0xC0, 0x60, 0xC0, 0x61, 0xC0, 0x71, 0xC0, 0x3F,
        0xE0, 0x3C, 0xF0, 0x33, 0x00, 0x33, 0x00, 0x31, 0x00, 0x00, 0x00, 0x00, 0x00, 0xE3, 0xC0,
        0x61, 0xC0, 0x60, 0xC0, 0x60, 0xC0, 0x60, 0xC0, 0x60, 0xC0, 0x60, 0xC0, 0x61, 0xC0, 0x71,
        0xC0, 0x3F, 0xE0, 0x3C, 0xF0, 0x01, 0x00, 0x03, 0x00, 0x06, 0x00, 0x04, 0x00, 0x00, 0x00,
        0xFD, 0xF0, 0x70, 0xC0, 0x30, 0xC0, 0x38, 0x80, 0x38, 0x80, 0x19, 0x80, 0x1D, 0x00, 0x0D,
        0x00, 0x0E, 0x00, 0x06, 0x00, 0x06, 0x00, 0x04, 0x00, 0x04, 0x00, 0xE8, 0x00, 0xF8, 0x00,
        0x70, 0x00, 0xF0, 0x00, 0x70, 0x00, 0x30, 0x00, 0x30, 0x00, 0x30, 0x00, 0x37, 0x80, 0x3D,
        0xC0, 0x30, 0xE0, 0x30, 0xE0, 0x30, 0x60, 0x30, 0x60, 0x30, 0xE0, 0x30, 0xE0, 0x30, 0xC0,
        0x39, 0xC0, 0x3F, 0x80, 0x30, 0x00, 0x30, 0x00, 0x30, 0x00, 0x78, 0x00, 0xFC, 0x00, 0x31,
        0x80, 0x31, 0x80, 0x11, 0x00, 0x00, 0x00, 0x00, 0x00, 0xF1, 0xE0, 0xE0, 0xC0, 0x60, 0x80,
        0x70, 0x80, 0x31, 0x00, 0x31, 0x00, 0x3A, 0x00, 0x1A, 0x00, 0x1E, 0x00, 0x0C, 0x00, 0x0C,
        0x00, 0x0C, 0x00, 0x08, 0x00, 0xD8, 0x00, 0xF0, 0x00, 0xE0, 0x00, 0xFF, 0x80, 0xFF, 0xFF,
        0xE0, 0x20, 0x40, 0xC0, 0xE0, 0xE0, 0x60, 0xC0, 0xE0, 0xE0, 0x60, 0x40, 0x80, 0x40, 0xE0,
        0xE0, 0x60, 0x40, 0x80, 0x22, 0x44, 0xCC, 0xEE, 0xEE, 0x66, 0xCC, 0xEE, 0xEE, 0x66, 0x44,
        0x88, 0x44, 0xEE, 0xEE, 0x66, 0x44, 0x88, 0x70, 0xF8, 0xF8, 0xF8, 0x70, 0xE1, 0xC3, 0x80,
        0xE1, 0xC3, 0x80, 0xE1, 0xC3, 0x80, 0x10, 0x30, 0x60, 0xE0, 0xC0, 0x60, 0x30, 0x30, 0x10,
        0x80, 0xC0, 0x60, 0x70, 0x30, 0x60, 0xC0, 0x80, 0x07, 0xF0, 0x1E, 0x70, 0x18, 0x30, 0x30,
        0x10, 0x30, 0x00, 0xFF, 0x00, 0x70, 0x00, 0x70, 0x00, 0xFF, 0x00, 0x70, 0x00, 0x30, 0x00,
        0x38, 0x10, 0x18, 0x30, 0x0E, 0x70, 0x07, 0xF0, 0xFF, 0x70, 0xF0, 0x99, 0x31, 0xC0, 0x99,
        0x39, 0xC0, 0x18, 0x2B, 0x40, 0x18, 0x2E, 0x60, 0x18, 0x2E, 0x60, 0x18, 0x24, 0x60, 0x3C,
        0xE0, 0xE0, 0xFF,
    ],
    line_height: 24,
};

// LITERATA_LARGE: 22 px, cap 16, line height 28, gray 128
pub static LITERATA_LARGE: BitmapFont = BitmapFont {
    glyphs: &[
        Glyph::new(0, 0, 0, 4, 0, 0),
        Glyph::new(0, 3, 16, 7, 2, -16),
        Glyph::new(16, 6, 6, 9, 1, -18),
        Glyph::new(22, 13, 12, 15, 1, -12),
        Glyph::new(46, 11, 20, 13, 1, -18),
        Glyph::new(86, 18, 14, 19, 1, -14),
        Glyph::new(128, 16, 16, 18, 1, -16),
        Glyph::new(160, 2, 6, 5, 2, -18),
        Glyph::new(166, 5, 22, 8, 2, -18),
        Glyph::new(188, 6, 22, 8, 0, -18),
        Glyph::new(210, 8, 9, 10, 1, -18),
        Glyph::new(219, 9, 10, 13, 2, -12),
        Glyph::new(239, 4, 6, 7, 2, -3),
        Glyph::new(245, 6, 1, 8, 1, -7),
        Glyph::new(246, 4, 3, 7, 2, -3),
        Glyph::new(249, 8, 21, 10, 1, -18),
        Glyph::new(270, 12, 16, 13, 1, -16),
        Glyph::new(302, 8, 16, 9, 1, -16),
        Glyph::new(318, 10, 16, 11, 1, -16),
        Glyph::new(350, 10, 16, 12, 1, -16),
        Glyph::new(382, 12, 16, 13, 0, -16),
        Glyph::new(414, 10, 16, 11, 1, -16),
        Glyph::new(446, 11, 16, 12, 1, -16),
        Glyph::new(478, 10, 16, 11, 1, -16),
        Glyph::new(510, 11, 16, 12, 1, -16),
        Glyph::new(542, 11, 16, 12, 0, -16),
        Glyph::new(574, 4, 12, 7, 2, -12),
        Glyph::new(586, 4, 15, 7, 2, -12),
        Glyph::new(601, 9, 11, 13, 2, -12),
        Glyph::new(623, 9, 5, 13, 2, -9),
        Glyph::new(633, 9, 11, 13, 2, -12),
        Glyph::new(655, 9, 16, 12, 1, -16),
        Glyph::new(687, 17, 17, 19, 1, -13),
        Glyph::new(738, 16, 16, 16, 0, -16),
        Glyph::new(770, 13, 16, 15, 1, -16),
        Glyph::new(802, 13, 16, 15, 1, -16),
        Glyph::new(834, 15, 16, 17, 1, -16),
        Glyph::new(866, 12, 16, 14, 1, -16),
        Glyph::new(898, 11, 16, 14, 2, -16),
        Glyph::new(930, 15, 16, 17, 1, -16),
        Glyph::new(962, 16, 16, 18, 1, -16),
        Glyph::new(994, 6, 16, 9, 2, -16),
        Glyph::new(1010, 11, 16, 12, 1, -16),
        Glyph::new(1042, 14, 16, 17, 2, -16),
        Glyph::new(1074, 12, 16, 14, 1, -16),
        Glyph::new(1106, 20, 16, 22, 1, -16),
        Glyph::new(1154, 15, 16, 18, 2, -16),
        Glyph::new(1186, 15, 16, 17, 1, -16),
        Glyph::new(1218, 12, 16, 14, 1, -16),
        Glyph::new(1250, 18, 20, 17, 1, -16),
        Glyph::new(1310, 14, 16, 16, 1, -16),
        Glyph::new(1342, 11, 16, 13, 1, -16),
        Glyph::new(1374, 13, 16, 16, 2, -16),
        Glyph::new(1406, 15, 16, 18, 1, -16),
        Glyph::new(1438, 15, 16, 16, 1, -16),
        Glyph::new(1470, 23, 16, 24, 0, -16),
        Glyph::new(1518, 15, 16, 16, 0, -16),
        Glyph::new(1550, 15, 16, 16, 0, -16),
        Glyph::new(1582, 13, 16, 15, 1, -16),
        Glyph::new(1614, 5, 23, 7, 2, -18),
        Glyph::new(1637, 8, 21, 10, 1, -18),
        Glyph::new(1658, 5, 23, 7, 1, -18),
        Glyph::new(1681, 11, 8, 13, 1, -16),
        Glyph::new(1697, 10, 1, 10, 0, 1),
        Glyph::new(1699, 4, 4, 11, 3, -18),
        Glyph::new(1703, 11, 12, 12, 1, -12),
        Glyph::new(1727, 13, 18, 14, 0, -18),
        Glyph::new(1763, 10, 12, 11, 1, -12),
        Glyph::new(1787, 13, 18, 14, 1, -18),
        Glyph::new(1823, 10, 12, 12, 1, -12),
        Glyph::new(1847, 10, 18, 9, 1, -18),
        Glyph::new(1883, 12, 18, 13, 1, -13),
        Glyph::new(1919, 13, 18, 15, 1, -18),
        Glyph::new(1955, 6, 18, 8, 1, -18),
        Glyph::new(1973, 5, 23, 7, 0, -18),
        Glyph::new(1996, 13, 18, 14, 1, -18),
        Glyph::new(2032, 6, 18, 8, 1, -18),
        Glyph::new(2050, 19, 12, 21, 1, -12),
        Glyph::new(2086, 13, 12, 15, 1, -12),
        Glyph::new(2110, 11, 12, 13, 1, -12),
        Glyph::new(2134, 12, 17, 14, 1, -12),
        Glyph::new(2168, 12, 17, 14, 1, -12),
        Glyph::new(2202, 9, 12, 11, 1, -12),
        Glyph::new(2226, 9, 12, 10, 1, -12),
        Glyph::new(2250, 8, 16, 9, 1, -16),
        Glyph::new(2266, 14, 12, 14, 0, -12),
        Glyph::new(2290, 13, 12, 13, 0, -12),
        Glyph::new(2314, 19, 12, 19, 0, -12),
        Glyph::new(2350, 12, 12, 13, 0, -12),
        Glyph::new(2374, 13, 17, 13, 0, -12),
        Glyph::new(2408, 9, 12, 11, 1, -12),
        Glyph::new(2432, 7, 24, 8, 1, -19),
        Glyph::new(2456, 2, 21, 9, 4, -18),
        Glyph::new(2477, 7, 24, 8, 0, -19),
        Glyph::new(2501, 9, 2, 13, 2, -8),
        Glyph::new(2505, 0, 0, 4, 0, 0),
        Glyph::new(2505, 3, 17, 7, 2, -12),
        Glyph::new(2522, 10, 16, 11, 1, -15),
        Glyph::new(2554, 11, 16, 12, 1, -16),
        Glyph::new(2586, 10, 10, 12, 1, -13),
        Glyph::new(2606, 15, 16, 16, 1, -16),
        Glyph::new(2638, 2, 21, 9, 3, -18),
        Glyph::new(2659, 12, 20, 14, 1, -16),
        Glyph::new(2699, 8, 3, 11, 1, -17),
        Glyph::new(2702, 15, 15, 18, 1, -15),
        Glyph::new(2732, 8, 8, 9, 1, -16),
        Glyph::new(2740, 9, 10, 11, 1, -11),
        Glyph::new(2760, 10, 5, 13, 1, -8),
        Glyph::new(2770, 0, 0, 0, 0, 0),
        Glyph::new(2770, 9, 8, 11, 1, -17),
        Glyph::new(2786, 6, 1, 11, 3, -16),
        Glyph::new(2787, 5, 5, 7, 1, -18),
        Glyph::new(2792, 9, 12, 13, 2, -12),
        Glyph::new(2816, 7, 10, 9, 1, -18),
        Glyph::new(2826, 7, 10, 9, 1, -18),
        Glyph::new(2836, 4, 4, 11, 4, -18),
        Glyph::new(2840, 11, 17, 14, 2, -12),
        Glyph::new(2874, 11, 20, 13, 1, -16),
        Glyph::new(2914, 4, 4, 7, 2, -9),
        Glyph::new(2918, 5, 5, 11, 3, 0),
        Glyph::new(2923, 6, 10, 7, 1, -18),
        Glyph::new(2933, 8, 8, 10, 1, -16),
        Glyph::new(2941, 9, 10, 11, 1, -11),
        Glyph::new(2961, 20, 17, 20, 0, -16),
        Glyph::new(3012, 20, 16, 22, 1, -16),
        Glyph::new(3060, 20, 17, 21, 1, -16),
        Glyph::new(3111, 9, 17, 12, 2, -12),
        Glyph::new(3145, 16, 21, 16, 0, -21),
        Glyph::new(3187, 16, 21, 16, 0, -21),
        Glyph::new(3229, 16, 21, 16, 0, -21),
        Glyph::new(3271, 16, 21, 16, 0, -21),
        Glyph::new(3313, 16, 21, 16, 0, -21),
        Glyph::new(3355, 16, 22, 16, 0, -22),
        Glyph::new(3399, 20, 16, 22, 1, -16),
        Glyph::new(3447, 13, 21, 15, 1, -16),
        Glyph::new(3489, 12, 21, 14, 1, -21),
        Glyph::new(3531, 12, 21, 14, 1, -21),
        Glyph::new(3573, 12, 21, 14, 1, -21),
        Glyph::new(3615, 12, 21, 14, 1, -21),
        Glyph::new(3657, 6, 21, 9, 2, -21),
        Glyph::new(3678, 6, 21, 9, 2, -21),
        Glyph::new(3699, 6, 21, 9, 2, -21),
        Glyph::new(3720, 8, 21, 9, 1, -21),
        Glyph::new(3741, 16, 16, 17, 0, -16),
        Glyph::new(3773, 15, 21, 18, 2, -21),
        Glyph::new(3815, 15, 21, 17, 1, -21),
        Glyph::new(3857, 15, 21, 17, 1, -21),
        Glyph::new(3899, 15, 22, 17, 1, -22),
        Glyph::new(3943, 15, 21, 17, 1, -21),
        Glyph::new(3985, 15, 21, 17, 1, -21),
        Glyph::new(4027, 7, 8, 13, 3, -11),
        Glyph::new(4035, 15, 16, 17, 1, -16),
        Glyph::new(4067, 15, 21, 18, 1, -21),
        Glyph::new(4109, 15, 21, 18, 1, -21),
        Glyph::new(4151, 15, 22, 18, 1, -22),
        Glyph::new(4195, 15, 21, 18, 1, -21),
        Glyph::new(4237, 15, 21, 16, 0, -21),
        Glyph::new(4279, 12, 16, 14, 1, -16),
        Glyph::new(4311, 15, 18, 16, 0, -18),
        Glyph::new(4347, 11, 18, 12, 1, -18),
        Glyph::new(4383, 11, 18, 12, 1, -18),
        Glyph::new(4419, 11, 18, 12, 1, -18),
        Glyph::new(4455, 11, 17, 12, 1, -17),
        Glyph::new(4489, 11, 18, 12, 1, -18),
        Glyph::new(4525, 11, 19, 12, 1, -19),
        Glyph::new(4563, 16, 12, 18, 1, -12),
        Glyph::new(4587, 10, 17, 11, 1, -12),
        Glyph::new(4621, 10, 18, 12, 1, -18),
        Glyph::new(4657, 10, 18, 12, 1, -18),
        Glyph::new(4693, 10, 18, 12, 1, -18),
        Glyph::new(4729, 10, 18, 12, 1, -18),
        Glyph::new(4765, 6, 18, 8, 1, -18),
        Glyph::new(4783, 6, 18, 8, 1, -18),
        Glyph::new(4801, 7, 18, 8, 0, -18),
        Glyph::new(4819, 7, 18, 8, 0, -18),
        Glyph::new(4837, 11, 18, 13, 1, -18),
        Glyph::new(4873, 13, 17, 15, 1, -17),
        Glyph::new(4907, 11, 18, 13, 1, -18),
        Glyph::new(4943, 11, 18, 13, 1, -18),
        Glyph::new(4979, 11, 18, 13, 1, -18),
        Glyph::new(5015, 11, 17, 13, 1, -17),
        Glyph::new(5049, 11, 18, 13, 1, -18),
        Glyph::new(5085, 10, 10, 13, 1, -12),
        Glyph::new(5105, 11, 12, 13, 1, -12),
        Glyph::new(5129, 14, 18, 14, 0, -18),
        Glyph::new(5165, 14, 18, 14, 0, -18),
        Glyph::new(5201, 14, 18, 14, 0, -18),
        Glyph::new(5237, 14, 18, 14, 0, -18),
        Glyph::new(5273, 13, 23, 13, 0, -18),
        Glyph::new(5319, 12, 23, 14, 0, -18),
        Glyph::new(5365, 13, 23, 13, 0, -18),
        Glyph::new(5411, 10, 1, 11, 0, -7),
        Glyph::new(5413, 21, 1, 22, 0, -7),
        Glyph::new(5416, 3, 6, 7, 2, -18),
        Glyph::new(5422, 3, 6, 7, 2, -18),
        Glyph::new(5428, 3, 6, 7, 2, -3),
        Glyph::new(5434, 8, 6, 12, 2, -18),
        Glyph::new(5440, 8, 6, 12, 2, -18),
        Glyph::new(5446, 8, 6, 10, 1, -3),
        Glyph::new(5452, 5, 5, 8, 2, -10),
        Glyph::new(5457, 18, 3, 20, 1, -3),
        Glyph::new(5466, 5, 10, 7, 1, -11),
        Glyph::new(5476, 5, 10, 7, 1, -11),
        Glyph::new(5486, 14, 16, 15, 0, -16),
        Glyph::new(5518, 21, 9, 23, 1, -14),
        Glyph::new(5545, 9, 2, 13, 2, -8),
    ],
    bitmap: &[
        0xE0, 0xE0, 0xE0, 0xE0, 0xE0, 0xC0, 0x40, 0x40, 0x40, 0x40, 0x40, 0x40, 0x00, 0xE0, 0xE0,
        0xE0, 0xCC, 0xCC, 0xCC, 0xC8, 0xC8, 0x48, 0x08, 0x40, 0x08, 0x40, 0x7F, 0xF8, 0x18, 0xC0,
        0x18, 0xC0, 0x10, 0xC0, 0x10, 0xC0, 0x10, 0x80, 0xFF, 0xF0, 0x31, 0x80, 0x30, 0x80, 0x31,
        0x80, 0x04, 0x00, 0x04, 0x00, 0x1E, 0xC0, 0x7F, 0xC0, 0xE4, 0xC0, 0xE4, 0x40, 0xE4, 0x40,
        0xF4, 0x00, 0x7C, 0x00, 0x7F, 0x00, 0x1F, 0xC0, 0x07, 0xC0, 0x05, 0xE0, 0x84, 0xE0, 0xC4,
        0xE0, 0xC4, 0xC0, 0xFD, 0x80, 0x9F, 0x00, 0x04, 0x00, 0x04, 0x00, 0x3C, 0x18, 0x00, 0x6E,
        0x18, 0x00, 0xC7, 0x30, 0x00, 0xC7, 0x20, 0x00, 0xC7, 0x60, 0x00, 0xEE, 0xC0, 0x00, 0x7C,
        0xC0, 0x00, 0x01, 0x8F, 0x00, 0x01, 0x9B, 0x80, 0x03, 0x31, 0xC0, 0x02, 0x31, 0xC0, 0x06,
        0x31, 0x80, 0x0C, 0x1B, 0x80, 0x0C, 0x0F, 0x00, 0x1F, 0x00, 0x3F, 0x80, 0x70, 0xC0, 0x70,
        0xC0, 0x30, 0x86, 0x18, 0x0F, 0x1E, 0x1B, 0x37, 0x10, 0x67, 0x90, 0xE3, 0xE0, 0xE1, 0xE0,
        0xE0, 0xE0, 0xE0, 0x70, 0x70, 0x79, 0x79, 0xDF, 0x1F, 0x0E, 0xC0, 0xC0, 0xC0, 0xC0, 0xC0,
        0x40, 0x08, 0x18, 0x30, 0x30, 0x70, 0x60, 0x60, 0xE0, 0xE0, 0xE0, 0xE0, 0xE0, 0xE0, 0xE0,
        0xE0, 0x60, 0x60, 0x70, 0x30, 0x30, 0x18, 0x08, 0x40, 0x60, 0x60, 0x30, 0x30, 0x38, 0x18,
        0x18, 0x1C, 0x1C, 0x1C, 0x1C, 0x1C, 0x18, 0x18, 0x18, 0x38, 0x30, 0x30, 0x60, 0x60, 0xC0,
        0x18, 0x18, 0xDB, 0x7E, 0x38, 0x7E, 0xDA, 0x18, 0x18, 0x0C, 0x00, 0x0C, 0x00, 0x0C, 0x00,
        0x0C, 0x00, 0xFF, 0x80, 0x0C, 0x00, 0x0C, 0x00, 0x0C, 0x00, 0x0C, 0x00, 0x0C, 0x00, 0x60,
        0xF0, 0xF0, 0x30, 0x20, 0x40, 0xFC, 0x60, 0xF0, 0x60, 0x03, 0x03, 0x02, 0x06, 0x06, 0x04,
        0x0C, 0x0C, 0x08, 0x18, 0x18, 0x10, 0x30, 0x30, 0x20, 0x60, 0x60, 0x40, 0xC0, 0xC0, 0x80,
        0x0F, 0x00, 0x3B, 0xC0, 0x70, 0xC0, 0x60, 0xE0, 0xE0, 0x60, 0xE0, 0x70, 0xE0, 0x70, 0xE0,
        0x70, 0xE0, 0x70, 0xE0, 0x70, 0xE0, 0x60, 0xE0, 0x60, 0x60, 0xE0, 0x70, 0xC0, 0x3D, 0x80,
        0x0F, 0x00, 0xF8, 0xF8, 0x38, 0x38, 0x38, 0x38, 0x38, 0x38, 0x38, 0x38, 0x38, 0x38, 0x38,
        0x38, 0x3C, 0xFF, 0x3E, 0x00, 0x77, 0x80, 0xC3, 0x80, 0xE1, 0xC0, 0xC1, 0xC0, 0x01, 0xC0,
        0x03, 0x80, 0x03, 0x80, 0x07, 0x00, 0x0E, 0x00, 0x0C, 0x00, 0x18, 0x40, 0x30, 0xC0, 0x60,
        0xC0, 0xFF, 0xC0, 0xFF, 0xC0, 0x3F, 0x00, 0x77, 0x80, 0xC1, 0x80, 0xE1, 0xC0, 0xC1, 0xC0,
        0x01, 0x80, 0x03, 0x80, 0x1E, 0x00, 0x1F, 0x00, 0x03, 0x80, 0x01, 0xC0, 0x01, 0xC0, 0x01,
        0xC0, 0x81, 0xC0, 0xF7, 0x80, 0x3E, 0x00, 0x01, 0x80, 0x03, 0x80, 0x07, 0x80, 0x0F, 0x80,
        0x0B, 0x80, 0x1B, 0x80, 0x13, 0x80, 0x33, 0x80, 0x63, 0x80, 0x43, 0x80, 0xC3, 0x80, 0xFF,
        0xF0, 0x03, 0x80, 0x03, 0x80, 0x03, 0x80, 0x0F, 0xE0, 0x7F, 0x80, 0x7F, 0x80, 0x60, 0x00,
        0x40, 0x00, 0x40, 0x00, 0x40, 0x00, 0x7F, 0x00, 0x67, 0x80, 0x03, 0x80, 0x01, 0xC0, 0x01,
        0xC0, 0x01, 0xC0, 0x01, 0x80, 0x83, 0x80, 0xE7, 0x00, 0x3E, 0x00, 0x0F, 0x80, 0x1D, 0xC0,
        0x30, 0xE0, 0x60, 0x40, 0x60, 0x00, 0xEF, 0x00, 0xFB, 0xC0, 0xE1, 0xC0, 0xE0, 0xE0, 0xE0,
        0xE0, 0xE0, 0xE0, 0xE0, 0xE0, 0xE0, 0xC0, 0x61, 0xC0, 0x3B, 0x80, 0x1F, 0x00, 0xFF, 0xC0,
        0xFF, 0xC0, 0xC0, 0xC0, 0xC1, 0x80, 0x81, 0x00, 0x03, 0x00, 0x06, 0x00, 0x06, 0x00, 0x0E,
        0x00, 0x0C, 0x00, 0x0C, 0x00, 0x0C, 0x00, 0x1C, 0x00, 0x1C, 0x00, 0x1C, 0x00, 0x1C, 0x00,
        0x1F, 0x00, 0x7B, 0xC0, 0x60, 0xE0, 0xE0, 0xE0, 0xE0, 0xC0, 0x70, 0xC0, 0x79, 0x80, 0x1F,
        0x00, 0x3F, 0xC0, 0x61, 0xE0, 0xE0, 0xE0, 0xE0, 0xE0, 0xE0, 0xE0, 0xE0, 0xC0, 0x7B, 0xC0,
        0x1F, 0x00, 0x1F, 0x00, 0x7B, 0x80, 0x61, 0xC0, 0xE0, 0xC0, 0xE0, 0xC0, 0xE0, 0xE0, 0xE0,
        0xE0, 0xE0, 0xE0, 0x71, 0xE0, 0x3E, 0xE0, 0x00, 0xC0, 0x00, 0xC0, 0x01, 0xC0, 0x01, 0x80,
        0xF7, 0x80, 0x3E, 0x00, 0x60, 0xF0, 0xF0, 0x60, 0x00, 0x00, 0x00, 0x00, 0x00, 0x60, 0xF0,
        0x60, 0x60, 0xF0, 0xF0, 0x60, 0x00, 0x00, 0x00, 0x00, 0x00, 0x60, 0xF0, 0xF0, 0x30, 0x20,
        0x40, 0x01, 0x80, 0x03, 0x00, 0x0E, 0x00, 0x38, 0x00, 0x60, 0x00, 0xC0, 0x00, 0x70, 0x00,
        0x38, 0x00, 0x0E, 0x00, 0x03, 0x00, 0x01, 0x80, 0xFF, 0x80, 0x00, 0x00, 0x00, 0x00, 0x00,
        0x00, 0xFF, 0x80, 0xC0, 0x00, 0x60, 0x00, 0x38, 0x00, 0x0E, 0x00, 0x03, 0x00, 0x01, 0x80,
        0x07, 0x00, 0x0E, 0x00, 0x38, 0x00, 0x60, 0x00, 0xC0, 0x00, 0x3E, 0x00, 0x77, 0x00, 0xE3,
        0x80, 0xE3, 0x80, 0x43, 0x80, 0x03, 0x00, 0x07, 0x00, 0x0E, 0x00, 0x0C, 0x00, 0x08, 0x00,
        0x08, 0x00, 0x08, 0x00, 0x00, 0x00, 0x1C, 0x00, 0x1C, 0x00, 0x1C, 0x00, 0x07, 0xF8, 0x00,
        0x0E, 0x1C, 0x00, 0x38, 0x02, 0x00, 0x33, 0xD1, 0x00, 0x67, 0x31, 0x80, 0x66, 0x30, 0x80,
        0xCC, 0x30, 0x80, 0xCC, 0x70, 0x80, 0xCC, 0x70, 0x80, 0xCC, 0x71, 0x80, 0xCC, 0xB1, 0x00,
        0xCF, 0xBF, 0x00, 0x67, 0x1C, 0x00, 0x60, 0x00, 0x00, 0x30, 0x08, 0x00, 0x1C, 0x38, 0x00,
        0x0F, 0xE0, 0x00, 0x03, 0xC0, 0x03, 0xC0, 0x03, 0xE0, 0x06, 0xE0, 0x06, 0xE0, 0x04, 0x70,
        0x0C, 0x70, 0x0C, 0x70, 0x08, 0x38, 0x18, 0x38, 0x1F, 0xF8, 0x10, 0x1C, 0x30, 0x1C, 0x20,
        0x0C, 0x60, 0x1E, 0xF8, 0x3F, 0xFF, 0x80, 0x79, 0xE0, 0x38, 0x60, 0x38, 0x70, 0x38, 0x70,
        0x38, 0x60, 0x38, 0xC0, 0x3F, 0x80, 0x38, 0xE0, 0x38, 0x70, 0x38, 0x38, 0x38, 0x38, 0x38,
        0x38, 0x38, 0x70, 0x79, 0xE0, 0xFF, 0xC0, 0x0F, 0x90, 0x1E, 0xF0, 0x30, 0x30, 0x70, 0x18,
        0x60, 0x18, 0xE0, 0x00, 0xE0, 0x00, 0xE0, 0x00, 0xE0, 0x00, 0xE0, 0x00, 0xE0, 0x00, 0x60,
        0x00, 0x70, 0x08, 0x38, 0x18, 0x1E, 0x70, 0x07, 0xC0, 0xFF, 0xC0, 0x79, 0xF0, 0x38, 0x38,
        0x38, 0x1C, 0x38, 0x1C, 0x38, 0x0C, 0x38, 0x0E, 0x38, 0x0E, 0x38, 0x0E, 0x38, 0x0E, 0x38,
        0x0C, 0x38, 0x1C, 0x38, 0x18, 0x38, 0x38, 0x79, 0xE0, 0xFF, 0x80, 0xFF, 0xE0, 0x78, 0xE0,
        0x38, 0x20, 0x38, 0x30, 0x38, 0x00, 0x38, 0x80, 0x38, 0xC0, 0x3F, 0xC0, 0x38, 0xC0, 0x38,
        0xC0, 0x38, 0x00, 0x38, 0x00, 0x38, 0x30, 0x38, 0x30, 0x38, 0x70, 0xFF, 0xF0, 0xFF, 0xE0,
        0x79, 0xE0, 0x38, 0x60, 0x38, 0x20, 0x38, 0x20, 0x38, 0x00, 0x38, 0x80, 0x38, 0x80, 0x3F,
        0x80, 0x39, 0x80, 0x38, 0x80, 0x38, 0x00, 0x38, 0x00, 0x38, 0x00, 0x38, 0x00, 0xFE, 0x00,
        0x0F, 0x90, 0x1C, 0xF0, 0x30, 0x38, 0x70, 0x18, 0x60, 0x18, 0xE0, 0x00, 0xE0, 0x00, 0xE0,
        0x00, 0xE0, 0x7E, 0xE0, 0x3C, 0xE0, 0x38, 0x60, 0x38, 0x70, 0x38, 0x38, 0x38, 0x1E, 0xF8,
        0x0F, 0xD8, 0xFC, 0x3F, 0x38, 0x1C, 0x38, 0x1C, 0x38, 0x1C, 0x38, 0x1C, 0x38, 0x1C, 0x38,
        0x1C, 0x3F, 0xFC, 0x3F, 0xFC, 0x38, 0x1C, 0x38, 0x1C, 0x38, 0x1C, 0x38, 0x1C, 0x38, 0x1C,
        0x38, 0x1C, 0xFC, 0x3F, 0xFC, 0x38, 0x38, 0x38, 0x38, 0x38, 0x38, 0x38, 0x38, 0x38, 0x38,
        0x38, 0x38, 0x38, 0x38, 0xFC, 0x0F, 0xE0, 0x03, 0x80, 0x03, 0x80, 0x03, 0x80, 0x03, 0x80,
        0x03, 0x80, 0x03, 0x80, 0x03, 0x80, 0x03, 0x80, 0x03, 0x80, 0x03, 0x80, 0x63, 0x80, 0xE3,
        0x80, 0xE3, 0x00, 0x77, 0x00, 0x3C, 0x00, 0xFC, 0xFC, 0x38, 0x70, 0x38, 0x60, 0x38, 0x40,
        0x38, 0x80, 0x39, 0x00, 0x3A, 0x00, 0x3F, 0x00, 0x3F, 0x00, 0x3B, 0x80, 0x39, 0xC0, 0x39,
        0xC0, 0x38, 0xE0, 0x38, 0x60, 0x38, 0x78, 0xFC, 0x3C, 0xFE, 0x00, 0x38, 0x00, 0x38, 0x00,
        0x38, 0x00, 0x38, 0x00, 0x38, 0x00, 0x38, 0x00, 0x38, 0x00, 0x38, 0x00, 0x38, 0x00, 0x38,
        0x00, 0x38, 0x10, 0x38, 0x30, 0x38, 0x30, 0x38, 0xF0, 0xFF, 0xE0, 0x7C, 0x07, 0xE0, 0x3C,
        0x07, 0x80, 0x3E, 0x07, 0x80, 0x3E, 0x0F, 0x80, 0x36, 0x0B, 0x80, 0x37, 0x0B, 0x80, 0x37,
        0x1B, 0x80, 0x33, 0x13, 0x80, 0x33, 0xB3, 0x80, 0x33, 0xB3, 0x80, 0x31, 0xE3, 0x80, 0x31,
        0xE3, 0x80, 0x30, 0xC3, 0x80, 0x30, 0x03, 0x80, 0x30, 0x03, 0xC0, 0xF8, 0x07, 0xF0, 0xF8,
        0x3E, 0x3C, 0x0C, 0x3C, 0x0C, 0x3E, 0x0C, 0x36, 0x0C, 0x37, 0x0C, 0x33, 0x8C, 0x33, 0x8C,
        0x31, 0xCC, 0x31, 0xCC, 0x30, 0xEC, 0x30, 0x6C, 0x30, 0x7C, 0x30, 0x3C, 0x30, 0x3C, 0xF8,
        0x1C, 0x07, 0xC0, 0x1E, 0xF0, 0x30, 0x38, 0x70, 0x1C, 0x60, 0x1C, 0xE0, 0x0C, 0xE0, 0x0E,
        0xE0, 0x0E, 0xE0, 0x0E, 0xE0, 0x0E, 0xE0, 0x0C, 0x60, 0x0C, 0x70, 0x18, 0x38, 0x38, 0x1E,
        0xF0, 0x07, 0xC0, 0xFF, 0x80, 0x79, 0xE0, 0x38, 0x70, 0x38, 0x70, 0x38, 0x70, 0x38, 0x70,
        0x38, 0x70, 0x38, 0xE0, 0x3F, 0xC0, 0x38, 0x00, 0x38, 0x00, 0x38, 0x00, 0x38, 0x00, 0x38,
        0x00, 0x78, 0x00, 0xFE, 0x00, 0x07, 0xC0, 0x00, 0x1E, 0xF0, 0x00, 0x30, 0x38, 0x00, 0x70,
        0x1C, 0x00, 0x60, 0x1C, 0x00, 0xE0, 0x0C, 0x00, 0xE0, 0x0E, 0x00, 0xE0, 0x0E, 0x00, 0xE0,
        0x0E, 0x00, 0xE0, 0x0E, 0x00, 0xEF, 0x0C, 0x00, 0x7B, 0x9C, 0x00, 0x71, 0xDC, 0x00, 0x38,
        0xF8, 0x00, 0x1E, 0xF0, 0x00, 0x07, 0xF0, 0x00, 0x00, 0x38, 0x00, 0x00, 0x3C, 0xC0, 0x00,
        0x1F, 0x80, 0x00, 0x0F, 0x00, 0xFF, 0x80, 0x79, 0xE0, 0x38, 0x70, 0x38, 0x70, 0x38, 0x70,
        0x38, 0x70, 0x38, 0xE0, 0x3F, 0x80, 0x3B, 0x80, 0x39, 0xC0, 0x38, 0xE0, 0x38, 0xE0, 0x38,
        0x70, 0x38, 0x70, 0x78, 0x78, 0xFE, 0x3C, 0x1E, 0x40, 0x7B, 0xC0, 0xE0, 0xC0, 0xE0, 0xC0,
        0xE0, 0x40, 0xF0, 0x00, 0x7C, 0x00, 0x7F, 0x00, 0x1F, 0xC0, 0x03, 0xC0, 0x01, 0xE0, 0x80,
        0xE0, 0xC0, 0xE0, 0xC0, 0xC0, 0xFB, 0x80, 0x9F, 0x00, 0xFF, 0xF8, 0xF7, 0x38, 0xC7, 0x18,
        0x87, 0x08, 0x87, 0x08, 0x07, 0x00, 0x07, 0x00, 0x07, 0x00, 0x07, 0x00, 0x07, 0x00, 0x07,
        0x00, 0x07, 0x00, 0x07, 0x00, 0x07, 0x00, 0x07, 0x00, 0x1F, 0xC0, 0xFC, 0x3E, 0x38, 0x0C,
        0x38, 0x0C, 0x38, 0x0C, 0x38, 0x0C, 0x38, 0x0C, 0x38, 0x0C, 0x38, 0x0C, 0x38, 0x0C, 0x38,
        0x0C, 0x38, 0x0C, 0x38, 0x0C, 0x38, 0x08, 0x1C, 0x18, 0x0F, 0x70, 0x07, 0xE0, 0xFC, 0x3E,
        0x78, 0x1C, 0x30, 0x08, 0x38, 0x18, 0x38, 0x10, 0x18, 0x10, 0x1C, 0x30, 0x1C, 0x20, 0x0C,
        0x20, 0x0E, 0x60, 0x0E, 0x60, 0x06, 0x40, 0x07, 0xC0, 0x07, 0xC0, 0x03, 0x80, 0x03, 0x80,
        0xFC, 0x38, 0x3E, 0x78, 0x3C, 0x1C, 0x30, 0x3C, 0x08, 0x38, 0x3C, 0x18, 0x38, 0x6C, 0x18,
        0x38, 0x6E, 0x10, 0x18, 0x4E, 0x10, 0x1C, 0x46, 0x10, 0x1C, 0xC7, 0x30, 0x1C, 0xC7, 0x20,
        0x0C, 0x87, 0x20, 0x0C, 0x83, 0x20, 0x0F, 0x83, 0xE0, 0x0F, 0x83, 0xE0, 0x07, 0x01, 0xC0,
        0x07, 0x01, 0xC0, 0xFC, 0x3C, 0x78, 0x18, 0x38, 0x10, 0x1C, 0x30, 0x1C, 0x60, 0x0E, 0xC0,
        0x07, 0xC0, 0x07, 0x80, 0x03, 0xC0, 0x07, 0xC0, 0x0C, 0xE0, 0x08, 0xE0, 0x18, 0x70, 0x30,
        0x38, 0x70, 0x3C, 0xF8, 0x7E, 0xFE, 0x3E, 0x7C, 0x1C, 0x38, 0x18, 0x1C, 0x10, 0x1E, 0x30,
        0x0E, 0x20, 0x07, 0x60, 0x07, 0xC0, 0x03, 0xC0, 0x03, 0x80, 0x03, 0x80, 0x03, 0x80, 0x03,
        0x80, 0x03, 0x80, 0x03, 0x80, 0x0F, 0xE0, 0x7F, 0xF8, 0x78, 0x78, 0x60, 0x70, 0x60, 0xF0,
        0x40, 0xE0, 0x01, 0xC0, 0x03, 0x80, 0x03, 0x80, 0x07, 0x00, 0x0E, 0x00, 0x0E, 0x00, 0x1C,
        0x08, 0x38, 0x18, 0x78, 0x18, 0x70, 0x78, 0xFF, 0xF8, 0xF8, 0xE0, 0xE0, 0xE0, 0xE0, 0xE0,
        0xE0, 0xE0, 0xE0, 0xE0, 0xE0, 0xE0, 0xE0, 0xE0, 0xE0, 0xE0, 0xE0, 0xE0, 0xE0, 0xE0, 0xE0,
        0xE0, 0xF8, 0x80, 0xC0, 0xC0, 0x40, 0x60, 0x60, 0x20, 0x30, 0x30, 0x10, 0x18, 0x18, 0x08,
        0x0C, 0x0C, 0x04, 0x06, 0x06, 0x02, 0x03, 0x03, 0xF8, 0x38, 0x38, 0x38, 0x38, 0x38, 0x38,
        0x38, 0x38, 0x38, 0x38, 0x38, 0x38, 0x38, 0x38, 0x38, 0x38, 0x38, 0x38, 0x38, 0x38, 0x38,
        0xF8, 0x04, 0x00, 0x0E, 0x00, 0x1B, 0x00, 0x13, 0x00, 0x31, 0x80, 0x60, 0x80, 0x60, 0xC0,
        0xC0, 0x60, 0xFF, 0xC0, 0xC0, 0xE0, 0x60, 0x30, 0x3E, 0x00, 0x77, 0x00, 0xC3, 0x80, 0xC3,
        0x80, 0x03, 0x80, 0x3F, 0x80, 0x7B, 0x80, 0xE3, 0x80, 0xE3, 0x80, 0xE3, 0x80, 0xF7, 0xE0,
        0x79, 0xE0, 0xF8, 0x00, 0x78, 0x00, 0x38, 0x00, 0x38, 0x00, 0x38, 0x00, 0x38, 0x00, 0x3B,
        0xC0, 0x3E, 0xF0, 0x38, 0x70, 0x38, 0x30, 0x38, 0x38, 0x38, 0x38, 0x38, 0x38, 0x38, 0x38,
        0x38, 0x30, 0x38, 0x70, 0x3E, 0xE0, 0x37, 0xC0, 0x1F, 0x00, 0x3B, 0x80, 0x71, 0xC0, 0xE1,
        0xC0, 0xE1, 0x80, 0xE0, 0x00, 0xE0, 0x00, 0xE0, 0x00, 0xE0, 0x00, 0x70, 0x00, 0x39, 0x80,
        0x1F, 0x00, 0x03, 0xE0, 0x01, 0xE0, 0x00, 0xE0, 0x00, 0xE0, 0x00, 0xE0, 0x00, 0xE0, 0x1F,
        0xE0, 0x3B, 0xE0, 0x70, 0xE0, 0xE0, 0xE0, 0xE0, 0xE0, 0xE0, 0xE0, 0xE0, 0xE0, 0xE0, 0xE0,
        0xE0, 0xE0, 0x61, 0xE0, 0x7B, 0xE0, 0x3E, 0xF8, 0x1F, 0x00, 0x3B, 0x80, 0x61, 0xC0, 0xE1,
        0xC0, 0xE1, 0xC0, 0xFF, 0xC0, 0xE0, 0x00, 0xE0, 0x00, 0xE0, 0x00, 0x70, 0x40, 0x39, 0xC0,
        0x1F, 0x00, 0x0F, 0x00, 0x1F, 0x80, 0x19, 0xC0, 0x39, 0x80, 0x38, 0x00, 0x38, 0x00, 0xFE,
        0x00, 0x38, 0x00, 0x38, 0x00, 0x38, 0x00, 0x38, 0x00, 0x38, 0x00, 0x38, 0x00, 0x38, 0x00,
        0x38, 0x00, 0x38, 0x00, 0x38, 0x00, 0xFE, 0x00, 0x00, 0x70, 0x1E, 0xF0, 0x7F, 0x80, 0x61,
        0xC0, 0xE1, 0xC0, 0xE1, 0xC0, 0x61, 0xC0, 0x73, 0x80, 0x3F, 0x00, 0x20, 0x00, 0x60, 0x00,
        0x7F, 0xE0, 0x3F, 0xE0, 0x60, 0x70, 0xE0, 0x70, 0xE0, 0x60, 0xF9, 0xC0, 0x3F, 0x80, 0xF0,
        0x00, 0xF0, 0x00, 0x70, 0x00, 0x70, 0x00, 0x70, 0x00, 0x70, 0x00, 0x73, 0xC0, 0x7D, 0xE0,
        0x78, 0x70, 0x70, 0x70, 0x70, 0x70, 0x70, 0x70, 0x70, 0x70, 0x70, 0x70, 0x70, 0x70, 0x70,
        0x70, 0x70, 0x70, 0xFD, 0xF8, 0x30, 0x70, 0x30, 0x00, 0x00, 0x00, 0xF0, 0x70, 0x70, 0x70,
        0x70, 0x70, 0x70, 0x70, 0x70, 0x70, 0x78, 0xFC, 0x30, 0x78, 0x30, 0x00, 0x00, 0x00, 0xF8,
        0x78, 0x38, 0x38, 0x38, 0x38, 0x38, 0x38, 0x38, 0x38, 0x38, 0x38, 0x30, 0x30, 0x70, 0xE0,
        0x80, 0xF8, 0x00, 0x78, 0x00, 0x38, 0x00, 0x38, 0x00, 0x38, 0x00, 0x38, 0x00, 0x39, 0xF0,
        0x38, 0xE0, 0x38, 0xC0, 0x39, 0x80, 0x3B, 0x00, 0x3F, 0x00, 0x3B, 0x80, 0x3B, 0x80, 0x39,
        0xC0, 0x38, 0xE0, 0x7C, 0x78, 0xFC, 0x38, 0xF8, 0x78, 0x38, 0x38, 0x38, 0x38, 0x38, 0x38,
        0x38, 0x38, 0x38, 0x38, 0x38, 0x38, 0x38, 0x38, 0x38, 0xFC, 0xF3, 0x87, 0x00, 0x7D, 0xFB,
        0x80, 0x78, 0xF1, 0xC0, 0x70, 0xE1, 0xC0, 0x70, 0xE1, 0xC0, 0x70, 0xE1, 0xC0, 0x70, 0xE1,
        0xC0, 0x70, 0xE1, 0xC0, 0x70, 0xE1, 0xC0, 0x70, 0xE1, 0xC0, 0x70, 0xE1, 0xC0, 0xF9, 0xF3,
        0xE0, 0xF3, 0xC0, 0x7D, 0xE0, 0x78, 0x70, 0x70, 0x70, 0x70, 0x70, 0x70, 0x70, 0x70, 0x70,
        0x70, 0x70, 0x70, 0x70, 0x70, 0x70, 0x70, 0x70, 0xFD, 0xF8, 0x1F, 0x00, 0x3B, 0xC0, 0x61,
        0xC0, 0xE0, 0xE0, 0xE0, 0xE0, 0xE0, 0xE0, 0xE0, 0xE0, 0xE0, 0xE0, 0xE0, 0xC0, 0x70, 0xC0,
        0x3B, 0x80, 0x1F, 0x00, 0xF3, 0xC0, 0x7D, 0xE0, 0x78, 0x60, 0x70, 0x70, 0x70, 0x70, 0x70,
        0x70, 0x70, 0x70, 0x70, 0x70, 0x70, 0x70, 0x70, 0xE0, 0x7D, 0xC0, 0x7F, 0x80, 0x70, 0x00,
        0x70, 0x00, 0x70, 0x00, 0x78, 0x00, 0xFC, 0x00, 0x1F, 0x60, 0x3B, 0xE0, 0x70, 0xE0, 0xE0,
        0xE0, 0xE0, 0xE0, 0xE0, 0xE0, 0xE0, 0xE0, 0xE0, 0xE0, 0xE0, 0xE0, 0x61, 0xE0, 0x7B, 0xE0,
        0x3E, 0xE0, 0x00, 0xE0, 0x00, 0xE0, 0x00, 0xE0, 0x01, 0xE0, 0x03, 0xF0, 0xF7, 0x80, 0x7F,
        0x80, 0x7B, 0x80, 0x73, 0x80, 0x70, 0x00, 0x70, 0x00, 0x70, 0x00, 0x70, 0x00, 0x70, 0x00,
        0x70, 0x00, 0x70, 0x00, 0xFC, 0x00, 0x3F, 0x00, 0x77, 0x00, 0xE3, 0x00, 0xE3, 0x00, 0xF0,
        0x00, 0x7E, 0x00, 0x3F, 0x00, 0x07, 0x80, 0xC3, 0x80, 0xC3, 0x00, 0xF7, 0x00, 0xFE, 0x00,
        0x10, 0x30, 0x30, 0x70, 0xFF, 0x70, 0x70, 0x70, 0x70, 0x70, 0x70, 0x70, 0x70, 0x70, 0x3B,
        0x1E, 0xF8, 0xF0, 0x78, 0xF0, 0x38, 0x70, 0x38, 0x70, 0x38, 0x70, 0x38, 0x70, 0x38, 0x70,
        0x38, 0x70, 0x38, 0x70, 0x38, 0xF0, 0x1F, 0xF8, 0x0E, 0x7C, 0xFC, 0xF8, 0x78, 0x70, 0x38,
        0x20, 0x38, 0x60, 0x18, 0x40, 0x1C, 0x40, 0x1C, 0xC0, 0x0C, 0x80, 0x0E, 0x80, 0x0F, 0x80,
        0x07, 0x00, 0x07, 0x00, 0xFC, 0x71, 0xE0, 0x78, 0x70, 0xC0, 0x38, 0xF0, 0x80, 0x38, 0xF0,
        0x80, 0x18, 0xB9, 0x80, 0x18, 0x99, 0x00, 0x1D, 0x99, 0x00, 0x1D, 0x19, 0x00, 0x0D, 0x1F,
        0x00, 0x0F, 0x0E, 0x00, 0x0F, 0x0E, 0x00, 0x07, 0x0E, 0x00, 0xFD, 0xE0, 0x78, 0xC0, 0x38,
        0x80, 0x19, 0x80, 0x0F, 0x00, 0x0E, 0x00, 0x07, 0x00, 0x0F, 0x00, 0x1B, 0x80, 0x31, 0xC0,
        0x71, 0xE0, 0xFB, 0xF0, 0xFC, 0xF8, 0x78, 0x60, 0x38, 0x60, 0x38, 0x40, 0x18, 0x40, 0x1C,
        0xC0, 0x1C, 0x80, 0x0D, 0x80, 0x0F, 0x00, 0x07, 0x00, 0x07, 0x00, 0x02, 0x00, 0x06, 0x00,
        0x44, 0x00, 0xEC, 0x00, 0xE8, 0x00, 0x70, 0x00, 0xFF, 0x80, 0xE3, 0x80, 0xC3, 0x00, 0x87,
        0x00, 0x0E, 0x00, 0x0C, 0x00, 0x1C, 0x00, 0x38, 0x00, 0x30, 0x80, 0x71, 0x80, 0xE3, 0x80,
        0xFF, 0x80, 0x1E, 0x38, 0x38, 0x38, 0x38, 0x38, 0x38, 0x38, 0x38, 0x38, 0x30, 0xE0, 0x70,
        0x38, 0x38, 0x38, 0x38, 0x38, 0x38, 0x38, 0x38, 0x38, 0x3C, 0x1E, 0xC0, 0xC0, 0xC0, 0xC0,
        0xC0, 0xC0, 0xC0, 0xC0, 0xC0, 0xC0, 0xC0, 0xC0, 0xC0, 0xC0, 0xC0, 0xC0, 0xC0, 0xC0, 0xC0,
        0xC0, 0xC0, 0xF0, 0x38, 0x38, 0x38, 0x38, 0x38, 0x38, 0x38, 0x38, 0x38, 0x18, 0x0E, 0x1C,
        0x38, 0x38, 0x38, 0x38, 0x38, 0x38, 0x38, 0x38, 0x38, 0x78, 0xF0, 0xF8, 0x80, 0x9F, 0x80,
        0xE0, 0xE0, 0xE0, 0x00, 0x00, 0x40, 0x40, 0x40, 0x40, 0x40, 0x40, 0xC0, 0xE0, 0xE0, 0xE0,
        0xE0, 0xE0, 0x02, 0x00, 0x02, 0x00, 0x1F, 0x00, 0x3F, 0x80, 0x75, 0xC0, 0xE5, 0xC0, 0xE4,
        0x80, 0xEC, 0x00, 0xEC, 0x00, 0xE8, 0x00, 0xE8, 0x00, 0x78, 0x00, 0x78, 0xC0, 0x3F, 0x80,
        0x18, 0x00, 0x10, 0x00, 0x0F, 0x00, 0x3D, 0x80, 0x30, 0xC0, 0x71, 0xC0, 0x70, 0x80, 0x70,
        0x00, 0x70, 0x00, 0x78, 0x00, 0xFF, 0x80, 0x3C, 0x00, 0x1C, 0x00, 0x1C, 0x00, 0x18, 0x60,
        0x30, 0xC0, 0x7F, 0xC0, 0xFF, 0xC0, 0x40, 0x40, 0x6F, 0xC0, 0x7B, 0x80, 0x71, 0x80, 0x71,
        0xC0, 0x71, 0xC0, 0x71, 0x80, 0x33, 0x80, 0x7F, 0xC0, 0xC0, 0xC0, 0xFE, 0x3E, 0x7C, 0x1C,
        0x38, 0x18, 0x1C, 0x10, 0x1E, 0x30, 0x0E, 0x20, 0x0F, 0x60, 0x7F, 0xF8, 0x03, 0xC0, 0x03,
        0x80, 0x7F, 0xF8, 0x03, 0x80, 0x03, 0x80, 0x03, 0x80, 0x03, 0x80, 0x0F, 0xE0, 0xC0, 0xC0,
        0xC0, 0xC0, 0xC0, 0xC0, 0xC0, 0xC0, 0xC0, 0x00, 0x00, 0x00, 0xC0, 0xC0, 0xC0, 0xC0, 0xC0,
        0xC0, 0xC0, 0xC0, 0xC0, 0x0F, 0x00, 0x1F, 0x80, 0x39, 0xC0, 0x39, 0x80, 0x38, 0x00, 0x3C,
        0x00, 0x7E, 0x00, 0xE7, 0x80, 0xE3, 0xC0, 0xE1, 0xE0, 0x70, 0xE0, 0x78, 0x70, 0x1E, 0x70,
        0x0F, 0x60, 0x07, 0xC0, 0x03, 0xC0, 0x31, 0xC0, 0x39, 0xC0, 0x3B, 0x80, 0x3F, 0x00, 0xC6,
        0xE7, 0xC6, 0x0F, 0xE0, 0x1C, 0x70, 0x30, 0x18, 0x47, 0xCC, 0xCE, 0xE4, 0x9C, 0x22, 0x98,
        0x02, 0x98, 0x02, 0x98, 0x02, 0x9C, 0x02, 0xCE, 0x64, 0x47, 0xC4, 0x60, 0x08, 0x38, 0x30,
        0x0F, 0xE0, 0x7C, 0xCE, 0x46, 0x3E, 0xE6, 0xC6, 0xEE, 0x77, 0x08, 0x80, 0x11, 0x80, 0x33,
        0x00, 0x66, 0x00, 0xEE, 0x00, 0xEE, 0x00, 0x67, 0x00, 0x33, 0x00, 0x19, 0x80, 0x08, 0x80,
        0xFF, 0xC0, 0x00, 0xC0, 0x00, 0xC0, 0x00, 0xC0, 0x00, 0xC0, 0x3E, 0x00, 0x47, 0x00, 0xFB,
        0x00, 0xE7, 0x80, 0xF3, 0x80, 0xFB, 0x00, 0x4F, 0x00, 0x3C, 0x00, 0xFC, 0x70, 0xD8, 0x88,
        0x98, 0x70, 0x0C, 0x00, 0x0C, 0x00, 0x0C, 0x00, 0xFF, 0x80, 0x0C, 0x00, 0x0C, 0x00, 0x0C,
        0x00, 0x0C, 0x00, 0x0C, 0x00, 0x00, 0x00, 0x00, 0x00, 0xFF, 0x80, 0x7C, 0xCE, 0xC6, 0x06,
        0x0E, 0x0C, 0x18, 0x22, 0x7E, 0xFE, 0x7C, 0xCE, 0xC6, 0x06, 0x1C, 0x1C, 0x06, 0x06, 0xCE,
        0x7C, 0x30, 0x70, 0x60, 0xC0, 0xE1, 0xC0, 0xE1, 0xC0, 0xE1, 0xC0, 0xE1, 0xC0, 0xE1, 0xC0,
        0xE1, 0xC0, 0xE1, 0xC0, 0xE1, 0xC0, 0xE1, 0xC0, 0xE3, 0xC0, 0xF7, 0xE0, 0xFC, 0xE0, 0xE0,
        0x00, 0xE0, 0x00, 0xE0, 0x00, 0xE0, 0x00, 0xE0, 0x00, 0x3B, 0xE0, 0x7B, 0x80, 0x7B, 0x80,
        0xFB, 0x80, 0xFB, 0x80, 0xFB, 0x80, 0xFB, 0x80, 0xFB, 0x80, 0x7B, 0x80, 0x7B, 0x80, 0x3B,
        0x80, 0x03, 0x80, 0x03, 0x80, 0x03, 0x80, 0x03, 0x80, 0x03, 0x80, 0x03, 0x80, 0x03, 0x80,
        0x03, 0x80, 0x0F, 0x80, 0x60, 0xF0, 0xF0, 0x60, 0x20, 0x70, 0x18, 0x18, 0xF0, 0xF0, 0xF0,
        0x30, 0x30, 0x30, 0x30, 0x30, 0x30, 0x30, 0xFC, 0x3C, 0x67, 0xC3, 0xC3, 0xC3, 0xE3, 0x66,
        0x3C, 0x88, 0x00, 0xCC, 0x00, 0x66, 0x00, 0x33, 0x00, 0x3B, 0x80, 0x3B, 0x80, 0x33, 0x00,
        0x66, 0x00, 0xCC, 0x00, 0x88, 0x00, 0xF0, 0x04, 0x00, 0x70, 0x0C, 0x00, 0x70, 0x08, 0x00,
        0x70, 0x18, 0x00, 0x70, 0x30, 0x00, 0x70, 0x30, 0x00, 0x70, 0x61, 0xC0, 0x70, 0x63, 0xC0,
        0x70, 0xC3, 0xC0, 0xFC, 0xC5, 0xC0, 0x01, 0x89, 0xC0, 0x01, 0x89, 0xC0, 0x03, 0x11, 0xC0,
        0x02, 0x1F, 0xF0, 0x06, 0x01, 0xC0, 0x04, 0x01, 0xC0, 0x0C, 0x00, 0x00, 0xF0, 0x06, 0x00,
        0x70, 0x0C, 0x00, 0x70, 0x0C, 0x00, 0x70, 0x18, 0x00, 0x70, 0x18, 0x00, 0x70, 0x33, 0xE0,
        0x70, 0x26, 0xF0, 0x70, 0x6E, 0x70, 0x70, 0xC6, 0x70, 0xFC, 0xC0, 0x70, 0x01, 0x80, 0xE0,
        0x01, 0x80, 0xC0, 0x03, 0x01, 0x80, 0x02, 0x03, 0x10, 0x06, 0x07, 0x30, 0x0C, 0x07, 0xF0,
        0x7C, 0x02, 0x00, 0xEE, 0x06, 0x00, 0xE6, 0x04, 0x00, 0x46, 0x0C, 0x00, 0x0C, 0x08, 0x00,
        0x18, 0x18, 0x00, 0x0E, 0x30, 0xE0, 0x07, 0x30, 0xE0, 0x07, 0x61, 0xE0, 0xCE, 0x62, 0xE0,
        0x7C, 0xC2, 0xE0, 0x00, 0x84, 0xE0, 0x01, 0x88, 0xE0, 0x01, 0x0F, 0xF0, 0x03, 0x00, 0xE0,
        0x02, 0x00, 0xE0, 0x06, 0x00, 0x00, 0x1C, 0x00, 0x1C, 0x00, 0x1C, 0x00, 0x00, 0x00, 0x00,
        0x00, 0x04, 0x00, 0x04, 0x00, 0x0C, 0x00, 0x1C, 0x00, 0x38, 0x00, 0x70, 0x00, 0xF0, 0x00,
        0xE1, 0x80, 0xE3, 0x80, 0xE3, 0x80, 0x73, 0x00, 0x3E, 0x00, 0x07, 0x00, 0x07, 0x80, 0x01,
        0xC0, 0x00, 0x40, 0x00, 0x00, 0x01, 0xC0, 0x03, 0xC0, 0x03, 0xE0, 0x02, 0xE0, 0x06, 0xE0,
        0x06, 0x70, 0x04, 0x70, 0x0C, 0x70, 0x08, 0x38, 0x18, 0x38, 0x1F, 0xF8, 0x18, 0x1C, 0x30,
        0x1C, 0x30, 0x0C, 0x70, 0x1E, 0xF8, 0x3F, 0x00, 0x60, 0x01, 0xE0, 0x03, 0x80, 0x02, 0x00,
        0x00, 0x00, 0x03, 0xC0, 0x03, 0xC0, 0x03, 0xE0, 0x06, 0xE0, 0x06, 0xE0, 0x04, 0x70, 0x0C,
        0x70, 0x0C, 0x70, 0x08, 0x38, 0x18, 0x38, 0x1F, 0xF8, 0x10, 0x1C, 0x30, 0x1C, 0x20, 0x0C,
        0x60, 0x1E, 0xF8, 0x3F, 0x01, 0xC0, 0x03, 0xC0, 0x06, 0x60, 0x08, 0x10, 0x00, 0x00, 0x03,
        0xC0, 0x03, 0xC0, 0x03, 0xE0, 0x06, 0xE0, 0x06, 0xE0, 0x04, 0x70, 0x0C, 0x70, 0x0C, 0x70,
        0x08, 0x38, 0x18, 0x38, 0x1F, 0xF8, 0x10, 0x1C, 0x30, 0x1C, 0x20, 0x0C, 0x60, 0x1E, 0xF8,
        0x3F, 0x07, 0x90, 0x0F, 0xF0, 0x00, 0xE0, 0x00, 0x00, 0x00, 0x00, 0x03, 0xC0, 0x03, 0xC0,
        0x03, 0xE0, 0x06, 0xE0, 0x06, 0xE0, 0x04, 0x70, 0x0C, 0x70, 0x0C, 0x70, 0x08, 0x38, 0x18,
        0x38, 0x1F, 0xF8, 0x10, 0x1C, 0x30, 0x1C, 0x20, 0x0C, 0x60, 0x1E, 0xF8, 0x3F, 0x06, 0x60,
        0x0E, 0x70, 0x06, 0x60, 0x00, 0x00, 0x00, 0x00, 0x03, 0xC0, 0x03, 0xC0, 0x03, 0xE0, 0x06,
        0xE0, 0x06, 0xE0, 0x04, 0x70, 0x0C, 0x70, 0x0C, 0x70, 0x08, 0x38, 0x18, 0x38, 0x1F, 0xF8,
        0x18, 0x3C, 0x30, 0x1C, 0x30, 0x1C, 0x70, 0x1E, 0xF8, 0x3F, 0x03, 0xC0, 0x06, 0x60, 0x06,
        0x60, 0x07, 0xE0, 0x03, 0xC0, 0x00, 0x00, 0x01, 0xC0, 0x03, 0xC0, 0x03, 0xC0, 0x02, 0xE0,
        0x06, 0xE0, 0x04, 0x60, 0x04, 0x70, 0x0C, 0x70, 0x08, 0x30, 0x18, 0x38, 0x1F, 0xF8, 0x10,
        0x38, 0x30, 0x1C, 0x30, 0x1C, 0x70, 0x1E, 0xF8, 0x3F, 0x03, 0xFF, 0xE0, 0x01, 0xDC, 0xF0,
        0x01, 0x9C, 0x30, 0x01, 0x1C, 0x10, 0x03, 0x1C, 0x00, 0x02, 0x1C, 0x40, 0x06, 0x1C, 0x40,
        0x07, 0xFF, 0xC0, 0x0C, 0x1C, 0xC0, 0x08, 0x1C, 0x40, 0x18, 0x1C, 0x00, 0x10, 0x1C, 0x10,
        0x10, 0x1C, 0x10, 0x20, 0x1C, 0x10, 0x70, 0x3C, 0x70, 0xF8, 0x7F, 0xF0, 0x07, 0xD8, 0x1E,
        0xF8, 0x30, 0x38, 0x70, 0x18, 0x60, 0x08, 0xE0, 0x00, 0xE0, 0x00, 0xE0, 0x00, 0xE0, 0x00,
        0xE0, 0x00, 0xE0, 0x00, 0x60, 0x00, 0x70, 0x08, 0x38, 0x18, 0x1E, 0x70, 0x07, 0xC0, 0x02,
        0x00, 0x03, 0x80, 0x00, 0xC0, 0x00, 0xC0, 0x07, 0x80, 0x1C, 0x00, 0x1E, 0x00, 0x07, 0x00,
        0x01, 0x00, 0x00, 0x00, 0xFF, 0xE0, 0x78, 0xE0, 0x38, 0x20, 0x38, 0x30, 0x38, 0x00, 0x38,
        0x80, 0x38, 0xC0, 0x3F, 0xC0, 0x38, 0xC0, 0x38, 0xC0, 0x38, 0x00, 0x38, 0x00, 0x38, 0x30,
        0x38, 0x30, 0x38, 0x70, 0xFF, 0xF0, 0x01, 0x80, 0x03, 0x80, 0x06, 0x00, 0x08, 0x00, 0x00,
        0x00, 0xFF, 0xE0, 0x78, 0xE0, 0x38, 0x20, 0x38, 0x30, 0x38, 0x00, 0x38, 0x80, 0x38, 0xC0,
        0x3F, 0xC0, 0x38, 0xC0, 0x38, 0xC0, 0x38, 0x00, 0x38, 0x00, 0x38, 0x30, 0x38, 0x30, 0x38,
        0x70, 0xFF, 0xF0, 0x06, 0x00, 0x0F, 0x00, 0x19, 0x80, 0x10, 0x40, 0x00, 0x00, 0xFF, 0xE0,
        0x78, 0xE0, 0x38, 0x20, 0x38, 0x30, 0x38, 0x00, 0x38, 0x80, 0x38, 0xC0, 0x3F, 0xC0, 0x38,
        0xC0, 0x38, 0xC0, 0x38, 0x00, 0x38, 0x00, 0x38, 0x30, 0x38, 0x30, 0x38, 0x70, 0xFF, 0xF0,
        0x31, 0x80, 0x39, 0xC0, 0x31, 0x80, 0x00, 0x00, 0x00, 0x00, 0xFF, 0xE0, 0x78, 0xE0, 0x38,
        0x60, 0x38, 0x20, 0x38, 0x00, 0x38, 0x80, 0x38, 0x80, 0x3F, 0x80, 0x39, 0x80, 0x38, 0x80,
        0x38, 0x00, 0x38, 0x00, 0x38, 0x30, 0x38, 0x30, 0x38, 0x60, 0xFF, 0xE0, 0xE0, 0x70, 0x38,
        0x08, 0x00, 0xFC, 0x38, 0x38, 0x38, 0x38, 0x38, 0x38, 0x38, 0x38, 0x38, 0x38, 0x38, 0x38,
        0x38, 0x38, 0xFC, 0x0C, 0x1C, 0x30, 0x00, 0x00, 0xFC, 0x38, 0x38, 0x38, 0x38, 0x38, 0x38,
        0x38, 0x38, 0x38, 0x38, 0x38, 0x38, 0x38, 0x38, 0xFC, 0x30, 0x78, 0xEC, 0x84, 0x00, 0xFC,
        0x38, 0x38, 0x38, 0x38, 0x38, 0x38, 0x38, 0x38, 0x38, 0x38, 0x38, 0x38, 0x38, 0x38, 0xFC,
        0xC6, 0xE7, 0xC6, 0x00, 0x00, 0x7E, 0x38, 0x38, 0x38, 0x38, 0x38, 0x38, 0x38, 0x38, 0x38,
        0x38, 0x38, 0x38, 0x38, 0x38, 0x7E, 0x7F, 0xE0, 0x1C, 0xF8, 0x1C, 0x1C, 0x1C, 0x0E, 0x1C,
        0x0E, 0x1C, 0x06, 0x1C, 0x07, 0xFF, 0x87, 0x1C, 0x07, 0x1C, 0x07, 0x1C, 0x06, 0x1C, 0x0E,
        0x1C, 0x0C, 0x1C, 0x1C, 0x3C, 0xF0, 0x7F, 0xC0, 0x07, 0x20, 0x0F, 0xE0, 0x01, 0xC0, 0x00,
        0x00, 0x00, 0x00, 0xF8, 0x3E, 0x3C, 0x0C, 0x3C, 0x0C, 0x3E, 0x0C, 0x36, 0x0C, 0x37, 0x0C,
        0x33, 0x8C, 0x33, 0x8C, 0x31, 0xCC, 0x31, 0xCC, 0x30, 0xEC, 0x30, 0x6C, 0x30, 0x7C, 0x30,
        0x3C, 0x30, 0x3C, 0xF8, 0x1C, 0x06, 0x00, 0x07, 0x00, 0x03, 0x80, 0x00, 0x80, 0x00, 0x00,
        0x07, 0xC0, 0x1E, 0xF0, 0x30, 0x38, 0x70, 0x1C, 0x60, 0x1C, 0xE0, 0x0C, 0xE0, 0x0E, 0xE0,
        0x0E, 0xE0, 0x0E, 0xE0, 0x0E, 0xE0, 0x0C, 0x60, 0x0C, 0x70, 0x18, 0x38, 0x38, 0x1E, 0xF0,
        0x07, 0xC0, 0x00, 0xC0, 0x01, 0xC0, 0x03, 0x80, 0x06, 0x00, 0x00, 0x00, 0x07, 0xC0, 0x1E,
        0xF0, 0x30, 0x38, 0x70, 0x1C, 0x60, 0x1C, 0xE0, 0x0C, 0xE0, 0x0E, 0xE0, 0x0E, 0xE0, 0x0E,
        0xE0, 0x0E, 0xE0, 0x0C, 0x60, 0x0C, 0x70, 0x18, 0x38, 0x38, 0x1E, 0xF0, 0x07, 0xC0, 0x03,
        0x00, 0x03, 0x80, 0x07, 0xC0, 0x0C, 0x60, 0x08, 0x20, 0x00, 0x00, 0x07, 0xC0, 0x1E, 0xF0,
        0x30, 0x38, 0x70, 0x1C, 0x60, 0x1C, 0xE0, 0x0C, 0xE0, 0x0E, 0xE0, 0x0E, 0xE0, 0x0E, 0xE0,
        0x0E, 0xE0, 0x0C, 0x60, 0x0C, 0x70, 0x18, 0x38, 0x38, 0x1E, 0xF0, 0x07, 0xC0, 0x07, 0x20,
        0x0F, 0xE0, 0x01, 0xC0, 0x00, 0x00, 0x00, 0x00, 0x07, 0xC0, 0x1E, 0xF0, 0x30, 0x38, 0x70,
        0x1C, 0x60, 0x1C, 0xE0, 0x0C, 0xE0, 0x0E, 0xE0, 0x0E, 0xE0, 0x0E, 0xE0, 0x0E, 0xE0, 0x0C,
        0x60, 0x0C, 0x70, 0x18, 0x38, 0x38, 0x1E, 0xF0, 0x07, 0xC0, 0x06, 0x60, 0x0E, 0xE0, 0x06,
        0x60, 0x00, 0x00, 0x00, 0x00, 0x07, 0xC0, 0x1E, 0xF0, 0x30, 0x38, 0x70, 0x1C, 0x60, 0x1C,
        0xE0, 0x0C, 0xE0, 0x0E, 0xE0, 0x0E, 0xE0, 0x0E, 0xE0, 0x0E, 0xE0, 0x0C, 0x60, 0x0C, 0x70,
        0x18, 0x38, 0x38, 0x1E, 0xF0, 0x07, 0xC0, 0x82, 0xC6, 0x6C, 0x38, 0x38, 0x6C, 0xC6, 0x82,
        0x07, 0xC4, 0x1E, 0xFC, 0x30, 0x38, 0x70, 0x3C, 0x60, 0x7C, 0xE0, 0x4C, 0xE0, 0xCE, 0xE1,
        0x8E, 0xE3, 0x0E, 0xE6, 0x0E, 0xE4, 0x0C, 0x78, 0x0C, 0x78, 0x18, 0x78, 0x38, 0x7E, 0xF0,
        0xCF, 0xC0, 0x07, 0x00, 0x03, 0x00, 0x01, 0x80, 0x00, 0x00, 0x00, 0x00, 0xFC, 0x3E, 0x38,
        0x0C, 0x38, 0x0C, 0x38, 0x0C, 0x38, 0x0C, 0x38, 0x0C, 0x38, 0x0C, 0x38, 0x0C, 0x38, 0x0C,
        0x38, 0x0C, 0x38, 0x0C, 0x38, 0x0C, 0x38, 0x08, 0x1C, 0x18, 0x0F, 0x70, 0x07, 0xE0, 0x00,
        0xE0, 0x01, 0xC0, 0x03, 0x80, 0x02, 0x00, 0x00, 0x00, 0xFC, 0x3E, 0x38, 0x0C, 0x38, 0x0C,
        0x38, 0x0C, 0x38, 0x0C, 0x38, 0x0C, 0x38, 0x0C, 0x38, 0x0C, 0x38, 0x0C, 0x38, 0x0C, 0x38,
        0x0C, 0x38, 0x0C, 0x38, 0x08, 0x1C, 0x18, 0x0F, 0x70, 0x07, 0xE0, 0x01, 0x80, 0x01, 0xC0,
        0x03, 0xC0, 0x06, 0x60, 0x04, 0x20, 0x00, 0x00, 0xFC, 0x3E, 0x38, 0x0C, 0x38, 0x0C, 0x38,
        0x0C, 0x38, 0x0C, 0x38, 0x0C, 0x38, 0x0C, 0x38, 0x0C, 0x38, 0x0C, 0x38, 0x0C, 0x38, 0x0C,
        0x38, 0x0C, 0x38, 0x08, 0x1C, 0x18, 0x0F, 0x70, 0x07, 0xE0, 0x06, 0x60, 0x0E, 0x70, 0x06,
        0x60, 0x00, 0x00, 0x00, 0x00, 0xFC, 0x3E, 0x38, 0x0C, 0x38, 0x0C, 0x38, 0x0C, 0x38, 0x0C,
        0x38, 0x0C, 0x38, 0x0C, 0x38, 0x0C, 0x38, 0x0C, 0x38, 0x0C, 0x38, 0x0C, 0x38, 0x0C, 0x38,
        0x08, 0x1C, 0x18, 0x0F, 0x70, 0x07, 0xE0, 0x00, 0x60, 0x00, 0xE0, 0x01, 0x80, 0x02, 0x00,
        0x00, 0x00, 0xFE, 0x3E, 0x7C, 0x1C, 0x38, 0x18, 0x1C, 0x10, 0x1E, 0x30, 0x0E, 0x20, 0x07,
        0x60, 0x07, 0xC0, 0x03, 0xC0, 0x03, 0x80, 0x03, 0x80, 0x03, 0x80, 0x03, 0x80, 0x03, 0x80,
        0x03, 0x80, 0x0F, 0xE0, 0xFE, 0x00, 0x38, 0x00, 0x38, 0x00, 0x3F, 0x80, 0x38, 0xE0, 0x38,
        0x70, 0x38, 0x70, 0x38, 0x70, 0x38, 0x70, 0x38, 0x70, 0x38, 0xE0, 0x3F, 0xC0, 0x38, 0x00,
        0x38, 0x00, 0x78, 0x00, 0xFE, 0x00, 0x07, 0xC0, 0x0E, 0xF0, 0x18, 0x70, 0x38, 0x30, 0x38,
        0x30, 0x38, 0x60, 0x78, 0xC0, 0xF8, 0xC0, 0x39, 0xC0, 0x39, 0xC0, 0x39, 0xF0, 0x38, 0xFC,
        0x38, 0x3C, 0x38, 0x1E, 0x3A, 0x0E, 0x3B, 0x0C, 0x7B, 0xDC, 0xFB, 0xF8, 0x30, 0x00, 0x30,
        0x00, 0x18, 0x00, 0x0C, 0x00, 0x00, 0x00, 0x00, 0x00, 0x3E, 0x00, 0x77, 0x00, 0xC3, 0x80,
        0xC3, 0x80, 0x03, 0x80, 0x3F, 0x80, 0x7B, 0x80, 0xE3, 0x80, 0xE3, 0x80, 0xE3, 0x80, 0xF7,
        0xE0, 0x79, 0xE0, 0x06, 0x00, 0x06, 0x00, 0x0C, 0x00, 0x18, 0x00, 0x00, 0x00, 0x00, 0x00,
        0x3E, 0x00, 0x77, 0x00, 0xC3, 0x80, 0xC3, 0x80, 0x03, 0x80, 0x3F, 0x80, 0x73, 0x80, 0xE3,
        0x80, 0xE3, 0x80, 0xE3, 0x80, 0xF7, 0xE0, 0x79, 0xE0, 0x1C, 0x00, 0x1E, 0x00, 0x36, 0x00,
        0x63, 0x00, 0x00, 0x00, 0x00, 0x00, 0x3E, 0x00, 0x77, 0x00, 0xC3, 0x80, 0xC3, 0x80, 0x03,
        0x80, 0x3F, 0x80, 0x7B, 0x80, 0xE3, 0x80, 0xE3, 0x80, 0xE3, 0x80, 0xF7, 0xE0, 0x79, 0xE0,
        0x38, 0x00, 0x7F, 0x00, 0x0E, 0x00, 0x00, 0x00, 0x00, 0x00, 0x3E, 0x00, 0x77, 0x00, 0xC3,
        0x80, 0xC3, 0x80, 0x03, 0x80, 0x3F, 0x80, 0x7B, 0x80, 0xE3, 0x80, 0xE3, 0x80, 0xE3, 0x80,
        0xF7, 0xE0, 0x79, 0xE0, 0x66, 0x00, 0x77, 0x00, 0x66, 0x00, 0x00, 0x00, 0x00, 0x00, 0x00,
        0x00, 0x3E, 0x00, 0x77, 0x00, 0xC3, 0x80, 0xC3, 0x80, 0x03, 0x80, 0x3F, 0x80, 0x7B, 0x80,
        0xE3, 0x80, 0xE3, 0x80, 0xE3, 0x80, 0xF7, 0xE0, 0x79, 0xE0, 0x1C, 0x00, 0x36, 0x00, 0x36,
        0x00, 0x36, 0x00, 0x1C, 0x00, 0x00, 0x00, 0x00, 0x00, 0x3E, 0x00, 0x77, 0x00, 0xC3, 0x80,
        0xC3, 0x80, 0x03, 0x80, 0x3F, 0x80, 0x7B, 0x80, 0xE3, 0x80, 0xE3, 0x80, 0xE3, 0x80, 0xF7,
        0xE0, 0x79, 0xE0, 0x3E, 0x3C, 0x77, 0xEE, 0xC3, 0xC7, 0xE3, 0x87, 0x03, 0x87, 0x3F, 0xFF,
        0x7B, 0x80, 0xE3, 0x80, 0xE3, 0x80, 0xE3, 0xC1, 0xFF, 0xF7, 0x7C, 0x7C, 0x1F, 0x00, 0x3B,
        0x80, 0x71, 0xC0, 0xE1, 0xC0, 0xE1, 0x80, 0xE0, 0x00, 0xE0, 0x00, 0xE0, 0x00, 0xE0, 0x00,
        0x70, 0x00, 0x39, 0x80, 0x1F, 0x00, 0x0C, 0x00, 0x0E, 0x00, 0x03, 0x00, 0x03, 0x00, 0x1E,
        0x00, 0x18, 0x00, 0x18, 0x00, 0x1C, 0x00, 0x06, 0x00, 0x00, 0x00, 0x00, 0x00, 0x1F, 0x00,
        0x3B, 0x80, 0x61, 0xC0, 0xE1, 0xC0, 0xE1, 0xC0, 0xFF, 0xC0, 0xE0, 0x00, 0xE0, 0x00, 0xE0,
        0x00, 0x70, 0x40, 0x3D, 0xC0, 0x1F, 0x00, 0x03, 0x00, 0x07, 0x00, 0x06, 0x00, 0x0C, 0x00,
        0x00, 0x00, 0x00, 0x00, 0x1F, 0x00, 0x3B, 0x80, 0x61, 0xC0, 0xE1, 0xC0, 0xE1, 0xC0, 0xFF,
        0xC0, 0xE0, 0x00, 0xE0, 0x00, 0xE0, 0x00, 0x70, 0x40, 0x3D, 0xC0, 0x1F, 0x00, 0x0E, 0x00,
        0x1E, 0x00, 0x1B, 0x00, 0x31, 0x80, 0x00, 0x00, 0x00, 0x00, 0x1F, 0x00, 0x3B, 0x80, 0x61,
        0xC0, 0xE1, 0xC0, 0xE1, 0xC0, 0xFF, 0xC0, 0xE0, 0x00, 0xE0, 0x00, 0xE0, 0x00, 0x70, 0x40,
        0x39, 0xC0, 0x1F, 0x00, 0x31, 0x80, 0x3B, 0x80, 0x31, 0x80, 0x00, 0x00, 0x00, 0x00, 0x00,
        0x00, 0x1F, 0x00, 0x3B, 0x80, 0x61, 0xC0, 0xE1, 0xC0, 0xE1, 0xC0, 0xFF, 0xC0, 0xE0, 0x00,
        0xE0, 0x00, 0xE0, 0x00, 0x70, 0x00, 0x39, 0xC0, 0x1F, 0x00, 0xC0, 0xC0, 0x60, 0x30, 0x00,
        0x00, 0xF8, 0x78, 0x38, 0x38, 0x38, 0x38, 0x38, 0x38, 0x38, 0x38, 0x78, 0xFC, 0x18, 0x38,
        0x30, 0x60, 0x00, 0x00, 0xF8, 0x78, 0x38, 0x38, 0x38, 0x38, 0x38, 0x38, 0x38, 0x38, 0x78,
        0xFC, 0x30, 0x38, 0x6C, 0xC4, 0x00, 0x00, 0x7C, 0x3C, 0x1C, 0x1C, 0x1C, 0x1C, 0x1C, 0x1C,
        0x1C, 0x1C, 0x3C, 0x7E, 0xC6, 0xEE, 0xC6, 0x00, 0x00, 0x00, 0x7C, 0x3C, 0x1C, 0x1C, 0x1C,
        0x1C, 0x1C, 0x1C, 0x1C, 0x1C, 0x3C, 0x7E, 0x38, 0xC0, 0x0F, 0x00, 0x07, 0x80, 0x0D, 0x80,
        0x01, 0xC0, 0x00, 0xC0, 0x1E, 0xE0, 0x3B, 0xE0, 0x70, 0xE0, 0xE0, 0xE0, 0xE0, 0xE0, 0xE0,
        0xE0, 0xE0, 0xE0, 0xE0, 0xE0, 0xE0, 0xC0, 0x71, 0xC0, 0x3B, 0x80, 0x1F, 0x00, 0x0E, 0x40,
        0x1F, 0xC0, 0x03, 0x80, 0x00, 0x00, 0x00, 0x00, 0xF3, 0xC0, 0x7D, 0xE0, 0x78, 0x70, 0x70,
        0x70, 0x70, 0x70, 0x70, 0x70, 0x70, 0x70, 0x70, 0x70, 0x70, 0x70, 0x70, 0x70, 0x70, 0x70,
        0xFD, 0xF8, 0x18, 0x00, 0x18, 0x00, 0x0C, 0x00, 0x06, 0x00, 0x00, 0x00, 0x00, 0x00, 0x1F,
        0x00, 0x3B, 0xC0, 0x61, 0xC0, 0xE0, 0xE0, 0xE0, 0xE0, 0xE0, 0xE0, 0xE0, 0xE0, 0xE0, 0xE0,
        0xE0, 0xC0, 0x70, 0xC0, 0x3B, 0x80, 0x1F, 0x00, 0x03, 0x00, 0x03, 0x00, 0x06, 0x00, 0x0C,
        0x00, 0x00, 0x00, 0x00, 0x00, 0x1F, 0x00, 0x3B, 0xC0, 0x61, 0xC0, 0xE0, 0xE0, 0xE0, 0xE0,
        0xE0, 0xE0, 0xE0, 0xE0, 0xE0, 0xE0, 0xE0, 0xC0, 0x70, 0xC0, 0x3B, 0x80, 0x1F, 0x00, 0x0E,
        0x00, 0x0E, 0x00, 0x1B, 0x00, 0x31, 0x80, 0x00, 0x00, 0x00, 0x00, 0x1F, 0x00, 0x3B, 0xC0,
        0x61, 0xC0, 0xE0, 0xE0, 0xE0, 0xE0, 0xE0, 0xE0, 0xE0, 0xE0, 0xE0, 0xE0, 0xE0, 0xC0, 0x70,
        0xC0, 0x3B, 0x80, 0x1F, 0x00, 0x1C, 0x80, 0x3F, 0x80, 0x07, 0x00, 0x00, 0x00, 0x00, 0x00,
        0x1F, 0x00, 0x3B, 0xC0, 0x61, 0xC0, 0xE0, 0xE0, 0xE0, 0xE0, 0xE0, 0xE0, 0xE0, 0xE0, 0xE0,
        0xE0, 0xE0, 0xC0, 0x70, 0xC0, 0x3B, 0x80, 0x1F, 0x00, 0x19, 0x80, 0x39, 0xC0, 0x19, 0x80,
        0x00, 0x00, 0x00, 0x00, 0x00, 0x00, 0x1F, 0x00, 0x3B, 0xC0, 0x61, 0xC0, 0xE0, 0xE0, 0xE0,
        0xE0, 0xE0, 0xE0, 0xE0, 0xE0, 0xE0, 0xE0, 0xE0, 0xC0, 0x70, 0xC0, 0x3B, 0x80, 0x1F, 0x00,
        0x0C, 0x00, 0x1C, 0x00, 0x0C, 0x00, 0x00, 0x00, 0x00, 0x00, 0xFF, 0xC0, 0x00, 0x00, 0x0C,
        0x00, 0x1C, 0x00, 0x0C, 0x00, 0x1F, 0x60, 0x3B, 0xC0, 0x61, 0xC0, 0xE1, 0xE0, 0xE2, 0xE0,
        0xE6, 0xE0, 0xEC, 0xE0, 0xF8, 0xE0, 0xF0, 0xE0, 0x70, 0xC0, 0x7B, 0x80, 0x9F, 0x00, 0x0C,
        0x00, 0x0E, 0x00, 0x06, 0x00, 0x03, 0x00, 0x00, 0x00, 0x00, 0x00, 0xF8, 0xF0, 0x78, 0xF0,
        0x38, 0x70, 0x38, 0x70, 0x38, 0x70, 0x38, 0x70, 0x38, 0x70, 0x38, 0x70, 0x38, 0x70, 0x38,
        0xF0, 0x1F, 0xF8, 0x0E, 0x7C, 0x01, 0x80, 0x01, 0x80, 0x03, 0x00, 0x06, 0x00, 0x00, 0x00,
        0x00, 0x00, 0xF8, 0xF0, 0x78, 0xF0, 0x38, 0x70, 0x38, 0x70, 0x38, 0x70, 0x38, 0x70, 0x38,
        0x70, 0x38, 0x70, 0x38, 0x70, 0x38, 0xF0, 0x1F, 0xF8, 0x0E, 0x7C, 0x07, 0x00, 0x07, 0x00,
        0x0D, 0x80, 0x18, 0xC0, 0x00, 0x00, 0x00, 0x00, 0xF8, 0xF0, 0x78, 0xF0, 0x38, 0x70, 0x38,
        0x70, 0x38, 0x70, 0x38, 0x70, 0x38, 0x70, 0x38, 0x70, 0x38, 0x70, 0x38, 0xF0, 0x1F, 0xF8,
        0x0E, 0x7C, 0x18, 0xC0, 0x1D, 0xC0, 0x18, 0xC0, 0x00, 0x00, 0x00, 0x00, 0x00, 0x00, 0xF8,
        0xF0, 0x78, 0xF0, 0x38, 0x70, 0x38, 0x70, 0x38, 0x70, 0x38, 0x70, 0x38, 0x70, 0x38, 0x70,
        0x38, 0x70, 0x38, 0xF0, 0x1F, 0xF8, 0x0E, 0x7C, 0x00, 0x80, 0x01, 0x80, 0x03, 0x80, 0x06,
        0x00, 0x00, 0x00, 0x00, 0x00, 0xFC, 0xF8, 0x78, 0x60, 0x38, 0x60, 0x38, 0x40, 0x18, 0x40,
        0x1C, 0xC0, 0x1C, 0x80, 0x0E, 0x80, 0x0F, 0x00, 0x07, 0x00, 0x07, 0x00, 0x02, 0x00, 0x06,
        0x00, 0x44, 0x00, 0xEC, 0x00, 0xE8, 0x00, 0x70, 0x00, 0xF0, 0x00, 0xF0, 0x00, 0x70, 0x00,
        0x70, 0x00, 0x70, 0x00, 0x70, 0x00, 0x73, 0xC0, 0x7D, 0xE0, 0x78, 0x60, 0x70, 0x70, 0x70,
        0x70, 0x70, 0x70, 0x70, 0x70, 0x70, 0x70, 0x70, 0x70, 0x70, 0xE0, 0x7D, 0xC0, 0x7F, 0x80,
        0x70, 0x00, 0x70, 0x00, 0x70, 0x00, 0x78, 0x00, 0xFC, 0x00, 0x1C, 0xC0, 0x1C, 0xE0, 0x1C,
        0xC0, 0x00, 0x00, 0x00, 0x00, 0x00, 0x00, 0xFC, 0xF8, 0x70, 0x60, 0x30, 0x20, 0x38, 0x40,
        0x18, 0x40, 0x1C, 0xC0, 0x1C, 0x80, 0x0C, 0x80, 0x0F, 0x00, 0x07, 0x00, 0x07, 0x00, 0x06,
        0x00, 0x06, 0x00, 0x44, 0x00, 0xEC, 0x00, 0xF8, 0x00, 0x70, 0x00, 0xFF, 0xC0, 0xFF, 0xFF,
        0xF8, 0x20, 0x40, 0x80, 0xE0, 0xE0, 0x60, 0xC0, 0xE0, 0xE0, 0x60, 0x40, 0x80, 0x40, 0xE0,
        0xE0, 0x60, 0x40, 0xC0, 0x21, 0x42, 0x86, 0xE7, 0xE7, 0x63, 0xC6, 0xE7, 0xE7, 0x63, 0x42,
        0x84, 0x42, 0xE7, 0xE7, 0x63, 0x42, 0x86, 0x70, 0xF8, 0xF8, 0xF8, 0x70, 0x60, 0xC1, 0x80,
        0xF1, 0xE3, 0xC0, 0x60, 0xC1, 0x80, 0x08, 0x18, 0x30, 0x60, 0xE0, 0xE0, 0x70, 0x30, 0x18,
        0x08, 0x80, 0xC0, 0x60, 0x30, 0x38, 0x38, 0x30, 0x60, 0xC0, 0x80, 0x03, 0xE8, 0x0F, 0x78,
        0x1C, 0x08, 0x18, 0x08, 0x38, 0x00, 0xFF, 0x80, 0x38, 0x00, 0x38, 0x00, 0xFF, 0x80, 0x38,
        0x00, 0x38, 0x00, 0x18, 0x08, 0x1C, 0x0C, 0x0C, 0x18, 0x07, 0x78, 0x03, 0xE8, 0xFF, 0x78,
        0x78, 0x99, 0x1C, 0x70, 0x99, 0x1C, 0x70, 0x18, 0x36, 0xB0, 0x18, 0x36, 0xB0, 0x18, 0x37,
        0x30, 0x18, 0x23, 0x30, 0x18, 0x30, 0x30, 0x3C, 0x78, 0x78, 0xFF, 0x80, 0xFF, 0x80,
    ],
    line_height: 28,
};

// LITERATA_XLARGE: 26 px, cap 19, line height 33, gray 128
pub static LITERATA_XLARGE: BitmapFont = BitmapFont {
    glyphs: &[
        Glyph::new(0, 0, 0, 5, 0, 0),
        Glyph::new(0, 4, 19, 9, 2, -19),
        Glyph::new(19, 7, 7, 10, 2, -21),
        Glyph::new(26, 15, 15, 17, 1, -15),
        Glyph::new(56, 12, 23, 15, 2, -21),
        Glyph::new(102, 20, 17, 22, 1, -17),
        Glyph::new(153, 19, 19, 21, 1, -19),
        Glyph::new(210, 3, 7, 6, 2, -21),
        Glyph::new(217, 6, 27, 9, 2, -22),
        Glyph::new(244, 6, 27, 9, 1, -22),
        Glyph::new(271, 9, 10, 12, 1, -21),
        Glyph::new(291, 11, 12, 15, 2, -14),
        Glyph::new(315, 4, 8, 9, 2, -4),
        Glyph::new(323, 7, 2, 9, 1, -9),
        Glyph::new(325, 4, 4, 9, 2, -4),
        Glyph::new(329, 9, 25, 11, 1, -22),
        Glyph::new(379, 14, 19, 15, 1, -19),
        Glyph::new(417, 9, 19, 11, 1, -19),
        Glyph::new(455, 11, 19, 14, 1, -19),
        Glyph::new(493, 12, 19, 14, 1, -19),
        Glyph::new(531, 14, 19, 15, 0, -19),
        Glyph::new(569, 12, 19, 14, 1, -19),
        Glyph::new(607, 13, 19, 14, 1, -19),
        Glyph::new(645, 13, 19, 13, 0, -19),
        Glyph::new(683, 13, 19, 15, 1, -19),
        Glyph::new(721, 12, 19, 14, 1, -19),
        Glyph::new(759, 4, 14, 9, 2, -14),
        Glyph::new(773, 4, 18, 9, 2, -14),
        Glyph::new(791, 10, 13, 15, 2, -14),
        Glyph::new(817, 11, 7, 15, 2, -12),
        Glyph::new(831, 10, 13, 15, 3, -14),
        Glyph::new(857, 11, 19, 14, 1, -19),
        Glyph::new(895, 20, 21, 23, 1, -16),
        Glyph::new(958, 18, 19, 19, 0, -19),
        Glyph::new(1015, 14, 19, 17, 2, -19),
        Glyph::new(1053, 15, 19, 18, 2, -19),
        Glyph::new(1091, 17, 19, 20, 2, -19),
        Glyph::new(1148, 13, 19, 17, 2, -19),
        Glyph::new(1186, 14, 19, 16, 1, -19),
        Glyph::new(1224, 17, 19, 20, 2, -19),
        Glyph::new(1281, 19, 19, 22, 1, -19),
        Glyph::new(1338, 8, 19, 11, 1, -19),
        Glyph::new(1357, 13, 19, 15, 1, -19),
        Glyph::new(1395, 18, 19, 20, 2, -19),
        Glyph::new(1452, 14, 19, 16, 1, -19),
        Glyph::new(1490, 23, 19, 26, 1, -19),
        Glyph::new(1547, 18, 19, 21, 2, -19),
        Glyph::new(1604, 17, 19, 20, 1, -19),
        Glyph::new(1661, 14, 19, 16, 1, -19),
        Glyph::new(1699, 21, 24, 20, 2, -19),
        Glyph::new(1771, 16, 19, 19, 2, -19),
        Glyph::new(1809, 12, 19, 16, 2, -19),
        Glyph::new(1847, 17, 19, 19, 1, -19),
        Glyph::new(1904, 18, 19, 21, 1, -19),
        Glyph::new(1961, 18, 19, 19, 1, -19),
        Glyph::new(2018, 27, 19, 28, 1, -19),
        Glyph::new(2094, 18, 19, 19, 0, -19),
        Glyph::new(2151, 18, 19, 19, 0, -19),
        Glyph::new(2208, 15, 19, 17, 1, -19),
        Glyph::new(2246, 5, 28, 9, 3, -22),
        Glyph::new(2274, 10, 25, 11, 1, -22),
        Glyph::new(2324, 6, 28, 9, 1, -22),
        Glyph::new(2352, 13, 10, 15, 1, -19),
        Glyph::new(2372, 12, 2, 12, 0, 1),
        Glyph::new(2376, 5, 5, 13, 3, -21),
        Glyph::new(2381, 12, 14, 14, 2, -14),
        Glyph::new(2409, 14, 20, 16, 1, -20),
        Glyph::new(2449, 11, 14, 13, 1, -14),
        Glyph::new(2477, 15, 20, 16, 1, -20),
        Glyph::new(2517, 12, 14, 14, 1, -14),
        Glyph::new(2545, 11, 21, 10, 1, -21),
        Glyph::new(2587, 14, 21, 15, 1, -15),
        Glyph::new(2629, 15, 20, 17, 1, -20),
        Glyph::new(2669, 7, 20, 9, 1, -20),
        Glyph::new(2689, 5, 25, 8, 1, -20),
        Glyph::new(2714, 16, 20, 16, 1, -20),
        Glyph::new(2754, 7, 20, 9, 1, -20),
        Glyph::new(2774, 23, 14, 25, 1, -14),
        Glyph::new(2816, 15, 14, 17, 1, -14),
        Glyph::new(2844, 13, 14, 16, 1, -14),
        Glyph::new(2872, 14, 20, 16, 1, -14),
        Glyph::new(2912, 14, 20, 16, 1, -14),
        Glyph::new(2952, 11, 14, 13, 1, -14),
        Glyph::new(2980, 10, 14, 12, 1, -14),
        Glyph::new(3008, 10, 19, 11, 1, -19),
        Glyph::new(3046, 16, 14, 17, 0, -14),
        Glyph::new(3074, 15, 14, 15, 0, -14),
        Glyph::new(3102, 23, 14, 22, 0, -14),
        Glyph::new(3144, 15, 14, 15, 0, -14),
        Glyph::new(3172, 15, 20, 15, 0, -14),
        Glyph::new(3212, 11, 14, 13, 1, -14),
        Glyph::new(3240, 7, 28, 10, 2, -22),
        Glyph::new(3268, 2, 25, 10, 4, -22),
        Glyph::new(3293, 7, 28, 10, 1, -22),
        Glyph::new(3321, 11, 3, 15, 2, -9),
        Glyph::new(3327, 0, 0, 5, 0, 0),
        Glyph::new(3327, 4, 20, 9, 2, -14),
        Glyph::new(3347, 11, 17, 13, 1, -17),
        Glyph::new(3381, 13, 19, 15, 1, -19),
        Glyph::new(3419, 11, 12, 14, 2, -15),
        Glyph::new(3443, 18, 19, 19, 1, -19),
        Glyph::new(3500, 2, 24, 10, 4, -21),
        Glyph::new(3524, 13, 24, 16, 2, -19),
        Glyph::new(3572, 9, 4, 13, 2, -20),
        Glyph::new(3580, 18, 18, 21, 2, -18),
        Glyph::new(3634, 10, 10, 11, 1, -20),
        Glyph::new(3654, 11, 10, 13, 1, -12),
        Glyph::new(3674, 11, 6, 15, 2, -10),
        Glyph::new(3686, 0, 0, 0, 0, 0),
        Glyph::new(3686, 10, 10, 13, 1, -21),
        Glyph::new(3706, 8, 2, 13, 3, -19),
        Glyph::new(3708, 7, 7, 9, 1, -22),
        Glyph::new(3715, 11, 14, 15, 2, -14),
        Glyph::new(3743, 9, 11, 10, 1, -21),
        Glyph::new(3765, 9, 11, 11, 1, -21),
        Glyph::new(3787, 5, 5, 13, 5, -21),
        Glyph::new(3792, 14, 20, 16, 2, -14),
        Glyph::new(3832, 13, 22, 15, 2, -19),
        Glyph::new(3876, 4, 4, 9, 2, -10),
        Glyph::new(3880, 5, 7, 13, 4, -1),
        Glyph::new(3887, 7, 12, 9, 1, -22),
        Glyph::new(3899, 10, 10, 11, 1, -20),
        Glyph::new(3919, 11, 10, 13, 1, -12),
        Glyph::new(3939, 23, 19, 24, 1, -19),
        Glyph::new(3996, 23, 19, 25, 1, -19),
        Glyph::new(4053, 24, 20, 25, 1, -20),
        Glyph::new(4113, 10, 20, 14, 2, -14),
        Glyph::new(4153, 18, 25, 19, 0, -25),
        Glyph::new(4228, 18, 25, 19, 0, -25),
        Glyph::new(4303, 18, 25, 19, 0, -25),
        Glyph::new(4378, 18, 25, 19, 0, -25),
        Glyph::new(4453, 18, 25, 19, 0, -25),
        Glyph::new(4528, 18, 26, 19, 0, -26),
        Glyph::new(4606, 24, 19, 26, 0, -19),
        Glyph::new(4663, 15, 25, 18, 2, -19),
        Glyph::new(4713, 13, 25, 17, 2, -25),
        Glyph::new(4763, 13, 25, 17, 2, -25),
        Glyph::new(4813, 13, 25, 17, 2, -25),
        Glyph::new(4863, 13, 25, 17, 2, -25),
        Glyph::new(4913, 8, 25, 11, 1, -25),
        Glyph::new(4938, 8, 25, 11, 1, -25),
        Glyph::new(4963, 8, 25, 11, 1, -25),
        Glyph::new(4988, 9, 25, 11, 1, -25),
        Glyph::new(5038, 18, 19, 20, 1, -19),
        Glyph::new(5095, 18, 25, 21, 2, -25),
        Glyph::new(5170, 17, 25, 20, 1, -25),
        Glyph::new(5245, 17, 25, 20, 1, -25),
        Glyph::new(5320, 17, 26, 20, 1, -26),
        Glyph::new(5398, 17, 25, 20, 1, -25),
        Glyph::new(5473, 17, 25, 20, 1, -25),
        Glyph::new(5548, 9, 9, 15, 3, -13),
        Glyph::new(5566, 17, 19, 20, 1, -19),
        Glyph::new(5623, 18, 25, 21, 1, -25),
        Glyph::new(5698, 18, 25, 21, 1, -25),
        Glyph::new(5773, 18, 25, 21, 1, -25),
        Glyph::new(5848, 18, 25, 21, 1, -25),
        Glyph::new(5923, 18, 25, 19, 0, -25),
        Glyph::new(5998, 14, 19, 16, 1, -19),
        Glyph::new(6036, 16, 22, 18, 1, -22),
        Glyph::new(6080, 12, 21, 14, 2, -21),
        Glyph::new(6122, 12, 21, 14, 2, -21),
        Glyph::new(6164, 12, 21, 14, 2, -21),
        Glyph::new(6206, 12, 20, 14, 2, -20),
        Glyph::new(6246, 12, 20, 14, 2, -20),
        Glyph::new(6286, 12, 22, 14, 2, -22),
        Glyph::new(6330, 19, 14, 21, 1, -14),
        Glyph::new(6372, 11, 20, 13, 1, -14),
        Glyph::new(6412, 12, 21, 14, 1, -21),
        Glyph::new(6454, 12, 21, 14, 1, -21),
        Glyph::new(6496, 12, 21, 14, 1, -21),
        Glyph::new(6538, 12, 20, 14, 1, -20),
        Glyph::new(6578, 7, 21, 9, 1, -21),
        Glyph::new(6599, 7, 21, 9, 1, -21),
        Glyph::new(6620, 8, 21, 9, 0, -21),
        Glyph::new(6641, 9, 20, 9, -1, -20),
        Glyph::new(6681, 13, 20, 15, 1, -20),
        Glyph::new(6721, 15, 19, 17, 1, -19),
        Glyph::new(6759, 13, 21, 16, 1, -21),
        Glyph::new(6801, 13, 21, 16, 1, -21),
        Glyph::new(6843, 13, 21, 16, 1, -21),
        Glyph::new(6885, 13, 19, 16, 1, -19),
        Glyph::new(6923, 13, 20, 16, 1, -20),
        Glyph::new(6963, 11, 11, 15, 2, -14),
        Glyph::new(6985, 13, 14, 16, 1, -14),
        Glyph::new(7013, 16, 21, 17, 0, -21),
        Glyph::new(7055, 16, 21, 17, 0, -21),
        Glyph::new(7097, 16, 21, 17, 0, -21),
        Glyph::new(7139, 16, 20, 17, 0, -20),
        Glyph::new(7179, 15, 27, 15, 0, -21),
        Glyph::new(7233, 14, 26, 16, 1, -20),
        Glyph::new(7285, 15, 26, 15, 0, -20),
        Glyph::new(7337, 12, 2, 13, 1, -9),
        Glyph::new(7341, 25, 2, 26, 1, -9),
        Glyph::new(7349, 4, 7, 8, 2, -20),
        Glyph::new(7356, 4, 7, 8, 2, -20),
        Glyph::new(7363, 4, 6, 8, 2, -3),
        Glyph::new(7369, 9, 7, 14, 2, -20),
        Glyph::new(7383, 9, 7, 14, 2, -20),
        Glyph::new(7397, 9, 7, 12, 1, -3),
        Glyph::new(7411, 6, 6, 10, 2, -11),
        Glyph::new(7417, 20, 4, 23, 2, -4),
        Glyph::new(7429, 6, 10, 8, 1, -12),
        Glyph::new(7439, 6, 10, 8, 1, -12),
        Glyph::new(7449, 16, 19, 18, 0, -19),
        Glyph::new(7487, 25, 10, 27, 1, -17),
        Glyph::new(7527, 11, 2, 15, 2, -9),
    ],
    bitmap: &[
        0x60, 0xF0, 0xF0, 0xF0, 0xF0, 0xF0, 0x60, 0x60, 0x60, 0x60, 0x60, 0x60, 0x60, 0x60, 0x00,
        0x60, 0xF0, 0xF0, 0x60, 0xC6, 0xEE, 0xCE, 0xCE, 0xC6, 0x44, 0x44, 0x04, 0x10, 0x04, 0x10,
        0x04, 0x10, 0x0C, 0x30, 0x7F, 0xFE, 0x7F, 0xFE, 0x0C, 0x30, 0x08, 0x20, 0x08, 0x20, 0x7F,
        0xFC, 0xFF, 0xFC, 0x18, 0x60, 0x18, 0x60, 0x10, 0x60, 0x10, 0x40, 0x02, 0x00, 0x02, 0x00,
        0x0F, 0x20, 0x3F, 0xE0, 0x72, 0x60, 0xE2, 0x20, 0xE2, 0x30, 0xF2, 0x00, 0xF2, 0x00, 0x7E,
        0x00, 0x7F, 0x80, 0x1F, 0xC0, 0x07, 0xE0, 0x03, 0xF0, 0x02, 0xF0, 0x82, 0x70, 0xC2, 0x70,
        0xC2, 0x70, 0xE2, 0xE0, 0xFF, 0xE0, 0x9F, 0x80, 0x02, 0x00, 0x02, 0x00, 0x08, 0x02, 0x00,
        0x7F, 0x06, 0x00, 0x67, 0x0C, 0x00, 0xC3, 0x8C, 0x00, 0xC3, 0x98, 0x00, 0xC3, 0x98, 0x00,
        0xC3, 0xB0, 0x00, 0x67, 0x30, 0x00, 0x7E, 0x60, 0x00, 0x08, 0xE3, 0xC0, 0x00, 0xC6, 0xE0,
        0x01, 0x8C, 0x70, 0x01, 0x8C, 0x70, 0x03, 0x0C, 0x70, 0x03, 0x0C, 0x70, 0x06, 0x07, 0xE0,
        0x0E, 0x03, 0xC0, 0x0F, 0x80, 0x00, 0x1F, 0xC0, 0x00, 0x38, 0x60, 0x00, 0x38, 0x60, 0x00,
        0x38, 0x60, 0x00, 0x38, 0x41, 0xC0, 0x1C, 0x83, 0xE0, 0x0E, 0x06, 0xE0, 0x0F, 0x04, 0x40,
        0x3B, 0x8C, 0x00, 0x73, 0xC8, 0x00, 0xE1, 0xE8, 0x00, 0xE0, 0xF8, 0x00, 0xE0, 0x78, 0x00,
        0xE0, 0x78, 0x00, 0xF0, 0x3C, 0x00, 0x70, 0x3F, 0x20, 0x3F, 0xEF, 0xE0, 0x1F, 0x83, 0x80,
        0x40, 0xE0, 0xE0, 0xC0, 0xC0, 0x40, 0x40, 0x04, 0x0C, 0x0C, 0x18, 0x38, 0x38, 0x30, 0x70,
        0x70, 0x70, 0xE0, 0xE0, 0xE0, 0xE0, 0xE0, 0xE0, 0xE0, 0xE0, 0x70, 0x70, 0x70, 0x30, 0x38,
        0x18, 0x18, 0x0C, 0x04, 0x80, 0xC0, 0x60, 0x60, 0x70, 0x30, 0x38, 0x38, 0x38, 0x1C, 0x1C,
        0x1C, 0x1C, 0x1C, 0x1C, 0x1C, 0x1C, 0x1C, 0x1C, 0x38, 0x38, 0x30, 0x30, 0x60, 0x60, 0xC0,
        0x80, 0x0C, 0x00, 0x0C, 0x00, 0x4D, 0x80, 0x7B, 0x80, 0x1E, 0x00, 0x3E, 0x00, 0xEB, 0x80,
        0x4D, 0x80, 0x0C, 0x00, 0x0C, 0x00, 0x0C, 0x00, 0x0C, 0x00, 0x0C, 0x00, 0x0C, 0x00, 0x0C,
        0x00, 0xFF, 0xE0, 0xFF, 0xE0, 0x0C, 0x00, 0x0C, 0x00, 0x0C, 0x00, 0x0C, 0x00, 0x0C, 0x00,
        0x60, 0xF0, 0xF0, 0x70, 0x30, 0x20, 0x60, 0xC0, 0xFE, 0xFE, 0x60, 0xF0, 0xF0, 0x60, 0x00,
        0x80, 0x00, 0x80, 0x01, 0x80, 0x01, 0x80, 0x01, 0x00, 0x03, 0x00, 0x03, 0x00, 0x02, 0x00,
        0x06, 0x00, 0x06, 0x00, 0x0C, 0x00, 0x0C, 0x00, 0x0C, 0x00, 0x18, 0x00, 0x18, 0x00, 0x18,
        0x00, 0x30, 0x00, 0x30, 0x00, 0x30, 0x00, 0x60, 0x00, 0x60, 0x00, 0x60, 0x00, 0xC0, 0x00,
        0xC0, 0x00, 0x80, 0x00, 0x07, 0xC0, 0x1F, 0xE0, 0x38, 0x70, 0x70, 0x38, 0x70, 0x38, 0x60,
        0x3C, 0xE0, 0x1C, 0xE0, 0x1C, 0xE0, 0x1C, 0xE0, 0x1C, 0xE0, 0x1C, 0xE0, 0x1C, 0xE0, 0x1C,
        0x70, 0x38, 0x70, 0x38, 0x70, 0x38, 0x38, 0x70, 0x1F, 0xE0, 0x0F, 0x80, 0x3C, 0x00, 0xFC,
        0x00, 0x1C, 0x00, 0x1C, 0x00, 0x1C, 0x00, 0x1C, 0x00, 0x1C, 0x00, 0x1C, 0x00, 0x1C, 0x00,
        0x1C, 0x00, 0x1C, 0x00, 0x1C, 0x00, 0x1C, 0x00, 0x1C, 0x00, 0x1C, 0x00, 0x1C, 0x00, 0x1C,
        0x00, 0x3F, 0x00, 0xFF, 0x80, 0x1F, 0x00, 0x7F, 0xC0, 0xE1, 0xE0, 0xE0, 0xE0, 0xE0, 0xE0,
        0x60, 0xE0, 0x00, 0xE0, 0x01, 0xE0, 0x01, 0xC0, 0x03, 0x80, 0x03, 0x80, 0x07, 0x00, 0x0E,
        0x00, 0x1C, 0x00, 0x38, 0x20, 0x70, 0x60, 0x7F, 0xE0, 0xFF, 0xE0, 0xFF, 0xE0, 0x1F, 0x00,
        0x7F, 0xC0, 0xE1, 0xE0, 0xE0, 0xE0, 0xE0, 0xE0, 0x60, 0xE0, 0x00, 0xE0, 0x01, 0xC0, 0x07,
        0x80, 0x0F, 0x00, 0x03, 0xC0, 0x00, 0xE0, 0x00, 0x70, 0x00, 0x70, 0x00, 0x70, 0x80, 0xF0,
        0xC0, 0xE0, 0x7F, 0xC0, 0x1F, 0x00, 0x00, 0x60, 0x00, 0xE0, 0x01, 0xE0, 0x03, 0xE0, 0x02,
        0xE0, 0x06, 0xE0, 0x0C, 0xE0, 0x0C, 0xE0, 0x18, 0xE0, 0x30, 0xE0, 0x30, 0xE0, 0x60, 0xE0,
        0xC0, 0xE0, 0xFF, 0xFC, 0x7F, 0xFC, 0x00, 0xE0, 0x00, 0xE0, 0x01, 0xF0, 0x07, 0xF8, 0x3F,
        0xF0, 0x3F, 0xE0, 0x3F, 0xE0, 0x30, 0x00, 0x20, 0x00, 0x20, 0x00, 0x20, 0x00, 0x6F, 0x80,
        0x7F, 0xE0, 0x20, 0xE0, 0x00, 0x70, 0x00, 0x70, 0x00, 0x70, 0x00, 0x70, 0x00, 0x70, 0x40,
        0xF0, 0xE0, 0xE0, 0x7F, 0xC0, 0x1F, 0x80, 0x03, 0xE0, 0x0F, 0xF0, 0x18, 0x38, 0x38, 0x38,
        0x70, 0x30, 0x70, 0x00, 0x61, 0x00, 0xEF, 0xE0, 0xF8, 0xF0, 0xF0, 0x70, 0xE0, 0x38, 0xE0,
        0x38, 0xE0, 0x38, 0xE0, 0x38, 0xE0, 0x38, 0x70, 0x70, 0x70, 0x70, 0x3F, 0xE0, 0x0F, 0x80,
        0x7F, 0xF0, 0x7F, 0xF8, 0x7F, 0xF0, 0xE0, 0x30, 0xC0, 0x60, 0x00, 0xC0, 0x00, 0xC0, 0x01,
        0x80, 0x03, 0x80, 0x03, 0x00, 0x03, 0x00, 0x07, 0x00, 0x07, 0x00, 0x07, 0x00, 0x0E, 0x00,
        0x0E, 0x00, 0x0E, 0x00, 0x0E, 0x00, 0x0E, 0x00, 0x0F, 0x80, 0x3F, 0xE0, 0x70, 0xF0, 0x70,
        0x70, 0x70, 0x70, 0x70, 0x70, 0x78, 0xE0, 0x3C, 0xC0, 0x1F, 0x80, 0x0F, 0xE0, 0x39, 0xF0,
        0x70, 0x78, 0xE0, 0x38, 0xE0, 0x38, 0xE0, 0x38, 0xF0, 0x38, 0x70, 0x70, 0x7F, 0xE0, 0x1F,
        0x80, 0x0F, 0x80, 0x3F, 0xC0, 0x70, 0xE0, 0x70, 0x60, 0xE0, 0x70, 0xE0, 0x70, 0xE0, 0x70,
        0xE0, 0x70, 0xF0, 0x70, 0x70, 0xF0, 0x7F, 0xF0, 0x1E, 0x70, 0x00, 0x70, 0x00, 0x70, 0x00,
        0xE0, 0x00, 0xE0, 0xC1, 0xC0, 0x7F, 0x80, 0x1F, 0x00, 0x60, 0xF0, 0xF0, 0x60, 0x00, 0x00,
        0x00, 0x00, 0x00, 0x00, 0x60, 0xF0, 0xF0, 0x60, 0x60, 0xF0, 0xF0, 0x60, 0x00, 0x00, 0x00,
        0x00, 0x00, 0x00, 0x60, 0xF0, 0xF0, 0x70, 0x30, 0x20, 0x60, 0xC0, 0x00, 0x40, 0x01, 0xC0,
        0x07, 0x00, 0x0E, 0x00, 0x38, 0x00, 0x70, 0x00, 0xE0, 0x00, 0x70, 0x00, 0x3C, 0x00, 0x0E,
        0x00, 0x03, 0x80, 0x01, 0xC0, 0x00, 0x40, 0xFF, 0xE0, 0xFF, 0xE0, 0x00, 0x00, 0x00, 0x00,
        0x00, 0x00, 0xFF, 0xE0, 0xFF, 0xE0, 0x80, 0x00, 0xE0, 0x00, 0x38, 0x00, 0x1C, 0x00, 0x07,
        0x00, 0x03, 0x80, 0x01, 0xC0, 0x03, 0x80, 0x0F, 0x00, 0x1C, 0x00, 0x70, 0x00, 0xE0, 0x00,
        0x80, 0x00, 0x1F, 0x00, 0x7F, 0xC0, 0xE1, 0xE0, 0xE0, 0xE0, 0xE0, 0xE0, 0x01, 0xE0, 0x03,
        0xC0, 0x07, 0xC0, 0x07, 0x80, 0x0E, 0x00, 0x0C, 0x00, 0x0C, 0x00, 0x0C, 0x00, 0x00, 0x00,
        0x00, 0x00, 0x0C, 0x00, 0x1E, 0x00, 0x1E, 0x00, 0x0C, 0x00, 0x01, 0xFC, 0x00, 0x07, 0xFF,
        0x00, 0x1C, 0x01, 0xC0, 0x38, 0x00, 0xE0, 0x30, 0x00, 0x60, 0x60, 0xF2, 0x60, 0x61, 0xFE,
        0x30, 0xC3, 0x06, 0x30, 0xC7, 0x0E, 0x30, 0xC6, 0x0E, 0x30, 0xC6, 0x0E, 0x30, 0xC6, 0x16,
        0x30, 0xC6, 0x16, 0x20, 0xC6, 0x36, 0x60, 0x63, 0xE7, 0xC0, 0x61, 0xC3, 0x80, 0x70, 0x00,
        0x00, 0x38, 0x00, 0x00, 0x1E, 0x07, 0x00, 0x07, 0xFC, 0x00, 0x00, 0xC0, 0x00, 0x00, 0xE0,
        0x00, 0x01, 0xE0, 0x00, 0x01, 0xF0, 0x00, 0x01, 0x70, 0x00, 0x03, 0x70, 0x00, 0x03, 0x78,
        0x00, 0x02, 0x38, 0x00, 0x06, 0x38, 0x00, 0x06, 0x38, 0x00, 0x04, 0x1C, 0x00, 0x0C, 0x1C,
        0x00, 0x0C, 0x1C, 0x00, 0x0F, 0xFE, 0x00, 0x18, 0x0E, 0x00, 0x18, 0x0E, 0x00, 0x10, 0x07,
        0x00, 0x30, 0x07, 0x00, 0x70, 0x07, 0x80, 0xFC, 0x1F, 0xC0, 0xFF, 0xC0, 0x7F, 0xF0, 0x38,
        0x78, 0x38, 0x38, 0x38, 0x38, 0x38, 0x38, 0x38, 0x38, 0x38, 0x70, 0x3F, 0xC0, 0x3F, 0xF0,
        0x38, 0x78, 0x38, 0x3C, 0x38, 0x1C, 0x38, 0x1C, 0x38, 0x1C, 0x38, 0x1C, 0x38, 0x38, 0x7F,
        0xF0, 0xFF, 0xC0, 0x03, 0xE4, 0x0F, 0xFC, 0x3C, 0x1E, 0x38, 0x0E, 0x70, 0x06, 0x70, 0x06,
        0xE0, 0x00, 0xE0, 0x00, 0xE0, 0x00, 0xE0, 0x00, 0xE0, 0x00, 0xE0, 0x00, 0xF0, 0x00, 0x70,
        0x00, 0x70, 0x00, 0x38, 0x02, 0x3C, 0x0E, 0x0F, 0xFC, 0x03, 0xF0, 0xFF, 0xE0, 0x00, 0x7F,
        0xFC, 0x00, 0x38, 0x1E, 0x00, 0x38, 0x0F, 0x00, 0x38, 0x07, 0x00, 0x38, 0x07, 0x00, 0x38,
        0x03, 0x80, 0x38, 0x03, 0x80, 0x38, 0x03, 0x80, 0x38, 0x03, 0x80, 0x38, 0x03, 0x80, 0x38,
        0x03, 0x80, 0x38, 0x07, 0x80, 0x38, 0x07, 0x00, 0x38, 0x07, 0x00, 0x38, 0x0E, 0x00, 0x38,
        0x1C, 0x00, 0x7F, 0xF8, 0x00, 0xFF, 0xE0, 0x00, 0xFF, 0xF0, 0x7F, 0xF0, 0x38, 0x38, 0x38,
        0x18, 0x38, 0x18, 0x38, 0x00, 0x38, 0x40, 0x38, 0x60, 0x3F, 0xE0, 0x3F, 0xE0, 0x38, 0x60,
        0x38, 0x60, 0x38, 0x00, 0x38, 0x00, 0x38, 0x08, 0x38, 0x08, 0x38, 0x18, 0x7C, 0x78, 0xFF,
        0xF8, 0xFF, 0xF8, 0x7F, 0xF8, 0x38, 0x18, 0x38, 0x18, 0x38, 0x0C, 0x38, 0x00, 0x38, 0x00,
        0x38, 0x20, 0x38, 0x60, 0x3F, 0xE0, 0x3F, 0xE0, 0x38, 0x60, 0x38, 0x20, 0x38, 0x00, 0x38,
        0x00, 0x38, 0x00, 0x38, 0x00, 0x7C, 0x00, 0xFF, 0x00, 0x03, 0xE6, 0x00, 0x0F, 0xFE, 0x00,
        0x1C, 0x0E, 0x00, 0x38, 0x07, 0x00, 0x70, 0x03, 0x00, 0x70, 0x03, 0x00, 0xE0, 0x00, 0x00,
        0xE0, 0x00, 0x00, 0xE0, 0x00, 0x00, 0xE0, 0x00, 0x00, 0xE0, 0x3F, 0x80, 0xE0, 0x0F, 0x00,
        0xF0, 0x07, 0x00, 0x70, 0x07, 0x00, 0x70, 0x07, 0x00, 0x38, 0x07, 0x00, 0x3C, 0x0F, 0x00,
        0x0F, 0xFF, 0x00, 0x07, 0xF3, 0x00, 0xFF, 0x0F, 0xE0, 0x7C, 0x07, 0xC0, 0x38, 0x03, 0x80,
        0x38, 0x03, 0x80, 0x38, 0x03, 0x80, 0x38, 0x03, 0x80, 0x38, 0x03, 0x80, 0x38, 0x03, 0x80,
        0x3F, 0xFF, 0x80, 0x3F, 0xFF, 0x80, 0x38, 0x03, 0x80, 0x38, 0x03, 0x80, 0x38, 0x03, 0x80,
        0x38, 0x03, 0x80, 0x38, 0x03, 0x80, 0x38, 0x03, 0x80, 0x38, 0x03, 0x80, 0x7C, 0x07, 0xC0,
        0xFF, 0x0F, 0xE0, 0xFF, 0x7C, 0x38, 0x38, 0x38, 0x38, 0x38, 0x38, 0x38, 0x38, 0x38, 0x38,
        0x38, 0x38, 0x38, 0x38, 0x38, 0x7C, 0xFF, 0x07, 0xF8, 0x01, 0xF0, 0x00, 0xE0, 0x00, 0xE0,
        0x00, 0xE0, 0x00, 0xE0, 0x00, 0xE0, 0x00, 0xE0, 0x00, 0xE0, 0x00, 0xE0, 0x00, 0xE0, 0x00,
        0xE0, 0x00, 0xE0, 0x60, 0xE0, 0xF0, 0xE0, 0xF0, 0xE0, 0xE1, 0xC0, 0x7F, 0x80, 0x3F, 0x00,
        0xFF, 0x1F, 0x80, 0x7E, 0x1F, 0x00, 0x38, 0x0E, 0x00, 0x38, 0x0C, 0x00, 0x38, 0x18, 0x00,
        0x38, 0x30, 0x00, 0x38, 0xE0, 0x00, 0x39, 0xC0, 0x00, 0x3B, 0xC0, 0x00, 0x3F, 0xC0, 0x00,
        0x3F, 0xE0, 0x00, 0x38, 0xF0, 0x00, 0x38, 0xF0, 0x00, 0x38, 0x78, 0x00, 0x38, 0x38, 0x00,
        0x38, 0x3C, 0x00, 0x38, 0x1E, 0x00, 0x7C, 0x0F, 0xC0, 0xFF, 0x07, 0xC0, 0xFF, 0x00, 0x7C,
        0x00, 0x38, 0x00, 0x38, 0x00, 0x38, 0x00, 0x38, 0x00, 0x38, 0x00, 0x38, 0x00, 0x38, 0x00,
        0x38, 0x00, 0x38, 0x00, 0x38, 0x00, 0x38, 0x00, 0x38, 0x0C, 0x38, 0x0C, 0x38, 0x0C, 0x38,
        0x1C, 0x7F, 0xF8, 0xFF, 0xF8, 0x7E, 0x00, 0xFC, 0x3E, 0x01, 0xF8, 0x3F, 0x01, 0xF0, 0x3F,
        0x01, 0xF0, 0x37, 0x03, 0x70, 0x37, 0x83, 0x70, 0x33, 0x82, 0x70, 0x33, 0x86, 0x70, 0x33,
        0xC6, 0x70, 0x31, 0xCC, 0x70, 0x31, 0xCC, 0x70, 0x30, 0xE8, 0x70, 0x30, 0xF8, 0x70, 0x30,
        0xF8, 0x70, 0x30, 0x70, 0x70, 0x30, 0x70, 0x70, 0x30, 0x00, 0x70, 0x78, 0x00, 0xF8, 0xFC,
        0x01, 0xFE, 0xFC, 0x0F, 0xC0, 0x7C, 0x07, 0x80, 0x3E, 0x03, 0x00, 0x3F, 0x03, 0x00, 0x37,
        0x03, 0x00, 0x37, 0x83, 0x00, 0x33, 0x83, 0x00, 0x33, 0xC3, 0x00, 0x31, 0xC3, 0x00, 0x30,
        0xE3, 0x00, 0x30, 0xF3, 0x00, 0x30, 0x73, 0x00, 0x30, 0x7B, 0x00, 0x30, 0x3B, 0x00, 0x30,
        0x3F, 0x00, 0x30, 0x1F, 0x00, 0x30, 0x0F, 0x00, 0x78, 0x0F, 0x00, 0xFC, 0x07, 0x00, 0x03,
        0xF0, 0x00, 0x0F, 0xFC, 0x00, 0x1C, 0x1E, 0x00, 0x38, 0x0F, 0x00, 0x70, 0x07, 0x00, 0x70,
        0x07, 0x80, 0xE0, 0x03, 0x80, 0xE0, 0x03, 0x80, 0xE0, 0x03, 0x80, 0xE0, 0x03, 0x80, 0xE0,
        0x03, 0x80, 0xE0, 0x03, 0x80, 0xF0, 0x03, 0x80, 0x70, 0x03, 0x00, 0x70, 0x07, 0x00, 0x38,
        0x06, 0x00, 0x3C, 0x0E, 0x00, 0x0F, 0xF8, 0x00, 0x07, 0xE0, 0x00, 0xFF, 0xC0, 0x7F, 0xF0,
        0x38, 0x78, 0x38, 0x38, 0x38, 0x3C, 0x38, 0x3C, 0x38, 0x3C, 0x38, 0x38, 0x38, 0x38, 0x38,
        0x70, 0x3F, 0xE0, 0x3F, 0x00, 0x38, 0x00, 0x38, 0x00, 0x38, 0x00, 0x38, 0x00, 0x38, 0x00,
        0x7C, 0x00, 0xFF, 0x00, 0x03, 0xF0, 0x00, 0x0F, 0xFC, 0x00, 0x1C, 0x1E, 0x00, 0x38, 0x0F,
        0x00, 0x70, 0x07, 0x00, 0x70, 0x07, 0x80, 0xE0, 0x03, 0x80, 0xE0, 0x03, 0x80, 0xE0, 0x03,
        0x80, 0xE0, 0x03, 0x80, 0xE0, 0x03, 0x80, 0xE3, 0x03, 0x80, 0xFF, 0xC3, 0x80, 0x78, 0xE7,
        0x00, 0x70, 0x67, 0x00, 0x38, 0x7E, 0x00, 0x3C, 0x3E, 0x00, 0x0F, 0xFC, 0x00, 0x07, 0xFC,
        0x00, 0x00, 0x1E, 0x00, 0x00, 0x0F, 0x08, 0x00, 0x07, 0xF8, 0x00, 0x03, 0xF0, 0x00, 0x01,
        0xC0, 0xFF, 0xC0, 0x7F, 0xF0, 0x38, 0x38, 0x38, 0x38, 0x38, 0x3C, 0x38, 0x38, 0x38, 0x38,
        0x38, 0x70, 0x3F, 0xE0, 0x3F, 0xC0, 0x38, 0xE0, 0x38, 0xF0, 0x38, 0x70, 0x38, 0x70, 0x38,
        0x78, 0x38, 0x38, 0x38, 0x3C, 0x7C, 0x1F, 0xFF, 0x0F, 0x1F, 0x20, 0x3F, 0xE0, 0x70, 0xE0,
        0xE0, 0x60, 0xE0, 0x30, 0xE0, 0x20, 0xF0, 0x00, 0xFC, 0x00, 0x7F, 0x80, 0x3F, 0xC0, 0x0F,
        0xE0, 0x01, 0xF0, 0x00, 0xF0, 0x80, 0x70, 0x80, 0x70, 0xC0, 0x70, 0xE0, 0xE0, 0xFF, 0xC0,
        0x8F, 0x80, 0x7F, 0xFF, 0x00, 0xFF, 0xFF, 0x80, 0xE1, 0xC3, 0x80, 0xC1, 0xC1, 0x80, 0xC1,
        0xC1, 0x80, 0x81, 0xC0, 0x80, 0x01, 0xC0, 0x00, 0x01, 0xC0, 0x00, 0x01, 0xC0, 0x00, 0x01,
        0xC0, 0x00, 0x01, 0xC0, 0x00, 0x01, 0xC0, 0x00, 0x01, 0xC0, 0x00, 0x01, 0xC0, 0x00, 0x01,
        0xC0, 0x00, 0x01, 0xC0, 0x00, 0x01, 0xC0, 0x00, 0x03, 0xE0, 0x00, 0x0F, 0xF8, 0x00, 0xFE,
        0x0F, 0xC0, 0x7C, 0x07, 0x80, 0x38, 0x03, 0x00, 0x38, 0x03, 0x00, 0x38, 0x03, 0x00, 0x38,
        0x03, 0x00, 0x38, 0x03, 0x00, 0x38, 0x03, 0x00, 0x38, 0x03, 0x00, 0x38, 0x03, 0x00, 0x38,
        0x03, 0x00, 0x38, 0x03, 0x00, 0x38, 0x03, 0x00, 0x38, 0x03, 0x00, 0x3C, 0x03, 0x00, 0x1C,
        0x06, 0x00, 0x1E, 0x0E, 0x00, 0x0F, 0xFC, 0x00, 0x03, 0xF0, 0x00, 0xFE, 0x0F, 0xC0, 0x7C,
        0x07, 0x80, 0x38, 0x03, 0x00, 0x38, 0x02, 0x00, 0x1C, 0x06, 0x00, 0x1C, 0x06, 0x00, 0x1C,
        0x04, 0x00, 0x0E, 0x0C, 0x00, 0x0E, 0x0C, 0x00, 0x0E, 0x08, 0x00, 0x0F, 0x18, 0x00, 0x07,
        0x18, 0x00, 0x07, 0x18, 0x00, 0x07, 0xB0, 0x00, 0x03, 0xB0, 0x00, 0x03, 0xB0, 0x00, 0x03,
        0xE0, 0x00, 0x01, 0xE0, 0x00, 0x01, 0xE0, 0x00, 0xFE, 0x0F, 0x07, 0xE0, 0x7C, 0x0F, 0x03,
        0xC0, 0x38, 0x0F, 0x01, 0x80, 0x38, 0x1F, 0x01, 0x00, 0x38, 0x1B, 0x81, 0x00, 0x1C, 0x1B,
        0x83, 0x00, 0x1C, 0x13, 0x83, 0x00, 0x1C, 0x33, 0x83, 0x00, 0x1C, 0x31, 0xC2, 0x00, 0x0E,
        0x31, 0xC6, 0x00, 0x0E, 0x21, 0xC6, 0x00, 0x0E, 0x61, 0xE6, 0x00, 0x0E, 0x60, 0xE4, 0x00,
        0x06, 0x60, 0xE4, 0x00, 0x07, 0x40, 0xEC, 0x00, 0x07, 0xC0, 0x7C, 0x00, 0x07, 0xC0, 0x78,
        0x00, 0x07, 0xC0, 0x78, 0x00, 0x03, 0x80, 0x78, 0x00, 0xFE, 0x1F, 0x80, 0x7C, 0x0F, 0x00,
        0x3C, 0x0E, 0x00, 0x1C, 0x0C, 0x00, 0x0E, 0x18, 0x00, 0x0F, 0x30, 0x00, 0x07, 0x30, 0x00,
        0x07, 0xE0, 0x00, 0x03, 0xC0, 0x00, 0x01, 0xC0, 0x00, 0x01, 0xE0, 0x00, 0x03, 0xF0, 0x00,
        0x06, 0x78, 0x00, 0x0C, 0x38, 0x00, 0x0C, 0x3C, 0x00, 0x18, 0x1E, 0x00, 0x30, 0x0F, 0x00,
        0xF8, 0x1F, 0xC0, 0xFC, 0x3F, 0xC0, 0xFF, 0x0F, 0xC0, 0x7E, 0x07, 0x80, 0x3C, 0x02, 0x00,
        0x1C, 0x06, 0x00, 0x1E, 0x04, 0x00, 0x0F, 0x0C, 0x00, 0x0F, 0x18, 0x00, 0x07, 0x90, 0x00,
        0x03, 0xB0, 0x00, 0x03, 0xE0, 0x00, 0x01, 0xE0, 0x00, 0x01, 0xC0, 0x00, 0x01, 0xC0, 0x00,
        0x01, 0xC0, 0x00, 0x01, 0xC0, 0x00, 0x01, 0xC0, 0x00, 0x01, 0xC0, 0x00, 0x03, 0xE0, 0x00,
        0x07, 0xF8, 0x00, 0x7F, 0xFE, 0x7F, 0xFE, 0x70, 0x1C, 0x60, 0x3C, 0x60, 0x78, 0x40, 0x70,
        0x00, 0xF0, 0x01, 0xE0, 0x01, 0xC0, 0x03, 0xC0, 0x07, 0x80, 0x07, 0x00, 0x0F, 0x00, 0x1E,
        0x02, 0x1C, 0x06, 0x3C, 0x06, 0x78, 0x0E, 0x78, 0x3E, 0xFF, 0xFE, 0xF8, 0xF8, 0xE0, 0xE0,
        0xE0, 0xE0, 0xE0, 0xE0, 0xE0, 0xE0, 0xE0, 0xE0, 0xE0, 0xE0, 0xE0, 0xE0, 0xE0, 0xE0, 0xE0,
        0xE0, 0xE0, 0xE0, 0xE0, 0xE0, 0xE0, 0xE0, 0xE0, 0xF8, 0x80, 0x00, 0xC0, 0x00, 0xC0, 0x00,
        0xC0, 0x00, 0x60, 0x00, 0x60, 0x00, 0x20, 0x00, 0x30, 0x00, 0x30, 0x00, 0x10, 0x00, 0x18,
        0x00, 0x18, 0x00, 0x08, 0x00, 0x0C, 0x00, 0x0C, 0x00, 0x06, 0x00, 0x06, 0x00, 0x06, 0x00,
        0x03, 0x00, 0x03, 0x00, 0x03, 0x00, 0x01, 0x80, 0x01, 0x80, 0x01, 0x80, 0x00, 0xC0, 0x78,
        0xFC, 0x1C, 0x1C, 0x1C, 0x1C, 0x1C, 0x1C, 0x1C, 0x1C, 0x1C, 0x1C, 0x1C, 0x1C, 0x1C, 0x1C,
        0x1C, 0x1C, 0x1C, 0x1C, 0x1C, 0x1C, 0x1C, 0x1C, 0x1C, 0x1C, 0x3C, 0xFC, 0x03, 0x00, 0x07,
        0x00, 0x0F, 0x80, 0x0D, 0x80, 0x18, 0xC0, 0x30, 0x60, 0x30, 0x60, 0x60, 0x30, 0xC0, 0x18,
        0x40, 0x10, 0xFF, 0xF0, 0xFF, 0xF0, 0xC0, 0xE0, 0xF0, 0x30, 0x18, 0x1F, 0x00, 0x7F, 0x80,
        0xE1, 0xC0, 0xE1, 0xC0, 0x61, 0xC0, 0x01, 0xC0, 0x1F, 0xC0, 0x7F, 0xC0, 0xF1, 0xC0, 0xE1,
        0xC0, 0xE1, 0xC0, 0xE3, 0xC0, 0x7F, 0xF0, 0x3C, 0xF0, 0xF8, 0x00, 0x78, 0x00, 0x38, 0x00,
        0x38, 0x00, 0x38, 0x00, 0x38, 0x00, 0x39, 0xE0, 0x3F, 0xF8, 0x3C, 0x38, 0x3C, 0x1C, 0x38,
        0x1C, 0x38, 0x1C, 0x38, 0x1C, 0x38, 0x1C, 0x38, 0x1C, 0x38, 0x1C, 0x38, 0x38, 0x3C, 0x38,
        0x3F, 0xF0, 0x33, 0xE0, 0x0F, 0x80, 0x3F, 0xC0, 0x78, 0x60, 0x70, 0xE0, 0xE0, 0xE0, 0xE0,
        0x00, 0xE0, 0x00, 0xE0, 0x00, 0xE0, 0x00, 0xF0, 0x00, 0x70, 0x00, 0x7C, 0x60, 0x3F, 0xC0,
        0x0F, 0x80, 0x00, 0xF8, 0x00, 0x78, 0x00, 0x38, 0x00, 0x38, 0x00, 0x38, 0x00, 0x38, 0x0F,
        0xF8, 0x3F, 0xF8, 0x70, 0x78, 0x70, 0x38, 0xE0, 0x38, 0xE0, 0x38, 0xE0, 0x38, 0xE0, 0x38,
        0xE0, 0x38, 0xE0, 0x38, 0x70, 0x78, 0x70, 0x78, 0x3F, 0xBC, 0x1F, 0x3E, 0x0F, 0x80, 0x3F,
        0xE0, 0x70, 0xE0, 0x70, 0x70, 0xE0, 0x70, 0xFF, 0xF0, 0xFF, 0xF0, 0xE0, 0x00, 0xE0, 0x00,
        0xF0, 0x00, 0x70, 0x00, 0x7C, 0x70, 0x3F, 0xE0, 0x0F, 0x80, 0x07, 0xC0, 0x1F, 0xE0, 0x1C,
        0xE0, 0x38, 0xE0, 0x38, 0x00, 0x38, 0x00, 0x38, 0x00, 0xFF, 0x80, 0xFF, 0x80, 0x38, 0x00,
        0x38, 0x00, 0x38, 0x00, 0x38, 0x00, 0x38, 0x00, 0x38, 0x00, 0x38, 0x00, 0x38, 0x00, 0x38,
        0x00, 0x38, 0x00, 0x7C, 0x00, 0xFF, 0x00, 0x00, 0x1C, 0x0F, 0x2C, 0x3F, 0xC0, 0x78, 0xE0,
        0x70, 0x70, 0x70, 0x70, 0x70, 0x70, 0x70, 0xF0, 0x38, 0xE0, 0x1F, 0xC0, 0x32, 0x00, 0x60,
        0x00, 0x7F, 0xE0, 0x7F, 0xF0, 0x3F, 0xF8, 0x70, 0x78, 0xE0, 0x38, 0xE0, 0x38, 0xF0, 0x70,
        0x7F, 0xE0, 0x3F, 0xC0, 0xF8, 0x00, 0x78, 0x00, 0x38, 0x00, 0x38, 0x00, 0x38, 0x00, 0x38,
        0x00, 0x39, 0xE0, 0x3B, 0xF0, 0x3C, 0x38, 0x38, 0x38, 0x38, 0x38, 0x38, 0x38, 0x38, 0x38,
        0x38, 0x38, 0x38, 0x38, 0x38, 0x38, 0x38, 0x38, 0x38, 0x38, 0x7C, 0x7C, 0xFE, 0xFE, 0x30,
        0x38, 0x38, 0x30, 0x00, 0x00, 0xF8, 0xF8, 0x38, 0x38, 0x38, 0x38, 0x38, 0x38, 0x38, 0x38,
        0x38, 0x38, 0x7C, 0xFE, 0x30, 0x78, 0x78, 0x30, 0x00, 0x00, 0xF8, 0xF8, 0x38, 0x38, 0x38,
        0x38, 0x38, 0x38, 0x38, 0x38, 0x38, 0x38, 0x38, 0x38, 0x38, 0x30, 0x70, 0x60, 0xC0, 0xF8,
        0x00, 0x78, 0x00, 0x38, 0x00, 0x38, 0x00, 0x38, 0x00, 0x38, 0x00, 0x38, 0x7E, 0x38, 0x3C,
        0x38, 0x30, 0x38, 0x60, 0x38, 0xC0, 0x3B, 0x80, 0x3F, 0x80, 0x3B, 0xC0, 0x39, 0xE0, 0x38,
        0xE0, 0x38, 0xF0, 0x38, 0x78, 0x7C, 0x3F, 0xFE, 0x1E, 0xF8, 0x78, 0x38, 0x38, 0x38, 0x38,
        0x38, 0x38, 0x38, 0x38, 0x38, 0x38, 0x38, 0x38, 0x38, 0x38, 0x38, 0x38, 0x7C, 0xFE, 0xF9,
        0xE1, 0xE0, 0x7B, 0xF3, 0xF0, 0x3C, 0x3C, 0x38, 0x38, 0x38, 0x38, 0x38, 0x38, 0x38, 0x38,
        0x38, 0x38, 0x38, 0x38, 0x38, 0x38, 0x38, 0x38, 0x38, 0x38, 0x38, 0x38, 0x38, 0x38, 0x38,
        0x38, 0x38, 0x38, 0x38, 0x38, 0x7C, 0x3C, 0x7C, 0xFE, 0x7E, 0x7E, 0xF9, 0xE0, 0x7F, 0xF0,
        0x3C, 0x38, 0x38, 0x38, 0x38, 0x38, 0x38, 0x38, 0x38, 0x38, 0x38, 0x38, 0x38, 0x38, 0x38,
        0x38, 0x38, 0x38, 0x38, 0x38, 0x7C, 0x7C, 0xFE, 0xFE, 0x0F, 0x80, 0x3F, 0xE0, 0x70, 0x70,
        0x70, 0x78, 0xE0, 0x38, 0xE0, 0x38, 0xE0, 0x38, 0xE0, 0x38, 0xE0, 0x38, 0xF0, 0x38, 0x70,
        0x30, 0x78, 0x70, 0x3F, 0xE0, 0x0F, 0x80, 0xF9, 0xE0, 0x7F, 0xF8, 0x3C, 0x38, 0x38, 0x1C,
        0x38, 0x1C, 0x38, 0x1C, 0x38, 0x1C, 0x38, 0x1C, 0x38, 0x1C, 0x38, 0x1C, 0x38, 0x38, 0x38,
        0x38, 0x3F, 0xF0, 0x3B, 0xE0, 0x38, 0x00, 0x38, 0x00, 0x38, 0x00, 0x38, 0x00, 0x7C, 0x00,
        0xFE, 0x00, 0x0F, 0x98, 0x3F, 0xF8, 0x70, 0x78, 0x70, 0x38, 0xE0, 0x38, 0xE0, 0x38, 0xE0,
        0x38, 0xE0, 0x38, 0xE0, 0x38, 0xE0, 0x38, 0x70, 0x78, 0x70, 0x78, 0x3F, 0xF8, 0x1F, 0x38,
        0x00, 0x38, 0x00, 0x38, 0x00, 0x38, 0x00, 0x38, 0x00, 0xFC, 0x01, 0xFC, 0xF1, 0xC0, 0xFB,
        0xE0, 0x3C, 0xE0, 0x3C, 0xE0, 0x38, 0xE0, 0x38, 0x00, 0x38, 0x00, 0x38, 0x00, 0x38, 0x00,
        0x38, 0x00, 0x38, 0x00, 0x38, 0x00, 0x7C, 0x00, 0xFF, 0x00, 0x3E, 0x80, 0x7F, 0x80, 0xC1,
        0x80, 0xC0, 0xC0, 0xE0, 0x00, 0xF8, 0x00, 0x7F, 0x00, 0x1F, 0x80, 0x03, 0xC0, 0x80, 0xC0,
        0xC0, 0xC0, 0xE1, 0xC0, 0xFF, 0x80, 0xBE, 0x00, 0x08, 0x00, 0x18, 0x00, 0x18, 0x00, 0x38,
        0x00, 0x38, 0x00, 0xFF, 0x80, 0xFF, 0x80, 0x38, 0x00, 0x38, 0x00, 0x38, 0x00, 0x38, 0x00,
        0x38, 0x00, 0x38, 0x00, 0x38, 0x00, 0x38, 0x00, 0x38, 0x00, 0x38, 0x00, 0x3F, 0xC0, 0x1F,
        0x00, 0xF8, 0xF8, 0x78, 0x78, 0x38, 0x38, 0x38, 0x38, 0x38, 0x38, 0x38, 0x38, 0x38, 0x38,
        0x38, 0x38, 0x38, 0x38, 0x38, 0x38, 0x38, 0x38, 0x3C, 0x78, 0x1F, 0xBE, 0x0F, 0x1F, 0xFE,
        0x3E, 0x7C, 0x1C, 0x38, 0x18, 0x3C, 0x18, 0x1C, 0x10, 0x1C, 0x30, 0x1E, 0x30, 0x0E, 0x20,
        0x0E, 0x60, 0x07, 0x60, 0x07, 0x40, 0x07, 0xC0, 0x03, 0xC0, 0x03, 0x80, 0xFE, 0x3C, 0x7E,
        0x7C, 0x3C, 0x3C, 0x38, 0x3C, 0x18, 0x3C, 0x3C, 0x10, 0x1C, 0x6E, 0x30, 0x1C, 0x6E, 0x30,
        0x1C, 0x6E, 0x20, 0x0E, 0x46, 0x20, 0x0E, 0xC7, 0x60, 0x0E, 0xC7, 0x40, 0x07, 0xC7, 0xC0,
        0x07, 0x83, 0xC0, 0x07, 0x83, 0xC0, 0x07, 0x83, 0x80, 0xFE, 0x7C, 0x7C, 0x38, 0x3C, 0x30,
        0x1E, 0x20, 0x0F, 0x60, 0x07, 0xC0, 0x07, 0x80, 0x03, 0xC0, 0x07, 0xC0, 0x0C, 0xE0, 0x18,
        0x70, 0x18, 0x78, 0x78, 0x7C, 0xFC, 0xFE, 0xFE, 0x3E, 0x7C, 0x1C, 0x38, 0x18, 0x3C, 0x18,
        0x1C, 0x10, 0x1C, 0x30, 0x0E, 0x20, 0x0E, 0x60, 0x0F, 0x60, 0x07, 0x40, 0x07, 0xC0, 0x03,
        0x80, 0x03, 0x80, 0x01, 0x80, 0x03, 0x00, 0x03, 0x00, 0xE2, 0x00, 0xE6, 0x00, 0xEC, 0x00,
        0x78, 0x00, 0xFF, 0xE0, 0xFF, 0xE0, 0xC1, 0xC0, 0xC3, 0xC0, 0x83, 0x80, 0x07, 0x00, 0x0F,
        0x00, 0x0E, 0x00, 0x1C, 0x00, 0x38, 0x20, 0x38, 0x60, 0x70, 0x60, 0xF1, 0xE0, 0xFF, 0xE0,
        0x1E, 0x3E, 0x38, 0x38, 0x38, 0x38, 0x38, 0x38, 0x38, 0x38, 0x38, 0x38, 0x70, 0xE0, 0xF0,
        0x38, 0x38, 0x38, 0x38, 0x38, 0x38, 0x38, 0x38, 0x38, 0x38, 0x38, 0x3E, 0x0E, 0x80, 0xC0,
        0xC0, 0xC0, 0xC0, 0xC0, 0xC0, 0xC0, 0xC0, 0xC0, 0xC0, 0xC0, 0xC0, 0xC0, 0xC0, 0xC0, 0xC0,
        0xC0, 0xC0, 0xC0, 0xC0, 0xC0, 0xC0, 0xC0, 0xC0, 0xF0, 0xF8, 0x38, 0x38, 0x38, 0x38, 0x38,
        0x38, 0x38, 0x38, 0x38, 0x38, 0x1C, 0x0E, 0x1E, 0x38, 0x38, 0x38, 0x38, 0x38, 0x38, 0x38,
        0x38, 0x38, 0x38, 0x38, 0xF8, 0xF0, 0x78, 0x20, 0xFF, 0xE0, 0x83, 0xC0, 0x60, 0xF0, 0xF0,
        0x60, 0x00, 0x00, 0x60, 0x60, 0x60, 0x60, 0x60, 0x60, 0x60, 0x60, 0xF0, 0xF0, 0xF0, 0xF0,
        0xF0, 0x60, 0x01, 0x00, 0x03, 0x00, 0x0F, 0x80, 0x3F, 0xC0, 0x72, 0xE0, 0x72, 0xE0, 0xE6,
        0xE0, 0xE6, 0x00, 0xE4, 0x00, 0xE4, 0x00, 0xE4, 0x00, 0xFC, 0x00, 0x7C, 0x00, 0x7C, 0x60,
        0x3F, 0xC0, 0x1F, 0x80, 0x18, 0x00, 0x0F, 0xC0, 0x1F, 0xE0, 0x38, 0x70, 0x70, 0x70, 0x70,
        0x70, 0x70, 0x00, 0x70, 0x00, 0x78, 0x00, 0x38, 0x00, 0xFF, 0xC0, 0xFF, 0xC0, 0x1C, 0x00,
        0x1C, 0x00, 0x1C, 0x00, 0x1C, 0x18, 0x18, 0x18, 0x38, 0x70, 0xFF, 0xF0, 0xFF, 0xF0, 0x00,
        0x20, 0x6F, 0xE0, 0x7F, 0xC0, 0x31, 0xC0, 0x60, 0xC0, 0x60, 0xC0, 0x60, 0xC0, 0x60, 0xC0,
        0x71, 0xC0, 0x7F, 0xC0, 0x7F, 0xE0, 0xC0, 0x20, 0xFF, 0x0F, 0xC0, 0xFE, 0x07, 0x80, 0x3C,
        0x03, 0x00, 0x1C, 0x02, 0x00, 0x1E, 0x06, 0x00, 0x0E, 0x0C, 0x00, 0x0F, 0x0C, 0x00, 0x07,
        0x18, 0x00, 0x07, 0xB8, 0x00, 0x3F, 0xFE, 0x00, 0x01, 0xE0, 0x00, 0x3F, 0xFE, 0x00, 0x7F,
        0xFE, 0x00, 0x01, 0xC0, 0x00, 0x01, 0xC0, 0x00, 0x01, 0xC0, 0x00, 0x01, 0xC0, 0x00, 0x03,
        0xE0, 0x00, 0x07, 0xF8, 0x00, 0xC0, 0xC0, 0xC0, 0xC0, 0xC0, 0xC0, 0xC0, 0xC0, 0xC0, 0xC0,
        0x00, 0x00, 0x00, 0xC0, 0xC0, 0xC0, 0xC0, 0xC0, 0xC0, 0xC0, 0xC0, 0xC0, 0xC0, 0xC0, 0x07,
        0xC0, 0x0F, 0xE0, 0x18, 0xE0, 0x19, 0xE0, 0x18, 0xC0, 0x1C, 0x00, 0x3E, 0x00, 0x7F, 0x00,
        0xE7, 0x80, 0xE3, 0xE0, 0xE1, 0xF0, 0xF0, 0x70, 0x78, 0x38, 0x3E, 0x18, 0x1F, 0x18, 0x0F,
        0x90, 0x03, 0xF0, 0x01, 0xE0, 0x00, 0xE0, 0x18, 0xE0, 0x38, 0xE0, 0x39, 0xE0, 0x1F, 0xC0,
        0x06, 0x00, 0x63, 0x00, 0xE3, 0x80, 0xE3, 0x80, 0x63, 0x00, 0x03, 0xF0, 0x00, 0x0F, 0xFC,
        0x00, 0x18, 0x07, 0x00, 0x30, 0x83, 0x00, 0x63, 0xF1, 0x80, 0x67, 0x31, 0x80, 0xCE, 0x18,
        0xC0, 0xCC, 0x00, 0xC0, 0xCC, 0x00, 0xC0, 0xCC, 0x00, 0xC0, 0xCC, 0x00, 0xC0, 0xCE, 0x00,
        0xC0, 0x66, 0x09, 0x80, 0x63, 0xF1, 0x80, 0x31, 0xE3, 0x00, 0x38, 0x06, 0x00, 0x0F, 0xFC,
        0x00, 0x03, 0xF0, 0x00, 0x3C, 0x00, 0xEF, 0x00, 0xE7, 0x00, 0x47, 0x00, 0x07, 0x00, 0x7F,
        0x00, 0xE7, 0x00, 0xE7, 0x00, 0xEF, 0x00, 0x7B, 0xC0, 0x0C, 0x60, 0x18, 0xC0, 0x31, 0x80,
        0x73, 0x80, 0xE7, 0x00, 0xE7, 0x00, 0x73, 0x80, 0x39, 0xC0, 0x18, 0xC0, 0x0C, 0x60, 0xFF,
        0xC0, 0xFF, 0xE0, 0x00, 0x60, 0x00, 0x60, 0x00, 0x60, 0x00, 0x60, 0x0C, 0x00, 0x3F, 0x00,
        0x63, 0x80, 0xED, 0xC0, 0xED, 0xC0, 0xE3, 0xC0, 0xE9, 0xC0, 0xED, 0x80, 0x7F, 0x80, 0x1E,
        0x00, 0xFF, 0xFF, 0x10, 0x7C, 0xC6, 0xC6, 0xC6, 0xFC, 0x78, 0x0C, 0x00, 0x0C, 0x00, 0x0C,
        0x00, 0x0C, 0x00, 0xFF, 0xE0, 0xFF, 0xE0, 0x0C, 0x00, 0x0C, 0x00, 0x0C, 0x00, 0x0C, 0x00,
        0x00, 0x00, 0x00, 0x00, 0xFF, 0xE0, 0xFF, 0xE0, 0x3E, 0x00, 0xE7, 0x00, 0xE3, 0x80, 0x43,
        0x80, 0x03, 0x00, 0x06, 0x00, 0x0C, 0x00, 0x18, 0x80, 0x21, 0x80, 0x7F, 0x80, 0xFF, 0x80,
        0x3E, 0x00, 0xE7, 0x00, 0xE3, 0x80, 0x43, 0x00, 0x07, 0x00, 0x1C, 0x00, 0x07, 0x00, 0x03,
        0x80, 0x03, 0x80, 0xC7, 0x00, 0x7E, 0x00, 0x18, 0x38, 0x70, 0x60, 0xC0, 0xE0, 0xE0, 0xE0,
        0xE0, 0xE0, 0xE0, 0xE0, 0xE0, 0xE0, 0xE0, 0xE0, 0xE0, 0xE0, 0xE0, 0xE0, 0xE0, 0xE0, 0xE0,
        0xE0, 0xE0, 0xE0, 0xE0, 0xE1, 0xE0, 0xFF, 0x7C, 0xFE, 0x78, 0xE0, 0x00, 0xE0, 0x00, 0xE0,
        0x00, 0xE0, 0x00, 0xE0, 0x00, 0x40, 0x00, 0x1C, 0xF8, 0x3C, 0xF0, 0x7C, 0xE0, 0xFC, 0xE0,
        0xFC, 0xE0, 0xFC, 0xE0, 0xFC, 0xE0, 0xFC, 0xE0, 0xFC, 0xE0, 0x7C, 0xE0, 0x3C, 0xE0, 0x1C,
        0xE0, 0x00, 0xE0, 0x00, 0xE0, 0x00, 0xE0, 0x00, 0xE0, 0x00, 0xE0, 0x00, 0xE0, 0x00, 0xE0,
        0x00, 0xE0, 0x01, 0xE0, 0x07, 0xE0, 0x60, 0xF0, 0xF0, 0x60, 0x20, 0x40, 0x70, 0x18, 0x18,
        0xF8, 0xF0, 0xF8, 0xF8, 0x38, 0x38, 0x38, 0x38, 0x38, 0x38, 0x38, 0x38, 0x38, 0xFE, 0x1E,
        0x00, 0x73, 0x80, 0x61, 0x80, 0xE1, 0xC0, 0xE1, 0xC0, 0xE1, 0xC0, 0xE1, 0x80, 0xE1, 0x80,
        0x73, 0x00, 0x3E, 0x00, 0xC6, 0x00, 0x63, 0x00, 0x33, 0x80, 0x39, 0xC0, 0x1C, 0xE0, 0x1C,
        0xE0, 0x39, 0xC0, 0x73, 0x80, 0x63, 0x00, 0xC6, 0x00, 0xF8, 0x01, 0x80, 0x38, 0x01, 0x00,
        0x38, 0x03, 0x00, 0x38, 0x06, 0x00, 0x38, 0x06, 0x00, 0x38, 0x0C, 0x00, 0x38, 0x0C, 0x18,
        0x38, 0x18, 0x38, 0x38, 0x18, 0x78, 0x38, 0x30, 0xF8, 0x7C, 0x30, 0xB8, 0xFE, 0x61, 0x38,
        0x00, 0x43, 0x38, 0x00, 0xC6, 0x38, 0x01, 0x84, 0x38, 0x01, 0x87, 0xFE, 0x03, 0x00, 0x38,
        0x03, 0x00, 0x38, 0x06, 0x00, 0x38, 0xF8, 0x01, 0x80, 0xF8, 0x03, 0x00, 0x38, 0x03, 0x00,
        0x38, 0x06, 0x00, 0x38, 0x06, 0x00, 0x38, 0x0C, 0x00, 0x38, 0x0C, 0x60, 0x38, 0x19, 0xFC,
        0x38, 0x1B, 0x9E, 0x38, 0x33, 0x8E, 0x7C, 0x30, 0x0E, 0xFE, 0x60, 0x0E, 0x00, 0xC0, 0x1C,
        0x00, 0xC0, 0x38, 0x01, 0x80, 0x70, 0x01, 0x80, 0xE2, 0x03, 0x01, 0xC2, 0x03, 0x03, 0xFE,
        0x06, 0x03, 0xFE, 0x18, 0x00, 0x40, 0x7E, 0x00, 0xC0, 0xE7, 0x00, 0x80, 0xE3, 0x01, 0x80,
        0x63, 0x03, 0x00, 0x07, 0x03, 0x00, 0x0C, 0x06, 0x00, 0x0F, 0x06, 0x04, 0x03, 0x8C, 0x1C,
        0x03, 0x8C, 0x3C, 0x03, 0x98, 0x7C, 0xC7, 0x90, 0x5C, 0x7F, 0x30, 0x9C, 0x18, 0x21, 0x9C,
        0x00, 0x61, 0x1C, 0x00, 0xC3, 0x1C, 0x00, 0xC3, 0xFF, 0x01, 0x80, 0x1C, 0x01, 0x80, 0x1C,
        0x03, 0x00, 0x1C, 0x06, 0x00, 0x0F, 0x00, 0x0F, 0x00, 0x06, 0x00, 0x00, 0x00, 0x00, 0x00,
        0x06, 0x00, 0x06, 0x00, 0x06, 0x00, 0x0E, 0x00, 0x1E, 0x00, 0x3C, 0x00, 0x78, 0x00, 0xF0,
        0x00, 0xF0, 0x80, 0xE1, 0xC0, 0xE1, 0xC0, 0xF0, 0xC0, 0x7B, 0x80, 0x1E, 0x00, 0x03, 0x00,
        0x00, 0x03, 0x80, 0x00, 0x01, 0xC0, 0x00, 0x00, 0xE0, 0x00, 0x00, 0x00, 0x00, 0x00, 0x00,
        0x00, 0x00, 0xE0, 0x00, 0x01, 0xE0, 0x00, 0x01, 0xF0, 0x00, 0x01, 0x70, 0x00, 0x03, 0x70,
        0x00, 0x03, 0x78, 0x00, 0x02, 0x38, 0x00, 0x06, 0x38, 0x00, 0x06, 0x38, 0x00, 0x06, 0x1C,
        0x00, 0x0C, 0x1C, 0x00, 0x0C, 0x1C, 0x00, 0x0F, 0xFE, 0x00, 0x18, 0x0E, 0x00, 0x18, 0x0E,
        0x00, 0x10, 0x07, 0x00, 0x30, 0x07, 0x00, 0x78, 0x07, 0x80, 0xFC, 0x1F, 0xC0, 0x00, 0x30,
        0x00, 0x00, 0x70, 0x00, 0x00, 0xF0, 0x00, 0x01, 0xC0, 0x00, 0x01, 0x00, 0x00, 0x00, 0x00,
        0x00, 0x00, 0xE0, 0x00, 0x01, 0xE0, 0x00, 0x01, 0xF0, 0x00, 0x01, 0x70, 0x00, 0x03, 0x70,
        0x00, 0x03, 0x78, 0x00, 0x02, 0x38, 0x00, 0x06, 0x38, 0x00, 0x06, 0x38, 0x00, 0x04, 0x1C,
        0x00, 0x0C, 0x1C, 0x00, 0x0C, 0x1C, 0x00, 0x0F, 0xFE, 0x00, 0x18, 0x0E, 0x00, 0x18, 0x0E,
        0x00, 0x10, 0x07, 0x00, 0x30, 0x07, 0x00, 0x70, 0x07, 0x80, 0xFC, 0x1F, 0xC0, 0x00, 0xC0,
        0x00, 0x01, 0xE0, 0x00, 0x03, 0xF0, 0x00, 0x07, 0x18, 0x00, 0x04, 0x08, 0x00, 0x00, 0x00,
        0x00, 0x00, 0xE0, 0x00, 0x01, 0xE0, 0x00, 0x01, 0xF0, 0x00, 0x01, 0x70, 0x00, 0x03, 0x70,
        0x00, 0x03, 0x78, 0x00, 0x02, 0x38, 0x00, 0x06, 0x38, 0x00, 0x06, 0x38, 0x00, 0x04, 0x1C,
        0x00, 0x0C, 0x1C, 0x00, 0x0C, 0x1C, 0x00, 0x0F, 0xFE, 0x00, 0x18, 0x0E, 0x00, 0x18, 0x0E,
        0x00, 0x10, 0x07, 0x00, 0x30, 0x07, 0x00, 0x70, 0x07, 0x80, 0xFC, 0x1F, 0xC0, 0x01, 0x00,
        0x00, 0x03, 0xE8, 0x00, 0x07, 0xF8, 0x00, 0x00, 0x70, 0x00, 0x00, 0x00, 0x00, 0x00, 0x00,
        0x00, 0x00, 0xE0, 0x00, 0x01, 0xE0, 0x00, 0x01, 0xF0, 0x00, 0x01, 0x70, 0x00, 0x03, 0x70,
        0x00, 0x03, 0x78, 0x00, 0x02, 0x38, 0x00, 0x06, 0x38, 0x00, 0x06, 0x38, 0x00, 0x04, 0x1C,
        0x00, 0x0C, 0x1C, 0x00, 0x0C, 0x1C, 0x00, 0x0F, 0xFE, 0x00, 0x18, 0x0E, 0x00, 0x18, 0x0E,
        0x00, 0x10, 0x07, 0x00, 0x30, 0x07, 0x00, 0x70, 0x07, 0x80, 0xFC, 0x1F, 0xC0, 0x03, 0x18,
        0x00, 0x07, 0x1C, 0x00, 0x07, 0x1C, 0x00, 0x03, 0x18, 0x00, 0x00, 0x00, 0x00, 0x00, 0x00,
        0x00, 0x01, 0xE0, 0x00, 0x01, 0xE0, 0x00, 0x01, 0xF0, 0x00, 0x03, 0x70, 0x00, 0x03, 0x70,
        0x00, 0x03, 0x78, 0x00, 0x06, 0x38, 0x00, 0x06, 0x38, 0x00, 0x06, 0x3C, 0x00, 0x0C, 0x1C,
        0x00, 0x0C, 0x1C, 0x00, 0x0C, 0x1E, 0x00, 0x1F, 0xFE, 0x00, 0x18, 0x0E, 0x00, 0x18, 0x0E,
        0x00, 0x18, 0x07, 0x00, 0x30, 0x07, 0x00, 0x78, 0x07, 0x80, 0xFC, 0x1F, 0xC0, 0x01, 0xE0,
        0x00, 0x01, 0xF0, 0x00, 0x03, 0x30, 0x00, 0x03, 0x30, 0x00, 0x03, 0xF0, 0x00, 0x01, 0xE0,
        0x00, 0x00, 0x00, 0x00, 0x00, 0xE0, 0x00, 0x01, 0xE0, 0x00, 0x01, 0xE0, 0x00, 0x01, 0x70,
        0x00, 0x03, 0x70, 0x00, 0x03, 0x70, 0x00, 0x02, 0x38, 0x00, 0x06, 0x38, 0x00, 0x06, 0x38,
        0x00, 0x04, 0x1C, 0x00, 0x0C, 0x1C, 0x00, 0x0C, 0x1C, 0x00, 0x0F, 0xFE, 0x00, 0x18, 0x1E,
        0x00, 0x18, 0x0E, 0x00, 0x10, 0x0F, 0x00, 0x30, 0x07, 0x00, 0x70, 0x0F, 0x80, 0xFC, 0x1F,
        0xC0, 0x01, 0xFF, 0xFE, 0x00, 0xFF, 0xFE, 0x00, 0x67, 0x07, 0x00, 0xC7, 0x03, 0x00, 0xC7,
        0x03, 0x00, 0x87, 0x00, 0x01, 0x87, 0x00, 0x01, 0x07, 0x0C, 0x03, 0x07, 0x0C, 0x03, 0xFF,
        0xFC, 0x07, 0xFF, 0xFC, 0x04, 0x07, 0x0C, 0x0C, 0x07, 0x08, 0x08, 0x07, 0x00, 0x18, 0x07,
        0x01, 0x10, 0x07, 0x01, 0x30, 0x07, 0x03, 0x70, 0x0F, 0x0F, 0xFC, 0x3F, 0xFF, 0x03, 0xE4,
        0x0F, 0xFC, 0x3C, 0x1E, 0x38, 0x0E, 0x70, 0x06, 0x70, 0x06, 0xE0, 0x00, 0xE0, 0x00, 0xE0,
        0x00, 0xE0, 0x00, 0xE0, 0x00, 0xE0, 0x00, 0xF0, 0x00, 0x70, 0x00, 0x70, 0x00, 0x38, 0x02,
        0x3C, 0x0E, 0x0F, 0xFC, 0x07, 0xF0, 0x01, 0x00, 0x01, 0xC0, 0x00, 0x60, 0x00, 0x60, 0x03,
        0xE0, 0x03, 0xC0, 0x0C, 0x00, 0x1E, 0x00, 0x0F, 0x00, 0x03, 0x80, 0x00, 0x80, 0x00, 0x00,
        0xFF, 0xF0, 0x7F, 0xF0, 0x38, 0x38, 0x38, 0x18, 0x38, 0x18, 0x38, 0x00, 0x38, 0x40, 0x38,
        0x60, 0x3F, 0xE0, 0x3F, 0xE0, 0x38, 0x60, 0x38, 0x60, 0x38, 0x00, 0x38, 0x00, 0x38, 0x08,
        0x38, 0x08, 0x38, 0x18, 0x7C, 0x78, 0xFF, 0xF8, 0x00, 0xC0, 0x01, 0xC0, 0x03, 0xC0, 0x07,
        0x00, 0x00, 0x00, 0x00, 0x00, 0xFF, 0xF0, 0x7F, 0xF0, 0x38, 0x38, 0x38, 0x18, 0x38, 0x18,
        0x38, 0x00, 0x38, 0x40, 0x38, 0x60, 0x3F, 0xE0, 0x3F, 0xE0, 0x38, 0x60, 0x38, 0x60, 0x38,
        0x00, 0x38, 0x00, 0x38, 0x08, 0x38, 0x08, 0x38, 0x18, 0x7C, 0x78, 0xFF, 0xF8, 0x03, 0x00,
        0x07, 0x80, 0x0F, 0x80, 0x18, 0xC0, 0x10, 0x20, 0x00, 0x00, 0xFF, 0xF0, 0x7F, 0xF0, 0x38,
        0x38, 0x38, 0x18, 0x38, 0x18, 0x38, 0x00, 0x38, 0x40, 0x38, 0x60, 0x3F, 0xE0, 0x3F, 0xE0,
        0x38, 0x60, 0x38, 0x60, 0x38, 0x00, 0x38, 0x00, 0x38, 0x08, 0x38, 0x08, 0x38, 0x18, 0x7C,
        0x78, 0xFF, 0xF8, 0x18, 0xC0, 0x38, 0xE0, 0x38, 0xE0, 0x18, 0xC0, 0x00, 0x00, 0x00, 0x00,
        0xFF, 0xF0, 0x7F, 0xF0, 0x38, 0x30, 0x38, 0x18, 0x38, 0x18, 0x38, 0x00, 0x38, 0x40, 0x38,
        0x40, 0x3F, 0xC0, 0x3F, 0xC0, 0x38, 0x40, 0x38, 0x40, 0x38, 0x00, 0x38, 0x00, 0x38, 0x08,
        0x38, 0x18, 0x38, 0x18, 0x7C, 0x78, 0xFF, 0xF8, 0x60, 0xF0, 0x78, 0x1C, 0x04, 0x00, 0xFF,
        0x7C, 0x38, 0x38, 0x38, 0x38, 0x38, 0x38, 0x38, 0x38, 0x38, 0x38, 0x38, 0x38, 0x38, 0x38,
        0x38, 0x7C, 0xFF, 0x06, 0x0E, 0x1E, 0x38, 0x00, 0x00, 0xFF, 0x7C, 0x38, 0x38, 0x38, 0x38,
        0x38, 0x38, 0x38, 0x38, 0x38, 0x38, 0x38, 0x38, 0x38, 0x38, 0x38, 0x7C, 0xFF, 0x18, 0x3C,
        0x7E, 0xC7, 0x81, 0x00, 0xFF, 0x7C, 0x38, 0x38, 0x38, 0x38, 0x38, 0x38, 0x38, 0x38, 0x38,
        0x38, 0x38, 0x38, 0x38, 0x38, 0x38, 0x7C, 0xFF, 0x63, 0x00, 0xE3, 0x80, 0xE3, 0x80, 0x63,
        0x00, 0x00, 0x00, 0x00, 0x00, 0x7F, 0x80, 0x3E, 0x00, 0x1C, 0x00, 0x1C, 0x00, 0x1C, 0x00,
        0x1C, 0x00, 0x1C, 0x00, 0x1C, 0x00, 0x1C, 0x00, 0x1C, 0x00, 0x1C, 0x00, 0x1C, 0x00, 0x1C,
        0x00, 0x1C, 0x00, 0x1C, 0x00, 0x1C, 0x00, 0x1C, 0x00, 0x3E, 0x00, 0x7F, 0x80, 0x7F, 0xF0,
        0x00, 0x3F, 0xFE, 0x00, 0x1C, 0x0F, 0x00, 0x1C, 0x07, 0x80, 0x1C, 0x03, 0x80, 0x1C, 0x03,
        0x80, 0x1C, 0x01, 0xC0, 0x1C, 0x01, 0xC0, 0x7F, 0xC1, 0xC0, 0xFF, 0xE1, 0xC0, 0x1C, 0x01,
        0xC0, 0x1C, 0x01, 0xC0, 0x1C, 0x03, 0xC0, 0x1C, 0x03, 0x80, 0x1C, 0x03, 0x80, 0x1C, 0x07,
        0x00, 0x1C, 0x0E, 0x00, 0x3F, 0xFC, 0x00, 0x7F, 0xF0, 0x00, 0x01, 0x00, 0x00, 0x07, 0xC8,
        0x00, 0x07, 0xF8, 0x00, 0x00, 0x70, 0x00, 0x00, 0x00, 0x00, 0x00, 0x00, 0x00, 0xFC, 0x0F,
        0xC0, 0x7C, 0x07, 0x80, 0x3E, 0x03, 0x00, 0x3F, 0x03, 0x00, 0x37, 0x03, 0x00, 0x37, 0x83,
        0x00, 0x33, 0x83, 0x00, 0x33, 0xC3, 0x00, 0x31, 0xC3, 0x00, 0x30, 0xE3, 0x00, 0x30, 0xF3,
        0x00, 0x30, 0x73, 0x00, 0x30, 0x7B, 0x00, 0x30, 0x3B, 0x00, 0x30, 0x3F, 0x00, 0x30, 0x1F,
        0x00, 0x30, 0x0F, 0x00, 0x78, 0x0F, 0x00, 0xFC, 0x07, 0x00, 0x07, 0x00, 0x00, 0x07, 0x80,
        0x00, 0x03, 0xC0, 0x00, 0x00, 0xE0, 0x00, 0x00, 0x20, 0x00, 0x00, 0x00, 0x00, 0x03, 0xF0,
        0x00, 0x0F, 0xFC, 0x00, 0x1C, 0x1E, 0x00, 0x38, 0x0F, 0x00, 0x70, 0x07, 0x00, 0x70, 0x07,
        0x80, 0xE0, 0x03, 0x80, 0xE0, 0x03, 0x80, 0xE0, 0x03, 0x80, 0xE0, 0x03, 0x80, 0xE0, 0x03,
        0x80, 0xE0, 0x03, 0x80, 0xF0, 0x03, 0x80, 0x70, 0x03, 0x00, 0x70, 0x07, 0x00, 0x38, 0x06,
        0x00, 0x3C, 0x0E, 0x00, 0x0F, 0xF8, 0x00, 0x07, 0xE0, 0x00, 0x00, 0x70, 0x00, 0x00, 0x70,
        0x00, 0x00, 0xE0, 0x00, 0x01, 0xC0, 0x00, 0x00, 0x00, 0x00, 0x00, 0x00, 0x00, 0x03, 0xF0,
        0x00, 0x0F, 0xFC, 0x00, 0x1C, 0x1E, 0x00, 0x38, 0x0F, 0x00, 0x70, 0x07, 0x00, 0x70, 0x07,
        0x80, 0xE0, 0x03, 0x80, 0xE0, 0x03, 0x80, 0xE0, 0x03, 0x80, 0xE0, 0x03, 0x80, 0xE0, 0x03,
        0x80, 0xE0, 0x03, 0x80, 0xF0, 0x03, 0x80, 0x70, 0x03, 0x00, 0x70, 0x07, 0x00, 0x38, 0x06,
        0x00, 0x3C, 0x0E, 0x00, 0x0F, 0xF8, 0x00, 0x07, 0xE0, 0x00, 0x00, 0x80, 0x00, 0x01, 0xC0,
        0x00, 0x03, 0xE0, 0x00, 0x03, 0xF0, 0x00, 0x06, 0x38, 0x00, 0x04, 0x08, 0x00, 0x00, 0x00,
        0x00, 0x03, 0xF0, 0x00, 0x0F, 0xFC, 0x00, 0x1C, 0x1E, 0x00, 0x38, 0x0F, 0x00, 0x70, 0x07,
        0x00, 0x70, 0x07, 0x80, 0xE0, 0x03, 0x80, 0xE0, 0x03, 0x80, 0xE0, 0x03, 0x80, 0xE0, 0x03,
        0x80, 0xE0, 0x03, 0x80, 0xE0, 0x03, 0x80, 0xF0, 0x03, 0x80, 0x70, 0x03, 0x00, 0x70, 0x07,
        0x00, 0x38, 0x06, 0x00, 0x3C, 0x0E, 0x00, 0x0F, 0xF8, 0x00, 0x07, 0xE0, 0x00, 0x02, 0x00,
        0x00, 0x07, 0xC8, 0x00, 0x0F, 0xF8, 0x00, 0x00, 0x70, 0x00, 0x00, 0x00, 0x00, 0x00, 0x00,
        0x00, 0x03, 0xF0, 0x00, 0x0F, 0xFC, 0x00, 0x1C, 0x1E, 0x00, 0x38, 0x0F, 0x00, 0x70, 0x07,
        0x00, 0x70, 0x07, 0x80, 0xE0, 0x03, 0x80, 0xE0, 0x03, 0x80, 0xE0, 0x03, 0x80, 0xE0, 0x03,
        0x80, 0xE0, 0x03, 0x80, 0xE0, 0x03, 0x80, 0xF0, 0x03, 0x80, 0x70, 0x03, 0x00, 0x70, 0x07,
        0x00, 0x38, 0x06, 0x00, 0x3C, 0x0E, 0x00, 0x0F, 0xF8, 0x00, 0x07, 0xE0, 0x00, 0x06, 0x30,
        0x00, 0x0E, 0x38, 0x00, 0x0E, 0x38, 0x00, 0x06, 0x30, 0x00, 0x00, 0x00, 0x00, 0x00, 0x00,
        0x00, 0x03, 0xF0, 0x00, 0x0F, 0xFC, 0x00, 0x1C, 0x1E, 0x00, 0x38, 0x0F, 0x00, 0x70, 0x07,
        0x00, 0x70, 0x07, 0x80, 0xE0, 0x03, 0x80, 0xE0, 0x03, 0x80, 0xE0, 0x03, 0x80, 0xE0, 0x03,
        0x80, 0xE0, 0x03, 0x80, 0xE0, 0x03, 0x80, 0xF0, 0x03, 0x80, 0x70, 0x03, 0x00, 0x70, 0x07,
        0x00, 0x38, 0x06, 0x00, 0x3C, 0x0E, 0x00, 0x0F, 0xF8, 0x00, 0x07, 0xE0, 0x00, 0x40, 0x80,
        0xC1, 0x80, 0x63, 0x00, 0x3E, 0x00, 0x1C, 0x00, 0x1C, 0x00, 0x36, 0x00, 0x63, 0x00, 0xC1,
        0x80, 0x03, 0xF1, 0x80, 0x0F, 0xFF, 0x00, 0x1C, 0x1E, 0x00, 0x38, 0x0F, 0x00, 0x70, 0x0F,
        0x00, 0x70, 0x1F, 0x80, 0xE0, 0x33, 0x80, 0xE0, 0x63, 0x80, 0xE0, 0x63, 0x80, 0xE0, 0xC3,
        0x80, 0xE1, 0x83, 0x80, 0xE3, 0x03, 0x80, 0xF6, 0x03, 0x80, 0x74, 0x03, 0x00, 0x7C, 0x07,
        0x00, 0x78, 0x06, 0x00, 0x3C, 0x0E, 0x00, 0x7F, 0xF8, 0x00, 0xC7, 0xE0, 0x00, 0x03, 0x80,
        0x00, 0x03, 0xC0, 0x00, 0x01, 0xE0, 0x00, 0x00, 0x60, 0x00, 0x00, 0x00, 0x00, 0x00, 0x00,
        0x00, 0xFE, 0x0F, 0xC0, 0x7C, 0x07, 0x80, 0x38, 0x03, 0x00, 0x38, 0x03, 0x00, 0x38, 0x03,
        0x00, 0x38, 0x03, 0x00, 0x38, 0x03, 0x00, 0x38, 0x03, 0x00, 0x38, 0x03, 0x00, 0x38, 0x03,
        0x00, 0x38, 0x03, 0x00, 0x38, 0x03, 0x00, 0x38, 0x03, 0x00, 0x38, 0x03, 0x00, 0x3C, 0x03,
        0x00, 0x1C, 0x06, 0x00, 0x1E, 0x0E, 0x00, 0x0F, 0xFC, 0x00, 0x03, 0xF0, 0x00, 0x00, 0x38,
        0x00, 0x00, 0x78, 0x00, 0x00, 0xF0, 0x00, 0x01, 0xC0, 0x00, 0x00, 0x00, 0x00, 0x00, 0x00,
        0x00, 0xFE, 0x0F, 0xC0, 0x7C, 0x07, 0x80, 0x38, 0x03, 0x00, 0x38, 0x03, 0x00, 0x38, 0x03,
        0x00, 0x38, 0x03, 0x00, 0x38, 0x03, 0x00, 0x38, 0x03, 0x00, 0x38, 0x03, 0x00, 0x38, 0x03,
        0x00, 0x38, 0x03, 0x00, 0x38, 0x03, 0x00, 0x38, 0x03, 0x00, 0x38, 0x03, 0x00, 0x3C, 0x03,
        0x00, 0x1C, 0x06, 0x00, 0x1E, 0x0E, 0x00, 0x0F, 0xFC, 0x00, 0x03, 0xF0, 0x00, 0x00, 0xE0,
        0x00, 0x01, 0xF0, 0x00, 0x03, 0xF0, 0x00, 0x03, 0x18, 0x00, 0x00, 0x00, 0x00, 0x00, 0x00,
        0x00, 0xFE, 0x0F, 0xC0, 0x7C, 0x07, 0x80, 0x38, 0x03, 0x00, 0x38, 0x03, 0x00, 0x38, 0x03,
        0x00, 0x38, 0x03, 0x00, 0x38, 0x03, 0x00, 0x38, 0x03, 0x00, 0x38, 0x03, 0x00, 0x38, 0x03,
        0x00, 0x38, 0x03, 0x00, 0x38, 0x03, 0x00, 0x38, 0x03, 0x00, 0x38, 0x03, 0x00, 0x3C, 0x03,
        0x00, 0x1C, 0x06, 0x00, 0x1E, 0x0E, 0x00, 0x0F, 0xFC, 0x00, 0x03, 0xF0, 0x00, 0x03, 0x18,
        0x00, 0x07, 0x1C, 0x00, 0x07, 0x1C, 0x00, 0x03, 0x18, 0x00, 0x00, 0x00, 0x00, 0x00, 0x00,
        0x00, 0xFE, 0x0F, 0xC0, 0x7C, 0x07, 0x80, 0x38, 0x03, 0x00, 0x38, 0x03, 0x00, 0x38, 0x03,
        0x00, 0x38, 0x03, 0x00, 0x38, 0x03, 0x00, 0x38, 0x03, 0x00, 0x38, 0x03, 0x00, 0x38, 0x03,
        0x00, 0x38, 0x03, 0x00, 0x38, 0x03, 0x00, 0x38, 0x03, 0x00, 0x38, 0x03, 0x00, 0x3C, 0x03,
        0x00, 0x1C, 0x06, 0x00, 0x1E, 0x0E, 0x00, 0x0F, 0xFC, 0x00, 0x03, 0xF0, 0x00, 0x00, 0x18,
        0x00, 0x00, 0x38, 0x00, 0x00, 0xF0, 0x00, 0x01, 0xC0, 0x00, 0x01, 0x00, 0x00, 0x00, 0x00,
        0x00, 0xFF, 0x0F, 0xC0, 0x7E, 0x07, 0x80, 0x3C, 0x02, 0x00, 0x1C, 0x06, 0x00, 0x1E, 0x04,
        0x00, 0x0F, 0x0C, 0x00, 0x0F, 0x18, 0x00, 0x07, 0x90, 0x00, 0x03, 0xB0, 0x00, 0x03, 0xE0,
        0x00, 0x01, 0xE0, 0x00, 0x01, 0xC0, 0x00, 0x01, 0xC0, 0x00, 0x01, 0xC0, 0x00, 0x01, 0xC0,
        0x00, 0x01, 0xC0, 0x00, 0x01, 0xC0, 0x00, 0x03, 0xE0, 0x00, 0x07, 0xF8, 0x00, 0xFF, 0x00,
        0x7C, 0x00, 0x38, 0x00, 0x38, 0x00, 0x3F, 0xE0, 0x38, 0xF0, 0x38, 0x38, 0x38, 0x38, 0x38,
        0x3C, 0x38, 0x3C, 0x38, 0x38, 0x38, 0x38, 0x38, 0x78, 0x3F, 0xF0, 0x3F, 0xC0, 0x38, 0x00,
        0x38, 0x00, 0x7C, 0x00, 0xFF, 0x00, 0x00, 0xC0, 0x07, 0xF8, 0x0E, 0x3C, 0x1C, 0x1C, 0x38,
        0x1C, 0x38, 0x1C, 0x38, 0x38, 0x38, 0x30, 0xF8, 0x60, 0x38, 0x60, 0x38, 0xE0, 0x38, 0xE0,
        0x38, 0xF0, 0x38, 0x7C, 0x38, 0x3E, 0x38, 0x1F, 0x38, 0x07, 0x39, 0x03, 0x39, 0x83, 0x39,
        0x83, 0xF9, 0xFE, 0xF9, 0x7C, 0x30, 0x00, 0x38, 0x00, 0x1C, 0x00, 0x0C, 0x00, 0x06, 0x00,
        0x00, 0x00, 0x00, 0x00, 0x1F, 0x00, 0x7F, 0x80, 0xE1, 0xC0, 0xE1, 0xC0, 0x61, 0xC0, 0x01,
        0xC0, 0x1F, 0xC0, 0x7F, 0xC0, 0xF1, 0xC0, 0xE1, 0xC0, 0xE1, 0xC0, 0xE3, 0xC0, 0x7F, 0xF0,
        0x3C, 0xF0, 0x03, 0x00, 0x07, 0x00, 0x06, 0x00, 0x0C, 0x00, 0x08, 0x00, 0x00, 0x00, 0x00,
        0x00, 0x1F, 0x00, 0x7F, 0x80, 0xE1, 0xC0, 0xE1, 0xC0, 0x61, 0xC0, 0x01, 0xC0, 0x1F, 0xC0,
        0x79, 0xC0, 0xF1, 0xC0, 0xE1, 0xC0, 0xE1, 0xC0, 0xF3, 0xC0, 0x7F, 0xF0, 0x3C, 0xF0, 0x0E,
        0x00, 0x1E, 0x00, 0x1F, 0x00, 0x33, 0x00, 0x61, 0x80, 0x00, 0x00, 0x00, 0x00, 0x1F, 0x00,
        0x7F, 0x80, 0xE1, 0xC0, 0xE1, 0xC0, 0x61, 0xC0, 0x01, 0xC0, 0x1F, 0xC0, 0x7F, 0xC0, 0xF1,
        0xC0, 0xE1, 0xC0, 0xE1, 0xC0, 0xE3, 0xC0, 0x7F, 0xF0, 0x3C, 0xF0, 0x10, 0x00, 0x3E, 0x80,
        0x7F, 0x80, 0x07, 0x00, 0x00, 0x00, 0x00, 0x00, 0x1F, 0x00, 0x7F, 0x80, 0xE1, 0xC0, 0xE1,
        0xC0, 0x61, 0xC0, 0x01, 0xC0, 0x1F, 0xC0, 0x7F, 0xC0, 0xF1, 0xC0, 0xE1, 0xC0, 0xE1, 0xC0,
        0xE3, 0xC0, 0x7F, 0xF0, 0x3C, 0xF0, 0x31, 0x80, 0x71, 0xC0, 0x71, 0xC0, 0x31, 0x80, 0x00,
        0x00, 0x00, 0x00, 0x1F, 0x00, 0x7F, 0x80, 0xE1, 0xC0, 0xE1, 0xC0, 0x61, 0xC0, 0x01, 0xC0,
        0x1F, 0xC0, 0x7F, 0xC0, 0xF1, 0xC0, 0xE1, 0xC0, 0xE1, 0xC0, 0xE3, 0xC0, 0x7F, 0xF0, 0x3C,
        0xF0, 0x0E, 0x00, 0x1F, 0x00, 0x31, 0x80, 0x31, 0x80, 0x31, 0x80, 0x1F, 0x00, 0x04, 0x00,
        0x00, 0x00, 0x1F, 0x00, 0x7F, 0x80, 0xE1, 0xC0, 0xE1, 0xC0, 0x61, 0xC0, 0x01, 0xC0, 0x1F,
        0xC0, 0x7F, 0xC0, 0xF1, 0xC0, 0xE1, 0xC0, 0xE1, 0xC0, 0xE3, 0xC0, 0x7E, 0xF0, 0x3C, 0xF0,
        0x1E, 0x1F, 0x00, 0x7F, 0xBF, 0xC0, 0xE1, 0xE1, 0xC0, 0xE1, 0xE0, 0xE0, 0x41, 0xC0, 0xE0,
        0x01, 0xFF, 0xE0, 0x1F, 0xFF, 0xE0, 0x7F, 0xC0, 0x00, 0xF1, 0xC0, 0x00, 0xE1, 0xE0, 0x00,
        0xE1, 0xE0, 0x00, 0xE3, 0xF8, 0xE0, 0x7E, 0x7F, 0xC0, 0x3C, 0x1F, 0x00, 0x0F, 0x80, 0x3F,
        0xC0, 0x78, 0x60, 0x70, 0xE0, 0xE0, 0xE0, 0xE0, 0x00, 0xE0, 0x00, 0xE0, 0x00, 0xE0, 0x00,
        0xF0, 0x00, 0x70, 0x00, 0x7C, 0x60, 0x3F, 0xC0, 0x0F, 0x80, 0x04, 0x00, 0x07, 0x00, 0x01,
        0x80, 0x01, 0x80, 0x0F, 0x80, 0x0F, 0x00, 0x1C, 0x00, 0x1C, 0x00, 0x0E, 0x00, 0x07, 0x00,
        0x01, 0x00, 0x00, 0x00, 0x00, 0x00, 0x0F, 0x80, 0x3F, 0xE0, 0x70, 0xE0, 0x70, 0x70, 0xE0,
        0x70, 0xE0, 0x70, 0xFF, 0xF0, 0xE0, 0x00, 0xE0, 0x00, 0xF0, 0x00, 0x70, 0x00, 0x7C, 0x70,
        0x3F, 0xE0, 0x0F, 0x80, 0x01, 0x80, 0x03, 0x80, 0x03, 0x80, 0x07, 0x00, 0x04, 0x00, 0x00,
        0x00, 0x00, 0x00, 0x0F, 0x80, 0x3F, 0xE0, 0x70, 0xE0, 0x70, 0x70, 0xE0, 0x70, 0xE0, 0x70,
        0xFF, 0xF0, 0xE0, 0x00, 0xE0, 0x00, 0xF0, 0x00, 0x70, 0x00, 0x7C, 0x70, 0x3F, 0xE0, 0x0F,
        0x80, 0x07, 0x00, 0x0F, 0x80, 0x0F, 0x80, 0x18, 0xC0, 0x30, 0x40, 0x00, 0x00, 0x00, 0x00,
        0x0F, 0x80, 0x3F, 0xE0, 0x70, 0xE0, 0x70, 0x70, 0xE0, 0x70, 0xFF, 0xF0, 0xFF, 0xF0, 0xE0,
        0x00, 0xE0, 0x00, 0xF0, 0x00, 0x70, 0x00, 0x7C, 0x70, 0x3F, 0xE0, 0x0F, 0x80, 0x18, 0xC0,
        0x38, 0xE0, 0x38, 0xE0, 0x18, 0xC0, 0x00, 0x00, 0x00, 0x00, 0x0F, 0x80, 0x3F, 0xE0, 0x70,
        0xE0, 0x70, 0x70, 0xE0, 0x70, 0xFF, 0xF0, 0xFF, 0xF0, 0xE0, 0x00, 0xE0, 0x00, 0xF0, 0x00,
        0x70, 0x00, 0x7C, 0x70, 0x3F, 0xE0, 0x0F, 0x80, 0xC0, 0xE0, 0xE0, 0x70, 0x18, 0x00, 0x00,
        0xF8, 0xF8, 0x38, 0x38, 0x38, 0x38, 0x38, 0x38, 0x38, 0x38, 0x38, 0x38, 0x7C, 0xFE, 0x08,
        0x1C, 0x38, 0x70, 0x40, 0x00, 0x00, 0xF8, 0xF8, 0x38, 0x38, 0x38, 0x38, 0x38, 0x38, 0x38,
        0x38, 0x38, 0x38, 0x7C, 0xFE, 0x18, 0x38, 0x7C, 0xE6, 0x83, 0x00, 0x00, 0x7C, 0x7C, 0x1C,
        0x1C, 0x1C, 0x1C, 0x1C, 0x1C, 0x1C, 0x1C, 0x1C, 0x1C, 0x3E, 0x7F, 0x63, 0x00, 0xE3, 0x80,
        0xE3, 0x80, 0x63, 0x00, 0x00, 0x00, 0x00, 0x00, 0x3E, 0x00, 0x3E, 0x00, 0x0E, 0x00, 0x0E,
        0x00, 0x0E, 0x00, 0x0E, 0x00, 0x0E, 0x00, 0x0E, 0x00, 0x0E, 0x00, 0x0E, 0x00, 0x0E, 0x00,
        0x0E, 0x00, 0x1F, 0x00, 0x3F, 0x80, 0x1C, 0x60, 0x07, 0xC0, 0x03, 0xC0, 0x06, 0xE0, 0x00,
        0x70, 0x00, 0x70, 0x0F, 0x30, 0x3F, 0xF8, 0x78, 0x78, 0x70, 0x78, 0xF0, 0x38, 0xE0, 0x38,
        0xE0, 0x38, 0xE0, 0x38, 0xE0, 0x38, 0xE0, 0x70, 0x70, 0x70, 0x70, 0x60, 0x3F, 0xC0, 0x0F,
        0x80, 0x0F, 0xA0, 0x0F, 0xE0, 0x01, 0xC0, 0x00, 0x00, 0x00, 0x00, 0xF9, 0xE0, 0x7F, 0xF0,
        0x3C, 0x38, 0x38, 0x38, 0x38, 0x38, 0x38, 0x38, 0x38, 0x38, 0x38, 0x38, 0x38, 0x38, 0x38,
        0x38, 0x38, 0x38, 0x38, 0x38, 0x7C, 0x7C, 0xFE, 0xFE, 0x0C, 0x00, 0x0E, 0x00, 0x0E, 0x00,
        0x07, 0x00, 0x01, 0x00, 0x00, 0x00, 0x00, 0x00, 0x0F, 0x80, 0x3F, 0xE0, 0x70, 0x70, 0x70,
        0x78, 0xE0, 0x38, 0xE0, 0x38, 0xE0, 0x38, 0xE0, 0x38, 0xE0, 0x38, 0xF0, 0x38, 0x70, 0x30,
        0x78, 0x70, 0x3F, 0xE0, 0x0F, 0x80, 0x01, 0xC0, 0x01, 0xC0, 0x03, 0x80, 0x07, 0x00, 0x04,
        0x00, 0x00, 0x00, 0x00, 0x00, 0x0F, 0x80, 0x3F, 0xE0, 0x70, 0x70, 0x70, 0x78, 0xE0, 0x38,
        0xE0, 0x38, 0xE0, 0x38, 0xE0, 0x38, 0xE0, 0x38, 0xF0, 0x38, 0x70, 0x30, 0x78, 0x70, 0x3F,
        0xE0, 0x0F, 0x80, 0x07, 0x00, 0x07, 0x80, 0x0F, 0x80, 0x18, 0xC0, 0x10, 0x60, 0x00, 0x00,
        0x00, 0x00, 0x0F, 0x80, 0x3F, 0xE0, 0x70, 0x70, 0x70, 0x78, 0xE0, 0x38, 0xE0, 0x38, 0xE0,
        0x38, 0xE0, 0x38, 0xE0, 0x38, 0xF0, 0x38, 0x70, 0x30, 0x78, 0x70, 0x3F, 0xE0, 0x0F, 0x80,
        0x1F, 0x60, 0x1F, 0xC0, 0x01, 0xC0, 0x00, 0x00, 0x00, 0x00, 0x0F, 0x80, 0x3F, 0xE0, 0x70,
        0x70, 0x70, 0x78, 0xE0, 0x38, 0xE0, 0x38, 0xE0, 0x38, 0xE0, 0x38, 0xE0, 0x38, 0xF0, 0x38,
        0x70, 0x30, 0x78, 0x70, 0x3F, 0xE0, 0x0F, 0x80, 0x18, 0x60, 0x1C, 0xE0, 0x1C, 0xE0, 0x18,
        0x60, 0x00, 0x00, 0x00, 0x00, 0x0F, 0x80, 0x3F, 0xE0, 0x70, 0x70, 0x70, 0x78, 0xE0, 0x38,
        0xE0, 0x38, 0xE0, 0x38, 0xE0, 0x38, 0xE0, 0x38, 0xF0, 0x38, 0x70, 0x30, 0x78, 0x70, 0x3F,
        0xE0, 0x0F, 0x80, 0x06, 0x00, 0x0E, 0x00, 0x0E, 0x00, 0x00, 0x00, 0x00, 0x00, 0xFF, 0xE0,
        0xFF, 0xE0, 0x00, 0x00, 0x06, 0x00, 0x0E, 0x00, 0x0E, 0x00, 0x0F, 0x98, 0x3F, 0xF0, 0x70,
        0xF0, 0x70, 0x78, 0xE0, 0xF8, 0xE1, 0xB8, 0xE3, 0x38, 0xE6, 0x38, 0xEC, 0x38, 0xF8, 0x38,
        0x70, 0x70, 0x78, 0x70, 0x7F, 0xE0, 0xCF, 0x80, 0x0E, 0x00, 0x0E, 0x00, 0x07, 0x00, 0x03,
        0x00, 0x00, 0x80, 0x00, 0x00, 0x00, 0x00, 0xF8, 0xF8, 0x78, 0x78, 0x38, 0x38, 0x38, 0x38,
        0x38, 0x38, 0x38, 0x38, 0x38, 0x38, 0x38, 0x38, 0x38, 0x38, 0x38, 0x38, 0x38, 0x38, 0x3C,
        0x78, 0x1F, 0xBE, 0x0F, 0x1F, 0x00, 0xC0, 0x01, 0xC0, 0x01, 0x80, 0x03, 0x00, 0x02, 0x00,
        0x00, 0x00, 0x00, 0x00, 0xF8, 0xF8, 0x78, 0x78, 0x38, 0x38, 0x38, 0x38, 0x38, 0x38, 0x38,
        0x38, 0x38, 0x38, 0x38, 0x38, 0x38, 0x38, 0x38, 0x38, 0x38, 0x38, 0x3C, 0x78, 0x1F, 0xBE,
        0x0F, 0x1F, 0x03, 0x00, 0x07, 0x80, 0x07, 0xC0, 0x0C, 0x60, 0x18, 0x20, 0x00, 0x00, 0x00,
        0x00, 0xF8, 0xF8, 0x78, 0x78, 0x38, 0x38, 0x38, 0x38, 0x38, 0x38, 0x38, 0x38, 0x38, 0x38,
        0x38, 0x38, 0x38, 0x38, 0x38, 0x38, 0x38, 0x38, 0x3C, 0x78, 0x1F, 0xBE, 0x0F, 0x1F, 0x0C,
        0x60, 0x1C, 0x70, 0x1C, 0x70, 0x0C, 0x60, 0x00, 0x00, 0x00, 0x00, 0xF8, 0x78, 0x78, 0x78,
        0x38, 0x38, 0x38, 0x38, 0x38, 0x38, 0x38, 0x38, 0x38, 0x38, 0x38, 0x38, 0x38, 0x38, 0x38,
        0x38, 0x38, 0x38, 0x3C, 0x78, 0x1F, 0xBE, 0x0F, 0x1F, 0x00, 0x60, 0x00, 0xE0, 0x01, 0xC0,
        0x01, 0x80, 0x03, 0x00, 0x00, 0x00, 0x00, 0x00, 0xFE, 0x3E, 0x7C, 0x3C, 0x38, 0x18, 0x3C,
        0x18, 0x1C, 0x30, 0x1C, 0x30, 0x0E, 0x20, 0x0E, 0x60, 0x0E, 0x60, 0x07, 0x40, 0x07, 0xC0,
        0x03, 0x80, 0x03, 0x80, 0x01, 0x80, 0x03, 0x00, 0x03, 0x00, 0xE2, 0x00, 0xE6, 0x00, 0xEC,
        0x00, 0x78, 0x00, 0xF8, 0x00, 0x78, 0x00, 0x38, 0x00, 0x38, 0x00, 0x38, 0x00, 0x38, 0x00,
        0x39, 0xE0, 0x3B, 0xF8, 0x3C, 0x38, 0x38, 0x1C, 0x38, 0x1C, 0x38, 0x1C, 0x38, 0x1C, 0x38,
        0x1C, 0x38, 0x1C, 0x38, 0x1C, 0x38, 0x38, 0x38, 0x38, 0x3F, 0xF0, 0x3B, 0xE0, 0x38, 0x00,
        0x38, 0x00, 0x38, 0x00, 0x38, 0x00, 0x7C, 0x00, 0xFE, 0x00, 0x0C, 0x60, 0x1C, 0x70, 0x1C,
        0x70, 0x0C, 0x60, 0x00, 0x00, 0x00, 0x00, 0xFC, 0x7E, 0xF8, 0x3C, 0x70, 0x18, 0x38, 0x10,
        0x38, 0x30, 0x38, 0x20, 0x1C, 0x60, 0x1C, 0x40, 0x0E, 0xC0, 0x0E, 0xC0, 0x0F, 0x80, 0x07,
        0x80, 0x07, 0x00, 0x07, 0x00, 0x07, 0x00, 0x06, 0x00, 0xC6, 0x00, 0xEC, 0x00, 0xFC, 0x00,
        0x70, 0x00, 0xFF, 0xF0, 0xFF, 0xF0, 0xFF, 0xFF, 0xFF, 0x80, 0xFF, 0xFF, 0xFF, 0x80, 0x10,
        0x60, 0x40, 0xC0, 0xF0, 0xF0, 0x60, 0x60, 0xF0, 0xF0, 0x30, 0x20, 0x40, 0x80, 0x60, 0xF0,
        0xF0, 0x30, 0x20, 0x60, 0x10, 0x80, 0x63, 0x00, 0x42, 0x00, 0xC6, 0x00, 0xF7, 0x80, 0xF7,
        0x80, 0x63, 0x00, 0x63, 0x00, 0xF7, 0x80, 0xF7, 0x80, 0x31, 0x80, 0x21, 0x00, 0x43, 0x00,
        0x84, 0x00, 0x63, 0x00, 0xF7, 0x80, 0xF7, 0x80, 0x31, 0x80, 0x21, 0x00, 0x42, 0x00, 0x84,
        0x00, 0x78, 0xFC, 0xFC, 0xFC, 0xFC, 0x78, 0x60, 0x60, 0x60, 0xF0, 0xF0, 0xF0, 0xF0, 0xF0,
        0xF0, 0x60, 0x60, 0x60, 0x0C, 0x18, 0x30, 0x70, 0xE0, 0xE0, 0x70, 0x38, 0x18, 0x0C, 0xC0,
        0x60, 0x30, 0x38, 0x1C, 0x1C, 0x38, 0x70, 0x60, 0xC0, 0x01, 0xF2, 0x07, 0xFE, 0x0E, 0x06,
        0x1C, 0x03, 0x1C, 0x03, 0x3C, 0x00, 0x7F, 0xE0, 0xFF, 0xE0, 0x38, 0x00, 0x38, 0x00, 0xFF,
        0xE0, 0xFF, 0xC0, 0x3C, 0x00, 0x1C, 0x00, 0x1C, 0x03, 0x0E, 0x03, 0x0F, 0x06, 0x07, 0xFE,
        0x01, 0xF2, 0xFF, 0xDF, 0x07, 0x80, 0xCC, 0xC7, 0x0F, 0x00, 0x8C, 0x47, 0x8F, 0x00, 0x0C,
        0x45, 0x8F, 0x00, 0x0C, 0x05, 0x93, 0x00, 0x0C, 0x0C, 0xD3, 0x00, 0x0C, 0x0C, 0xF3, 0x00,
        0x0C, 0x0C, 0xE3, 0x00, 0x0C, 0x0C, 0x63, 0x00, 0x3E, 0x1E, 0x07, 0x80, 0xFF, 0xE0, 0xFF,
        0xE0,
    ],
    line_height: 33,
};
