//! Reader glyph atlases: Atkinson Hyperlegible Next Medium.
//!
//! Generated by scripts/fonts/generate.py; do not edit by hand. Glyph order
//! follows src/charset.rs. Source fonts are not distributed with this
//! repository; see docs/licenses/FONT_NOTICES.md.

use super::typography::{BitmapFont, Glyph};

// ATKINSON_NEXT_SMALL: 17 px, cap 12, line height 20, missing '\xadµ'
pub static ATKINSON_NEXT_SMALL: BitmapFont = BitmapFont {
    glyphs: &[
        Glyph::new(0, 0, 0, 5, 0, 0),
        Glyph::new(0, 2, 12, 5, 1, -12),
        Glyph::new(12, 4, 4, 6, 1, -12),
        Glyph::new(16, 10, 12, 12, 1, -12),
        Glyph::new(40, 9, 15, 10, 1, -13),
        Glyph::new(70, 15, 12, 16, 1, -12),
        Glyph::new(94, 11, 12, 12, 1, -12),
        Glyph::new(118, 2, 4, 3, 1, -12),
        Glyph::new(122, 4, 16, 5, 1, -13),
        Glyph::new(138, 4, 16, 5, 1, -13),
        Glyph::new(154, 5, 6, 8, 2, -12),
        Glyph::new(160, 9, 9, 10, 1, -9),
        Glyph::new(178, 2, 5, 4, 1, -3),
        Glyph::new(183, 5, 1, 6, 1, -5),
        Glyph::new(184, 2, 1, 4, 1, -1),
        Glyph::new(185, 6, 14, 7, 0, -13),
        Glyph::new(199, 9, 12, 11, 1, -12),
        Glyph::new(223, 5, 12, 7, 1, -12),
        Glyph::new(235, 8, 12, 10, 1, -12),
        Glyph::new(247, 8, 12, 10, 1, -12),
        Glyph::new(259, 9, 12, 10, 1, -12),
        Glyph::new(283, 8, 12, 10, 1, -12),
        Glyph::new(295, 8, 12, 10, 1, -12),
        Glyph::new(307, 8, 12, 9, 1, -12),
        Glyph::new(319, 9, 12, 11, 1, -12),
        Glyph::new(343, 8, 12, 10, 1, -12),
        Glyph::new(355, 2, 9, 4, 1, -9),
        Glyph::new(364, 2, 10, 4, 1, -9),
        Glyph::new(374, 8, 9, 10, 1, -9),
        Glyph::new(383, 9, 5, 11, 1, -7),
        Glyph::new(393, 8, 9, 10, 1, -9),
        Glyph::new(402, 8, 12, 9, 1, -12),
        Glyph::new(414, 12, 12, 13, 1, -10),
        Glyph::new(438, 11, 12, 11, 0, -12),
        Glyph::new(462, 9, 12, 11, 1, -12),
        Glyph::new(486, 9, 12, 11, 1, -12),
        Glyph::new(510, 10, 12, 12, 1, -12),
        Glyph::new(534, 8, 12, 10, 1, -12),
        Glyph::new(546, 8, 12, 9, 1, -12),
        Glyph::new(558, 10, 12, 12, 1, -12),
        Glyph::new(582, 9, 12, 12, 1, -12),
        Glyph::new(606, 5, 12, 7, 1, -12),
        Glyph::new(618, 8, 12, 9, 0, -12),
        Glyph::new(630, 9, 12, 11, 1, -12),
        Glyph::new(654, 8, 12, 9, 1, -12),
        Glyph::new(666, 12, 12, 14, 1, -12),
        Glyph::new(690, 10, 12, 12, 1, -12),
        Glyph::new(714, 11, 12, 12, 1, -12),
        Glyph::new(738, 9, 12, 10, 1, -12),
        Glyph::new(762, 12, 12, 13, 1, -12),
        Glyph::new(786, 9, 12, 11, 1, -12),
        Glyph::new(810, 9, 12, 10, 1, -12),
        Glyph::new(834, 9, 12, 10, 1, -12),
        Glyph::new(858, 9, 12, 12, 1, -12),
        Glyph::new(882, 10, 12, 10, 0, -12),
        Glyph::new(906, 14, 12, 15, 0, -12),
        Glyph::new(930, 11, 12, 11, 0, -12),
        Glyph::new(954, 10, 12, 10, -1, -12),
        Glyph::new(978, 9, 12, 10, 1, -12),
        Glyph::new(1002, 4, 16, 6, 1, -13),
        Glyph::new(1018, 6, 14, 7, 0, -13),
        Glyph::new(1032, 4, 16, 6, 1, -13),
        Glyph::new(1048, 7, 7, 10, 1, -13),
        Glyph::new(1055, 7, 1, 7, 0, 0),
        Glyph::new(1056, 2, 2, 4, 1, -12),
        Glyph::new(1058, 8, 9, 9, 1, -9),
        Glyph::new(1067, 8, 13, 10, 1, -13),
        Glyph::new(1080, 8, 9, 8, 1, -9),
        Glyph::new(1089, 8, 13, 10, 1, -13),
        Glyph::new(1102, 8, 9, 9, 1, -9),
        Glyph::new(1111, 5, 13, 6, 1, -13),
        Glyph::new(1124, 8, 12, 10, 1, -9),
        Glyph::new(1136, 7, 13, 10, 1, -13),
        Glyph::new(1149, 3, 13, 5, 0, -13),
        Glyph::new(1162, 4, 16, 4, -1, -13),
        Glyph::new(1178, 7, 13, 9, 1, -13),
        Glyph::new(1191, 4, 13, 5, 1, -13),
        Glyph::new(1204, 12, 9, 15, 1, -9),
        Glyph::new(1222, 7, 9, 10, 1, -9),
        Glyph::new(1231, 8, 9, 10, 1, -9),
        Glyph::new(1240, 8, 12, 10, 1, -9),
        Glyph::new(1252, 11, 12, 10, 1, -9),
        Glyph::new(1276, 5, 9, 6, 1, -9),
        Glyph::new(1285, 7, 9, 8, 1, -9),
        Glyph::new(1294, 5, 11, 6, 1, -11),
        Glyph::new(1305, 7, 9, 9, 1, -9),
        Glyph::new(1314, 8, 9, 8, 0, -9),
        Glyph::new(1323, 12, 9, 12, 0, -9),
        Glyph::new(1341, 8, 9, 9, 0, -9),
        Glyph::new(1350, 8, 12, 8, 0, -9),
        Glyph::new(1362, 7, 9, 8, 1, -9),
        Glyph::new(1371, 6, 16, 6, 0, -13),
        Glyph::new(1387, 2, 18, 4, 1, -15),
        Glyph::new(1405, 6, 16, 6, 0, -13),
        Glyph::new(1421, 7, 2, 9, 1, -7),
        Glyph::new(1423, 0, 0, 5, 0, 0),
        Glyph::new(1423, 2, 12, 5, 1, -9),
        Glyph::new(1435, 7, 12, 8, 1, -10),
        Glyph::new(1447, 9, 12, 11, 1, -12),
        Glyph::new(1471, 8, 8, 10, 1, -10),
        Glyph::new(1479, 9, 12, 10, 1, -12),
        Glyph::new(1503, 2, 18, 4, 1, -15),
        Glyph::new(1521, 8, 15, 9, 1, -12),
        Glyph::new(1536, 5, 1, 7, 1, -12),
        Glyph::new(1537, 12, 12, 14, 1, -12),
        Glyph::new(1561, 5, 5, 6, 1, -12),
        Glyph::new(1566, 8, 7, 10, 1, -8),
        Glyph::new(1573, 9, 5, 10, 1, -7),
        Glyph::new(1583, 8, 12, 9, 1, -12),
        Glyph::new(1595, 12, 12, 14, 1, -12),
        Glyph::new(1619, 5, 1, 6, 1, -12),
        Glyph::new(1620, 5, 5, 6, 1, -12),
        Glyph::new(1625, 8, 9, 10, 1, -9),
        Glyph::new(1634, 5, 6, 7, 1, -13),
        Glyph::new(1640, 4, 6, 7, 1, -13),
        Glyph::new(1646, 3, 2, 4, 1, -12),
        Glyph::new(1648, 8, 12, 9, 1, -12),
        Glyph::new(1660, 8, 15, 9, 0, -12),
        Glyph::new(1675, 2, 1, 4, 1, -5),
        Glyph::new(1676, 3, 3, 5, 1, 0),
        Glyph::new(1679, 3, 6, 5, 1, -13),
        Glyph::new(1685, 4, 5, 7, 1, -12),
        Glyph::new(1690, 8, 7, 10, 1, -8),
        Glyph::new(1697, 12, 12, 14, 1, -12),
        Glyph::new(1721, 12, 12, 14, 1, -12),
        Glyph::new(1745, 13, 12, 15, 1, -12),
        Glyph::new(1769, 7, 12, 8, 1, -9),
        Glyph::new(1781, 11, 15, 11, 0, -15),
        Glyph::new(1811, 11, 15, 11, 0, -15),
        Glyph::new(1841, 11, 15, 11, 0, -15),
        Glyph::new(1871, 10, 15, 11, -1, -16),
        Glyph::new(1901, 11, 15, 11, 0, -15),
        Glyph::new(1931, 10, 15, 11, 1, -15),
        Glyph::new(1961, 15, 12, 16, 0, -12),
        Glyph::new(1985, 9, 15, 11, 1, -12),
        Glyph::new(2015, 8, 15, 10, 1, -15),
        Glyph::new(2030, 8, 15, 10, 1, -15),
        Glyph::new(2045, 8, 15, 10, 1, -15),
        Glyph::new(2060, 8, 15, 10, 1, -15),
        Glyph::new(2075, 5, 15, 7, 1, -15),
        Glyph::new(2090, 5, 15, 7, 1, -15),
        Glyph::new(2105, 5, 16, 7, 1, -16),
        Glyph::new(2121, 5, 15, 7, 1, -15),
        Glyph::new(2136, 11, 12, 12, 1, -12),
        Glyph::new(2160, 10, 15, 12, 1, -16),
        Glyph::new(2190, 11, 15, 12, 1, -15),
        Glyph::new(2220, 11, 15, 12, 1, -15),
        Glyph::new(2250, 11, 16, 12, 1, -16),
        Glyph::new(2282, 11, 15, 12, 1, -16),
        Glyph::new(2312, 11, 15, 12, 1, -15),
        Glyph::new(2342, 7, 7, 9, 1, -9),
        Glyph::new(2349, 11, 12, 12, 1, -12),
        Glyph::new(2373, 9, 15, 12, 1, -15),
        Glyph::new(2403, 9, 15, 12, 1, -15),
        Glyph::new(2433, 9, 16, 12, 1, -16),
        Glyph::new(2465, 9, 15, 12, 1, -15),
        Glyph::new(2495, 10, 15, 10, -1, -15),
        Glyph::new(2525, 9, 12, 10, 1, -12),
        Glyph::new(2549, 9, 12, 10, 1, -12),
        Glyph::new(2573, 8, 13, 9, 1, -13),
        Glyph::new(2586, 8, 13, 9, 1, -13),
        Glyph::new(2599, 8, 13, 9, 1, -13),
        Glyph::new(2612, 8, 12, 9, 1, -13),
        Glyph::new(2624, 8, 13, 9, 1, -13),
        Glyph::new(2637, 8, 14, 9, 1, -14),
        Glyph::new(2651, 14, 9, 15, 1, -9),
        Glyph::new(2669, 8, 12, 8, 1, -9),
        Glyph::new(2681, 8, 13, 9, 1, -13),
        Glyph::new(2694, 8, 13, 9, 1, -13),
        Glyph::new(2707, 8, 13, 9, 1, -13),
        Glyph::new(2720, 8, 13, 9, 1, -13),
        Glyph::new(2733, 4, 13, 5, 0, -13),
        Glyph::new(2746, 4, 13, 5, 1, -13),
        Glyph::new(2759, 5, 13, 5, -1, -13),
        Glyph::new(2772, 5, 13, 5, 0, -13),
        Glyph::new(2785, 8, 13, 10, 1, -14),
        Glyph::new(2798, 7, 12, 10, 1, -13),
        Glyph::new(2810, 8, 13, 10, 1, -13),
        Glyph::new(2823, 8, 13, 10, 1, -13),
        Glyph::new(2836, 8, 13, 10, 1, -13),
        Glyph::new(2849, 8, 12, 10, 1, -13),
        Glyph::new(2861, 8, 13, 10, 1, -13),
        Glyph::new(2874, 9, 9, 10, 1, -9),
        Glyph::new(2892, 8, 9, 10, 1, -10),
        Glyph::new(2901, 7, 13, 9, 1, -13),
        Glyph::new(2914, 7, 13, 9, 1, -13),
        Glyph::new(2927, 7, 13, 9, 1, -13),
        Glyph::new(2940, 7, 13, 9, 1, -13),
        Glyph::new(2953, 8, 16, 8, 0, -13),
        Glyph::new(2969, 8, 16, 10, 1, -13),
        Glyph::new(2985, 7, 16, 8, -1, -13),
        Glyph::new(3001, 7, 1, 9, 1, -5),
        Glyph::new(3002, 12, 1, 14, 1, -5),
        Glyph::new(3004, 2, 5, 4, 1, -12),
        Glyph::new(3009, 2, 5, 4, 1, -12),
        Glyph::new(3014, 2, 5, 4, 1, -3),
        Glyph::new(3019, 5, 5, 7, 1, -12),
        Glyph::new(3024, 5, 5, 7, 1, -12),
        Glyph::new(3029, 5, 5, 7, 1, -3),
        Glyph::new(3034, 6, 6, 7, 1, -8),
        Glyph::new(3040, 10, 1, 12, 1, -1),
        Glyph::new(3042, 4, 7, 6, 1, -8),
        Glyph::new(3049, 4, 7, 6, 1, -8),
        Glyph::new(3056, 10, 12, 11, 1, -12),
        Glyph::new(3080, 13, 6, 15, 1, -11),
        Glyph::new(3092, 9, 1, 10, 1, -5),
    ],
    bitmap: &[
        0xC0, 0xC0, 0xC0, 0xC0, 0xC0, 0xC0, 0xC0, 0xC0, 0x00, 0x00, 0x00, 0xC0, 0xF0, 0xF0, 0xF0,
        0xF0, 0x19, 0x00, 0x11, 0x00, 0x13, 0x00, 0xFF, 0xC0, 0x33, 0x00, 0x33, 0x00, 0x33, 0x00,
        0x33, 0x00, 0xFF, 0xC0, 0x22, 0x00, 0x66, 0x00, 0x66, 0x00, 0x08, 0x00, 0x3E, 0x00, 0x7F,
        0x00, 0xCB, 0x00, 0xC8, 0x00, 0xE8, 0x00, 0x7C, 0x00, 0x1F, 0x00, 0x0B, 0x80, 0x09, 0x80,
        0xC9, 0x80, 0xEB, 0x80, 0x7F, 0x00, 0x18, 0x00, 0x08, 0x00, 0x38, 0x30, 0xEE, 0x20, 0xC6,
        0x40, 0xC6, 0xC0, 0xEE, 0x80, 0x39, 0x80, 0x03, 0x38, 0x02, 0xEE, 0x06, 0xC6, 0x04, 0xC6,
        0x08, 0xCE, 0x18, 0x38, 0x1E, 0x00, 0x33, 0x00, 0x33, 0x00, 0x33, 0x00, 0x1E, 0x00, 0x1C,
        0x00, 0x7C, 0xC0, 0xE6, 0xC0, 0xC3, 0x80, 0xC3, 0x80, 0x63, 0xC0, 0x3E, 0xE0, 0xC0, 0xC0,
        0xC0, 0xC0, 0x30, 0x20, 0x60, 0x60, 0xC0, 0xC0, 0xC0, 0xC0, 0xC0, 0xC0, 0xC0, 0xC0, 0x60,
        0x60, 0x20, 0x30, 0xC0, 0x40, 0x60, 0x60, 0x30, 0x30, 0x30, 0x30, 0x30, 0x30, 0x30, 0x30,
        0x60, 0x60, 0x40, 0xC0, 0x20, 0x20, 0xF8, 0x20, 0x50, 0x50, 0x18, 0x00, 0x18, 0x00, 0x18,
        0x00, 0x18, 0x00, 0xFF, 0x80, 0x18, 0x00, 0x18, 0x00, 0x18, 0x00, 0x18, 0x00, 0xC0, 0xC0,
        0xC0, 0x80, 0x80, 0xF8, 0xC0, 0x04, 0x0C, 0x0C, 0x08, 0x18, 0x18, 0x18, 0x30, 0x30, 0x30,
        0x60, 0x60, 0x60, 0xC0, 0x3E, 0x00, 0x63, 0x00, 0x63, 0x00, 0xF1, 0x80, 0xD1, 0x80, 0xC9,
        0x80, 0xC9, 0x80, 0xC5, 0x80, 0xC7, 0x80, 0x63, 0x00, 0x63, 0x00, 0x3E, 0x00, 0x18, 0x18,
        0xF8, 0x18, 0x18, 0x18, 0x18, 0x18, 0x18, 0x18, 0x18, 0x18, 0x3C, 0x66, 0x43, 0x03, 0x03,
        0x07, 0x0E, 0x0C, 0x18, 0x30, 0x60, 0xFF, 0x3C, 0x67, 0xC3, 0x03, 0x06, 0x1C, 0x06, 0x03,
        0x03, 0xC3, 0x66, 0x3C, 0x06, 0x00, 0x0E, 0x00, 0x1E, 0x00, 0x1E, 0x00, 0x36, 0x00, 0x26,
        0x00, 0x66, 0x00, 0xC6, 0x00, 0xFF, 0x80, 0x06, 0x00, 0x06, 0x00, 0x06, 0x00, 0xFF, 0xC0,
        0xC0, 0xC0, 0xFC, 0xC6, 0x03, 0x03, 0x03, 0x83, 0xC6, 0x7C, 0x3C, 0x66, 0x40, 0xC0, 0xDC,
        0xE6, 0xC3, 0xC3, 0xC3, 0xC3, 0x66, 0x3C, 0xFF, 0x03, 0x06, 0x06, 0x06, 0x0C, 0x0C, 0x18,
        0x18, 0x30, 0x30, 0x30, 0x1C, 0x00, 0x36, 0x00, 0x63, 0x00, 0x63, 0x00, 0x77, 0x00, 0x3E,
        0x00, 0x63, 0x00, 0xC1, 0x80, 0xC1, 0x80, 0xC1, 0x80, 0x63, 0x00, 0x3E, 0x00, 0x3C, 0x66,
        0xC3, 0xC3, 0xC3, 0xC3, 0x66, 0x7E, 0x1C, 0x0C, 0x18, 0x18, 0xC0, 0x00, 0x00, 0x00, 0x00,
        0x00, 0x00, 0x00, 0xC0, 0xC0, 0x00, 0x00, 0x00, 0x00, 0xC0, 0xC0, 0xC0, 0x80, 0x80, 0x01,
        0x07, 0x1E, 0x78, 0xC0, 0xF0, 0x1E, 0x07, 0x01, 0xFF, 0x80, 0x00, 0x00, 0x00, 0x00, 0x00,
        0x00, 0xFF, 0x80, 0x80, 0xE0, 0x78, 0x1E, 0x03, 0x0F, 0x38, 0xE0, 0x80, 0x3C, 0xC6, 0xC3,
        0x03, 0x07, 0x0E, 0x1C, 0x38, 0x30, 0x30, 0x00, 0x30, 0x0F, 0x80, 0x30, 0xC0, 0x40, 0x20,
        0x47, 0xB0, 0x99, 0x90, 0x99, 0x90, 0x99, 0x90, 0x99, 0x90, 0x4E, 0xE0, 0x60, 0x00, 0x30,
        0x00, 0x0F, 0x80, 0x0E, 0x00, 0x0E, 0x00, 0x0A, 0x00, 0x1B, 0x00, 0x1B, 0x00, 0x31, 0x80,
        0x31, 0x80, 0x31, 0x80, 0x7F, 0xC0, 0x60, 0xC0, 0x60, 0xC0, 0xC0, 0x60, 0xFE, 0x00, 0xC3,
        0x00, 0xC3, 0x00, 0xC3, 0x00, 0xC3, 0x00, 0xFE, 0x00, 0xC3, 0x00, 0xC1, 0x80, 0xC1, 0x80,
        0xC1, 0x80, 0xC3, 0x00, 0xFE, 0x00, 0x1F, 0x00, 0x31, 0x80, 0x60, 0x80, 0xC0, 0x00, 0xC0,
        0x00, 0xC0, 0x00, 0xC0, 0x00, 0xC0, 0x00, 0xC0, 0x00, 0x60, 0x80, 0x31, 0x80, 0x1F, 0x00,
        0xFE, 0x00, 0xC3, 0x00, 0xC1, 0x80, 0xC0, 0xC0, 0xC0, 0xC0, 0xC0, 0xC0, 0xC0, 0xC0, 0xC0,
        0xC0, 0xC0, 0xC0, 0xC1, 0x80, 0xC3, 0x00, 0xFE, 0x00, 0xFF, 0xC0, 0xC0, 0xC0, 0xC0, 0xFC,
        0xC0, 0xC0, 0xC0, 0xC0, 0xC0, 0xFF, 0xFF, 0xC0, 0xC0, 0xC0, 0xC0, 0xC0, 0xFF, 0xC0, 0xC0,
        0xC0, 0xC0, 0xC0, 0x1F, 0x00, 0x31, 0x80, 0x61, 0x80, 0xC0, 0x00, 0xC0, 0x00, 0xC0, 0x00,
        0xC7, 0xC0, 0xC0, 0xC0, 0xC0, 0xC0, 0x60, 0xC0, 0x71, 0xC0, 0x1F, 0x40, 0xC1, 0x80, 0xC1,
        0x80, 0xC1, 0x80, 0xC1, 0x80, 0xC1, 0x80, 0xFF, 0x80, 0xC1, 0x80, 0xC1, 0x80, 0xC1, 0x80,
        0xC1, 0x80, 0xC1, 0x80, 0xC1, 0x80, 0xF8, 0x30, 0x30, 0x30, 0x30, 0x30, 0x30, 0x30, 0x30,
        0x30, 0x30, 0xF8, 0x03, 0x03, 0x03, 0x03, 0x03, 0x03, 0x03, 0x03, 0x03, 0xC3, 0x66, 0x3C,
        0xC3, 0x80, 0xC7, 0x00, 0xC6, 0x00, 0xCC, 0x00, 0xD8, 0x00, 0xF8, 0x00, 0xFC, 0x00, 0xEE,
        0x00, 0xC6, 0x00, 0xC3, 0x00, 0xC3, 0x80, 0xC1, 0x80, 0xC0, 0xC0, 0xC0, 0xC0, 0xC0, 0xC0,
        0xC0, 0xC0, 0xC0, 0xC0, 0xC0, 0xFF, 0xE0, 0x70, 0xF0, 0xF0, 0xF0, 0xF0, 0xF0, 0xF0, 0xD9,
        0xB0, 0xD9, 0xB0, 0xD9, 0xB0, 0xC9, 0x30, 0xCF, 0x30, 0xCF, 0x30, 0xC6, 0x30, 0xC6, 0x30,
        0xE0, 0xC0, 0xF0, 0xC0, 0xF0, 0xC0, 0xD8, 0xC0, 0xD8, 0xC0, 0xCC, 0xC0, 0xCC, 0xC0, 0xC6,
        0xC0, 0xC6, 0xC0, 0xC3, 0xC0, 0xC3, 0xC0, 0xC1, 0xC0, 0x1F, 0x00, 0x31, 0x80, 0x60, 0xC0,
        0xC0, 0x60, 0xC0, 0x60, 0xC0, 0x60, 0xC0, 0x60, 0xC0, 0x60, 0xC0, 0x60, 0x60, 0xC0, 0x31,
        0x80, 0x1F, 0x00, 0xFE, 0x00, 0xC3, 0x00, 0xC1, 0x80, 0xC1, 0x80, 0xC1, 0x80, 0xC3, 0x00,
        0xFE, 0x00, 0xC0, 0x00, 0xC0, 0x00, 0xC0, 0x00, 0xC0, 0x00, 0xC0, 0x00, 0x1F, 0x00, 0x31,
        0x80, 0x60, 0xC0, 0xC0, 0x60, 0xC0, 0x60, 0xC0, 0x60, 0xC6, 0x60, 0xC7, 0x60, 0xC3, 0xE0,
        0x61, 0xC0, 0x31, 0xE0, 0x1F, 0x70, 0xFE, 0x00, 0xC3, 0x00, 0xC1, 0x80, 0xC1, 0x80, 0xC1,
        0x80, 0xC3, 0x00, 0xFE, 0x00, 0xCC, 0x00, 0xC6, 0x00, 0xC7, 0x00, 0xC3, 0x00, 0xC1, 0x80,
        0x3E, 0x00, 0x63, 0x00, 0xC0, 0x00, 0xC0, 0x00, 0xF8, 0x00, 0x7F, 0x00, 0x3F, 0x80, 0x03,
        0x80, 0x01, 0x80, 0xC1, 0x80, 0xE3, 0x00, 0x3E, 0x00, 0xFF, 0x80, 0x0C, 0x00, 0x0C, 0x00,
        0x0C, 0x00, 0x0C, 0x00, 0x0C, 0x00, 0x0C, 0x00, 0x0C, 0x00, 0x0C, 0x00, 0x0C, 0x00, 0x0C,
        0x00, 0x0C, 0x00, 0xC1, 0x80, 0xC1, 0x80, 0xC1, 0x80, 0xC1, 0x80, 0xC1, 0x80, 0xC1, 0x80,
        0xC1, 0x80, 0xC1, 0x80, 0xC1, 0x80, 0xC1, 0x80, 0x63, 0x00, 0x3E, 0x00, 0xC0, 0xC0, 0x60,
        0xC0, 0x61, 0x80, 0x61, 0x80, 0x31, 0x80, 0x33, 0x00, 0x33, 0x00, 0x1B, 0x00, 0x1A, 0x00,
        0x1E, 0x00, 0x0E, 0x00, 0x0E, 0x00, 0xC3, 0x8C, 0x63, 0x8C, 0x63, 0x8C, 0x62, 0x8C, 0x66,
        0x98, 0x36, 0xD8, 0x36, 0xD8, 0x34, 0xD8, 0x34, 0x50, 0x1C, 0x70, 0x1C, 0x70, 0x18, 0x70,
        0x60, 0xC0, 0x71, 0xC0, 0x31, 0x80, 0x1B, 0x00, 0x1F, 0x00, 0x0E, 0x00, 0x0E, 0x00, 0x1F,
        0x00, 0x1B, 0x00, 0x31, 0x80, 0x71, 0xC0, 0xE0, 0xE0, 0xC0, 0xC0, 0x61, 0x80, 0x61, 0x80,
        0x33, 0x00, 0x37, 0x00, 0x1E, 0x00, 0x0C, 0x00, 0x0C, 0x00, 0x0C, 0x00, 0x0C, 0x00, 0x0C,
        0x00, 0x0C, 0x00, 0xFF, 0x80, 0x03, 0x80, 0x07, 0x00, 0x06, 0x00, 0x0E, 0x00, 0x0C, 0x00,
        0x18, 0x00, 0x38, 0x00, 0x30, 0x00, 0x60, 0x00, 0xE0, 0x00, 0xFF, 0x80, 0xF0, 0xC0, 0xC0,
        0xC0, 0xC0, 0xC0, 0xC0, 0xC0, 0xC0, 0xC0, 0xC0, 0xC0, 0xC0, 0xC0, 0xC0, 0xF0, 0xC0, 0x60,
        0x60, 0x60, 0x30, 0x30, 0x30, 0x18, 0x18, 0x18, 0x08, 0x0C, 0x0C, 0x04, 0xF0, 0x30, 0x30,
        0x30, 0x30, 0x30, 0x30, 0x30, 0x30, 0x30, 0x30, 0x30, 0x30, 0x30, 0x30, 0xF0, 0x18, 0x18,
        0x3C, 0x2C, 0x64, 0x46, 0xC2, 0xFE, 0xC0, 0x40, 0x3E, 0x67, 0x03, 0x0F, 0x7F, 0xE3, 0xC3,
        0xC7, 0x7B, 0xC0, 0xC0, 0xC0, 0xC0, 0xDC, 0xE6, 0xC3, 0xC3, 0xC3, 0xC3, 0xC3, 0xE6, 0xDC,
        0x3C, 0x67, 0xC0, 0xC0, 0xC0, 0xC0, 0xC0, 0x63, 0x3C, 0x03, 0x03, 0x03, 0x03, 0x3B, 0x67,
        0xC3, 0xC3, 0xC3, 0xC3, 0xC3, 0x67, 0x3B, 0x3C, 0x66, 0xC3, 0xC3, 0xFF, 0xC0, 0xC0, 0x62,
        0x3C, 0x38, 0x60, 0x60, 0x60, 0xF8, 0x60, 0x60, 0x60, 0x60, 0x60, 0x60, 0x60, 0x60, 0x3B,
        0x67, 0xC3, 0xC3, 0xC3, 0xC3, 0xC3, 0x67, 0x3B, 0x03, 0x62, 0x3C, 0xC0, 0xC0, 0xC0, 0xC0,
        0xFC, 0xE6, 0xC6, 0xC6, 0xC6, 0xC6, 0xC6, 0xC6, 0xC6, 0x60, 0x00, 0x00, 0x00, 0xE0, 0x60,
        0x60, 0x60, 0x60, 0x60, 0x60, 0x60, 0x60, 0x30, 0x00, 0x00, 0x00, 0x30, 0x30, 0x30, 0x30,
        0x30, 0x30, 0x30, 0x30, 0x30, 0x30, 0x30, 0xE0, 0xC0, 0xC0, 0xC0, 0xC0, 0xC6, 0xCC, 0xD8,
        0xF0, 0xF8, 0xF8, 0xCC, 0xC6, 0xC6, 0xC0, 0xC0, 0xC0, 0xC0, 0xC0, 0xC0, 0xC0, 0xC0, 0xC0,
        0xC0, 0xC0, 0xC0, 0xF0, 0xFD, 0xE0, 0xE7, 0x30, 0xC6, 0x30, 0xC6, 0x30, 0xC6, 0x30, 0xC6,
        0x30, 0xC6, 0x30, 0xC6, 0x30, 0xC6, 0x30, 0xFC, 0xE6, 0xC6, 0xC6, 0xC6, 0xC6, 0xC6, 0xC6,
        0xC6, 0x3C, 0x66, 0xC3, 0xC3, 0xC3, 0xC3, 0xC3, 0x66, 0x3C, 0xDC, 0xE6, 0xC3, 0xC3, 0xC3,
        0xC3, 0xC3, 0xE6, 0xDC, 0xC0, 0xC0, 0xC0, 0x3B, 0x00, 0x67, 0x00, 0xC3, 0x00, 0xC3, 0x00,
        0xC3, 0x00, 0xC3, 0x00, 0xC3, 0x00, 0x67, 0x00, 0x3B, 0x00, 0x03, 0x00, 0x03, 0x00, 0x01,
        0xE0, 0xD8, 0xE0, 0xC0, 0xC0, 0xC0, 0xC0, 0xC0, 0xC0, 0xC0, 0x7C, 0xCE, 0xC0, 0xF8, 0x7C,
        0x1E, 0x46, 0xC6, 0x7C, 0x60, 0x60, 0xF8, 0x60, 0x60, 0x60, 0x60, 0x60, 0x60, 0x60, 0x78,
        0xC6, 0xC6, 0xC6, 0xC6, 0xC6, 0xC6, 0xC6, 0xCE, 0x76, 0xC3, 0x63, 0x66, 0x66, 0x26, 0x34,
        0x3C, 0x1C, 0x18, 0xC6, 0x30, 0x46, 0x20, 0x66, 0x60, 0x6F, 0x60, 0x69, 0x60, 0x29, 0x40,
        0x39, 0xC0, 0x39, 0xC0, 0x38, 0xC0, 0x63, 0x66, 0x3E, 0x1C, 0x18, 0x3C, 0x36, 0x66, 0xE3,
        0xC3, 0x63, 0x66, 0x66, 0x26, 0x34, 0x3C, 0x1C, 0x18, 0x18, 0x18, 0x70, 0xFE, 0x0E, 0x0C,
        0x18, 0x38, 0x30, 0x60, 0xE0, 0xFE, 0x1C, 0x30, 0x30, 0x30, 0x30, 0x30, 0x30, 0x30, 0xC0,
        0x30, 0x30, 0x30, 0x30, 0x30, 0x30, 0x1C, 0xC0, 0xC0, 0xC0, 0xC0, 0xC0, 0xC0, 0xC0, 0xC0,
        0xC0, 0xC0, 0xC0, 0xC0, 0xC0, 0xC0, 0xC0, 0xC0, 0xC0, 0xC0, 0xE0, 0x30, 0x30, 0x30, 0x30,
        0x30, 0x30, 0x30, 0x0C, 0x30, 0x30, 0x30, 0x30, 0x30, 0x30, 0xE0, 0xF2, 0x9E, 0xC0, 0x00,
        0x00, 0x00, 0xC0, 0xC0, 0xC0, 0xC0, 0xC0, 0xC0, 0xC0, 0xC0, 0x10, 0x3C, 0x7E, 0xD4, 0xD0,
        0xD0, 0xD0, 0xD0, 0x76, 0x7C, 0x10, 0x10, 0x3E, 0x00, 0x63, 0x80, 0x60, 0x00, 0x60, 0x00,
        0x60, 0x00, 0xFE, 0x00, 0x30, 0x00, 0x30, 0x00, 0x30, 0x00, 0x20, 0x00, 0x78, 0x80, 0x07,
        0x00, 0xFF, 0x66, 0xC3, 0xC3, 0xC3, 0x66, 0xFF, 0x80, 0xC1, 0x80, 0xC3, 0x80, 0x63, 0x00,
        0x66, 0x00, 0x36, 0x00, 0x3C, 0x00, 0x1C, 0x00, 0x7F, 0x00, 0x18, 0x00, 0x18, 0x00, 0x7F,
        0x00, 0x18, 0x00, 0xC0, 0xC0, 0xC0, 0xC0, 0xC0, 0xC0, 0xC0, 0x00, 0x00, 0x00, 0x00, 0xC0,
        0xC0, 0xC0, 0xC0, 0xC0, 0xC0, 0xC0, 0x3E, 0x63, 0x60, 0x70, 0x38, 0xEE, 0xC7, 0xC3, 0xF3,
        0x7F, 0x1C, 0x07, 0x03, 0x63, 0x3E, 0xD8, 0x0F, 0x00, 0x30, 0xC0, 0x40, 0x20, 0x4F, 0x20,
        0x98, 0x10, 0x98, 0x10, 0x98, 0x10, 0x98, 0x10, 0x4F, 0x20, 0x40, 0x20, 0x30, 0xC0, 0x0F,
        0x00, 0x70, 0x10, 0x78, 0x98, 0xF8, 0x33, 0x66, 0x6C, 0xCC, 0x6C, 0x66, 0x33, 0xFF, 0x80,
        0x01, 0x80, 0x01, 0x80, 0x01, 0x80, 0x01, 0x80, 0x3C, 0xC6, 0xC3, 0x03, 0x07, 0x0E, 0x1C,
        0x38, 0x30, 0x30, 0x00, 0x30, 0x0F, 0x00, 0x30, 0xC0, 0x5F, 0x20, 0x59, 0xA0, 0x99, 0x90,
        0x9F, 0x10, 0x9A, 0x10, 0x9B, 0x10, 0x59, 0xA0, 0x40, 0x20, 0x30, 0xC0, 0x0F, 0x00, 0xF8,
        0x70, 0x88, 0x88, 0x88, 0x70, 0x18, 0x18, 0x18, 0xFF, 0x18, 0x18, 0x00, 0x00, 0xFF, 0x78,
        0xC8, 0x18, 0x30, 0x60, 0xF8, 0xF0, 0x10, 0x60, 0x30, 0x90, 0xE0, 0x60, 0xC0, 0x3C, 0xC6,
        0xC3, 0x03, 0x07, 0x0E, 0x1C, 0x38, 0x30, 0x30, 0x00, 0x30, 0x3F, 0x7B, 0x7B, 0xFB, 0x7B,
        0x7B, 0x1B, 0x1B, 0x1B, 0x1B, 0x1B, 0x1B, 0x1B, 0x1B, 0x1B, 0xC0, 0xC0, 0x20, 0xE0, 0xE0,
        0x20, 0x20, 0x20, 0x20, 0x20, 0x60, 0xB0, 0x90, 0x90, 0x60, 0xCC, 0x66, 0x37, 0x3B, 0x37,
        0x66, 0xCC, 0x60, 0xC0, 0xE1, 0x80, 0x61, 0x80, 0x63, 0x00, 0x67, 0x00, 0x66, 0x00, 0x0C,
        0xE0, 0x1D, 0x60, 0x19, 0x60, 0x3B, 0xF0, 0x30, 0x60, 0x60, 0x60, 0x60, 0xC0, 0xE1, 0x80,
        0x61, 0x00, 0x63, 0x00, 0x66, 0x00, 0x66, 0xE0, 0x0C, 0x30, 0x1C, 0x30, 0x18, 0x60, 0x30,
        0x60, 0x30, 0x80, 0x61, 0xF0, 0xE0, 0x60, 0x90, 0xC0, 0x10, 0xC0, 0x61, 0x80, 0x13, 0x00,
        0x13, 0x00, 0xE6, 0x30, 0x04, 0x70, 0x0C, 0xB0, 0x19, 0xF8, 0x10, 0x30, 0x30, 0x30, 0x18,
        0x00, 0x18, 0x18, 0x38, 0x70, 0x70, 0xE0, 0xC0, 0xC6, 0xC6, 0x7C, 0x18, 0x00, 0x0C, 0x00,
        0x00, 0x00, 0x0E, 0x00, 0x0E, 0x00, 0x0A, 0x00, 0x1B, 0x00, 0x1B, 0x00, 0x31, 0x80, 0x31,
        0x80, 0x31, 0x80, 0x7F, 0xC0, 0x60, 0xC0, 0x60, 0xC0, 0xC0, 0x60, 0x03, 0x00, 0x06, 0x00,
        0x00, 0x00, 0x0E, 0x00, 0x0E, 0x00, 0x0A, 0x00, 0x1B, 0x00, 0x1B, 0x00, 0x31, 0x80, 0x31,
        0x80, 0x31, 0x80, 0x7F, 0xC0, 0x60, 0xC0, 0x60, 0xC0, 0xC0, 0x60, 0x0E, 0x00, 0x1B, 0x00,
        0x00, 0x00, 0x0E, 0x00, 0x0E, 0x00, 0x0A, 0x00, 0x1B, 0x00, 0x1B, 0x00, 0x31, 0x80, 0x31,
        0x80, 0x31, 0x80, 0x7F, 0xC0, 0x60, 0xC0, 0x60, 0xC0, 0xC0, 0x60, 0x1D, 0x00, 0x37, 0x00,
        0x00, 0x00, 0x0C, 0x00, 0x1E, 0x00, 0x1E, 0x00, 0x1A, 0x00, 0x33, 0x00, 0x33, 0x00, 0x33,
        0x80, 0x61, 0x80, 0x7F, 0x80, 0x60, 0xC0, 0xC0, 0xC0, 0xC0, 0xC0, 0x1B, 0x00, 0x00, 0x00,
        0x00, 0x00, 0x0E, 0x00, 0x0E, 0x00, 0x0A, 0x00, 0x1B, 0x00, 0x1B, 0x00, 0x19, 0x00, 0x31,
        0x80, 0x31, 0x80, 0x3F, 0xC0, 0x60, 0xC0, 0x60, 0xC0, 0xE0, 0xE0, 0x0C, 0x00, 0x12, 0x00,
        0x12, 0x00, 0x0C, 0x00, 0x1E, 0x00, 0x1E, 0x00, 0x1E, 0x00, 0x33, 0x00, 0x33, 0x00, 0x33,
        0x00, 0x61, 0x80, 0x7F, 0x80, 0x40, 0x80, 0xC0, 0xC0, 0xC0, 0xC0, 0x03, 0xFE, 0x07, 0x80,
        0x05, 0x80, 0x0D, 0x80, 0x19, 0x80, 0x19, 0xF8, 0x39, 0x80, 0x31, 0x80, 0x7F, 0x80, 0x61,
        0x80, 0xC1, 0x80, 0xC1, 0xFE, 0x1F, 0x00, 0x31, 0x80, 0x60, 0x80, 0xC0, 0x00, 0xC0, 0x00,
        0xC0, 0x00, 0xC0, 0x00, 0xC0, 0x00, 0xC0, 0x00, 0x60, 0x80, 0x31, 0x80, 0x1F, 0x00, 0x08,
        0x00, 0x06, 0x00, 0x0E, 0x00, 0x20, 0x30, 0x00, 0xFF, 0xC0, 0xC0, 0xC0, 0xC0, 0xFC, 0xC0,
        0xC0, 0xC0, 0xC0, 0xC0, 0xFF, 0x0C, 0x08, 0x00, 0xFF, 0xC0, 0xC0, 0xC0, 0xC0, 0xFC, 0xC0,
        0xC0, 0xC0, 0xC0, 0xC0, 0xFF, 0x18, 0x24, 0x00, 0xFF, 0xC0, 0xC0, 0xC0, 0xC0, 0xFC, 0xC0,
        0xC0, 0xC0, 0xC0, 0xC0, 0xFF, 0x66, 0x00, 0x00, 0xFF, 0xC0, 0xC0, 0xC0, 0xC0, 0xFE, 0xC0,
        0xC0, 0xC0, 0xC0, 0xC0, 0xFF, 0x40, 0x60, 0x00, 0xF8, 0x30, 0x30, 0x30, 0x30, 0x30, 0x30,
        0x30, 0x30, 0x30, 0x30, 0xF8, 0x08, 0x18, 0x00, 0xF8, 0x30, 0x30, 0x30, 0x30, 0x30, 0x30,
        0x30, 0x30, 0x30, 0x30, 0xF8, 0x20, 0x70, 0xC8, 0x00, 0xF8, 0x30, 0x30, 0x30, 0x30, 0x30,
        0x30, 0x30, 0x30, 0x30, 0x30, 0xF8, 0xD8, 0x00, 0x00, 0xF8, 0x30, 0x30, 0x30, 0x30, 0x30,
        0x30, 0x30, 0x30, 0x30, 0x30, 0xF8, 0x7F, 0x00, 0x61, 0x80, 0x60, 0xC0, 0x60, 0x60, 0x60,
        0x60, 0xFC, 0x60, 0x60, 0x60, 0x60, 0x60, 0x60, 0x60, 0x60, 0xC0, 0x61, 0x80, 0x7F, 0x00,
        0x19, 0x00, 0x27, 0x00, 0x00, 0x00, 0xE0, 0xC0, 0xF0, 0xC0, 0xF0, 0xC0, 0xD8, 0xC0, 0xD8,
        0xC0, 0xCC, 0xC0, 0xCC, 0xC0, 0xC6, 0xC0, 0xC6, 0xC0, 0xC3, 0xC0, 0xC3, 0xC0, 0xC1, 0xC0,
        0x18, 0x00, 0x04, 0x00, 0x00, 0x00, 0x1F, 0x00, 0x31, 0x80, 0x60, 0xC0, 0xC0, 0x60, 0xC0,
        0x60, 0xC0, 0x60, 0xC0, 0x60, 0xC0, 0x60, 0xC0, 0x60, 0x60, 0xC0, 0x31, 0x80, 0x1F, 0x00,
        0x03, 0x00, 0x04, 0x00, 0x00, 0x00, 0x1F, 0x00, 0x31, 0x80, 0x60, 0xC0, 0xC0, 0x60, 0xC0,
        0x60, 0xC0, 0x60, 0xC0, 0x60, 0xC0, 0x60, 0xC0, 0x60, 0x60, 0xC0, 0x31, 0x80, 0x1F, 0x00,
        0x04, 0x00, 0x0E, 0x00, 0x11, 0x00, 0x00, 0x00, 0x1F, 0x00, 0x31, 0x80, 0x60, 0xC0, 0xC0,
        0x60, 0xC0, 0x60, 0xC0, 0x60, 0xC0, 0x60, 0xC0, 0x60, 0xC0, 0x60, 0x60, 0xC0, 0x31, 0x80,
        0x1F, 0x00, 0x1D, 0x00, 0x17, 0x00, 0x00, 0x00, 0x1F, 0x00, 0x31, 0x80, 0x60, 0xC0, 0xC0,
        0x60, 0xC0, 0x60, 0xC0, 0x60, 0xC0, 0x60, 0xC0, 0x60, 0xC0, 0x60, 0x60, 0xC0, 0x31, 0x80,
        0x1F, 0x00, 0x1B, 0x00, 0x00, 0x00, 0x00, 0x00, 0x1F, 0x00, 0x31, 0x80, 0x60, 0xC0, 0xC0,
        0x60, 0xC0, 0x60, 0xC0, 0x60, 0xC0, 0x60, 0xC0, 0x60, 0xC0, 0x60, 0x60, 0xC0, 0x31, 0x80,
        0x1F, 0x00, 0xC6, 0xEE, 0x7C, 0x38, 0x7C, 0x6E, 0xC6, 0x1F, 0xE0, 0x31, 0xC0, 0x61, 0xC0,
        0xC1, 0x60, 0xC2, 0x60, 0xC6, 0x60, 0xCC, 0x60, 0xC8, 0x60, 0xD0, 0x60, 0x70, 0xC0, 0x71,
        0x80, 0xFF, 0x00, 0x30, 0x00, 0x08, 0x00, 0x00, 0x00, 0xC1, 0x80, 0xC1, 0x80, 0xC1, 0x80,
        0xC1, 0x80, 0xC1, 0x80, 0xC1, 0x80, 0xC1, 0x80, 0xC1, 0x80, 0xC1, 0x80, 0xC1, 0x80, 0x63,
        0x00, 0x3E, 0x00, 0x06, 0x00, 0x08, 0x00, 0x00, 0x00, 0xC1, 0x80, 0xC1, 0x80, 0xC1, 0x80,
        0xC1, 0x80, 0xC1, 0x80, 0xC1, 0x80, 0xC1, 0x80, 0xC1, 0x80, 0xC1, 0x80, 0xC1, 0x80, 0x63,
        0x00, 0x3E, 0x00, 0x08, 0x00, 0x1C, 0x00, 0x22, 0x00, 0x00, 0x00, 0xC1, 0x80, 0xC1, 0x80,
        0xC1, 0x80, 0xC1, 0x80, 0xC1, 0x80, 0xC1, 0x80, 0xC1, 0x80, 0xC1, 0x80, 0xC1, 0x80, 0xC1,
        0x80, 0x63, 0x00, 0x3E, 0x00, 0x36, 0x00, 0x00, 0x00, 0x00, 0x00, 0xC1, 0x80, 0xC1, 0x80,
        0xC1, 0x80, 0xC1, 0x80, 0xC1, 0x80, 0xC1, 0x80, 0xC1, 0x80, 0xC1, 0x80, 0xC1, 0x80, 0xC1,
        0x80, 0x63, 0x00, 0x3E, 0x00, 0x02, 0x00, 0x06, 0x00, 0x00, 0x00, 0xC0, 0xC0, 0x61, 0x80,
        0x61, 0x80, 0x33, 0x00, 0x37, 0x00, 0x1E, 0x00, 0x0C, 0x00, 0x0C, 0x00, 0x0C, 0x00, 0x0C,
        0x00, 0x0C, 0x00, 0x0C, 0x00, 0xC0, 0x00, 0xC0, 0x00, 0xC0, 0x00, 0xFE, 0x00, 0xC3, 0x80,
        0xC1, 0x80, 0xC1, 0x80, 0xC3, 0x80, 0xFE, 0x00, 0xC0, 0x00, 0xC0, 0x00, 0xC0, 0x00, 0x7C,
        0x00, 0xE6, 0x00, 0xC6, 0x00, 0xC6, 0x00, 0xDC, 0x00, 0xC7, 0x00, 0xC1, 0x80, 0xC1, 0x80,
        0xC1, 0x80, 0xC1, 0x80, 0xC3, 0x00, 0xDE, 0x00, 0x20, 0x30, 0x18, 0x00, 0x3E, 0x67, 0x03,
        0x0F, 0x7F, 0xE3, 0xC3, 0xC7, 0x7B, 0x06, 0x0C, 0x08, 0x00, 0x3E, 0x67, 0x03, 0x0F, 0x7F,
        0xE3, 0xC3, 0xC7, 0x7B, 0x18, 0x3C, 0x66, 0x00, 0x3E, 0x67, 0x03, 0x0F, 0x7F, 0xE3, 0xC3,
        0xC7, 0x7B, 0x3A, 0x6E, 0x00, 0x3E, 0x67, 0x03, 0x0F, 0x7F, 0xE3, 0xC3, 0xC7, 0x7B, 0x66,
        0x00, 0x00, 0x00, 0x3E, 0x67, 0x03, 0x0F, 0x7F, 0xE3, 0xC3, 0xC7, 0x7B, 0x18, 0x24, 0x24,
        0x18, 0x00, 0x3E, 0x67, 0x03, 0x0F, 0x7F, 0xE3, 0xC3, 0xC7, 0x7B, 0x3C, 0xF0, 0x67, 0x98,
        0x03, 0x0C, 0x03, 0x0C, 0x3F, 0xFC, 0xE3, 0x00, 0xC3, 0x00, 0xC7, 0x98, 0x7C, 0xF0, 0x3E,
        0x63, 0xC0, 0xC0, 0xC0, 0xC0, 0xE3, 0x7E, 0x1C, 0x18, 0x04, 0x1C, 0x20, 0x30, 0x18, 0x00,
        0x3C, 0x66, 0xC3, 0xC3, 0xFF, 0xC0, 0xC0, 0x62, 0x3C, 0x04, 0x0C, 0x08, 0x00, 0x3C, 0x66,
        0xC3, 0xC3, 0xFF, 0xC0, 0xC0, 0x62, 0x3C, 0x18, 0x3C, 0x66, 0x00, 0x3C, 0x66, 0xC3, 0xC3,
        0xFF, 0xC0, 0xC0, 0x62, 0x3C, 0x36, 0x00, 0x00, 0x00, 0x3C, 0x62, 0xE3, 0xC3, 0xFF, 0xC0,
        0xE0, 0x62, 0x3C, 0xC0, 0x60, 0x30, 0x00, 0x70, 0x30, 0x30, 0x30, 0x30, 0x30, 0x30, 0x30,
        0x30, 0x10, 0x30, 0x60, 0x00, 0xE0, 0x60, 0x60, 0x60, 0x60, 0x60, 0x60, 0x60, 0x60, 0x30,
        0x78, 0x80, 0x00, 0x70, 0x30, 0x30, 0x30, 0x30, 0x30, 0x30, 0x30, 0x30, 0xD8, 0x00, 0x00,
        0x00, 0x70, 0x30, 0x30, 0x30, 0x30, 0x30, 0x30, 0x30, 0x30, 0x3E, 0x0E, 0x0E, 0x03, 0x03,
        0x3F, 0x67, 0xC3, 0xC3, 0xC3, 0xC2, 0x66, 0x3C, 0x74, 0x5C, 0x00, 0xFC, 0xE6, 0xC6, 0xC6,
        0xC6, 0xC6, 0xC6, 0xC6, 0xC6, 0x20, 0x30, 0x10, 0x00, 0x3C, 0x66, 0xC3, 0xC3, 0xC3, 0xC3,
        0xC3, 0x66, 0x3C, 0x04, 0x0C, 0x08, 0x00, 0x3C, 0x66, 0xC3, 0xC3, 0xC3, 0xC3, 0xC3, 0x66,
        0x3C, 0x18, 0x3C, 0x66, 0x00, 0x3C, 0x66, 0xC3, 0xC3, 0xC3, 0xC3, 0xC3, 0x66, 0x3C, 0x36,
        0x6C, 0x00, 0x3C, 0x66, 0xC3, 0xC3, 0xC3, 0xC3, 0xC3, 0x66, 0x3C, 0x36, 0x00, 0x00, 0x00,
        0x3C, 0x66, 0xC3, 0xC3, 0xC3, 0xC3, 0xC3, 0x66, 0x3C, 0x18, 0x00, 0x00, 0x00, 0x00, 0x00,
        0x00, 0x00, 0xFF, 0x80, 0x00, 0x00, 0x00, 0x00, 0x00, 0x00, 0x18, 0x00, 0x3F, 0x66, 0xC7,
        0xCB, 0xDB, 0xD3, 0xE3, 0x66, 0xFC, 0x60, 0x20, 0x10, 0x00, 0xC6, 0xC6, 0xC6, 0xC6, 0xC6,
        0xC6, 0xC6, 0xCE, 0x76, 0x0C, 0x08, 0x10, 0x00, 0xC6, 0xC6, 0xC6, 0xC6, 0xC6, 0xC6, 0xC6,
        0xCE, 0x76, 0x10, 0x28, 0x44, 0x00, 0xC6, 0xC6, 0xC6, 0xC6, 0xC6, 0xC6, 0xC6, 0xCE, 0x76,
        0x6C, 0x00, 0x00, 0x00, 0xC6, 0xC6, 0xC6, 0xC6, 0xC6, 0xC6, 0xC6, 0xCE, 0x76, 0x04, 0x0C,
        0x08, 0x00, 0xC3, 0x63, 0x66, 0x66, 0x26, 0x34, 0x3C, 0x1C, 0x18, 0x18, 0x18, 0x70, 0xC0,
        0xC0, 0xC0, 0xC0, 0xDC, 0xE6, 0xC3, 0xC3, 0xC3, 0xC3, 0xC3, 0xE6, 0xDC, 0xC0, 0xC0, 0xC0,
        0x6C, 0x00, 0x00, 0x00, 0xC6, 0xC6, 0x44, 0x6C, 0x6C, 0x6C, 0x28, 0x38, 0x38, 0x10, 0x30,
        0xE0, 0xFE, 0xFF, 0xF0, 0x40, 0x80, 0xC0, 0xC0, 0xC0, 0xC0, 0xC0, 0xC0, 0x80, 0x80, 0xC0,
        0xC0, 0xC0, 0x80, 0x80, 0x48, 0x90, 0xD8, 0xD8, 0xD8, 0xD8, 0xD8, 0xD8, 0x90, 0x90, 0xD8,
        0xD8, 0xD8, 0x90, 0x90, 0x78, 0xFC, 0xFC, 0xFC, 0xFC, 0x78, 0xCC, 0xC0, 0x30, 0x60, 0x60,
        0xC0, 0x60, 0x60, 0x30, 0xC0, 0x60, 0x30, 0x30, 0x30, 0x60, 0xC0, 0x0F, 0x00, 0x38, 0xC0,
        0x30, 0x80, 0x60, 0x00, 0xFE, 0x00, 0x60, 0x00, 0x60, 0x00, 0xFC, 0x00, 0x60, 0x00, 0x30,
        0x00, 0x38, 0xC0, 0x0F, 0x00, 0xFB, 0x18, 0x23, 0x18, 0x23, 0xB8, 0x22, 0xA8, 0x22, 0xE8,
        0x22, 0x48, 0xFF, 0x80,
    ],
    line_height: 20,
};

// ATKINSON_NEXT_MEDIUM: 19 px, cap 13, line height 24, missing '\xadµ'
pub static ATKINSON_NEXT_MEDIUM: BitmapFont = BitmapFont {
    glyphs: &[
        Glyph::new(0, 0, 0, 6, 0, 0),
        Glyph::new(0, 3, 13, 6, 1, -13),
        Glyph::new(13, 5, 4, 6, 1, -13),
        Glyph::new(17, 11, 13, 13, 1, -13),
        Glyph::new(43, 10, 17, 11, 1, -15),
        Glyph::new(77, 17, 13, 18, 1, -13),
        Glyph::new(116, 12, 13, 14, 1, -13),
        Glyph::new(142, 2, 4, 3, 1, -13),
        Glyph::new(146, 4, 17, 6, 1, -14),
        Glyph::new(163, 4, 17, 6, 1, -14),
        Glyph::new(180, 8, 7, 9, 1, -13),
        Glyph::new(187, 10, 10, 11, 1, -10),
        Glyph::new(207, 3, 5, 4, 1, -2),
        Glyph::new(212, 6, 1, 7, 1, -5),
        Glyph::new(213, 3, 3, 4, 1, -3),
        Glyph::new(216, 6, 16, 8, 1, -14),
        Glyph::new(232, 10, 13, 12, 1, -13),
        Glyph::new(258, 5, 13, 8, 1, -13),
        Glyph::new(271, 9, 13, 11, 1, -13),
        Glyph::new(297, 9, 13, 11, 1, -13),
        Glyph::new(323, 10, 13, 12, 1, -13),
        Glyph::new(349, 9, 13, 11, 1, -13),
        Glyph::new(375, 9, 13, 12, 1, -13),
        Glyph::new(401, 9, 13, 10, 1, -13),
        Glyph::new(427, 10, 13, 12, 1, -13),
        Glyph::new(453, 9, 13, 11, 1, -13),
        Glyph::new(479, 3, 10, 4, 1, -10),
        Glyph::new(489, 3, 12, 4, 1, -10),
        Glyph::new(501, 9, 10, 11, 1, -10),
        Glyph::new(521, 10, 5, 12, 1, -8),
        Glyph::new(531, 9, 10, 11, 1, -10),
        Glyph::new(551, 8, 13, 10, 1, -13),
        Glyph::new(564, 14, 14, 15, 1, -12),
        Glyph::new(592, 12, 13, 12, 0, -13),
        Glyph::new(618, 10, 13, 12, 1, -13),
        Glyph::new(644, 10, 13, 12, 1, -13),
        Glyph::new(670, 11, 13, 13, 1, -13),
        Glyph::new(696, 9, 13, 11, 1, -13),
        Glyph::new(722, 9, 13, 11, 1, -13),
        Glyph::new(748, 12, 13, 13, 1, -13),
        Glyph::new(774, 10, 13, 13, 1, -13),
        Glyph::new(800, 6, 13, 8, 1, -13),
        Glyph::new(813, 8, 13, 10, 1, -13),
        Glyph::new(826, 10, 13, 12, 1, -13),
        Glyph::new(852, 9, 13, 10, 1, -13),
        Glyph::new(878, 13, 13, 16, 1, -13),
        Glyph::new(904, 11, 13, 13, 1, -13),
        Glyph::new(930, 12, 13, 14, 1, -13),
        Glyph::new(956, 10, 13, 12, 1, -13),
        Glyph::new(982, 13, 13, 14, 1, -13),
        Glyph::new(1008, 10, 13, 12, 1, -13),
        Glyph::new(1034, 10, 13, 11, 1, -13),
        Glyph::new(1060, 11, 13, 11, 1, -13),
        Glyph::new(1086, 10, 13, 13, 1, -13),
        Glyph::new(1112, 11, 13, 12, 0, -13),
        Glyph::new(1138, 16, 13, 16, 0, -13),
        Glyph::new(1164, 11, 13, 12, 1, -13),
        Glyph::new(1190, 10, 13, 12, 1, -13),
        Glyph::new(1216, 10, 13, 12, 1, -13),
        Glyph::new(1242, 4, 17, 6, 1, -14),
        Glyph::new(1259, 6, 16, 8, 1, -14),
        Glyph::new(1275, 5, 17, 7, 0, -14),
        Glyph::new(1292, 8, 7, 11, 1, -13),
        Glyph::new(1299, 7, 1, 7, 0, 0),
        Glyph::new(1300, 3, 3, 5, 1, -14),
        Glyph::new(1303, 8, 10, 10, 1, -10),
        Glyph::new(1313, 9, 14, 11, 1, -14),
        Glyph::new(1341, 8, 10, 9, 1, -10),
        Glyph::new(1351, 9, 14, 11, 1, -14),
        Glyph::new(1379, 9, 10, 10, 1, -10),
        Glyph::new(1399, 6, 14, 6, 1, -14),
        Glyph::new(1413, 9, 14, 11, 1, -10),
        Glyph::new(1441, 8, 14, 11, 1, -14),
        Glyph::new(1455, 3, 14, 5, 0, -14),
        Glyph::new(1469, 5, 17, 5, -2, -14),
        Glyph::new(1486, 8, 14, 10, 1, -14),
        Glyph::new(1500, 4, 14, 5, 1, -14),
        Glyph::new(1514, 14, 10, 16, 1, -10),
        Glyph::new(1534, 8, 10, 11, 1, -10),
        Glyph::new(1544, 9, 10, 11, 1, -10),
        Glyph::new(1564, 9, 13, 11, 1, -10),
        Glyph::new(1590, 12, 13, 11, 1, -10),
        Glyph::new(1616, 6, 10, 7, 1, -10),
        Glyph::new(1626, 8, 10, 9, 1, -10),
        Glyph::new(1636, 6, 13, 7, 1, -13),
        Glyph::new(1649, 8, 10, 10, 1, -10),
        Glyph::new(1659, 9, 10, 9, 0, -10),
        Glyph::new(1679, 13, 10, 13, 0, -10),
        Glyph::new(1699, 8, 10, 10, 1, -10),
        Glyph::new(1709, 9, 13, 9, 0, -10),
        Glyph::new(1735, 8, 10, 9, 1, -10),
        Glyph::new(1745, 6, 17, 7, 1, -14),
        Glyph::new(1762, 2, 20, 5, 1, -17),
        Glyph::new(1782, 6, 17, 7, 1, -14),
        Glyph::new(1799, 9, 3, 10, 0, -8),
        Glyph::new(1805, 0, 0, 6, 0, 0),
        Glyph::new(1805, 3, 13, 6, 1, -10),
        Glyph::new(1818, 8, 13, 9, 1, -11),
        Glyph::new(1831, 9, 13, 12, 1, -13),
        Glyph::new(1857, 8, 9, 11, 1, -11),
        Glyph::new(1866, 12, 13, 12, 0, -13),
        Glyph::new(1892, 2, 20, 5, 1, -17),
        Glyph::new(1912, 9, 16, 10, 1, -13),
        Glyph::new(1944, 6, 1, 7, 1, -13),
        Glyph::new(1945, 13, 14, 15, 1, -14),
        Glyph::new(1973, 5, 6, 7, 1, -14),
        Glyph::new(1979, 9, 8, 11, 1, -9),
        Glyph::new(1995, 10, 6, 12, 0, -8),
        Glyph::new(2007, 8, 13, 10, 1, -13),
        Glyph::new(2020, 13, 14, 15, 1, -14),
        Glyph::new(2048, 5, 1, 7, 1, -13),
        Glyph::new(2049, 6, 6, 7, 1, -14),
        Glyph::new(2055, 9, 10, 11, 1, -10),
        Glyph::new(2075, 6, 7, 7, 1, -15),
        Glyph::new(2082, 5, 7, 7, 1, -15),
        Glyph::new(2089, 3, 3, 5, 1, -14),
        Glyph::new(2092, 8, 13, 10, 1, -13),
        Glyph::new(2105, 9, 16, 10, 1, -13),
        Glyph::new(2137, 3, 3, 5, 1, -6),
        Glyph::new(2140, 4, 4, 5, 0, -1),
        Glyph::new(2144, 3, 7, 5, 1, -15),
        Glyph::new(2151, 6, 6, 7, 1, -14),
        Glyph::new(2157, 9, 8, 11, 1, -9),
        Glyph::new(2173, 14, 13, 16, 1, -13),
        Glyph::new(2199, 14, 13, 16, 1, -13),
        Glyph::new(2225, 15, 13, 17, 1, -13),
        Glyph::new(2251, 9, 13, 9, 1, -10),
        Glyph::new(2277, 12, 17, 12, -1, -17),
        Glyph::new(2311, 12, 17, 12, 0, -17),
        Glyph::new(2345, 12, 17, 12, 0, -17),
        Glyph::new(2379, 12, 17, 12, -1, -18),
        Glyph::new(2413, 12, 16, 12, -1, -16),
        Glyph::new(2445, 12, 17, 12, 0, -17),
        Glyph::new(2479, 17, 13, 18, -1, -13),
        Glyph::new(2518, 11, 16, 12, 1, -13),
        Glyph::new(2550, 9, 17, 11, 1, -17),
        Glyph::new(2584, 9, 17, 11, 1, -17),
        Glyph::new(2618, 9, 17, 11, 1, -17),
        Glyph::new(2652, 9, 16, 11, 1, -16),
        Glyph::new(2684, 6, 17, 8, 1, -17),
        Glyph::new(2701, 6, 17, 8, 1, -17),
        Glyph::new(2718, 6, 17, 8, 1, -17),
        Glyph::new(2735, 6, 16, 8, 1, -16),
        Glyph::new(2751, 12, 13, 13, 1, -13),
        Glyph::new(2777, 11, 17, 13, 1, -18),
        Glyph::new(2811, 12, 17, 14, 1, -17),
        Glyph::new(2845, 12, 17, 14, 1, -17),
        Glyph::new(2879, 12, 17, 14, 1, -17),
        Glyph::new(2913, 12, 17, 14, 1, -18),
        Glyph::new(2947, 12, 16, 14, 1, -16),
        Glyph::new(2979, 8, 8, 10, 1, -10),
        Glyph::new(2987, 12, 13, 14, 1, -13),
        Glyph::new(3013, 10, 17, 13, 1, -17),
        Glyph::new(3047, 10, 17, 13, 1, -17),
        Glyph::new(3081, 10, 17, 13, 1, -17),
        Glyph::new(3115, 10, 16, 13, 1, -16),
        Glyph::new(3147, 11, 17, 12, 1, -17),
        Glyph::new(3181, 10, 13, 12, 1, -13),
        Glyph::new(3207, 9, 13, 11, 1, -13),
        Glyph::new(3233, 8, 14, 10, 1, -14),
        Glyph::new(3247, 8, 14, 10, 1, -14),
        Glyph::new(3261, 8, 14, 10, 1, -14),
        Glyph::new(3275, 8, 13, 10, 1, -14),
        Glyph::new(3288, 8, 14, 10, 1, -14),
        Glyph::new(3302, 8, 16, 10, 1, -16),
        Glyph::new(3318, 15, 10, 17, 1, -10),
        Glyph::new(3338, 9, 13, 9, 1, -10),
        Glyph::new(3364, 9, 14, 10, 1, -14),
        Glyph::new(3392, 9, 14, 10, 1, -14),
        Glyph::new(3420, 9, 14, 10, 1, -14),
        Glyph::new(3448, 9, 14, 10, 1, -14),
        Glyph::new(3476, 4, 14, 5, 1, -14),
        Glyph::new(3490, 5, 14, 5, 0, -14),
        Glyph::new(3504, 6, 14, 5, 0, -14),
        Glyph::new(3518, 6, 14, 5, 0, -14),
        Glyph::new(3532, 9, 14, 11, 1, -15),
        Glyph::new(3560, 8, 13, 11, 1, -14),
        Glyph::new(3573, 9, 14, 11, 1, -14),
        Glyph::new(3601, 9, 14, 11, 1, -14),
        Glyph::new(3629, 9, 14, 11, 1, -14),
        Glyph::new(3657, 9, 13, 11, 1, -14),
        Glyph::new(3683, 9, 14, 11, 1, -14),
        Glyph::new(3711, 10, 10, 11, 1, -10),
        Glyph::new(3731, 9, 10, 11, 1, -11),
        Glyph::new(3751, 8, 14, 10, 1, -14),
        Glyph::new(3765, 8, 14, 10, 1, -14),
        Glyph::new(3779, 8, 14, 10, 1, -14),
        Glyph::new(3793, 8, 14, 10, 1, -14),
        Glyph::new(3807, 9, 17, 9, 0, -14),
        Glyph::new(3841, 9, 17, 11, 1, -14),
        Glyph::new(3875, 8, 17, 9, 1, -14),
        Glyph::new(3892, 8, 1, 10, 1, -5),
        Glyph::new(3893, 14, 1, 16, 1, -5),
        Glyph::new(3895, 3, 5, 5, 1, -13),
        Glyph::new(3900, 3, 5, 5, 1, -13),
        Glyph::new(3905, 3, 5, 5, 1, -2),
        Glyph::new(3910, 6, 5, 8, 1, -13),
        Glyph::new(3915, 6, 5, 8, 1, -13),
        Glyph::new(3920, 6, 5, 8, 1, -2),
        Glyph::new(3925, 6, 6, 8, 1, -8),
        Glyph::new(3931, 11, 3, 14, 1, -3),
        Glyph::new(3937, 5, 8, 7, 1, -9),
        Glyph::new(3945, 5, 8, 7, 1, -9),
        Glyph::new(3953, 11, 13, 13, 1, -13),
        Glyph::new(3979, 15, 7, 17, 1, -13),
        Glyph::new(3993, 10, 2, 11, 1, -6),
    ],
    bitmap: &[
        0xC0, 0xC0, 0xC0, 0xC0, 0xC0, 0xC0, 0xC0, 0xC0, 0xC0, 0x00, 0xE0, 0xE0, 0xE0, 0xD8, 0xD8,
        0xD8, 0xD8, 0x18, 0xC0, 0x18, 0x80, 0x19, 0x80, 0xFF, 0xE0, 0x19, 0x80, 0x11, 0x80, 0x31,
        0x80, 0x31, 0x80, 0xFF, 0xE0, 0x33, 0x00, 0x33, 0x00, 0x33, 0x00, 0x33, 0x00, 0x08, 0x00,
        0x08, 0x00, 0x3E, 0x00, 0x7F, 0x80, 0xC9, 0xC0, 0xC8, 0x00, 0xC8, 0x00, 0xF8, 0x00, 0x3F,
        0x00, 0x0F, 0x80, 0x09, 0xC0, 0x08, 0xC0, 0xC8, 0xC0, 0xFB, 0x80, 0x7F, 0x00, 0x08, 0x00,
        0x08, 0x00, 0x38, 0x18, 0x00, 0x6C, 0x18, 0x00, 0xC6, 0x30, 0x00, 0xC6, 0x60, 0x00, 0xC6,
        0x60, 0x00, 0x6C, 0xC0, 0x00, 0x39, 0x9E, 0x00, 0x01, 0x33, 0x00, 0x03, 0x61, 0x80, 0x06,
        0x61, 0x80, 0x04, 0x61, 0x80, 0x0C, 0x33, 0x00, 0x18, 0x1E, 0x00, 0x1F, 0x00, 0x31, 0x80,
        0x31, 0x80, 0x31, 0x80, 0x1F, 0x00, 0x1E, 0x00, 0x7E, 0x60, 0xE7, 0x60, 0xC3, 0xE0, 0xC1,
        0xC0, 0xC1, 0xC0, 0x63, 0xE0, 0x3F, 0x70, 0xC0, 0xC0, 0xC0, 0xC0, 0x30, 0x30, 0x60, 0x60,
        0x60, 0xC0, 0xC0, 0xC0, 0xC0, 0xC0, 0xC0, 0xC0, 0xE0, 0x60, 0x60, 0x30, 0x30, 0xC0, 0xC0,
        0x60, 0x60, 0x60, 0x30, 0x30, 0x30, 0x30, 0x30, 0x30, 0x30, 0x60, 0x60, 0x60, 0xC0, 0xC0,
        0x18, 0x18, 0xFF, 0x3C, 0x3C, 0x66, 0x20, 0x0C, 0x00, 0x0C, 0x00, 0x0C, 0x00, 0x0C, 0x00,
        0x0C, 0x00, 0xFF, 0xC0, 0x0C, 0x00, 0x0C, 0x00, 0x0C, 0x00, 0x0C, 0x00, 0xE0, 0xE0, 0x60,
        0x40, 0xC0, 0xFC, 0xE0, 0xE0, 0xE0, 0x0C, 0x0C, 0x0C, 0x18, 0x18, 0x18, 0x30, 0x30, 0x30,
        0x60, 0x60, 0x60, 0xC0, 0xC0, 0xC0, 0xC0, 0x1E, 0x00, 0x73, 0x80, 0x61, 0x80, 0xF0, 0xC0,
        0xD8, 0xC0, 0xC8, 0xC0, 0xCC, 0xC0, 0xC6, 0xC0, 0xC6, 0xC0, 0xC3, 0xC0, 0x61, 0x80, 0x73,
        0x80, 0x1E, 0x00, 0x18, 0x18, 0xF8, 0x18, 0x18, 0x18, 0x18, 0x18, 0x18, 0x18, 0x18, 0x18,
        0x18, 0x3E, 0x00, 0x63, 0x00, 0xE1, 0x80, 0x01, 0x80, 0x01, 0x80, 0x03, 0x80, 0x03, 0x00,
        0x07, 0x00, 0x0E, 0x00, 0x1C, 0x00, 0x38, 0x00, 0x60, 0x00, 0xFF, 0x80, 0x3E, 0x00, 0x63,
        0x80, 0x41, 0x80, 0x01, 0x80, 0x03, 0x00, 0x1E, 0x00, 0x03, 0x00, 0x01, 0x80, 0x01, 0x80,
        0x41, 0x80, 0xC1, 0x80, 0x63, 0x00, 0x3E, 0x00, 0x03, 0x00, 0x07, 0x00, 0x0F, 0x00, 0x1B,
        0x00, 0x1B, 0x00, 0x33, 0x00, 0x63, 0x00, 0xC3, 0x00, 0xFF, 0xC0, 0x03, 0x00, 0x03, 0x00,
        0x03, 0x00, 0x03, 0x00, 0x7F, 0x80, 0x60, 0x00, 0x40, 0x00, 0xC0, 0x00, 0xFE, 0x00, 0xE3,
        0x00, 0x01, 0x80, 0x01, 0x80, 0x01, 0x80, 0x01, 0x80, 0xC1, 0x80, 0x63, 0x00, 0x3E, 0x00,
        0x1E, 0x00, 0x23, 0x00, 0x60, 0x00, 0xC0, 0x00, 0xDE, 0x00, 0xE3, 0x00, 0xC1, 0x80, 0xC1,
        0x80, 0xC1, 0x80, 0xC1, 0x80, 0x41, 0x80, 0x63, 0x00, 0x3E, 0x00, 0xFF, 0x80, 0x01, 0x80,
        0x03, 0x00, 0x03, 0x00, 0x07, 0x00, 0x06, 0x00, 0x0E, 0x00, 0x0C, 0x00, 0x1C, 0x00, 0x18,
        0x00, 0x18, 0x00, 0x38, 0x00, 0x30, 0x00, 0x1E, 0x00, 0x33, 0x00, 0x61, 0x80, 0x61, 0x80,
        0x73, 0x80, 0x3F, 0x00, 0x61, 0x80, 0xC0, 0xC0, 0xC0, 0xC0, 0xC0, 0xC0, 0xC0, 0xC0, 0x61,
        0x80, 0x3F, 0x00, 0x3E, 0x00, 0x63, 0x00, 0xC1, 0x80, 0xC1, 0x80, 0xC1, 0x80, 0xC1, 0x80,
        0xE3, 0x80, 0x7F, 0x00, 0x3F, 0x00, 0x06, 0x00, 0x0C, 0x00, 0x0C, 0x00, 0x18, 0x00, 0xE0,
        0xE0, 0xE0, 0x00, 0x00, 0x00, 0x00, 0xE0, 0xE0, 0xE0, 0xE0, 0xE0, 0xE0, 0x00, 0x00, 0x00,
        0x00, 0xE0, 0xE0, 0x60, 0x40, 0xC0, 0x00, 0x80, 0x03, 0x80, 0x0F, 0x00, 0x3C, 0x00, 0xF0,
        0x00, 0xE0, 0x00, 0x7C, 0x00, 0x1F, 0x00, 0x03, 0x80, 0x00, 0x80, 0xFF, 0xC0, 0x00, 0x00,
        0x00, 0x00, 0x00, 0x00, 0xFF, 0xC0, 0x80, 0x00, 0xE0, 0x00, 0x78, 0x00, 0x1E, 0x00, 0x07,
        0x80, 0x03, 0x80, 0x1F, 0x00, 0x7C, 0x00, 0xE0, 0x00, 0x80, 0x00, 0x7C, 0xC7, 0xC3, 0x03,
        0x07, 0x1E, 0x38, 0x30, 0x30, 0x00, 0x38, 0x38, 0x38, 0x0F, 0xC0, 0x18, 0x70, 0x30, 0x18,
        0x60, 0x18, 0xC7, 0xCC, 0xCC, 0xCC, 0xD8, 0xCC, 0xD8, 0xCC, 0xD8, 0xC8, 0xCF, 0x70, 0x60,
        0x00, 0x30, 0x00, 0x18, 0x40, 0x07, 0xC0, 0x07, 0x00, 0x0F, 0x00, 0x0F, 0x00, 0x0F, 0x80,
        0x1D, 0x80, 0x19, 0x80, 0x19, 0xC0, 0x38, 0xC0, 0x30, 0xC0, 0x7F, 0xE0, 0x60, 0x60, 0x60,
        0x70, 0xE0, 0x30, 0xFE, 0x00, 0xC3, 0x00, 0xC1, 0x80, 0xC1, 0x80, 0xC1, 0x80, 0xC3, 0x80,
        0xFF, 0x00, 0xC1, 0x80, 0xC0, 0xC0, 0xC0, 0xC0, 0xC0, 0xC0, 0xC1, 0x80, 0xFF, 0x00, 0x1F,
        0x80, 0x31, 0xC0, 0x60, 0xC0, 0x40, 0x00, 0xC0, 0x00, 0xC0, 0x00, 0xC0, 0x00, 0xC0, 0x00,
        0xC0, 0x00, 0xC0, 0x00, 0x60, 0x40, 0x30, 0xC0, 0x1F, 0x80, 0xFE, 0x00, 0xC1, 0x80, 0xC0,
        0xC0, 0xC0, 0xE0, 0xC0, 0x60, 0xC0, 0x60, 0xC0, 0x60, 0xC0, 0x60, 0xC0, 0x60, 0xC0, 0x40,
        0xC0, 0xC0, 0xC1, 0x80, 0xFE, 0x00, 0xFF, 0x80, 0xC0, 0x00, 0xC0, 0x00, 0xC0, 0x00, 0xC0,
        0x00, 0xC0, 0x00, 0xFE, 0x00, 0xC0, 0x00, 0xC0, 0x00, 0xC0, 0x00, 0xC0, 0x00, 0xC0, 0x00,
        0xFF, 0x80, 0xFF, 0x80, 0xC0, 0x00, 0xC0, 0x00, 0xC0, 0x00, 0xC0, 0x00, 0xC0, 0x00, 0xFF,
        0x80, 0xC0, 0x00, 0xC0, 0x00, 0xC0, 0x00, 0xC0, 0x00, 0xC0, 0x00, 0xC0, 0x00, 0x0F, 0x80,
        0x30, 0xE0, 0x60, 0x60, 0x60, 0x00, 0xC0, 0x00, 0xC0, 0x00, 0xC3, 0xF0, 0xC0, 0x30, 0xC0,
        0x30, 0x60, 0x30, 0x60, 0x70, 0x30, 0xF0, 0x1F, 0x90, 0xC0, 0xC0, 0xC0, 0xC0, 0xC0, 0xC0,
        0xC0, 0xC0, 0xC0, 0xC0, 0xC0, 0xC0, 0xFF, 0xC0, 0xC0, 0xC0, 0xC0, 0xC0, 0xC0, 0xC0, 0xC0,
        0xC0, 0xC0, 0xC0, 0xC0, 0xC0, 0xFC, 0x30, 0x30, 0x30, 0x30, 0x30, 0x30, 0x30, 0x30, 0x30,
        0x30, 0x30, 0xFC, 0x03, 0x03, 0x03, 0x03, 0x03, 0x03, 0x03, 0x03, 0x03, 0x43, 0xC3, 0xC6,
        0x7C, 0xC1, 0xC0, 0xC3, 0x80, 0xC7, 0x00, 0xCE, 0x00, 0xDC, 0x00, 0xD8, 0x00, 0xFC, 0x00,
        0xEE, 0x00, 0xC6, 0x00, 0xC7, 0x00, 0xC3, 0x80, 0xC1, 0x80, 0xC0, 0xC0, 0xC0, 0x00, 0xC0,
        0x00, 0xC0, 0x00, 0xC0, 0x00, 0xC0, 0x00, 0xC0, 0x00, 0xC0, 0x00, 0xC0, 0x00, 0xC0, 0x00,
        0xC0, 0x00, 0xC0, 0x00, 0xC0, 0x00, 0xFF, 0x80, 0xF0, 0x38, 0xF0, 0x78, 0xF0, 0x78, 0xF0,
        0x78, 0xD8, 0xD8, 0xD8, 0xD8, 0xD8, 0xD8, 0xCD, 0x98, 0xCD, 0x98, 0xCD, 0x98, 0xC7, 0x18,
        0xC7, 0x18, 0xC7, 0x18, 0xE0, 0x60, 0xF0, 0x60, 0xF0, 0x60, 0xD8, 0x60, 0xDC, 0x60, 0xCC,
        0x60, 0xCE, 0x60, 0xC6, 0x60, 0xC7, 0x60, 0xC3, 0x60, 0xC1, 0xE0, 0xC1, 0xE0, 0xC0, 0xE0,
        0x1F, 0x80, 0x30, 0xC0, 0x60, 0x60, 0x60, 0x60, 0xC0, 0x30, 0xC0, 0x30, 0xC0, 0x30, 0xC0,
        0x30, 0xC0, 0x30, 0x60, 0x60, 0x60, 0x60, 0x30, 0xC0, 0x1F, 0x80, 0xFF, 0x00, 0xC1, 0x80,
        0xC0, 0xC0, 0xC0, 0xC0, 0xC0, 0xC0, 0xC1, 0x80, 0xFF, 0x00, 0xC0, 0x00, 0xC0, 0x00, 0xC0,
        0x00, 0xC0, 0x00, 0xC0, 0x00, 0xC0, 0x00, 0x1F, 0x00, 0x30, 0xC0, 0x60, 0x60, 0x60, 0x60,
        0xC0, 0x30, 0xC0, 0x30, 0xC2, 0x30, 0xC7, 0x30, 0xC3, 0xB0, 0x61, 0xF0, 0x60, 0xE0, 0x30,
        0xF0, 0x1F, 0xF8, 0xFF, 0x00, 0xC1, 0x80, 0xC0, 0xC0, 0xC0, 0xC0, 0xC0, 0xC0, 0xC1, 0x80,
        0xFF, 0x00, 0xCE, 0x00, 0xC7, 0x00, 0xC3, 0x00, 0xC3, 0x80, 0xC1, 0xC0, 0xC0, 0xC0, 0x3F,
        0x00, 0x61, 0x80, 0xC0, 0x00, 0xC0, 0x00, 0xF0, 0x00, 0xFF, 0x00, 0x7F, 0x80, 0x0F, 0xC0,
        0x01, 0xC0, 0x00, 0xC0, 0xC0, 0xC0, 0xE1, 0x80, 0x3E, 0x00, 0xFF, 0xE0, 0x0C, 0x00, 0x0C,
        0x00, 0x0C, 0x00, 0x0C, 0x00, 0x0C, 0x00, 0x0C, 0x00, 0x0C, 0x00, 0x0C, 0x00, 0x0C, 0x00,
        0x0C, 0x00, 0x0C, 0x00, 0x0C, 0x00, 0xC0, 0xC0, 0xC0, 0xC0, 0xC0, 0xC0, 0xC0, 0xC0, 0xC0,
        0xC0, 0xC0, 0xC0, 0xC0, 0xC0, 0xC0, 0xC0, 0xC0, 0xC0, 0xC0, 0xC0, 0xC0, 0xC0, 0x61, 0x80,
        0x3F, 0x00, 0xE0, 0x60, 0x60, 0x60, 0x60, 0xE0, 0x70, 0xC0, 0x30, 0xC0, 0x31, 0xC0, 0x39,
        0x80, 0x19, 0x80, 0x1B, 0x80, 0x1F, 0x00, 0x0F, 0x00, 0x0F, 0x00, 0x0E, 0x00, 0xE1, 0xC3,
        0x61, 0xC3, 0x63, 0xC7, 0x63, 0xC6, 0x73, 0x46, 0x33, 0x66, 0x32, 0x6E, 0x36, 0x6C, 0x36,
        0x2C, 0x1E, 0x2C, 0x1E, 0x3C, 0x1C, 0x38, 0x1C, 0x38, 0xC0, 0xE0, 0xE1, 0xC0, 0x73, 0x80,
        0x3B, 0x00, 0x1F, 0x00, 0x1E, 0x00, 0x0E, 0x00, 0x1E, 0x00, 0x3F, 0x00, 0x33, 0x80, 0x71,
        0x80, 0xE1, 0xC0, 0xC0, 0xE0, 0xC0, 0xC0, 0xE1, 0xC0, 0x61, 0x80, 0x73, 0x80, 0x33, 0x00,
        0x1E, 0x00, 0x1E, 0x00, 0x0C, 0x00, 0x0C, 0x00, 0x0C, 0x00, 0x0C, 0x00, 0x0C, 0x00, 0x0C,
        0x00, 0xFF, 0xC0, 0x01, 0xC0, 0x03, 0x80, 0x03, 0x00, 0x07, 0x00, 0x0E, 0x00, 0x0C, 0x00,
        0x1C, 0x00, 0x38, 0x00, 0x30, 0x00, 0x70, 0x00, 0xE0, 0x00, 0xFF, 0xC0, 0xF0, 0xC0, 0xC0,
        0xC0, 0xC0, 0xC0, 0xC0, 0xC0, 0xC0, 0xC0, 0xC0, 0xC0, 0xC0, 0xC0, 0xC0, 0xC0, 0xF0, 0xC0,
        0xC0, 0xC0, 0xC0, 0x60, 0x60, 0x60, 0x30, 0x30, 0x30, 0x18, 0x18, 0x18, 0x0C, 0x0C, 0x0C,
        0xF8, 0x18, 0x18, 0x18, 0x18, 0x18, 0x18, 0x18, 0x18, 0x18, 0x18, 0x18, 0x18, 0x18, 0x18,
        0x18, 0xF8, 0x18, 0x1C, 0x3C, 0x36, 0x66, 0x63, 0xC3, 0xFE, 0xC0, 0xC0, 0x60, 0x3E, 0x66,
        0x03, 0x03, 0x3F, 0x7B, 0xC3, 0xC3, 0xC7, 0x7B, 0xC0, 0x00, 0xC0, 0x00, 0xC0, 0x00, 0xC0,
        0x00, 0xDE, 0x00, 0xE3, 0x00, 0xC1, 0x80, 0xC1, 0x80, 0xC1, 0x80, 0xC1, 0x80, 0xC1, 0x80,
        0xC1, 0x80, 0xE3, 0x00, 0xDE, 0x00, 0x3E, 0x63, 0x40, 0xC0, 0xC0, 0xC0, 0xC0, 0xC0, 0x63,
        0x3E, 0x01, 0x80, 0x01, 0x80, 0x01, 0x80, 0x01, 0x80, 0x3D, 0x80, 0x63, 0x80, 0xC1, 0x80,
        0xC1, 0x80, 0xC1, 0x80, 0xC1, 0x80, 0xC1, 0x80, 0xC1, 0x80, 0x63, 0x80, 0x3D, 0x80, 0x3E,
        0x00, 0x63, 0x00, 0x41, 0x80, 0xC1, 0x80, 0xFF, 0x80, 0xC0, 0x00, 0xC0, 0x00, 0xE0, 0x00,
        0x63, 0x00, 0x3E, 0x00, 0x1C, 0x30, 0x30, 0x30, 0xFC, 0x30, 0x30, 0x30, 0x30, 0x30, 0x30,
        0x30, 0x30, 0x30, 0x3D, 0x80, 0x63, 0x80, 0xC1, 0x80, 0xC1, 0x80, 0xC1, 0x80, 0xC1, 0x80,
        0xC1, 0x80, 0xC1, 0x80, 0x63, 0x80, 0x3D, 0x80, 0x01, 0x80, 0x21, 0x80, 0x63, 0x00, 0x3E,
        0x00, 0xC0, 0xC0, 0xC0, 0xC0, 0xDE, 0xE7, 0xC3, 0xC3, 0xC3, 0xC3, 0xC3, 0xC3, 0xC3, 0xC3,
        0x60, 0x60, 0x60, 0x00, 0xE0, 0x60, 0x60, 0x60, 0x60, 0x60, 0x60, 0x60, 0x60, 0x60, 0x18,
        0x18, 0x18, 0x00, 0x18, 0x18, 0x18, 0x18, 0x18, 0x18, 0x18, 0x18, 0x18, 0x18, 0x18, 0x18,
        0xF0, 0xC0, 0xC0, 0xC0, 0xC0, 0xC7, 0xCE, 0xDC, 0xD8, 0xF8, 0xF8, 0xCC, 0xCE, 0xC6, 0xC3,
        0xC0, 0xC0, 0xC0, 0xC0, 0xC0, 0xC0, 0xC0, 0xC0, 0xC0, 0xC0, 0xC0, 0xC0, 0xC0, 0x70, 0xDE,
        0xF8, 0xE7, 0x9C, 0xC3, 0x0C, 0xC3, 0x0C, 0xC3, 0x0C, 0xC3, 0x0C, 0xC3, 0x0C, 0xC3, 0x0C,
        0xC3, 0x0C, 0xC3, 0x0C, 0xDE, 0xE7, 0xC3, 0xC3, 0xC3, 0xC3, 0xC3, 0xC3, 0xC3, 0xC3, 0x3E,
        0x00, 0x63, 0x00, 0x41, 0x00, 0xC1, 0x80, 0xC1, 0x80, 0xC1, 0x80, 0xC1, 0x80, 0xC1, 0x00,
        0x63, 0x00, 0x3E, 0x00, 0xDE, 0x00, 0xE3, 0x00, 0xC1, 0x80, 0xC1, 0x80, 0xC1, 0x80, 0xC1,
        0x80, 0xC1, 0x80, 0xC1, 0x80, 0xE3, 0x00, 0xDE, 0x00, 0xC0, 0x00, 0xC0, 0x00, 0xC0, 0x00,
        0x3D, 0x80, 0x63, 0x80, 0xC1, 0x80, 0xC1, 0x80, 0xC1, 0x80, 0xC1, 0x80, 0xC1, 0x80, 0xC1,
        0x80, 0x63, 0x80, 0x3D, 0x80, 0x01, 0x80, 0x01, 0x80, 0x00, 0xF0, 0xDC, 0xE0, 0xC0, 0xC0,
        0xC0, 0xC0, 0xC0, 0xC0, 0xC0, 0xC0, 0x3C, 0xC7, 0xC0, 0xF0, 0xFE, 0x3F, 0x07, 0x43, 0xC2,
        0x7C, 0x30, 0x30, 0x30, 0xFC, 0x30, 0x30, 0x30, 0x30, 0x30, 0x30, 0x30, 0x30, 0x1C, 0xC3,
        0xC3, 0xC3, 0xC3, 0xC3, 0xC3, 0xC3, 0xC3, 0xE7, 0x7B, 0xE1, 0x80, 0x63, 0x80, 0x63, 0x00,
        0x63, 0x00, 0x33, 0x00, 0x36, 0x00, 0x36, 0x00, 0x1E, 0x00, 0x1C, 0x00, 0x1C, 0x00, 0xC3,
        0x18, 0x67, 0x18, 0x67, 0x38, 0x65, 0xB0, 0x65, 0xB0, 0x3D, 0xB0, 0x3C, 0xA0, 0x38, 0xE0,
        0x38, 0xE0, 0x18, 0xE0, 0xC3, 0xE6, 0x6E, 0x3C, 0x38, 0x38, 0x3C, 0x6E, 0xC6, 0xC3, 0xC3,
        0x80, 0x63, 0x00, 0x63, 0x00, 0x63, 0x00, 0x36, 0x00, 0x36, 0x00, 0x36, 0x00, 0x1C, 0x00,
        0x1C, 0x00, 0x1C, 0x00, 0x08, 0x00, 0x18, 0x00, 0x70, 0x00, 0xFF, 0x07, 0x0E, 0x0C, 0x1C,
        0x38, 0x30, 0x70, 0xE0, 0xFF, 0x1C, 0x30, 0x30, 0x30, 0x30, 0x30, 0x30, 0x30, 0xC0, 0x30,
        0x30, 0x30, 0x30, 0x30, 0x30, 0x30, 0x1C, 0xC0, 0xC0, 0xC0, 0xC0, 0xC0, 0xC0, 0xC0, 0xC0,
        0xC0, 0xC0, 0xC0, 0xC0, 0xC0, 0xC0, 0xC0, 0xC0, 0xC0, 0xC0, 0xC0, 0xC0, 0xE0, 0x30, 0x30,
        0x30, 0x30, 0x30, 0x30, 0x30, 0x0C, 0x30, 0x30, 0x30, 0x30, 0x30, 0x30, 0x30, 0xE0, 0x78,
        0x80, 0x4F, 0x80, 0xC3, 0x80, 0xE0, 0xE0, 0xE0, 0x00, 0xC0, 0xC0, 0xC0, 0xC0, 0xC0, 0xC0,
        0xC0, 0xC0, 0xC0, 0x08, 0x3E, 0x7F, 0x6B, 0xC8, 0xC8, 0xC8, 0xC8, 0xE8, 0x7F, 0x3E, 0x08,
        0x08, 0x1E, 0x00, 0x33, 0x80, 0x61, 0x00, 0x60, 0x00, 0x60, 0x00, 0x60, 0x00, 0xFE, 0x00,
        0x30, 0x00, 0x30, 0x00, 0x30, 0x00, 0x20, 0x00, 0x78, 0x80, 0x87, 0x80, 0xFF, 0x66, 0xC3,
        0xC3, 0xC3, 0xC3, 0x66, 0xFF, 0x80, 0xE0, 0x70, 0x60, 0x60, 0x30, 0xC0, 0x39, 0xC0, 0x19,
        0x80, 0x1F, 0x80, 0x0F, 0x00, 0x0F, 0x00, 0x3F, 0xC0, 0x06, 0x00, 0x3F, 0xC0, 0x06, 0x00,
        0x06, 0x00, 0xC0, 0xC0, 0xC0, 0xC0, 0xC0, 0xC0, 0xC0, 0xC0, 0x00, 0x00, 0x00, 0x00, 0xC0,
        0xC0, 0xC0, 0xC0, 0xC0, 0xC0, 0xC0, 0xC0, 0x3E, 0x00, 0x63, 0x00, 0x62, 0x00, 0x70, 0x00,
        0x38, 0x00, 0x7E, 0x00, 0xC7, 0x00, 0xC3, 0x80, 0xE1, 0x80, 0x79, 0x80, 0x3F, 0x00, 0x0E,
        0x00, 0x07, 0x00, 0x23, 0x00, 0x63, 0x00, 0x3C, 0x00, 0xCC, 0x0F, 0x80, 0x30, 0x60, 0x20,
        0x20, 0x40, 0x10, 0x87, 0x98, 0x8C, 0x88, 0x98, 0x08, 0x98, 0x08, 0x98, 0x08, 0x9C, 0x88,
        0x4F, 0x90, 0x60, 0x20, 0x30, 0x60, 0x0F, 0x80, 0x70, 0x58, 0x38, 0xE8, 0xD8, 0x78, 0x39,
        0x80, 0x33, 0x00, 0x67, 0x00, 0xE6, 0x00, 0xE6, 0x00, 0x67, 0x00, 0x33, 0x00, 0x39, 0x80,
        0xFF, 0xC0, 0x00, 0xC0, 0x00, 0xC0, 0x00, 0xC0, 0x00, 0xC0, 0x00, 0xC0, 0x7C, 0xC7, 0xC3,
        0x03, 0x07, 0x1E, 0x38, 0x30, 0x30, 0x00, 0x38, 0x38, 0x38, 0x0F, 0x80, 0x30, 0x60, 0x20,
        0x20, 0x4F, 0x90, 0x8C, 0xD8, 0x8C, 0xC8, 0x8C, 0xC8, 0x8F, 0x88, 0x8D, 0x08, 0x8D, 0x88,
        0x4C, 0xD0, 0x60, 0x20, 0x30, 0x60, 0x0F, 0x80, 0xF8, 0x78, 0xCC, 0xCC, 0xCC, 0xCC, 0x78,
        0x0C, 0x00, 0x0C, 0x00, 0x0C, 0x00, 0xFF, 0x80, 0x0C, 0x00, 0x0C, 0x00, 0x0C, 0x00, 0x00,
        0x00, 0x00, 0x00, 0xFF, 0x80, 0x78, 0xCC, 0x08, 0x18, 0x30, 0xC0, 0xFC, 0x78, 0xC8, 0x08,
        0x30, 0x08, 0xC8, 0x78, 0x60, 0x60, 0xC0, 0x7C, 0xC7, 0xC3, 0x03, 0x07, 0x1E, 0x38, 0x30,
        0x30, 0x00, 0x38, 0x38, 0x38, 0x3F, 0x80, 0x7B, 0x00, 0xFB, 0x00, 0xFB, 0x00, 0xFB, 0x00,
        0x7B, 0x00, 0x3B, 0x00, 0x1B, 0x00, 0x1B, 0x00, 0x1B, 0x00, 0x1B, 0x00, 0x1B, 0x00, 0x1B,
        0x00, 0x1B, 0x00, 0x1B, 0x00, 0x1B, 0x00, 0xE0, 0xE0, 0xE0, 0x40, 0x70, 0x10, 0xE0, 0x20,
        0xE0, 0x20, 0x20, 0x20, 0x20, 0x20, 0x70, 0xD8, 0xC8, 0xCC, 0xD8, 0x70, 0xE6, 0x00, 0x67,
        0x00, 0x33, 0x00, 0x39, 0x80, 0x39, 0x80, 0x33, 0x00, 0x67, 0x00, 0xE6, 0x00, 0x30, 0x30,
        0xF0, 0x60, 0x30, 0xE0, 0x30, 0xC0, 0x31, 0x80, 0x33, 0x80, 0x33, 0x18, 0x06, 0x38, 0x06,
        0x58, 0x0C, 0xD8, 0x1C, 0xFC, 0x18, 0x18, 0x30, 0x18, 0x30, 0x30, 0xF0, 0x60, 0x30, 0x40,
        0x30, 0xC0, 0x31, 0x80, 0x31, 0x80, 0x33, 0x38, 0x06, 0x0C, 0x06, 0x0C, 0x0C, 0x18, 0x1C,
        0x18, 0x18, 0x20, 0x30, 0x7C, 0x78, 0x18, 0xCC, 0x30, 0x0C, 0x70, 0x38, 0x60, 0x0C, 0xC0,
        0x4D, 0xC0, 0x79, 0x8C, 0x03, 0x1C, 0x06, 0x2C, 0x06, 0x6C, 0x0C, 0x7E, 0x18, 0x0C, 0x18,
        0x0C, 0x0E, 0x00, 0x0E, 0x00, 0x0E, 0x00, 0x00, 0x00, 0x0C, 0x00, 0x0C, 0x00, 0x1C, 0x00,
        0x78, 0x00, 0xE0, 0x00, 0xC0, 0x00, 0xC1, 0x80, 0xE3, 0x80, 0x3E, 0x00, 0x18, 0x00, 0x1C,
        0x00, 0x06, 0x00, 0x00, 0x00, 0x0E, 0x00, 0x0F, 0x00, 0x0F, 0x00, 0x1B, 0x00, 0x1B, 0x80,
        0x39, 0x80, 0x31, 0x80, 0x31, 0xC0, 0x70, 0xC0, 0x7F, 0xC0, 0x60, 0x60, 0xE0, 0x60, 0xC0,
        0x70, 0x01, 0x80, 0x03, 0x80, 0x06, 0x00, 0x00, 0x00, 0x07, 0x00, 0x0F, 0x00, 0x0F, 0x00,
        0x0D, 0x80, 0x1D, 0x80, 0x19, 0xC0, 0x18, 0xC0, 0x38, 0xC0, 0x30, 0xE0, 0x3F, 0xE0, 0x60,
        0x60, 0x60, 0x70, 0xE0, 0x30, 0x06, 0x00, 0x0F, 0x00, 0x19, 0x80, 0x00, 0x00, 0x07, 0x00,
        0x0F, 0x00, 0x0F, 0x00, 0x0F, 0x80, 0x1D, 0x80, 0x19, 0x80, 0x19, 0xC0, 0x38, 0xC0, 0x30,
        0xC0, 0x7F, 0xE0, 0x60, 0x60, 0x60, 0x70, 0xE0, 0x30, 0x1C, 0x80, 0x17, 0x80, 0x00, 0x00,
        0x00, 0x00, 0x0E, 0x00, 0x0F, 0x00, 0x0F, 0x00, 0x1B, 0x00, 0x1B, 0x80, 0x19, 0x80, 0x31,
        0x80, 0x31, 0xC0, 0x70, 0xC0, 0x7F, 0xC0, 0x60, 0x60, 0xE0, 0x60, 0xC0, 0x70, 0x19, 0x80,
        0x00, 0x00, 0x00, 0x00, 0x0F, 0x00, 0x0F, 0x00, 0x0F, 0x00, 0x1F, 0x80, 0x19, 0x80, 0x19,
        0x80, 0x39, 0xC0, 0x30, 0xC0, 0x30, 0xC0, 0x7F, 0xE0, 0x60, 0x60, 0xE0, 0x70, 0xC0, 0x30,
        0x06, 0x00, 0x09, 0x00, 0x09, 0x00, 0x09, 0x00, 0x06, 0x00, 0x0F, 0x00, 0x0F, 0x00, 0x0F,
        0x00, 0x19, 0x80, 0x19, 0x80, 0x19, 0x80, 0x39, 0xC0, 0x30, 0xC0, 0x7F, 0xE0, 0x60, 0x60,
        0x60, 0x60, 0xE0, 0x70, 0x03, 0xFF, 0x80, 0x03, 0xC0, 0x00, 0x06, 0xC0, 0x00, 0x06, 0xC0,
        0x00, 0x0C, 0xC0, 0x00, 0x0C, 0xC0, 0x00, 0x1C, 0xFE, 0x00, 0x18, 0xC0, 0x00, 0x38, 0xC0,
        0x00, 0x3F, 0xC0, 0x00, 0x60, 0xC0, 0x00, 0xE0, 0xC0, 0x00, 0xC0, 0xFF, 0x80, 0x0F, 0x80,
        0x30, 0xE0, 0x60, 0x60, 0x60, 0x00, 0xC0, 0x00, 0xC0, 0x00, 0xC0, 0x00, 0xC0, 0x00, 0xC0,
        0x00, 0xE0, 0x00, 0x60, 0x60, 0x30, 0xE0, 0x1F, 0x80, 0x06, 0x00, 0x07, 0x00, 0x0F, 0x00,
        0x20, 0x00, 0x30, 0x00, 0x08, 0x00, 0x00, 0x00, 0xFF, 0x80, 0xC0, 0x00, 0xC0, 0x00, 0xC0,
        0x00, 0xC0, 0x00, 0xC0, 0x00, 0xFE, 0x00, 0xC0, 0x00, 0xC0, 0x00, 0xC0, 0x00, 0xC0, 0x00,
        0xC0, 0x00, 0xFF, 0x80, 0x02, 0x00, 0x06, 0x00, 0x08, 0x00, 0x00, 0x00, 0xFF, 0x80, 0xC0,
        0x00, 0xC0, 0x00, 0xC0, 0x00, 0xC0, 0x00, 0xC0, 0x00, 0xFE, 0x00, 0xC0, 0x00, 0xC0, 0x00,
        0xC0, 0x00, 0xC0, 0x00, 0xC0, 0x00, 0xFF, 0x80, 0x1C, 0x00, 0x36, 0x00, 0x63, 0x00, 0x00,
        0x00, 0xFF, 0x80, 0xC0, 0x00, 0xC0, 0x00, 0xC0, 0x00, 0xC0, 0x00, 0xC0, 0x00, 0xFE, 0x00,
        0xC0, 0x00, 0xC0, 0x00, 0xC0, 0x00, 0xC0, 0x00, 0xC0, 0x00, 0xFF, 0x80, 0x36, 0x00, 0x00,
        0x00, 0x00, 0x00, 0xFF, 0x80, 0xC0, 0x00, 0xC0, 0x00, 0xC0, 0x00, 0xC0, 0x00, 0xC0, 0x00,
        0xFE, 0x00, 0xC0, 0x00, 0xC0, 0x00, 0xC0, 0x00, 0xC0, 0x00, 0xC0, 0x00, 0xFF, 0x80, 0xC0,
        0xE0, 0x30, 0x00, 0xFC, 0x30, 0x30, 0x30, 0x30, 0x30, 0x30, 0x30, 0x30, 0x30, 0x30, 0x30,
        0xFC, 0x0C, 0x1C, 0x30, 0x00, 0xFC, 0x30, 0x30, 0x30, 0x30, 0x30, 0x30, 0x30, 0x30, 0x30,
        0x30, 0x30, 0xFC, 0x30, 0x78, 0xCC, 0x00, 0xFC, 0x30, 0x30, 0x30, 0x30, 0x30, 0x30, 0x30,
        0x30, 0x30, 0x30, 0x30, 0xFC, 0xCC, 0x00, 0x00, 0xFC, 0x30, 0x30, 0x30, 0x30, 0x30, 0x30,
        0x30, 0x30, 0x30, 0x30, 0x30, 0xFC, 0x7F, 0x00, 0x60, 0xC0, 0x60, 0x60, 0x60, 0x70, 0x60,
        0x30, 0x60, 0x30, 0xFE, 0x30, 0x60, 0x30, 0x60, 0x30, 0x60, 0x20, 0x60, 0x60, 0x60, 0xC0,
        0x7F, 0x00, 0x1D, 0x80, 0x37, 0x80, 0x00, 0x00, 0x00, 0x00, 0xE0, 0x60, 0xF0, 0x60, 0xF0,
        0x60, 0xD8, 0x60, 0xDC, 0x60, 0xCC, 0x60, 0xCE, 0x60, 0xC6, 0x60, 0xC7, 0x60, 0xC3, 0x60,
        0xC1, 0xE0, 0xC1, 0xE0, 0xC0, 0xE0, 0x18, 0x00, 0x0C, 0x00, 0x00, 0x00, 0x00, 0x00, 0x1F,
        0x80, 0x30, 0xC0, 0x60, 0x60, 0x60, 0x60, 0xC0, 0x30, 0xC0, 0x30, 0xC0, 0x30, 0xC0, 0x30,
        0xC0, 0x30, 0x60, 0x60, 0x60, 0x60, 0x30, 0xC0, 0x1F, 0x80, 0x01, 0x80, 0x03, 0x00, 0x00,
        0x00, 0x00, 0x00, 0x1F, 0x80, 0x30, 0xC0, 0x60, 0x60, 0x60, 0x60, 0xC0, 0x30, 0xC0, 0x30,
        0xC0, 0x30, 0xC0, 0x30, 0xC0, 0x30, 0x60, 0x60, 0x60, 0x60, 0x30, 0xC0, 0x1F, 0x80, 0x0F,
        0x00, 0x19, 0x80, 0x00, 0x00, 0x00, 0x00, 0x1F, 0x80, 0x30, 0xC0, 0x60, 0x60, 0x60, 0x60,
        0xC0, 0x30, 0xC0, 0x30, 0xC0, 0x30, 0xC0, 0x30, 0xC0, 0x30, 0x60, 0x60, 0x60, 0x60, 0x30,
        0xC0, 0x1F, 0x80, 0x1E, 0x80, 0x13, 0x80, 0x00, 0x00, 0x00, 0x00, 0x1F, 0x80, 0x30, 0xC0,
        0x60, 0x60, 0x60, 0x60, 0xC0, 0x30, 0xC0, 0x30, 0xC0, 0x30, 0xC0, 0x30, 0xC0, 0x30, 0x60,
        0x60, 0x60, 0x60, 0x30, 0xC0, 0x1F, 0x80, 0x19, 0x80, 0x00, 0x00, 0x00, 0x00, 0x1F, 0x80,
        0x30, 0xC0, 0x60, 0x60, 0x60, 0x60, 0xC0, 0x30, 0xC0, 0x30, 0xC0, 0x30, 0xC0, 0x30, 0xC0,
        0x30, 0x60, 0x60, 0x60, 0x60, 0x30, 0xC0, 0x1F, 0x80, 0x43, 0xE7, 0x7E, 0x3C, 0x3C, 0x7E,
        0xE7, 0xC3, 0x0F, 0xF0, 0x30, 0xE0, 0x60, 0xE0, 0x60, 0xF0, 0xC1, 0x30, 0xC3, 0x30, 0xC6,
        0x30, 0xCC, 0x30, 0xC8, 0x30, 0xF0, 0x60, 0x70, 0x60, 0x70, 0xC0, 0xFF, 0x00, 0x30, 0x00,
        0x18, 0x00, 0x00, 0x00, 0x00, 0x00, 0xC0, 0xC0, 0xC0, 0xC0, 0xC0, 0xC0, 0xC0, 0xC0, 0xC0,
        0xC0, 0xC0, 0xC0, 0xC0, 0xC0, 0xC0, 0xC0, 0xC0, 0xC0, 0xC0, 0xC0, 0xC0, 0xC0, 0x61, 0x80,
        0x3F, 0x00, 0x03, 0x00, 0x06, 0x00, 0x00, 0x00, 0x00, 0x00, 0xC0, 0xC0, 0xC0, 0xC0, 0xC0,
        0xC0, 0xC0, 0xC0, 0xC0, 0xC0, 0xC0, 0xC0, 0xC0, 0xC0, 0xC0, 0xC0, 0xC0, 0xC0, 0xC0, 0xC0,
        0xC0, 0xC0, 0x61, 0x80, 0x3F, 0x00, 0x1E, 0x00, 0x33, 0x00, 0x00, 0x00, 0x00, 0x00, 0xC0,
        0xC0, 0xC0, 0xC0, 0xC0, 0xC0, 0xC0, 0xC0, 0xC0, 0xC0, 0xC0, 0xC0, 0xC0, 0xC0, 0xC0, 0xC0,
        0xC0, 0xC0, 0xC0, 0xC0, 0xC0, 0xC0, 0x61, 0x80, 0x3F, 0x00, 0x33, 0x00, 0x00, 0x00, 0x00,
        0x00, 0xC0, 0xC0, 0xC0, 0xC0, 0xC0, 0xC0, 0xC0, 0xC0, 0xC0, 0xC0, 0xC0, 0xC0, 0xC0, 0xC0,
        0xC0, 0xC0, 0xC0, 0xC0, 0xC0, 0xC0, 0xC0, 0xC0, 0x61, 0x80, 0x3F, 0x00, 0x03, 0x00, 0x07,
        0x00, 0x0C, 0x00, 0x00, 0x00, 0xC0, 0xE0, 0xE0, 0xC0, 0x61, 0x80, 0x73, 0x80, 0x33, 0x00,
        0x1F, 0x00, 0x1E, 0x00, 0x0C, 0x00, 0x0C, 0x00, 0x0C, 0x00, 0x0C, 0x00, 0x0C, 0x00, 0x0C,
        0x00, 0xC0, 0x00, 0xC0, 0x00, 0xC0, 0x00, 0xFF, 0x00, 0xC1, 0x80, 0xC0, 0xC0, 0xC0, 0xC0,
        0xC0, 0xC0, 0xC1, 0x80, 0xFF, 0x00, 0xC0, 0x00, 0xC0, 0x00, 0xC0, 0x00, 0x3C, 0x00, 0x67,
        0x00, 0xC3, 0x00, 0xC3, 0x00, 0xC7, 0x00, 0xCE, 0x00, 0xC3, 0x00, 0xC1, 0x80, 0xC1, 0x80,
        0xC1, 0x80, 0xC1, 0x80, 0xC3, 0x00, 0xCE, 0x00, 0x20, 0x30, 0x18, 0x00, 0x3E, 0x66, 0x03,
        0x03, 0x3F, 0x7B, 0xC3, 0xC3, 0xC7, 0x7B, 0x06, 0x0C, 0x08, 0x00, 0x3E, 0x66, 0x03, 0x03,
        0x3F, 0x7B, 0xC3, 0xC3, 0xC7, 0x7B, 0x18, 0x3C, 0x66, 0x00, 0x3E, 0x66, 0x03, 0x03, 0x3F,
        0x7B, 0xC3, 0xC3, 0xC7, 0x7B, 0x3A, 0x6E, 0x00, 0x3E, 0x66, 0x03, 0x03, 0x3F, 0x7B, 0xC3,
        0xC3, 0xC7, 0x7B, 0x36, 0x00, 0x00, 0x00, 0x3E, 0x67, 0x03, 0x03, 0x3F, 0x7B, 0xC3, 0xC3,
        0xC7, 0x7B, 0x1C, 0x22, 0x22, 0x22, 0x1C, 0x00, 0x3E, 0x66, 0x03, 0x03, 0x3F, 0x7B, 0xC3,
        0xC3, 0xC7, 0x7D, 0x3E, 0xF8, 0x63, 0xCC, 0x03, 0x86, 0x03, 0x06, 0x3F, 0xFE, 0x63, 0x00,
        0xC3, 0x80, 0xC3, 0x80, 0xC7, 0xCE, 0x7C, 0xFC, 0x3E, 0x00, 0x63, 0x00, 0xC0, 0x00, 0xC0,
        0x00, 0xC0, 0x00, 0xC0, 0x00, 0xC0, 0x00, 0x63, 0x80, 0x7F, 0x00, 0x1C, 0x00, 0x1C, 0x00,
        0x04, 0x00, 0x1C, 0x00, 0x30, 0x00, 0x30, 0x00, 0x08, 0x00, 0x00, 0x00, 0x3E, 0x00, 0x63,
        0x00, 0x41, 0x80, 0xC1, 0x80, 0xFF, 0x80, 0xC0, 0x00, 0xC0, 0x00, 0xE0, 0x00, 0x63, 0x00,
        0x3E, 0x00, 0x02, 0x00, 0x06, 0x00, 0x0C, 0x00, 0x00, 0x00, 0x3E, 0x00, 0x63, 0x00, 0x41,
        0x80, 0xC1, 0x80, 0xFF, 0x80, 0xC0, 0x00, 0xC0, 0x00, 0xE0, 0x00, 0x63, 0x00, 0x3E, 0x00,
        0x0C, 0x00, 0x1E, 0x00, 0x33, 0x00, 0x00, 0x00, 0x3E, 0x00, 0x63, 0x00, 0x41, 0x80, 0xC1,
        0x80, 0xFF, 0x80, 0xC0, 0x00, 0xC0, 0x00, 0xE0, 0x00, 0x63, 0x00, 0x3E, 0x00, 0x33, 0x00,
        0x00, 0x00, 0x00, 0x00, 0x00, 0x00, 0x3E, 0x00, 0x63, 0x00, 0x61, 0x80, 0xC1, 0x80, 0xFF,
        0x80, 0xC0, 0x00, 0xC0, 0x00, 0x60, 0x00, 0x71, 0x00, 0x3E, 0x00, 0xC0, 0xE0, 0x20, 0x00,
        0xF0, 0x30, 0x30, 0x30, 0x30, 0x30, 0x30, 0x30, 0x30, 0x30, 0x08, 0x18, 0x30, 0x00, 0xF0,
        0x30, 0x30, 0x30, 0x30, 0x30, 0x30, 0x30, 0x30, 0x30, 0x30, 0x78, 0x84, 0x00, 0xF0, 0x30,
        0x30, 0x30, 0x30, 0x30, 0x30, 0x30, 0x30, 0x30, 0xCC, 0x00, 0x00, 0x00, 0x70, 0x30, 0x30,
        0x30, 0x30, 0x30, 0x30, 0x30, 0x30, 0x30, 0x3F, 0x00, 0x07, 0x00, 0x0F, 0x00, 0x09, 0x80,
        0x01, 0x80, 0x3D, 0x80, 0x63, 0x80, 0xC1, 0x80, 0xC1, 0x80, 0xC1, 0x80, 0xC1, 0x80, 0xC1,
        0x00, 0x63, 0x00, 0x3E, 0x00, 0x72, 0x4E, 0x00, 0xDE, 0xE7, 0xC3, 0xC3, 0xC3, 0xC3, 0xC3,
        0xC3, 0xC3, 0xC3, 0x30, 0x00, 0x30, 0x00, 0x18, 0x00, 0x00, 0x00, 0x3E, 0x00, 0x63, 0x00,
        0x41, 0x00, 0xC1, 0x80, 0xC1, 0x80, 0xC1, 0x80, 0xC1, 0x80, 0xC1, 0x00, 0x63, 0x00, 0x3E,
        0x00, 0x06, 0x00, 0x06, 0x00, 0x0C, 0x00, 0x00, 0x00, 0x3E, 0x00, 0x63, 0x00, 0x41, 0x00,
        0xC1, 0x80, 0xC1, 0x80, 0xC1, 0x80, 0xC1, 0x80, 0xC1, 0x00, 0x63, 0x00, 0x3E, 0x00, 0x1C,
        0x00, 0x36, 0x00, 0x63, 0x00, 0x00, 0x00, 0x3E, 0x00, 0x63, 0x00, 0x41, 0x00, 0xC1, 0x80,
        0xC1, 0x80, 0xC1, 0x80, 0xC1, 0x80, 0xC1, 0x00, 0x63, 0x00, 0x3E, 0x00, 0x3B, 0x00, 0x6E,
        0x00, 0x00, 0x00, 0x3E, 0x00, 0x63, 0x00, 0x41, 0x00, 0xC1, 0x80, 0xC1, 0x80, 0xC1, 0x80,
        0xC1, 0x80, 0xC1, 0x00, 0x63, 0x00, 0x3E, 0x00, 0x36, 0x00, 0x00, 0x00, 0x00, 0x00, 0x00,
        0x00, 0x3E, 0x00, 0x63, 0x00, 0x41, 0x00, 0xC1, 0x80, 0xC1, 0x80, 0xC1, 0x80, 0xC1, 0x80,
        0xC1, 0x00, 0x63, 0x00, 0x3E, 0x00, 0x0C, 0x00, 0x0C, 0x00, 0x0C, 0x00, 0x00, 0x00, 0x00,
        0x00, 0xFF, 0xC0, 0x00, 0x00, 0x0C, 0x00, 0x0C, 0x00, 0x0C, 0x00, 0x3F, 0x80, 0x63, 0x00,
        0x47, 0x80, 0xC5, 0x80, 0xCD, 0x80, 0xD9, 0x80, 0xD1, 0x80, 0xF1, 0x00, 0x63, 0x00, 0xFE,
        0x00, 0x60, 0x30, 0x18, 0x00, 0xC3, 0xC3, 0xC3, 0xC3, 0xC3, 0xC3, 0xC3, 0xC3, 0xE7, 0x7B,
        0x06, 0x0C, 0x18, 0x00, 0xC3, 0xC3, 0xC3, 0xC3, 0xC3, 0xC3, 0xC3, 0xC3, 0xE7, 0x7B, 0x18,
        0x3C, 0x42, 0x00, 0xC3, 0xC3, 0xC3, 0xC3, 0xC3, 0xC3, 0xC3, 0xC3, 0xE7, 0x7B, 0x66, 0x00,
        0x00, 0x00, 0xC3, 0xC3, 0xC3, 0xC3, 0xC3, 0xC3, 0xC3, 0xC3, 0xE7, 0x7B, 0x06, 0x00, 0x06,
        0x00, 0x08, 0x00, 0x00, 0x00, 0xC3, 0x80, 0x63, 0x00, 0x63, 0x00, 0x63, 0x00, 0x36, 0x00,
        0x36, 0x00, 0x36, 0x00, 0x1C, 0x00, 0x1C, 0x00, 0x1C, 0x00, 0x08, 0x00, 0x18, 0x00, 0x70,
        0x00, 0xC0, 0x00, 0xC0, 0x00, 0xC0, 0x00, 0xC0, 0x00, 0xDE, 0x00, 0xE3, 0x00, 0xC1, 0x80,
        0xC1, 0x80, 0xC1, 0x80, 0xC1, 0x80, 0xC1, 0x80, 0xC1, 0x80, 0xE3, 0x00, 0xDE, 0x00, 0xC0,
        0x00, 0xC0, 0x00, 0xC0, 0x00, 0x66, 0x00, 0x00, 0x00, 0xC3, 0xC3, 0xC3, 0x66, 0x66, 0x66,
        0x3C, 0x3C, 0x3C, 0x18, 0x18, 0x30, 0xF0, 0xFF, 0xFF, 0xFC, 0x60, 0x40, 0xC0, 0xE0, 0xE0,
        0xE0, 0xE0, 0x60, 0x40, 0xC0, 0xE0, 0xE0, 0x60, 0x40, 0xC0, 0x6C, 0x48, 0xD8, 0xFC, 0xFC,
        0xFC, 0xFC, 0x6C, 0x48, 0xD8, 0xFC, 0xFC, 0x6C, 0x48, 0xD8, 0x78, 0xFC, 0xFC, 0xFC, 0xFC,
        0x78, 0xEE, 0xE0, 0xEE, 0xE0, 0xEE, 0xE0, 0x38, 0x30, 0x60, 0xE0, 0xE0, 0x60, 0x30, 0x38,
        0xE0, 0x60, 0x30, 0x38, 0x38, 0x30, 0x60, 0xE0, 0x0F, 0x80, 0x18, 0xE0, 0x30, 0x40, 0x60,
        0x00, 0xFE, 0x00, 0x60, 0x00, 0x60, 0x00, 0xFC, 0x00, 0x60, 0x00, 0x30, 0x00, 0x30, 0x60,
        0x18, 0xC0, 0x0F, 0x80, 0xFD, 0xCE, 0x31, 0xCE, 0x31, 0xCE, 0x31, 0xFE, 0x31, 0xB6, 0x31,
        0xB6, 0x31, 0xB6, 0xFF, 0xC0, 0xFF, 0xC0,
    ],
    line_height: 24,
};

// ATKINSON_NEXT_LARGE: 23 px, cap 16, line height 28, missing '\xadµ'
pub static ATKINSON_NEXT_LARGE: BitmapFont = BitmapFont {
    glyphs: &[
        Glyph::new(0, 0, 0, 7, 0, 0),
        Glyph::new(0, 3, 16, 7, 2, -16),
        Glyph::new(16, 6, 5, 8, 1, -16),
        Glyph::new(21, 14, 16, 16, 1, -16),
        Glyph::new(53, 12, 20, 14, 1, -18),
        Glyph::new(93, 20, 16, 22, 1, -16),
        Glyph::new(141, 15, 16, 17, 1, -16),
        Glyph::new(173, 2, 5, 4, 1, -16),
        Glyph::new(178, 6, 21, 7, 1, -17),
        Glyph::new(199, 6, 21, 7, 1, -17),
        Glyph::new(220, 8, 8, 11, 2, -16),
        Glyph::new(228, 12, 12, 14, 1, -12),
        Glyph::new(252, 3, 6, 5, 1, -3),
        Glyph::new(258, 7, 2, 8, 1, -7),
        Glyph::new(260, 3, 3, 5, 1, -3),
        Glyph::new(263, 8, 19, 9, 1, -17),
        Glyph::new(282, 13, 16, 15, 1, -16),
        Glyph::new(314, 7, 16, 10, 1, -16),
        Glyph::new(330, 11, 16, 13, 1, -16),
        Glyph::new(362, 11, 16, 13, 1, -16),
        Glyph::new(394, 13, 16, 14, 1, -16),
        Glyph::new(426, 12, 16, 14, 1, -16),
        Glyph::new(458, 12, 16, 14, 1, -16),
        Glyph::new(490, 11, 16, 12, 1, -16),
        Glyph::new(522, 12, 16, 14, 1, -16),
        Glyph::new(554, 11, 16, 13, 1, -16),
        Glyph::new(586, 3, 12, 5, 1, -12),
        Glyph::new(598, 3, 14, 5, 1, -12),
        Glyph::new(612, 11, 12, 13, 1, -12),
        Glyph::new(636, 12, 7, 14, 1, -10),
        Glyph::new(650, 11, 12, 13, 1, -12),
        Glyph::new(674, 11, 16, 12, 0, -16),
        Glyph::new(706, 16, 17, 18, 1, -15),
        Glyph::new(740, 15, 16, 15, 0, -16),
        Glyph::new(772, 12, 16, 14, 2, -16),
        Glyph::new(804, 13, 16, 15, 1, -16),
        Glyph::new(836, 13, 16, 16, 2, -16),
        Glyph::new(868, 11, 16, 13, 2, -16),
        Glyph::new(900, 11, 16, 13, 2, -16),
        Glyph::new(932, 14, 16, 16, 1, -16),
        Glyph::new(964, 13, 16, 16, 2, -16),
        Glyph::new(996, 7, 16, 9, 1, -16),
        Glyph::new(1012, 10, 16, 12, 1, -16),
        Glyph::new(1044, 13, 16, 15, 2, -16),
        Glyph::new(1076, 11, 16, 13, 2, -16),
        Glyph::new(1108, 16, 16, 19, 2, -16),
        Glyph::new(1140, 13, 16, 16, 2, -16),
        Glyph::new(1172, 15, 16, 17, 1, -16),
        Glyph::new(1204, 12, 16, 14, 2, -16),
        Glyph::new(1236, 16, 16, 17, 1, -16),
        Glyph::new(1268, 12, 16, 14, 2, -16),
        Glyph::new(1300, 12, 16, 14, 1, -16),
        Glyph::new(1332, 13, 16, 13, 1, -16),
        Glyph::new(1364, 13, 16, 16, 2, -16),
        Glyph::new(1396, 14, 16, 14, 0, -16),
        Glyph::new(1428, 18, 16, 20, 1, -16),
        Glyph::new(1476, 13, 16, 15, 1, -16),
        Glyph::new(1508, 13, 16, 14, 1, -16),
        Glyph::new(1540, 12, 16, 14, 1, -16),
        Glyph::new(1572, 5, 21, 8, 2, -17),
        Glyph::new(1593, 8, 19, 9, 1, -17),
        Glyph::new(1612, 5, 21, 8, 1, -17),
        Glyph::new(1633, 11, 9, 13, 1, -16),
        Glyph::new(1651, 9, 2, 9, 0, 0),
        Glyph::new(1655, 4, 3, 6, 1, -17),
        Glyph::new(1658, 10, 12, 12, 1, -12),
        Glyph::new(1682, 11, 17, 13, 2, -17),
        Glyph::new(1716, 11, 12, 11, 1, -12),
        Glyph::new(1740, 11, 17, 13, 1, -17),
        Glyph::new(1774, 11, 12, 13, 1, -12),
        Glyph::new(1798, 7, 17, 8, 1, -17),
        Glyph::new(1815, 11, 17, 13, 1, -12),
        Glyph::new(1849, 10, 17, 13, 2, -17),
        Glyph::new(1883, 4, 17, 6, 1, -17),
        Glyph::new(1900, 6, 21, 6, -1, -17),
        Glyph::new(1921, 10, 17, 12, 2, -17),
        Glyph::new(1955, 5, 17, 7, 1, -17),
        Glyph::new(1972, 17, 12, 20, 2, -12),
        Glyph::new(2008, 10, 12, 13, 2, -12),
        Glyph::new(2032, 12, 12, 13, 1, -12),
        Glyph::new(2056, 11, 16, 13, 2, -12),
        Glyph::new(2088, 14, 16, 13, 1, -12),
        Glyph::new(2120, 7, 12, 8, 2, -12),
        Glyph::new(2132, 10, 12, 11, 1, -12),
        Glyph::new(2156, 7, 15, 8, 1, -15),
        Glyph::new(2171, 10, 12, 13, 1, -12),
        Glyph::new(2195, 11, 12, 11, 0, -12),
        Glyph::new(2219, 16, 12, 16, 0, -12),
        Glyph::new(2243, 10, 12, 12, 1, -12),
        Glyph::new(2267, 10, 16, 11, -1, -12),
        Glyph::new(2299, 10, 12, 11, 1, -12),
        Glyph::new(2323, 7, 21, 8, 1, -17),
        Glyph::new(2344, 3, 24, 6, 2, -20),
        Glyph::new(2368, 7, 21, 8, 1, -17),
        Glyph::new(2389, 11, 4, 13, 1, -9),
        Glyph::new(2397, 0, 0, 7, 0, 0),
        Glyph::new(2397, 3, 16, 7, 2, -12),
        Glyph::new(2413, 10, 16, 11, 1, -14),
        Glyph::new(2445, 11, 16, 14, 2, -16),
        Glyph::new(2477, 10, 10, 13, 2, -12),
        Glyph::new(2497, 13, 16, 14, -1, -16),
        Glyph::new(2529, 3, 24, 6, 2, -20),
        Glyph::new(2553, 12, 20, 12, 1, -16),
        Glyph::new(2593, 7, 3, 9, 1, -17),
        Glyph::new(2596, 16, 17, 18, 1, -17),
        Glyph::new(2630, 6, 7, 9, 1, -17),
        Glyph::new(2637, 10, 10, 14, 2, -11),
        Glyph::new(2657, 12, 8, 14, 1, -9),
        Glyph::new(2673, 11, 16, 12, 0, -16),
        Glyph::new(2705, 16, 17, 18, 1, -17),
        Glyph::new(2739, 7, 2, 8, 1, -16),
        Glyph::new(2741, 7, 7, 8, 1, -16),
        Glyph::new(2748, 11, 12, 14, 1, -12),
        Glyph::new(2772, 7, 9, 9, 1, -18),
        Glyph::new(2781, 6, 9, 9, 2, -18),
        Glyph::new(2790, 4, 3, 6, 1, -17),
        Glyph::new(2793, 11, 16, 12, 0, -16),
        Glyph::new(2825, 11, 20, 12, 0, -16),
        Glyph::new(2865, 3, 3, 6, 1, -7),
        Glyph::new(2868, 5, 5, 6, 1, -2),
        Glyph::new(2873, 4, 9, 6, 1, -18),
        Glyph::new(2882, 7, 7, 9, 1, -17),
        Glyph::new(2889, 10, 10, 14, 2, -11),
        Glyph::new(2909, 16, 16, 19, 1, -16),
        Glyph::new(2941, 17, 16, 19, 1, -16),
        Glyph::new(2989, 19, 16, 20, 1, -16),
        Glyph::new(3037, 11, 16, 11, 1, -12),
        Glyph::new(3069, 14, 20, 15, 0, -20),
        Glyph::new(3109, 14, 20, 15, 1, -20),
        Glyph::new(3149, 15, 20, 15, 0, -20),
        Glyph::new(3189, 14, 21, 15, -1, -21),
        Glyph::new(3231, 15, 20, 15, 0, -20),
        Glyph::new(3271, 14, 20, 15, 1, -20),
        Glyph::new(3311, 20, 16, 21, -1, -16),
        Glyph::new(3359, 14, 20, 15, 1, -16),
        Glyph::new(3399, 11, 20, 13, 2, -20),
        Glyph::new(3439, 11, 20, 13, 2, -20),
        Glyph::new(3479, 11, 21, 13, 2, -21),
        Glyph::new(3521, 11, 20, 13, 2, -20),
        Glyph::new(3561, 7, 20, 9, 1, -20),
        Glyph::new(3581, 7, 20, 9, 1, -20),
        Glyph::new(3601, 8, 20, 9, 0, -20),
        Glyph::new(3621, 7, 20, 9, 1, -20),
        Glyph::new(3641, 15, 16, 16, 1, -16),
        Glyph::new(3673, 13, 21, 16, 2, -21),
        Glyph::new(3715, 15, 21, 17, 1, -21),
        Glyph::new(3757, 15, 21, 17, 1, -21),
        Glyph::new(3799, 15, 21, 17, 1, -21),
        Glyph::new(3841, 15, 21, 17, 1, -21),
        Glyph::new(3883, 15, 21, 17, 1, -21),
        Glyph::new(3925, 10, 10, 12, 1, -12),
        Glyph::new(3945, 15, 16, 17, 1, -16),
        Glyph::new(3977, 13, 21, 16, 2, -21),
        Glyph::new(4019, 13, 21, 16, 2, -21),
        Glyph::new(4061, 13, 21, 16, 2, -21),
        Glyph::new(4103, 13, 21, 16, 2, -21),
        Glyph::new(4145, 13, 21, 14, 1, -21),
        Glyph::new(4187, 12, 16, 14, 2, -16),
        Glyph::new(4219, 12, 16, 14, 2, -16),
        Glyph::new(4251, 10, 17, 12, 1, -17),
        Glyph::new(4285, 10, 17, 12, 1, -17),
        Glyph::new(4319, 10, 17, 12, 1, -17),
        Glyph::new(4353, 10, 17, 12, 1, -17),
        Glyph::new(4387, 10, 17, 12, 1, -17),
        Glyph::new(4421, 10, 19, 12, 1, -19),
        Glyph::new(4459, 19, 12, 20, 1, -12),
        Glyph::new(4495, 10, 16, 11, 1, -12),
        Glyph::new(4527, 11, 17, 13, 1, -17),
        Glyph::new(4561, 11, 17, 13, 1, -17),
        Glyph::new(4595, 11, 17, 13, 1, -17),
        Glyph::new(4629, 11, 17, 13, 1, -17),
        Glyph::new(4663, 5, 17, 6, 1, -17),
        Glyph::new(4680, 6, 17, 6, 0, -17),
        Glyph::new(4697, 7, 17, 6, 0, -17),
        Glyph::new(4714, 7, 17, 7, 0, -17),
        Glyph::new(4731, 12, 17, 13, 1, -18),
        Glyph::new(4765, 10, 17, 13, 2, -17),
        Glyph::new(4799, 12, 17, 13, 1, -17),
        Glyph::new(4833, 12, 17, 13, 1, -17),
        Glyph::new(4867, 12, 17, 13, 1, -17),
        Glyph::new(4901, 12, 17, 13, 1, -17),
        Glyph::new(4935, 12, 17, 13, 1, -17),
        Glyph::new(4969, 12, 12, 14, 1, -12),
        Glyph::new(4993, 12, 12, 13, 1, -13),
        Glyph::new(5017, 10, 17, 13, 1, -17),
        Glyph::new(5051, 10, 17, 13, 1, -17),
        Glyph::new(5085, 10, 17, 13, 1, -17),
        Glyph::new(5119, 10, 17, 13, 1, -17),
        Glyph::new(5153, 10, 21, 11, -1, -17),
        Glyph::new(5195, 11, 21, 13, 2, -17),
        Glyph::new(5237, 10, 21, 11, 1, -17),
        Glyph::new(5279, 9, 2, 12, 1, -7),
        Glyph::new(5283, 17, 2, 19, 1, -7),
        Glyph::new(5289, 3, 6, 6, 1, -16),
        Glyph::new(5295, 3, 6, 6, 1, -16),
        Glyph::new(5301, 3, 6, 6, 1, -3),
        Glyph::new(5307, 7, 6, 10, 1, -16),
        Glyph::new(5313, 7, 6, 10, 1, -16),
        Glyph::new(5319, 7, 6, 10, 1, -3),
        Glyph::new(5325, 8, 8, 10, 1, -10),
        Glyph::new(5333, 15, 3, 16, 1, -3),
        Glyph::new(5339, 6, 10, 9, 1, -11),
        Glyph::new(5349, 6, 10, 9, 1, -11),
        Glyph::new(5359, 15, 16, 15, 0, -16),
        Glyph::new(5391, 19, 8, 21, 1, -15),
        Glyph::new(5415, 12, 2, 14, 1, -7),
    ],
    bitmap: &[
        0xE0, 0xE0, 0xE0, 0xE0, 0xE0, 0xE0, 0xE0, 0xE0, 0xE0, 0xE0, 0x40, 0x00, 0x00, 0xE0, 0xE0,
        0xE0, 0xCC, 0xCC, 0xCC, 0xCC, 0xCC, 0x0E, 0x70, 0x0C, 0x70, 0x0C, 0x70, 0x0C, 0x60, 0x7F,
        0xFC, 0x7F, 0xFC, 0x1C, 0x60, 0x1C, 0x60, 0x18, 0xE0, 0x18, 0xE0, 0xFF, 0xF8, 0xFF, 0xF8,
        0x18, 0xC0, 0x38, 0xC0, 0x38, 0xC0, 0x39, 0xC0, 0x04, 0x00, 0x04, 0x00, 0x1F, 0x80, 0x7F,
        0xC0, 0xF5, 0xE0, 0xE4, 0xC0, 0xE4, 0x00, 0xE4, 0x00, 0x7C, 0x00, 0x7F, 0x80, 0x0F, 0xE0,
        0x05, 0xF0, 0x04, 0x70, 0x04, 0x70, 0xE4, 0x70, 0xF4, 0xE0, 0x7F, 0xC0, 0x3F, 0x80, 0x04,
        0x00, 0x04, 0x00, 0x3E, 0x07, 0x00, 0x7F, 0x06, 0x00, 0xE3, 0x8E, 0x00, 0xC1, 0x8C, 0x00,
        0xC1, 0x98, 0x00, 0xE3, 0xB8, 0x00, 0x7F, 0x30, 0x00, 0x3E, 0x77, 0xC0, 0x00, 0xEF, 0xE0,
        0x00, 0xDC, 0x70, 0x01, 0xD8, 0x30, 0x03, 0x98, 0x30, 0x03, 0x18, 0x30, 0x07, 0x1C, 0x70,
        0x06, 0x0F, 0xE0, 0x0C, 0x07, 0xC0, 0x0F, 0x80, 0x1F, 0xC0, 0x38, 0xE0, 0x38, 0x60, 0x38,
        0x60, 0x1C, 0xE0, 0x1F, 0xC0, 0x0F, 0x80, 0x3F, 0x8C, 0x73, 0xDC, 0xE1, 0xD8, 0xE0, 0xF8,
        0xE0, 0x70, 0xF0, 0xF8, 0x7F, 0xDC, 0x1F, 0x0E, 0xC0, 0xC0, 0xC0, 0xC0, 0xC0, 0x1C, 0x18,
        0x38, 0x30, 0x70, 0x70, 0xE0, 0xE0, 0xE0, 0xE0, 0xE0, 0xE0, 0xE0, 0xE0, 0xE0, 0x70, 0x70,
        0x30, 0x38, 0x18, 0x1C, 0xE0, 0x60, 0x70, 0x30, 0x38, 0x38, 0x18, 0x1C, 0x1C, 0x1C, 0x1C,
        0x1C, 0x1C, 0x1C, 0x18, 0x38, 0x38, 0x30, 0x70, 0x60, 0xE0, 0x18, 0x18, 0x99, 0xFF, 0x3C,
        0x3C, 0x66, 0x62, 0x06, 0x00, 0x06, 0x00, 0x06, 0x00, 0x06, 0x00, 0x06, 0x00, 0xFF, 0xF0,
        0xFF, 0xF0, 0x06, 0x00, 0x06, 0x00, 0x06, 0x00, 0x06, 0x00, 0x06, 0x00, 0xE0, 0xE0, 0xE0,
        0x40, 0x40, 0xC0, 0xFE, 0xFE, 0xE0, 0xE0, 0xE0, 0x07, 0x06, 0x06, 0x0E, 0x0E, 0x0C, 0x1C,
        0x1C, 0x18, 0x38, 0x38, 0x30, 0x30, 0x70, 0x60, 0x60, 0xE0, 0xC0, 0xC0, 0x0F, 0x80, 0x3F,
        0xE0, 0x78, 0xF0, 0x70, 0x70, 0xF8, 0x78, 0xEC, 0x38, 0xE4, 0x38, 0xE6, 0x38, 0xE3, 0x38,
        0xE1, 0xB8, 0xE1, 0xB8, 0xE0, 0xF8, 0x70, 0x70, 0x78, 0xF0, 0x3F, 0xE0, 0x0F, 0x80, 0x06,
        0x1E, 0xFE, 0xFE, 0x0E, 0x0E, 0x0E, 0x0E, 0x0E, 0x0E, 0x0E, 0x0E, 0x0E, 0x0E, 0x0E, 0x0E,
        0x1F, 0x80, 0x3F, 0xC0, 0x71, 0xE0, 0x60, 0xE0, 0x00, 0xE0, 0x00, 0xE0, 0x01, 0xE0, 0x01,
        0xC0, 0x03, 0x80, 0x07, 0x80, 0x0F, 0x00, 0x1E, 0x00, 0x38, 0x00, 0x70, 0x00, 0xFF, 0xE0,
        0xFF, 0xE0, 0x1F, 0x00, 0x7F, 0xC0, 0xE1, 0xE0, 0xC0, 0xE0, 0x00, 0xE0, 0x01, 0xC0, 0x1F,
        0x80, 0x1F, 0x80, 0x01, 0xC0, 0x00, 0xE0, 0x00, 0xE0, 0x40, 0xE0, 0xC0, 0xE0, 0xE1, 0xC0,
        0x7F, 0x80, 0x3F, 0x00, 0x01, 0xC0, 0x03, 0xC0, 0x07, 0xC0, 0x07, 0xC0, 0x0D, 0xC0, 0x1D,
        0xC0, 0x39, 0xC0, 0x31, 0xC0, 0x61, 0xC0, 0xE1, 0xC0, 0xFF, 0xF8, 0xFF, 0xF8, 0x01, 0xC0,
        0x01, 0xC0, 0x01, 0xC0, 0x01, 0xC0, 0x3F, 0xE0, 0x7F, 0xE0, 0x70, 0x00, 0x60, 0x00, 0x60,
        0x00, 0x6F, 0x80, 0x7F, 0xC0, 0x71, 0xE0, 0x20, 0x70, 0x00, 0x70, 0x00, 0x70, 0x20, 0x70,
        0xE0, 0xF0, 0x70, 0xE0, 0x3F, 0xC0, 0x1F, 0x80, 0x0F, 0x80, 0x3F, 0xE0, 0x38, 0xE0, 0x70,
        0x00, 0x60, 0x00, 0xE7, 0x80, 0xFF, 0xE0, 0xF0, 0xE0, 0xE0, 0xF0, 0xE0, 0x70, 0xE0, 0x70,
        0xE0, 0x70, 0x60, 0x70, 0x70, 0xE0, 0x3F, 0xC0, 0x1F, 0x80, 0xFF, 0xE0, 0xFF, 0xE0, 0x00,
        0xE0, 0x00, 0xC0, 0x01, 0xC0, 0x01, 0x80, 0x03, 0x80, 0x03, 0x80, 0x07, 0x00, 0x07, 0x00,
        0x0E, 0x00, 0x0E, 0x00, 0x1C, 0x00, 0x1C, 0x00, 0x38, 0x00, 0x38, 0x00, 0x0F, 0x00, 0x1F,
        0x80, 0x39, 0xC0, 0x30, 0xC0, 0x30, 0xC0, 0x39, 0xC0, 0x1F, 0x80, 0x3F, 0xC0, 0x70, 0xE0,
        0xE0, 0x70, 0xE0, 0x70, 0xE0, 0x70, 0xE0, 0x70, 0x70, 0xE0, 0x7F, 0xC0, 0x1F, 0x80, 0x1F,
        0x00, 0x3F, 0x80, 0x71, 0xC0, 0xE0, 0xE0, 0xE0, 0xE0, 0xE0, 0xE0, 0xE0, 0xE0, 0xE0, 0xE0,
        0x71, 0xC0, 0x7F, 0xC0, 0x1F, 0x80, 0x03, 0x80, 0x03, 0x00, 0x06, 0x00, 0x06, 0x00, 0x0C,
        0x00, 0xE0, 0xE0, 0xE0, 0x00, 0x00, 0x00, 0x00, 0x00, 0x00, 0xE0, 0xE0, 0xE0, 0xE0, 0xE0,
        0xE0, 0x00, 0x00, 0x00, 0x00, 0x00, 0xE0, 0xE0, 0xE0, 0x40, 0x40, 0xC0, 0x00, 0x20, 0x00,
        0xE0, 0x03, 0xE0, 0x0F, 0x80, 0x7E, 0x00, 0xF0, 0x00, 0xF0, 0x00, 0x7C, 0x00, 0x1F, 0x80,
        0x07, 0xE0, 0x01, 0xE0, 0x00, 0x20, 0xFF, 0xF0, 0xFF, 0xF0, 0x00, 0x00, 0x00, 0x00, 0x00,
        0x00, 0xFF, 0xF0, 0xFF, 0xF0, 0x80, 0x00, 0xE0, 0x00, 0xF8, 0x00, 0x3E, 0x00, 0x0F, 0xC0,
        0x01, 0xE0, 0x01, 0xE0, 0x07, 0xC0, 0x3F, 0x00, 0xFC, 0x00, 0xE0, 0x00, 0x80, 0x00, 0x1F,
        0x00, 0x7F, 0xC0, 0x71, 0xE0, 0xE0, 0xE0, 0x00, 0xE0, 0x01, 0xE0, 0x03, 0xC0, 0x07, 0x80,
        0x0F, 0x00, 0x1C, 0x00, 0x1C, 0x00, 0x00, 0x00, 0x00, 0x00, 0x1C, 0x00, 0x1C, 0x00, 0x1C,
        0x00, 0x07, 0xE0, 0x1F, 0xF8, 0x3C, 0x1C, 0x30, 0x0E, 0x63, 0xE6, 0xE7, 0xE3, 0xCE, 0x63,
        0xCC, 0x63, 0xCC, 0x63, 0xCC, 0x63, 0xCC, 0xE7, 0xE7, 0xBE, 0x63, 0x9C, 0x70, 0x00, 0x3C,
        0x00, 0x1F, 0xE0, 0x07, 0xC0, 0x03, 0x80, 0x07, 0x80, 0x07, 0xC0, 0x06, 0xC0, 0x0E, 0xE0,
        0x0E, 0xE0, 0x0C, 0x60, 0x1C, 0x70, 0x1C, 0x70, 0x18, 0x70, 0x38, 0x38, 0x3F, 0xF8, 0x7F,
        0xF8, 0x70, 0x1C, 0x70, 0x1C, 0xE0, 0x0E, 0xFF, 0x80, 0xFF, 0xE0, 0xE0, 0xF0, 0xE0, 0x70,
        0xE0, 0x70, 0xE0, 0x70, 0xE0, 0xE0, 0xFF, 0xC0, 0xFF, 0xC0, 0xE0, 0xE0, 0xE0, 0x70, 0xE0,
        0x70, 0xE0, 0x70, 0xE0, 0xF0, 0xFF, 0xE0, 0xFF, 0x80, 0x07, 0xC0, 0x1F, 0xF0, 0x38, 0x38,
        0x70, 0x18, 0x70, 0x00, 0xE0, 0x00, 0xE0, 0x00, 0xE0, 0x00, 0xE0, 0x00, 0xE0, 0x00, 0xE0,
        0x00, 0x70, 0x00, 0x70, 0x18, 0x3C, 0x38, 0x1F, 0xF0, 0x0F, 0xC0, 0xFF, 0x00, 0xFF, 0xC0,
        0xE1, 0xE0, 0xE0, 0x70, 0xE0, 0x70, 0xE0, 0x38, 0xE0, 0x38, 0xE0, 0x38, 0xE0, 0x38, 0xE0,
        0x38, 0xE0, 0x38, 0xE0, 0x70, 0xE0, 0x70, 0xE1, 0xE0, 0xFF, 0xC0, 0xFF, 0x00, 0xFF, 0xE0,
        0xFF, 0xE0, 0xE0, 0x00, 0xE0, 0x00, 0xE0, 0x00, 0xE0, 0x00, 0xE0, 0x00, 0xFF, 0x80, 0xFF,
        0x80, 0xE0, 0x00, 0xE0, 0x00, 0xE0, 0x00, 0xE0, 0x00, 0xE0, 0x00, 0xFF, 0xE0, 0xFF, 0xE0,
        0xFF, 0xE0, 0xFF, 0xE0, 0xE0, 0x00, 0xE0, 0x00, 0xE0, 0x00, 0xE0, 0x00, 0xE0, 0x00, 0xFF,
        0xE0, 0xFF, 0xE0, 0xE0, 0x00, 0xE0, 0x00, 0xE0, 0x00, 0xE0, 0x00, 0xE0, 0x00, 0xE0, 0x00,
        0xE0, 0x00, 0x0F, 0xC0, 0x1F, 0xF0, 0x38, 0x78, 0x70, 0x30, 0x70, 0x00, 0xE0, 0x00, 0xE0,
        0x00, 0xE1, 0xFC, 0xE1, 0xFC, 0xE0, 0x1C, 0xE0, 0x1C, 0x70, 0x1C, 0x70, 0x3C, 0x38, 0x7C,
        0x3F, 0xEC, 0x0F, 0xCC, 0xE0, 0x38, 0xE0, 0x38, 0xE0, 0x38, 0xE0, 0x38, 0xE0, 0x38, 0xE0,
        0x38, 0xE0, 0x38, 0xFF, 0xF8, 0xFF, 0xF8, 0xE0, 0x38, 0xE0, 0x38, 0xE0, 0x38, 0xE0, 0x38,
        0xE0, 0x38, 0xE0, 0x38, 0xE0, 0x38, 0xFE, 0xFE, 0x38, 0x38, 0x38, 0x38, 0x38, 0x38, 0x38,
        0x38, 0x38, 0x38, 0x38, 0x38, 0xFE, 0xFE, 0x01, 0xC0, 0x01, 0xC0, 0x01, 0xC0, 0x01, 0xC0,
        0x01, 0xC0, 0x01, 0xC0, 0x01, 0xC0, 0x01, 0xC0, 0x01, 0xC0, 0x01, 0xC0, 0x01, 0xC0, 0xC1,
        0xC0, 0xC1, 0xC0, 0xE3, 0x80, 0x7F, 0x80, 0x3E, 0x00, 0xE0, 0x70, 0xE0, 0xE0, 0xE1, 0xE0,
        0xE3, 0xC0, 0xE3, 0x80, 0xE7, 0x00, 0xEE, 0x00, 0xFE, 0x00, 0xFF, 0x00, 0xF3, 0x80, 0xF3,
        0x80, 0xE1, 0xC0, 0xE0, 0xE0, 0xE0, 0xF0, 0xE0, 0x70, 0xE0, 0x38, 0xE0, 0x00, 0xE0, 0x00,
        0xE0, 0x00, 0xE0, 0x00, 0xE0, 0x00, 0xE0, 0x00, 0xE0, 0x00, 0xE0, 0x00, 0xE0, 0x00, 0xE0,
        0x00, 0xE0, 0x00, 0xE0, 0x00, 0xE0, 0x00, 0xE0, 0x00, 0xFF, 0xE0, 0xFF, 0xE0, 0xF8, 0x1F,
        0xF8, 0x1F, 0xF8, 0x1F, 0xF8, 0x1F, 0xEC, 0x37, 0xEC, 0x37, 0xEC, 0x37, 0xEE, 0x77, 0xE6,
        0x67, 0xE6, 0x67, 0xE6, 0x67, 0xE3, 0xC7, 0xE3, 0xC7, 0xE3, 0xC7, 0xE3, 0xC7, 0xE1, 0x87,
        0xF0, 0x38, 0xF8, 0x38, 0xF8, 0x38, 0xFC, 0x38, 0xEC, 0x38, 0xEE, 0x38, 0xE6, 0x38, 0xE6,
        0x38, 0xE3, 0x38, 0xE3, 0x38, 0xE3, 0xB8, 0xE1, 0xB8, 0xE1, 0xF8, 0xE0, 0xF8, 0xE0, 0xF8,
        0xE0, 0x78, 0x07, 0xC0, 0x1F, 0xF0, 0x3C, 0x78, 0x70, 0x1C, 0x70, 0x1C, 0xE0, 0x0E, 0xE0,
        0x0E, 0xE0, 0x0E, 0xE0, 0x0E, 0xE0, 0x0E, 0xE0, 0x0E, 0x70, 0x1C, 0x70, 0x1C, 0x3C, 0x78,
        0x1F, 0xF0, 0x07, 0xC0, 0xFF, 0x80, 0xFF, 0xE0, 0xE0, 0xE0, 0xE0, 0x70, 0xE0, 0x70, 0xE0,
        0x70, 0xE0, 0x70, 0xE0, 0xE0, 0xFF, 0xE0, 0xFF, 0x80, 0xE0, 0x00, 0xE0, 0x00, 0xE0, 0x00,
        0xE0, 0x00, 0xE0, 0x00, 0xE0, 0x00, 0x07, 0xC0, 0x1F, 0xF0, 0x3C, 0x78, 0x70, 0x1C, 0x70,
        0x1C, 0xE0, 0x0E, 0xE0, 0x0E, 0xE0, 0x0E, 0xE1, 0x8E, 0xE1, 0xCE, 0xE0, 0xEE, 0x70, 0x7C,
        0x70, 0x3C, 0x3C, 0x7E, 0x1F, 0xFF, 0x07, 0xC7, 0xFF, 0x80, 0xFF, 0xE0, 0xE0, 0xF0, 0xE0,
        0x70, 0xE0, 0x70, 0xE0, 0x70, 0xE0, 0xF0, 0xFF, 0xE0, 0xFF, 0x80, 0xE7, 0x00, 0xE3, 0x80,
        0xE3, 0xC0, 0xE1, 0xC0, 0xE0, 0xE0, 0xE0, 0xF0, 0xE0, 0x70, 0x1F, 0x80, 0x7F, 0xC0, 0x70,
        0xE0, 0xE0, 0x40, 0xE0, 0x00, 0xF0, 0x00, 0xFE, 0x00, 0x7F, 0xC0, 0x1F, 0xE0, 0x01, 0xF0,
        0x00, 0x70, 0x00, 0x70, 0xE0, 0x70, 0xF0, 0xE0, 0x7F, 0xE0, 0x1F, 0x80, 0xFF, 0xF8, 0xFF,
        0xF8, 0x07, 0x00, 0x07, 0x00, 0x07, 0x00, 0x07, 0x00, 0x07, 0x00, 0x07, 0x00, 0x07, 0x00,
        0x07, 0x00, 0x07, 0x00, 0x07, 0x00, 0x07, 0x00, 0x07, 0x00, 0x07, 0x00, 0x07, 0x00, 0xE0,
        0x38, 0xE0, 0x38, 0xE0, 0x38, 0xE0, 0x38, 0xE0, 0x38, 0xE0, 0x38, 0xE0, 0x38, 0xE0, 0x38,
        0xE0, 0x38, 0xE0, 0x38, 0xE0, 0x38, 0xE0, 0x38, 0xF0, 0x70, 0x70, 0x70, 0x3F, 0xE0, 0x1F,
        0xC0, 0xE0, 0x1C, 0x70, 0x18, 0x70, 0x38, 0x70, 0x38, 0x30, 0x30, 0x38, 0x70, 0x38, 0x70,
        0x18, 0x60, 0x1C, 0xE0, 0x1C, 0xE0, 0x0C, 0xC0, 0x0F, 0xC0, 0x0F, 0xC0, 0x07, 0x80, 0x07,
        0x80, 0x07, 0x80, 0xC1, 0xE0, 0xC0, 0xE1, 0xE1, 0xC0, 0xE1, 0xE1, 0xC0, 0xE1, 0xE1, 0xC0,
        0xE1, 0xE1, 0xC0, 0x63, 0xF1, 0x80, 0x73, 0x33, 0x80, 0x73, 0x33, 0x80, 0x73, 0x33, 0x80,
        0x33, 0x33, 0x00, 0x36, 0x1B, 0x00, 0x3E, 0x1F, 0x00, 0x3E, 0x1F, 0x00, 0x1E, 0x1E, 0x00,
        0x1E, 0x1E, 0x00, 0x1C, 0x0E, 0x00, 0xE0, 0x38, 0x70, 0x70, 0x70, 0xF0, 0x38, 0xE0, 0x1D,
        0xC0, 0x1F, 0xC0, 0x0F, 0x80, 0x07, 0x00, 0x0F, 0x80, 0x0F, 0x80, 0x1D, 0xC0, 0x39, 0xE0,
        0x38, 0xE0, 0x70, 0x70, 0xE0, 0x78, 0xE0, 0x38, 0xE0, 0x38, 0xE0, 0x38, 0x70, 0x70, 0x70,
        0x70, 0x38, 0xE0, 0x1D, 0xC0, 0x1D, 0xC0, 0x0F, 0x80, 0x0F, 0x80, 0x07, 0x00, 0x07, 0x00,
        0x07, 0x00, 0x07, 0x00, 0x07, 0x00, 0x07, 0x00, 0x07, 0x00, 0xFF, 0xF0, 0xFF, 0xF0, 0x00,
        0xF0, 0x00, 0xE0, 0x01, 0xC0, 0x03, 0x80, 0x07, 0x80, 0x07, 0x00, 0x0E, 0x00, 0x1C, 0x00,
        0x1C, 0x00, 0x38, 0x00, 0x70, 0x00, 0xE0, 0x00, 0xFF, 0xF0, 0xFF, 0xF0, 0xF8, 0xF8, 0xC0,
        0xC0, 0xC0, 0xC0, 0xC0, 0xC0, 0xC0, 0xC0, 0xC0, 0xC0, 0xC0, 0xC0, 0xC0, 0xC0, 0xC0, 0xC0,
        0xC0, 0xF8, 0xF8, 0xC0, 0xC0, 0xE0, 0x60, 0x60, 0x70, 0x30, 0x30, 0x38, 0x38, 0x18, 0x1C,
        0x1C, 0x0C, 0x0C, 0x0E, 0x06, 0x06, 0x07, 0xF8, 0xF8, 0x18, 0x18, 0x18, 0x18, 0x18, 0x18,
        0x18, 0x18, 0x18, 0x18, 0x18, 0x18, 0x18, 0x18, 0x18, 0x18, 0x18, 0xF8, 0xF8, 0x0E, 0x00,
        0x0E, 0x00, 0x1F, 0x00, 0x1B, 0x00, 0x3B, 0x80, 0x31, 0x80, 0x71, 0xC0, 0x60, 0xC0, 0xE0,
        0xE0, 0xFF, 0x80, 0xFF, 0x80, 0xC0, 0xE0, 0x30, 0x1F, 0x00, 0x3F, 0x80, 0x73, 0xC0, 0x01,
        0xC0, 0x01, 0xC0, 0x3F, 0xC0, 0x7D, 0xC0, 0xE1, 0xC0, 0xE1, 0xC0, 0xE3, 0xC0, 0xFF, 0xC0,
        0x3D, 0xC0, 0xE0, 0x00, 0xE0, 0x00, 0xE0, 0x00, 0xE0, 0x00, 0xE0, 0x00, 0xEF, 0x00, 0xFF,
        0xC0, 0xF1, 0xC0, 0xE0, 0xE0, 0xE0, 0xE0, 0xE0, 0xE0, 0xE0, 0xE0, 0xE0, 0xE0, 0xE0, 0xE0,
        0xF1, 0xC0, 0xFF, 0xC0, 0xEF, 0x00, 0x1F, 0x00, 0x3F, 0xC0, 0x70, 0xE0, 0xF0, 0x80, 0xE0,
        0x00, 0xE0, 0x00, 0xE0, 0x00, 0xE0, 0x00, 0xF0, 0x00, 0x70, 0xE0, 0x3F, 0xC0, 0x1F, 0x00,
        0x00, 0xE0, 0x00, 0xE0, 0x00, 0xE0, 0x00, 0xE0, 0x00, 0xE0, 0x1E, 0xE0, 0x7F, 0xE0, 0x71,
        0xE0, 0xE0, 0xE0, 0xE0, 0xE0, 0xE0, 0xE0, 0xE0, 0xE0, 0xE0, 0xE0, 0xE0, 0xE0, 0x71, 0xE0,
        0x7F, 0xE0, 0x1E, 0xE0, 0x1F, 0x00, 0x3F, 0x80, 0x71, 0xC0, 0xE0, 0xC0, 0xE0, 0xE0, 0xFF,
        0xE0, 0xFF, 0xE0, 0xE0, 0x00, 0xE0, 0x00, 0x70, 0xC0, 0x3F, 0xC0, 0x1F, 0x00, 0x1E, 0x3E,
        0x38, 0x38, 0x38, 0xFE, 0xFE, 0x38, 0x38, 0x38, 0x38, 0x38, 0x38, 0x38, 0x38, 0x38, 0x38,
        0x1E, 0xE0, 0x7F, 0xE0, 0x71, 0xE0, 0xE0, 0xE0, 0xE0, 0xE0, 0xE0, 0xE0, 0xE0, 0xE0, 0xE0,
        0xE0, 0xE0, 0xE0, 0x71, 0xE0, 0x7F, 0xE0, 0x1E, 0xE0, 0x00, 0xE0, 0x10, 0xE0, 0x71, 0xC0,
        0x3F, 0xC0, 0x1F, 0x00, 0xE0, 0x00, 0xE0, 0x00, 0xE0, 0x00, 0xE0, 0x00, 0xE0, 0x00, 0xEF,
        0x00, 0xFF, 0x80, 0xF3, 0xC0, 0xE1, 0xC0, 0xE1, 0xC0, 0xE1, 0xC0, 0xE1, 0xC0, 0xE1, 0xC0,
        0xE1, 0xC0, 0xE1, 0xC0, 0xE1, 0xC0, 0xE1, 0xC0, 0x70, 0x70, 0x70, 0x00, 0x00, 0xF0, 0xF0,
        0x70, 0x70, 0x70, 0x70, 0x70, 0x70, 0x70, 0x70, 0x70, 0x70, 0x1C, 0x1C, 0x1C, 0x00, 0x00,
        0x1C, 0x1C, 0x1C, 0x1C, 0x1C, 0x1C, 0x1C, 0x1C, 0x1C, 0x1C, 0x1C, 0x1C, 0x1C, 0x1C, 0xFC,
        0xF0, 0xE0, 0x00, 0xE0, 0x00, 0xE0, 0x00, 0xE0, 0x00, 0xE0, 0x00, 0xE1, 0xC0, 0xE3, 0x80,
        0xE7, 0x00, 0xEE, 0x00, 0xEC, 0x00, 0xFC, 0x00, 0xFE, 0x00, 0xF7, 0x00, 0xE7, 0x00, 0xE3,
        0x80, 0xE1, 0xC0, 0xE1, 0xC0, 0xE0, 0xE0, 0xE0, 0xE0, 0xE0, 0xE0, 0xE0, 0xE0, 0xE0, 0xE0,
        0xE0, 0xE0, 0xE0, 0xE0, 0xE0, 0xF8, 0x78, 0xEF, 0x1E, 0x00, 0xFF, 0xBF, 0x00, 0xF3, 0xE7,
        0x80, 0xE1, 0xC3, 0x80, 0xE1, 0xC3, 0x80, 0xE1, 0xC3, 0x80, 0xE1, 0xC3, 0x80, 0xE1, 0xC3,
        0x80, 0xE1, 0xC3, 0x80, 0xE1, 0xC3, 0x80, 0xE1, 0xC3, 0x80, 0xE1, 0xC3, 0x80, 0xEF, 0x00,
        0xFF, 0x80, 0xF3, 0xC0, 0xE1, 0xC0, 0xE1, 0xC0, 0xE1, 0xC0, 0xE1, 0xC0, 0xE1, 0xC0, 0xE1,
        0xC0, 0xE1, 0xC0, 0xE1, 0xC0, 0xE1, 0xC0, 0x1F, 0x80, 0x3F, 0xC0, 0x70, 0xE0, 0xF0, 0xF0,
        0xE0, 0x70, 0xE0, 0x70, 0xE0, 0x70, 0xE0, 0x70, 0xF0, 0xF0, 0x70, 0xE0, 0x3F, 0xC0, 0x1F,
        0x80, 0xEF, 0x00, 0xFF, 0xC0, 0xF1, 0xC0, 0xE0, 0xE0, 0xE0, 0xE0, 0xE0, 0xE0, 0xE0, 0xE0,
        0xE0, 0xE0, 0xE0, 0xE0, 0xF1, 0xC0, 0xFF, 0xC0, 0xEF, 0x00, 0xE0, 0x00, 0xE0, 0x00, 0xE0,
        0x00, 0xE0, 0x00, 0x1E, 0xE0, 0x7F, 0xE0, 0x71, 0xE0, 0xE0, 0xE0, 0xE0, 0xE0, 0xE0, 0xE0,
        0xE0, 0xE0, 0xE0, 0xE0, 0xE0, 0xE0, 0x71, 0xE0, 0x7F, 0xE0, 0x1E, 0xE0, 0x00, 0xE0, 0x00,
        0xE0, 0x00, 0xFC, 0x00, 0x3C, 0xCE, 0xFE, 0xF0, 0xF0, 0xE0, 0xE0, 0xE0, 0xE0, 0xE0, 0xE0,
        0xE0, 0xE0, 0x3E, 0x00, 0x7F, 0x80, 0xE3, 0xC0, 0xE0, 0x00, 0xF0, 0x00, 0x7F, 0x00, 0x1F,
        0x80, 0x03, 0xC0, 0x41, 0xC0, 0xE3, 0xC0, 0x7F, 0x80, 0x3F, 0x00, 0x38, 0x38, 0x38, 0xFE,
        0xFE, 0x38, 0x38, 0x38, 0x38, 0x38, 0x38, 0x38, 0x38, 0x3E, 0x1E, 0xE1, 0xC0, 0xE1, 0xC0,
        0xE1, 0xC0, 0xE1, 0xC0, 0xE1, 0xC0, 0xE1, 0xC0, 0xE1, 0xC0, 0xE1, 0xC0, 0xE1, 0xC0, 0xF3,
        0xC0, 0x7F, 0xC0, 0x3D, 0xC0, 0xE0, 0xE0, 0x60, 0xE0, 0x70, 0xC0, 0x71, 0xC0, 0x31, 0xC0,
        0x39, 0x80, 0x3B, 0x80, 0x1B, 0x00, 0x1F, 0x00, 0x1F, 0x00, 0x0E, 0x00, 0x0E, 0x00, 0xE1,
        0x87, 0x61, 0xC7, 0x63, 0xC6, 0x73, 0xC6, 0x33, 0x4E, 0x32, 0x6C, 0x36, 0x6C, 0x3E, 0x6C,
        0x1E, 0x7C, 0x1E, 0x38, 0x1C, 0x38, 0x1C, 0x38, 0xE1, 0xC0, 0xE3, 0x80, 0x73, 0x00, 0x3F,
        0x00, 0x1E, 0x00, 0x1C, 0x00, 0x1E, 0x00, 0x3E, 0x00, 0x37, 0x00, 0x73, 0x80, 0xE1, 0x80,
        0xC1, 0xC0, 0xE0, 0xC0, 0xE1, 0xC0, 0x61, 0xC0, 0x71, 0x80, 0x31, 0x80, 0x33, 0x80, 0x3B,
        0x00, 0x1B, 0x00, 0x1F, 0x00, 0x1E, 0x00, 0x0E, 0x00, 0x0E, 0x00, 0x0C, 0x00, 0x0C, 0x00,
        0x7C, 0x00, 0x78, 0x00, 0xFF, 0x80, 0xFF, 0x80, 0x03, 0x80, 0x07, 0x00, 0x0E, 0x00, 0x1C,
        0x00, 0x1C, 0x00, 0x38, 0x00, 0x70, 0x00, 0xE0, 0x00, 0xFF, 0xC0, 0xFF, 0xC0, 0x1E, 0x3E,
        0x38, 0x38, 0x38, 0x38, 0x38, 0x38, 0x38, 0x38, 0xF0, 0xF0, 0x38, 0x38, 0x38, 0x38, 0x38,
        0x38, 0x38, 0x3E, 0x1E, 0xE0, 0xE0, 0xE0, 0xE0, 0xE0, 0xE0, 0xE0, 0xE0, 0xE0, 0xE0, 0xE0,
        0xE0, 0xE0, 0xE0, 0xE0, 0xE0, 0xE0, 0xE0, 0xE0, 0xE0, 0xE0, 0xE0, 0xE0, 0xE0, 0xF0, 0xF8,
        0x38, 0x38, 0x38, 0x38, 0x38, 0x38, 0x38, 0x38, 0x1E, 0x1E, 0x38, 0x38, 0x38, 0x38, 0x38,
        0x38, 0x38, 0xF8, 0xF0, 0x78, 0x60, 0x7C, 0x60, 0xC7, 0xC0, 0xC3, 0xC0, 0xE0, 0xE0, 0xE0,
        0x00, 0x00, 0x40, 0xE0, 0xE0, 0xE0, 0xE0, 0xE0, 0xE0, 0xE0, 0xE0, 0xE0, 0xE0, 0x04, 0x00,
        0x04, 0x00, 0x1F, 0x00, 0x3F, 0x80, 0x75, 0xC0, 0xF4, 0x00, 0xE4, 0x00, 0xE4, 0x00, 0xE4,
        0x00, 0xE4, 0x00, 0xE4, 0x00, 0x75, 0xC0, 0x3F, 0x80, 0x1F, 0x00, 0x04, 0x00, 0x04, 0x00,
        0x1F, 0x80, 0x3F, 0xC0, 0x78, 0xE0, 0x70, 0x40, 0x70, 0x00, 0x70, 0x00, 0x38, 0x00, 0xFF,
        0x80, 0xFF, 0x80, 0x1C, 0x00, 0x1C, 0x00, 0x1C, 0x00, 0x38, 0x00, 0x7E, 0x20, 0xFF, 0xE0,
        0x43, 0xE0, 0x9E, 0x40, 0x7F, 0x80, 0x61, 0x80, 0xC0, 0xC0, 0xC0, 0xC0, 0xC0, 0xC0, 0xC0,
        0xC0, 0x61, 0x80, 0x7F, 0x80, 0x9E, 0x40, 0xE0, 0x38, 0xE0, 0x38, 0x70, 0x70, 0x38, 0xE0,
        0x38, 0xE0, 0x1D, 0xC0, 0x1D, 0xC0, 0x0F, 0x80, 0x0F, 0x80, 0x3F, 0xE0, 0x3F, 0xE0, 0x07,
        0x00, 0x3F, 0xE0, 0x3F, 0xE0, 0x07, 0x00, 0x07, 0x00, 0xE0, 0xE0, 0xE0, 0xE0, 0xE0, 0xE0,
        0xE0, 0xE0, 0xE0, 0x00, 0x00, 0x00, 0x00, 0x00, 0x00, 0xE0, 0xE0, 0xE0, 0xE0, 0xE0, 0xE0,
        0xE0, 0xE0, 0xE0, 0x1F, 0x00, 0x3F, 0xC0, 0x71, 0xC0, 0x70, 0x80, 0x78, 0x00, 0x3C, 0x00,
        0x3F, 0x00, 0x77, 0xC0, 0xE3, 0xE0, 0xE0, 0xF0, 0xF0, 0x70, 0x78, 0x70, 0x3E, 0xE0, 0x1F,
        0xC0, 0x07, 0xC0, 0x01, 0xC0, 0x31, 0xC0, 0x71, 0xC0, 0x3F, 0x80, 0x1F, 0x00, 0xEE, 0xEE,
        0xEE, 0x07, 0xE0, 0x1F, 0xF8, 0x38, 0x3C, 0x20, 0x0C, 0x43, 0xC6, 0xC7, 0xE7, 0x8E, 0x63,
        0x8C, 0x03, 0x8C, 0x03, 0x8C, 0x03, 0x8E, 0x63, 0xC7, 0xE7, 0x43, 0xC6, 0x60, 0x0E, 0x38,
        0x3C, 0x1F, 0xF8, 0x07, 0xE0, 0x78, 0x4C, 0x0C, 0x7C, 0xCC, 0xCC, 0x74, 0x39, 0xC0, 0x31,
        0x80, 0x73, 0x80, 0xE7, 0x00, 0xC6, 0x00, 0xC6, 0x00, 0xE7, 0x00, 0x73, 0x80, 0x31, 0x80,
        0x39, 0xC0, 0xFF, 0xF0, 0xFF, 0xF0, 0x00, 0x30, 0x00, 0x30, 0x00, 0x30, 0x00, 0x30, 0x00,
        0x30, 0x00, 0x30, 0x1F, 0x00, 0x7F, 0xC0, 0x71, 0xE0, 0xE0, 0xE0, 0x00, 0xE0, 0x01, 0xE0,
        0x03, 0xC0, 0x07, 0x80, 0x0F, 0x00, 0x1C, 0x00, 0x1C, 0x00, 0x00, 0x00, 0x00, 0x00, 0x1C,
        0x00, 0x1C, 0x00, 0x1C, 0x00, 0x07, 0xE0, 0x1F, 0xF8, 0x38, 0x3C, 0x20, 0x0C, 0x47, 0xE6,
        0xC7, 0xF7, 0x86, 0x33, 0x86, 0x33, 0x87, 0xF3, 0x87, 0xC3, 0x86, 0xE3, 0xC6, 0x67, 0x46,
        0x36, 0x60, 0x0E, 0x38, 0x3C, 0x1F, 0xF8, 0x07, 0xE0, 0xFE, 0xFE, 0x38, 0x7C, 0xC6, 0xC6,
        0xC6, 0x7C, 0x38, 0x06, 0x00, 0x06, 0x00, 0x06, 0x00, 0xFF, 0xE0, 0xFF, 0xE0, 0x06, 0x00,
        0x06, 0x00, 0x06, 0x00, 0x00, 0x00, 0x00, 0x00, 0xFF, 0xE0, 0xFF, 0xE0, 0x78, 0xCC, 0x4C,
        0x0C, 0x18, 0x30, 0x60, 0xFE, 0xFE, 0x78, 0xDC, 0x0C, 0x0C, 0x38, 0x1C, 0x0C, 0xDC, 0x78,
        0x30, 0x70, 0xC0, 0x1F, 0x00, 0x7F, 0xC0, 0x71, 0xE0, 0xE0, 0xE0, 0x00, 0xE0, 0x01, 0xE0,
        0x03, 0xC0, 0x07, 0x80, 0x0F, 0x00, 0x1C, 0x00, 0x1C, 0x00, 0x00, 0x00, 0x00, 0x00, 0x1C,
        0x00, 0x1C, 0x00, 0x1C, 0x00, 0x1F, 0xE0, 0x3F, 0xE0, 0x7C, 0xC0, 0x7C, 0xC0, 0xFC, 0xC0,
        0x7C, 0xC0, 0x7C, 0xC0, 0x7C, 0xC0, 0x3C, 0xC0, 0x0C, 0xC0, 0x0C, 0xC0, 0x0C, 0xC0, 0x0C,
        0xC0, 0x0C, 0xC0, 0x0C, 0xC0, 0x0C, 0xC0, 0x0C, 0xC0, 0x0C, 0xC0, 0x0C, 0xC0, 0x0C, 0xC0,
        0xE0, 0xE0, 0xE0, 0x20, 0x40, 0x78, 0x18, 0xF0, 0x30, 0x30, 0xF0, 0x30, 0x30, 0x30, 0x30,
        0x30, 0x30, 0x7C, 0xEC, 0xC6, 0xC6, 0xC6, 0x6C, 0x38, 0xC6, 0x00, 0xE7, 0x00, 0x73, 0x80,
        0x31, 0xC0, 0x39, 0xC0, 0x39, 0xC0, 0x31, 0xC0, 0x73, 0x80, 0xE7, 0x00, 0xC6, 0x00, 0x30,
        0x0C, 0xF0, 0x18, 0xF0, 0x38, 0x30, 0x30, 0x30, 0x60, 0x30, 0xE0, 0x30, 0xC0, 0x31, 0x86,
        0x33, 0x8E, 0x03, 0x1E, 0x07, 0x36, 0x0E, 0x66, 0x0C, 0x7F, 0x1C, 0x7F, 0x38, 0x06, 0x30,
        0x06, 0x30, 0x0C, 0x00, 0xF0, 0x0C, 0x00, 0xF0, 0x18, 0x00, 0x30, 0x30, 0x00, 0x30, 0x30,
        0x00, 0x30, 0x60, 0x00, 0x30, 0xC0, 0x00, 0x31, 0xCF, 0x00, 0x31, 0x9F, 0x80, 0x03, 0x01,
        0x80, 0x07, 0x01, 0x80, 0x06, 0x03, 0x00, 0x0C, 0x06, 0x00, 0x1C, 0x0C, 0x00, 0x18, 0x1F,
        0x80, 0x30, 0x1F, 0x80, 0x3C, 0x03, 0x00, 0x7E, 0x06, 0x00, 0x06, 0x0E, 0x00, 0x3C, 0x0C,
        0x00, 0x3C, 0x18, 0x00, 0x06, 0x38, 0x00, 0x06, 0x30, 0x00, 0xFE, 0x61, 0x80, 0x7C, 0xE3,
        0x80, 0x01, 0xC7, 0x80, 0x01, 0x8D, 0x80, 0x03, 0x99, 0x80, 0x07, 0x1F, 0xE0, 0x06, 0x1F,
        0xE0, 0x0C, 0x01, 0x80, 0x1C, 0x01, 0x80, 0x07, 0x00, 0x07, 0x00, 0x07, 0x00, 0x00, 0x00,
        0x00, 0x00, 0x07, 0x00, 0x07, 0x00, 0x1E, 0x00, 0x3C, 0x00, 0x78, 0x00, 0xF0, 0x00, 0xE0,
        0x00, 0xE0, 0xE0, 0xF1, 0xC0, 0x7F, 0xC0, 0x1F, 0x00, 0x0C, 0x00, 0x06, 0x00, 0x03, 0x00,
        0x00, 0x00, 0x03, 0x80, 0x07, 0x80, 0x07, 0xC0, 0x07, 0xC0, 0x0E, 0xC0, 0x0E, 0xE0, 0x0C,
        0xE0, 0x1C, 0x70, 0x1C, 0x70, 0x38, 0x70, 0x38, 0x38, 0x3F, 0xF8, 0x7F, 0xF8, 0x70, 0x1C,
        0x60, 0x1C, 0xE0, 0x0C, 0x00, 0xC0, 0x01, 0x80, 0x03, 0x00, 0x00, 0x00, 0x07, 0x00, 0x07,
        0x80, 0x0F, 0x80, 0x0F, 0x80, 0x0D, 0xC0, 0x1D, 0xC0, 0x1C, 0xE0, 0x38, 0xE0, 0x38, 0xE0,
        0x38, 0x70, 0x70, 0x70, 0x7F, 0xF0, 0x7F, 0xF8, 0xE0, 0x38, 0xE0, 0x18, 0xC0, 0x1C, 0x03,
        0x80, 0x06, 0xC0, 0x1C, 0x60, 0x00, 0x00, 0x03, 0x80, 0x07, 0x80, 0x07, 0xC0, 0x06, 0xC0,
        0x0E, 0xE0, 0x0E, 0xE0, 0x0C, 0x60, 0x1C, 0x70, 0x1C, 0x70, 0x18, 0x70, 0x38, 0x38, 0x3F,
        0xF8, 0x7F, 0xF8, 0x70, 0x1C, 0x70, 0x1C, 0xE0, 0x0E, 0x0E, 0x20, 0x0F, 0xE0, 0x19, 0xC0,
        0x00, 0x00, 0x00, 0x00, 0x07, 0x80, 0x07, 0x80, 0x07, 0x80, 0x0F, 0xC0, 0x0E, 0xC0, 0x0C,
        0xE0, 0x1C, 0xE0, 0x1C, 0xE0, 0x18, 0x70, 0x38, 0x70, 0x38, 0x70, 0x7F, 0xF8, 0x7F, 0xF8,
        0x70, 0x18, 0xE0, 0x1C, 0xE0, 0x1C, 0x0E, 0xE0, 0x0E, 0xE0, 0x0E, 0xE0, 0x00, 0x00, 0x03,
        0x80, 0x03, 0x80, 0x07, 0xC0, 0x06, 0xC0, 0x06, 0xC0, 0x0E, 0xE0, 0x0C, 0x60, 0x1C, 0x70,
        0x1C, 0x70, 0x1C, 0x70, 0x38, 0x38, 0x3F, 0xF8, 0x3F, 0xF8, 0x70, 0x1C, 0x70, 0x1C, 0xE0,
        0x0E, 0x07, 0x80, 0x0F, 0xC0, 0x0C, 0xC0, 0x0C, 0xC0, 0x07, 0x80, 0x07, 0x80, 0x0F, 0xC0,
        0x0F, 0xC0, 0x0F, 0xC0, 0x1C, 0xE0, 0x1C, 0xE0, 0x18, 0x60, 0x38, 0x70, 0x38, 0x70, 0x70,
        0x38, 0x7F, 0xF8, 0x7F, 0xF8, 0xE0, 0x1C, 0xE0, 0x1C, 0xC0, 0x0C, 0x00, 0xFF, 0xF0, 0x00,
        0xFF, 0xF0, 0x01, 0xF8, 0x00, 0x01, 0xB8, 0x00, 0x03, 0xB8, 0x00, 0x03, 0x38, 0x00, 0x07,
        0x38, 0x00, 0x0E, 0x3F, 0xC0, 0x0E, 0x3F, 0xC0, 0x1C, 0x38, 0x00, 0x1C, 0x38, 0x00, 0x3F,
        0xF8, 0x00, 0x3F, 0xF8, 0x00, 0x70, 0x38, 0x00, 0x70, 0x3F, 0xF0, 0xE0, 0x3F, 0xF0, 0x07,
        0xE0, 0x1F, 0xF0, 0x3C, 0x38, 0x70, 0x18, 0x70, 0x00, 0xE0, 0x00, 0xE0, 0x00, 0xE0, 0x00,
        0xE0, 0x00, 0xE0, 0x00, 0xE0, 0x00, 0x70, 0x00, 0x70, 0x1C, 0x3C, 0x38, 0x1F, 0xF0, 0x0F,
        0xE0, 0x02, 0x00, 0x03, 0xC0, 0x00, 0xC0, 0x07, 0x80, 0x38, 0x00, 0x1C, 0x00, 0x06, 0x00,
        0x00, 0x00, 0xFF, 0xE0, 0xFF, 0xE0, 0xE0, 0x00, 0xE0, 0x00, 0xE0, 0x00, 0xE0, 0x00, 0xE0,
        0x00, 0xFF, 0x80, 0xFF, 0x80, 0xE0, 0x00, 0xE0, 0x00, 0xE0, 0x00, 0xE0, 0x00, 0xE0, 0x00,
        0xFF, 0xE0, 0xFF, 0xE0, 0x01, 0x80, 0x03, 0x00, 0x06, 0x00, 0x00, 0x00, 0xFF, 0xE0, 0xFF,
        0xE0, 0xE0, 0x00, 0xE0, 0x00, 0xE0, 0x00, 0xE0, 0x00, 0xE0, 0x00, 0xFF, 0x80, 0xFF, 0x80,
        0xE0, 0x00, 0xE0, 0x00, 0xE0, 0x00, 0xE0, 0x00, 0xE0, 0x00, 0xFF, 0xE0, 0xFF, 0xE0, 0x04,
        0x00, 0x0E, 0x00, 0x1B, 0x80, 0x31, 0xC0, 0x00, 0x00, 0xFF, 0xE0, 0xFF, 0xE0, 0xE0, 0x00,
        0xE0, 0x00, 0xE0, 0x00, 0xE0, 0x00, 0xE0, 0x00, 0xFF, 0x80, 0xFF, 0x80, 0xE0, 0x00, 0xE0,
        0x00, 0xE0, 0x00, 0xE0, 0x00, 0xE0, 0x00, 0xFF, 0xE0, 0xFF, 0xE0, 0x3B, 0x80, 0x3B, 0x80,
        0x3B, 0x80, 0x00, 0x00, 0xFF, 0xE0, 0xFF, 0xE0, 0xE0, 0x00, 0xE0, 0x00, 0xE0, 0x00, 0xE0,
        0x00, 0xE0, 0x00, 0xFF, 0x00, 0xFF, 0x00, 0xE0, 0x00, 0xE0, 0x00, 0xE0, 0x00, 0xE0, 0x00,
        0xE0, 0x00, 0xFF, 0xE0, 0xFF, 0xE0, 0xE0, 0x70, 0x38, 0x00, 0xFE, 0xFE, 0x38, 0x38, 0x38,
        0x38, 0x38, 0x38, 0x38, 0x38, 0x38, 0x38, 0x38, 0x38, 0xFE, 0xFE, 0x0E, 0x1C, 0x38, 0x00,
        0xFE, 0xFE, 0x38, 0x38, 0x38, 0x38, 0x38, 0x38, 0x38, 0x38, 0x38, 0x38, 0x38, 0x38, 0xFE,
        0xFE, 0x1C, 0x36, 0xE3, 0x00, 0x7F, 0x7F, 0x1C, 0x1C, 0x1C, 0x1C, 0x1C, 0x1C, 0x1C, 0x1C,
        0x1C, 0x1C, 0x1C, 0x1C, 0x7F, 0x7F, 0xEE, 0xEE, 0xEE, 0x00, 0xFE, 0xFE, 0x38, 0x38, 0x38,
        0x38, 0x38, 0x38, 0x38, 0x38, 0x38, 0x38, 0x38, 0x38, 0xFE, 0xFE, 0x7F, 0xC0, 0x7F, 0xF0,
        0x70, 0x78, 0x70, 0x1C, 0x70, 0x1C, 0x70, 0x0E, 0x70, 0x0E, 0xFF, 0x0E, 0xFF, 0x0E, 0x70,
        0x0E, 0x70, 0x0E, 0x70, 0x1C, 0x70, 0x1C, 0x70, 0x78, 0x7F, 0xF0, 0x7F, 0xC0, 0x0C, 0x40,
        0x1F, 0xC0, 0x19, 0x80, 0x00, 0x00, 0x00, 0x00, 0xF0, 0x38, 0xF8, 0x38, 0xF8, 0x38, 0xFC,
        0x38, 0xEC, 0x38, 0xEE, 0x38, 0xE6, 0x38, 0xE6, 0x38, 0xE3, 0x38, 0xE3, 0x38, 0xE3, 0xB8,
        0xE1, 0xB8, 0xE1, 0xF8, 0xE0, 0xF8, 0xE0, 0xF8, 0xE0, 0x78, 0x0C, 0x00, 0x0E, 0x00, 0x03,
        0x00, 0x00, 0x00, 0x00, 0x00, 0x07, 0xC0, 0x1F, 0xF0, 0x3C, 0x78, 0x70, 0x1C, 0x70, 0x1C,
        0xE0, 0x0E, 0xE0, 0x0E, 0xE0, 0x0E, 0xE0, 0x0E, 0xE0, 0x0E, 0xE0, 0x0E, 0x70, 0x1C, 0x70,
        0x1C, 0x3C, 0x78, 0x1F, 0xF0, 0x07, 0xC0, 0x00, 0x60, 0x00, 0xE0, 0x01, 0x80, 0x00, 0x00,
        0x00, 0x00, 0x07, 0xC0, 0x1F, 0xF0, 0x3C, 0x78, 0x70, 0x1C, 0x70, 0x1C, 0xE0, 0x0E, 0xE0,
        0x0E, 0xE0, 0x0E, 0xE0, 0x0E, 0xE0, 0x0E, 0xE0, 0x0E, 0x70, 0x1C, 0x70, 0x1C, 0x3C, 0x78,
        0x1F, 0xF0, 0x07, 0xC0, 0x03, 0x80, 0x07, 0xC0, 0x0E, 0xE0, 0x00, 0x00, 0x00, 0x00, 0x07,
        0xC0, 0x1F, 0xF0, 0x3C, 0x78, 0x70, 0x1C, 0x70, 0x1C, 0xE0, 0x0E, 0xE0, 0x0E, 0xE0, 0x0E,
        0xE0, 0x0E, 0xE0, 0x0E, 0xE0, 0x0E, 0x70, 0x1C, 0x70, 0x1C, 0x3C, 0x78, 0x1F, 0xF0, 0x07,
        0xC0, 0x06, 0x20, 0x0F, 0xE0, 0x08, 0xC0, 0x00, 0x00, 0x00, 0x00, 0x07, 0xC0, 0x1F, 0xF0,
        0x3C, 0x78, 0x70, 0x1C, 0x70, 0x1C, 0xE0, 0x0E, 0xE0, 0x0E, 0xE0, 0x0E, 0xE0, 0x0E, 0xE0,
        0x0E, 0xE0, 0x0E, 0x70, 0x1C, 0x70, 0x1C, 0x3C, 0x78, 0x1F, 0xF0, 0x07, 0xC0, 0x0E, 0xE0,
        0x0E, 0xE0, 0x0E, 0xE0, 0x00, 0x00, 0x00, 0x00, 0x07, 0xC0, 0x1F, 0xF0, 0x3C, 0x78, 0x70,
        0x1C, 0x70, 0x1C, 0xE0, 0x0E, 0xE0, 0x0E, 0xE0, 0x0E, 0xE0, 0x0E, 0xE0, 0x0E, 0xE0, 0x0E,
        0x70, 0x1C, 0x70, 0x1C, 0x3C, 0x78, 0x1F, 0xF0, 0x07, 0xC0, 0x40, 0x80, 0xE1, 0xC0, 0x73,
        0x80, 0x3F, 0x00, 0x1E, 0x00, 0x1E, 0x00, 0x3F, 0x00, 0x73, 0x80, 0xE1, 0xC0, 0x40, 0x80,
        0x07, 0xC4, 0x1F, 0xFC, 0x3C, 0x78, 0x70, 0x3C, 0x70, 0x7C, 0xE0, 0x4E, 0xE0, 0xCE, 0xE1,
        0x8E, 0xE3, 0x0E, 0xE6, 0x0E, 0xE4, 0x0E, 0x7C, 0x1C, 0x78, 0x1C, 0x3C, 0x78, 0x7F, 0xF0,
        0x47, 0xE0, 0x18, 0x00, 0x1C, 0x00, 0x06, 0x00, 0x00, 0x00, 0x00, 0x00, 0xE0, 0x38, 0xE0,
        0x38, 0xE0, 0x38, 0xE0, 0x38, 0xE0, 0x38, 0xE0, 0x38, 0xE0, 0x38, 0xE0, 0x38, 0xE0, 0x38,
        0xE0, 0x38, 0xE0, 0x38, 0xE0, 0x38, 0xF0, 0x70, 0x70, 0x70, 0x3F, 0xE0, 0x1F, 0xC0, 0x00,
        0xC0, 0x01, 0xC0, 0x03, 0x00, 0x00, 0x00, 0x00, 0x00, 0xE0, 0x38, 0xE0, 0x38, 0xE0, 0x38,
        0xE0, 0x38, 0xE0, 0x38, 0xE0, 0x38, 0xE0, 0x38, 0xE0, 0x38, 0xE0, 0x38, 0xE0, 0x38, 0xE0,
        0x38, 0xE0, 0x38, 0xF0, 0x70, 0x70, 0x70, 0x3F, 0xE0, 0x1F, 0xC0, 0x07, 0x00, 0x0F, 0x80,
        0x1D, 0xC0, 0x00, 0x00, 0x00, 0x00, 0xE0, 0x38, 0xE0, 0x38, 0xE0, 0x38, 0xE0, 0x38, 0xE0,
        0x38, 0xE0, 0x38, 0xE0, 0x38, 0xE0, 0x38, 0xE0, 0x38, 0xE0, 0x38, 0xE0, 0x38, 0xE0, 0x38,
        0xF0, 0x70, 0x70, 0x70, 0x3F, 0xE0, 0x1F, 0xC0, 0x1D, 0xC0, 0x1D, 0xC0, 0x1D, 0xC0, 0x00,
        0x00, 0x00, 0x00, 0xE0, 0x38, 0xE0, 0x38, 0xE0, 0x38, 0xE0, 0x38, 0xE0, 0x38, 0xE0, 0x38,
        0xE0, 0x38, 0xE0, 0x38, 0xE0, 0x38, 0xE0, 0x38, 0xE0, 0x38, 0xE0, 0x38, 0xF0, 0x70, 0x70,
        0x70, 0x3F, 0xE0, 0x1F, 0xC0, 0x00, 0x80, 0x01, 0x80, 0x03, 0x80, 0x07, 0x00, 0x00, 0x00,
        0xE0, 0x38, 0xE0, 0x70, 0x70, 0x70, 0x70, 0xE0, 0x38, 0xE0, 0x1D, 0xC0, 0x1D, 0xC0, 0x0F,
        0x80, 0x0F, 0x80, 0x07, 0x00, 0x07, 0x00, 0x07, 0x00, 0x07, 0x00, 0x07, 0x00, 0x07, 0x00,
        0x07, 0x00, 0xE0, 0x00, 0xE0, 0x00, 0xE0, 0x00, 0xFF, 0x80, 0xFF, 0xE0, 0xE0, 0xE0, 0xE0,
        0x70, 0xE0, 0x70, 0xE0, 0x70, 0xE0, 0x70, 0xE0, 0xE0, 0xFF, 0xE0, 0xFF, 0x80, 0xE0, 0x00,
        0xE0, 0x00, 0xE0, 0x00, 0x3F, 0x00, 0x7F, 0x80, 0xF1, 0xC0, 0xE1, 0xC0, 0xE3, 0xC0, 0xE7,
        0x00, 0xE7, 0xC0, 0xE1, 0xE0, 0xE0, 0xF0, 0xE0, 0x70, 0xE0, 0x70, 0xE0, 0x70, 0xE0, 0x70,
        0xE0, 0xE0, 0xE7, 0xE0, 0xE7, 0x80, 0x10, 0x00, 0x18, 0x00, 0x18, 0x00, 0x00, 0x00, 0x00,
        0x00, 0x1F, 0x00, 0x3F, 0x80, 0x73, 0xC0, 0x01, 0xC0, 0x01, 0xC0, 0x3F, 0xC0, 0x7D, 0xC0,
        0xE1, 0xC0, 0xE1, 0xC0, 0xE3, 0xC0, 0xFF, 0xC0, 0x3D, 0xC0, 0x03, 0x00, 0x03, 0x00, 0x06,
        0x00, 0x00, 0x00, 0x00, 0x00, 0x1F, 0x00, 0x3F, 0x80, 0x73, 0xC0, 0x01, 0xC0, 0x01, 0xC0,
        0x3F, 0xC0, 0x7D, 0xC0, 0xE1, 0xC0, 0xE1, 0xC0, 0xE3, 0xC0, 0xFF, 0xC0, 0x3D, 0xC0, 0x0C,
        0x00, 0x1E, 0x00, 0x3B, 0x00, 0x00, 0x80, 0x00, 0x00, 0x1F, 0x00, 0x3F, 0x80, 0x73, 0xC0,
        0x01, 0xC0, 0x01, 0xC0, 0x3F, 0xC0, 0x7D, 0xC0, 0xE1, 0xC0, 0xE1, 0xC0, 0xE3, 0xC0, 0xFF,
        0xC0, 0x3D, 0xC0, 0x18, 0x80, 0x3F, 0x80, 0x23, 0x00, 0x00, 0x00, 0x00, 0x00, 0x1F, 0x00,
        0x3F, 0x80, 0x73, 0xC0, 0x01, 0xC0, 0x01, 0xC0, 0x3F, 0xC0, 0x7D, 0xC0, 0xE1, 0xC0, 0xE1,
        0xC0, 0xE3, 0xC0, 0xFF, 0xC0, 0x3D, 0xC0, 0x3B, 0x80, 0x3B, 0x80, 0x3B, 0x80, 0x00, 0x00,
        0x00, 0x00, 0x1F, 0x00, 0x3F, 0x80, 0x73, 0xC0, 0x01, 0xC0, 0x01, 0xC0, 0x3F, 0xC0, 0x7D,
        0xC0, 0xE1, 0xC0, 0xE1, 0xC0, 0xE3, 0xC0, 0xFF, 0xC0, 0x3C, 0xC0, 0x0E, 0x00, 0x1F, 0x00,
        0x1B, 0x00, 0x1B, 0x00, 0x1F, 0x00, 0x0E, 0x00, 0x00, 0x00, 0x1F, 0x00, 0x3F, 0x80, 0x73,
        0xC0, 0x01, 0xC0, 0x01, 0xC0, 0x3F, 0xC0, 0x7D, 0xC0, 0xE1, 0xC0, 0xE1, 0xC0, 0xE3, 0xC0,
        0xFF, 0xC0, 0x3C, 0xC0, 0x1F, 0x1F, 0x00, 0x3F, 0xBF, 0x80, 0x71, 0xF1, 0xC0, 0x00, 0xE0,
        0xC0, 0x00, 0xC0, 0xE0, 0x1F, 0xFF, 0xE0, 0x7F, 0xFF, 0xE0, 0xF0, 0xC0, 0x00, 0xE0, 0xE0,
        0x00, 0xE1, 0xF0, 0xC0, 0x7F, 0xBF, 0xC0, 0x3E, 0x1F, 0x00, 0x1F, 0x00, 0x3F, 0xC0, 0x71,
        0xC0, 0xF0, 0x00, 0xE0, 0x00, 0xE0, 0x00, 0xE0, 0x00, 0xE0, 0x00, 0xF0, 0x00, 0x70, 0xC0,
        0x3F, 0x80, 0x0E, 0x00, 0x0E, 0x00, 0x03, 0x00, 0x03, 0x00, 0x0E, 0x00, 0x10, 0x00, 0x18,
        0x00, 0x0C, 0x00, 0x00, 0x00, 0x00, 0x00, 0x1F, 0x00, 0x3F, 0x80, 0x71, 0xC0, 0xE0, 0xC0,
        0xE0, 0xE0, 0xFF, 0xE0, 0xFF, 0xE0, 0xE0, 0x00, 0xE0, 0x00, 0x70, 0xC0, 0x3F, 0xC0, 0x1F,
        0x00, 0x01, 0x80, 0x03, 0x80, 0x07, 0x00, 0x00, 0x00, 0x00, 0x00, 0x1F, 0x00, 0x3F, 0x80,
        0x71, 0xC0, 0xE0, 0xC0, 0xE0, 0xE0, 0xFF, 0xE0, 0xFF, 0xE0, 0xE0, 0x00, 0xE0, 0x00, 0x70,
        0xC0, 0x3F, 0xC0, 0x1F, 0x00, 0x06, 0x00, 0x0F, 0x00, 0x1B, 0x80, 0x20, 0x00, 0x00, 0x00,
        0x1F, 0x00, 0x3F, 0x80, 0x71, 0xC0, 0xE0, 0xC0, 0xE0, 0xE0, 0xFF, 0xE0, 0xFF, 0xE0, 0xE0,
        0x00, 0xE0, 0x00, 0x70, 0xC0, 0x3F, 0xC0, 0x1F, 0x00, 0x3B, 0x80, 0x3B, 0x80, 0x3B, 0x80,
        0x00, 0x00, 0x00, 0x00, 0x1F, 0x00, 0x3F, 0x80, 0x71, 0xC0, 0xE0, 0xC0, 0xC0, 0xE0, 0xFF,
        0xE0, 0xFF, 0xE0, 0xC0, 0x00, 0xE0, 0x00, 0x71, 0xC0, 0x3F, 0x80, 0x1F, 0x00, 0xC0, 0xE0,
        0x70, 0x00, 0x00, 0xF8, 0xF8, 0x38, 0x38, 0x38, 0x38, 0x38, 0x38, 0x38, 0x38, 0x38, 0x38,
        0x0C, 0x1C, 0x18, 0x00, 0x00, 0xF8, 0xF8, 0x38, 0x38, 0x38, 0x38, 0x38, 0x38, 0x38, 0x38,
        0x38, 0x38, 0x38, 0x7C, 0xCE, 0x00, 0x00, 0xF8, 0xF8, 0x38, 0x38, 0x38, 0x38, 0x38, 0x38,
        0x38, 0x38, 0x38, 0x38, 0xEE, 0xEE, 0xEE, 0x00, 0x00, 0x78, 0x78, 0x38, 0x38, 0x38, 0x38,
        0x38, 0x38, 0x38, 0x38, 0x38, 0x38, 0x0E, 0xC0, 0x0F, 0x80, 0x03, 0xC0, 0x02, 0xE0, 0x00,
        0xE0, 0x00, 0x60, 0x1E, 0x70, 0x7F, 0xF0, 0x70, 0xF0, 0xE0, 0x70, 0xE0, 0x70, 0xE0, 0x70,
        0xE0, 0x70, 0xE0, 0x60, 0x70, 0xE0, 0x3F, 0xC0, 0x1F, 0x80, 0x39, 0x80, 0x3F, 0x80, 0x67,
        0x00, 0x00, 0x00, 0x00, 0x00, 0xEF, 0x00, 0xFF, 0x80, 0xF3, 0xC0, 0xE1, 0xC0, 0xE1, 0xC0,
        0xE1, 0xC0, 0xE1, 0xC0, 0xE1, 0xC0, 0xE1, 0xC0, 0xE1, 0xC0, 0xE1, 0xC0, 0xE1, 0xC0, 0x18,
        0x00, 0x18, 0x00, 0x0C, 0x00, 0x00, 0x00, 0x00, 0x00, 0x1F, 0x80, 0x3F, 0xC0, 0x70, 0xE0,
        0xF0, 0xF0, 0xE0, 0x70, 0xE0, 0x70, 0xE0, 0x70, 0xE0, 0x70, 0xF0, 0xF0, 0x70, 0xE0, 0x3F,
        0xC0, 0x1F, 0x80, 0x01, 0x80, 0x01, 0x80, 0x03, 0x00, 0x00, 0x00, 0x00, 0x00, 0x1F, 0x80,
        0x3F, 0xC0, 0x70, 0xE0, 0xF0, 0xF0, 0xE0, 0x70, 0xE0, 0x70, 0xE0, 0x70, 0xE0, 0x70, 0xF0,
        0xF0, 0x70, 0xE0, 0x3F, 0xC0, 0x1F, 0x80, 0x06, 0x00, 0x0F, 0x00, 0x19, 0x80, 0x20, 0x40,
        0x00, 0x00, 0x1F, 0x80, 0x3F, 0xC0, 0x70, 0xE0, 0xF0, 0xF0, 0xE0, 0x70, 0xE0, 0x70, 0xE0,
        0x70, 0xE0, 0x70, 0xF0, 0xF0, 0x70, 0xE0, 0x3F, 0xC0, 0x1F, 0x80, 0x1C, 0x40, 0x3F, 0xC0,
        0x33, 0x80, 0x00, 0x00, 0x00, 0x00, 0x1F, 0x80, 0x3F, 0xC0, 0x70, 0xE0, 0xF0, 0xF0, 0xE0,
        0x70, 0xE0, 0x70, 0xE0, 0x70, 0xE0, 0x70, 0xF0, 0xF0, 0x70, 0xE0, 0x3F, 0xC0, 0x1F, 0x80,
        0x3B, 0x80, 0x3B, 0x80, 0x3B, 0x80, 0x00, 0x00, 0x00, 0x00, 0x1F, 0x80, 0x3F, 0xC0, 0x70,
        0xE0, 0xF0, 0xF0, 0xE0, 0x70, 0xE0, 0x70, 0xE0, 0x70, 0xE0, 0x70, 0xF0, 0xF0, 0x70, 0xE0,
        0x3F, 0xC0, 0x1F, 0x80, 0x0E, 0x00, 0x0E, 0x00, 0x0E, 0x00, 0x00, 0x00, 0x00, 0x00, 0xFF,
        0xF0, 0xFF, 0xF0, 0x00, 0x00, 0x00, 0x00, 0x0E, 0x00, 0x0E, 0x00, 0x0E, 0x00, 0x1F, 0x20,
        0x3F, 0xE0, 0x70, 0xE0, 0xF1, 0xF0, 0xE3, 0x70, 0xE2, 0x70, 0xE4, 0x70, 0xEC, 0x70, 0xF8,
        0xF0, 0x70, 0xE0, 0x7F, 0xC0, 0x4F, 0x80, 0x30, 0x00, 0x30, 0x00, 0x18, 0x00, 0x00, 0x00,
        0x00, 0x00, 0xE1, 0xC0, 0xE1, 0xC0, 0xE1, 0xC0, 0xE1, 0xC0, 0xE1, 0xC0, 0xE1, 0xC0, 0xE1,
        0xC0, 0xE1, 0xC0, 0xE1, 0xC0, 0xF3, 0xC0, 0x7F, 0xC0, 0x3D, 0xC0, 0x03, 0x00, 0x03, 0x00,
        0x06, 0x00, 0x00, 0x00, 0x00, 0x00, 0xE1, 0xC0, 0xE1, 0xC0, 0xE1, 0xC0, 0xE1, 0xC0, 0xE1,
        0xC0, 0xE1, 0xC0, 0xE1, 0xC0, 0xE1, 0xC0, 0xE1, 0xC0, 0xF3, 0xC0, 0x7F, 0xC0, 0x3D, 0xC0,
        0x0C, 0x00, 0x1E, 0x00, 0x33, 0x00, 0x00, 0x00, 0x00, 0x00, 0xE1, 0xC0, 0xE1, 0xC0, 0xE1,
        0xC0, 0xE1, 0xC0, 0xE1, 0xC0, 0xE1, 0xC0, 0xE1, 0xC0, 0xE1, 0xC0, 0xE1, 0xC0, 0xF3, 0xC0,
        0x7F, 0xC0, 0x3D, 0xC0, 0x73, 0x80, 0x73, 0x80, 0x73, 0x80, 0x00, 0x00, 0x00, 0x00, 0xE1,
        0xC0, 0xE1, 0xC0, 0xE1, 0xC0, 0xE1, 0xC0, 0xE1, 0xC0, 0xE1, 0xC0, 0xE1, 0xC0, 0xE1, 0xC0,
        0xE1, 0xC0, 0xF3, 0xC0, 0x7F, 0xC0, 0x3C, 0xC0, 0x01, 0x00, 0x03, 0x00, 0x06, 0x00, 0x00,
        0x00, 0x00, 0x00, 0xE0, 0xC0, 0xE1, 0xC0, 0x61, 0xC0, 0x71, 0x80, 0x31, 0x80, 0x33, 0x80,
        0x3B, 0x00, 0x1B, 0x00, 0x1F, 0x00, 0x1E, 0x00, 0x0E, 0x00, 0x0E, 0x00, 0x0C, 0x00, 0x0C,
        0x00, 0x7C, 0x00, 0x78, 0x00, 0xE0, 0x00, 0xE0, 0x00, 0xE0, 0x00, 0xE0, 0x00, 0xE0, 0x00,
        0xEF, 0x00, 0xFF, 0xC0, 0xF1, 0xC0, 0xE0, 0xE0, 0xE0, 0xE0, 0xE0, 0xE0, 0xE0, 0xE0, 0xE0,
        0xE0, 0xE0, 0xE0, 0xF1, 0xC0, 0xFF, 0xC0, 0xEF, 0x00, 0xE0, 0x00, 0xE0, 0x00, 0xE0, 0x00,
        0xE0, 0x00, 0x77, 0x00, 0x77, 0x00, 0x77, 0x00, 0x00, 0x00, 0x00, 0x00, 0xC1, 0xC0, 0xC1,
        0x80, 0xE3, 0x80, 0x63, 0x80, 0x63, 0x00, 0x77, 0x00, 0x37, 0x00, 0x36, 0x00, 0x36, 0x00,
        0x1E, 0x00, 0x1C, 0x00, 0x1C, 0x00, 0x0C, 0x00, 0x18, 0x00, 0xF8, 0x00, 0xF0, 0x00, 0xFF,
        0x80, 0xFF, 0x80, 0xFF, 0xFF, 0x80, 0xFF, 0xFF, 0x80, 0x60, 0x40, 0x40, 0xE0, 0xE0, 0xE0,
        0xE0, 0xE0, 0xE0, 0x40, 0x40, 0xC0, 0xE0, 0xE0, 0xE0, 0x40, 0x40, 0xC0, 0x66, 0x44, 0x44,
        0xEE, 0xEE, 0xEE, 0xEE, 0xEE, 0xEE, 0x44, 0x44, 0xCC, 0xEE, 0xEE, 0xEE, 0x44, 0x44, 0xCC,
        0x3C, 0x7E, 0xFF, 0xFF, 0xFF, 0xFF, 0x7E, 0x3C, 0xE3, 0x8E, 0xE3, 0x8E, 0xE3, 0x8E, 0x1C,
        0x38, 0x38, 0x70, 0xE0, 0xE0, 0x70, 0x38, 0x38, 0x1C, 0xE0, 0x70, 0x38, 0x18, 0x1C, 0x1C,
        0x18, 0x38, 0x70, 0xE0, 0x03, 0xF0, 0x0F, 0xF8, 0x1E, 0x1C, 0x1C, 0x0C, 0x38, 0x00, 0x7F,
        0xC0, 0xFF, 0xC0, 0x38, 0x00, 0x7F, 0x80, 0xFF, 0x00, 0x38, 0x00, 0x1C, 0x00, 0x1C, 0x0E,
        0x0E, 0x1C, 0x07, 0xF8, 0x03, 0xF0, 0xFF, 0x70, 0xE0, 0xFF, 0x79, 0xE0, 0x18, 0x79, 0xE0,
        0x18, 0x69, 0x60, 0x18, 0x6F, 0x60, 0x18, 0x6F, 0x60, 0x18, 0x66, 0x60, 0x18, 0x66, 0x60,
        0xFF, 0xF0, 0xFF, 0xF0,
    ],
    line_height: 28,
};

// ATKINSON_NEXT_XLARGE: 27 px, cap 18, line height 33, missing '\xadµ'
pub static ATKINSON_NEXT_XLARGE: BitmapFont = BitmapFont {
    glyphs: &[
        Glyph::new(0, 0, 0, 8, 0, 0),
        Glyph::new(0, 4, 18, 8, 2, -18),
        Glyph::new(18, 7, 6, 9, 1, -18),
        Glyph::new(24, 17, 18, 19, 1, -18),
        Glyph::new(78, 14, 23, 16, 1, -20),
        Glyph::new(124, 24, 18, 25, 1, -18),
        Glyph::new(178, 18, 18, 20, 1, -18),
        Glyph::new(232, 3, 6, 5, 1, -18),
        Glyph::new(238, 6, 24, 8, 1, -20),
        Glyph::new(262, 6, 24, 8, 1, -20),
        Glyph::new(286, 10, 9, 13, 2, -18),
        Glyph::new(304, 14, 14, 16, 1, -14),
        Glyph::new(332, 4, 7, 6, 1, -3),
        Glyph::new(339, 8, 2, 10, 1, -8),
        Glyph::new(341, 4, 4, 6, 1, -4),
        Glyph::new(345, 9, 22, 11, 1, -20),
        Glyph::new(389, 15, 18, 18, 1, -18),
        Glyph::new(425, 8, 18, 11, 1, -18),
        Glyph::new(443, 13, 18, 15, 1, -18),
        Glyph::new(479, 13, 18, 16, 1, -18),
        Glyph::new(515, 15, 18, 17, 1, -18),
        Glyph::new(551, 13, 18, 16, 2, -18),
        Glyph::new(587, 13, 18, 16, 2, -18),
        Glyph::new(623, 13, 18, 14, 1, -18),
        Glyph::new(659, 14, 18, 17, 1, -18),
        Glyph::new(695, 13, 18, 16, 1, -18),
        Glyph::new(731, 4, 14, 6, 1, -14),
        Glyph::new(745, 4, 17, 6, 1, -14),
        Glyph::new(762, 13, 14, 15, 1, -14),
        Glyph::new(790, 14, 7, 17, 2, -10),
        Glyph::new(804, 13, 14, 15, 1, -14),
        Glyph::new(832, 12, 18, 14, 1, -18),
        Glyph::new(868, 19, 20, 21, 1, -17),
        Glyph::new(928, 17, 18, 17, 0, -18),
        Glyph::new(982, 14, 18, 17, 2, -18),
        Glyph::new(1018, 16, 18, 18, 1, -18),
        Glyph::new(1054, 15, 18, 18, 2, -18),
        Glyph::new(1090, 13, 18, 16, 2, -18),
        Glyph::new(1126, 12, 18, 15, 2, -18),
        Glyph::new(1162, 16, 18, 19, 1, -18),
        Glyph::new(1198, 15, 18, 19, 2, -18),
        Glyph::new(1234, 8, 18, 11, 1, -18),
        Glyph::new(1252, 12, 18, 14, 0, -18),
        Glyph::new(1288, 15, 18, 17, 2, -18),
        Glyph::new(1324, 13, 18, 15, 2, -18),
        Glyph::new(1360, 19, 18, 23, 2, -18),
        Glyph::new(1414, 15, 18, 19, 2, -18),
        Glyph::new(1450, 17, 18, 20, 1, -18),
        Glyph::new(1504, 14, 18, 16, 2, -18),
        Glyph::new(1540, 19, 19, 20, 1, -18),
        Glyph::new(1597, 14, 18, 17, 2, -18),
        Glyph::new(1633, 14, 18, 16, 1, -18),
        Glyph::new(1669, 15, 18, 16, 1, -18),
        Glyph::new(1705, 15, 18, 19, 2, -18),
        Glyph::new(1741, 16, 18, 17, 0, -18),
        Glyph::new(1777, 22, 18, 23, 1, -18),
        Glyph::new(1831, 16, 18, 18, 1, -18),
        Glyph::new(1867, 15, 18, 16, 1, -18),
        Glyph::new(1903, 14, 18, 17, 1, -18),
        Glyph::new(1939, 6, 24, 9, 2, -20),
        Glyph::new(1963, 9, 22, 11, 1, -20),
        Glyph::new(2007, 7, 24, 9, 1, -20),
        Glyph::new(2031, 12, 10, 15, 2, -19),
        Glyph::new(2051, 10, 2, 10, 0, 1),
        Glyph::new(2055, 4, 4, 7, 1, -20),
        Glyph::new(2059, 12, 14, 14, 1, -14),
        Glyph::new(2087, 13, 20, 16, 2, -20),
        Glyph::new(2127, 12, 14, 13, 1, -14),
        Glyph::new(2155, 13, 20, 16, 1, -20),
        Glyph::new(2195, 13, 14, 15, 1, -14),
        Glyph::new(2223, 8, 20, 9, 1, -20),
        Glyph::new(2243, 13, 20, 15, 1, -14),
        Glyph::new(2283, 12, 20, 15, 2, -20),
        Glyph::new(2323, 6, 20, 7, 0, -20),
        Glyph::new(2343, 8, 24, 7, -2, -20),
        Glyph::new(2367, 12, 20, 14, 2, -20),
        Glyph::new(2407, 6, 20, 8, 2, -20),
        Glyph::new(2427, 19, 14, 23, 2, -14),
        Glyph::new(2469, 12, 14, 15, 2, -14),
        Glyph::new(2497, 13, 14, 15, 1, -14),
        Glyph::new(2525, 13, 18, 16, 2, -14),
        Glyph::new(2561, 17, 18, 16, 1, -14),
        Glyph::new(2615, 8, 14, 10, 2, -14),
        Glyph::new(2629, 11, 14, 13, 1, -14),
        Glyph::new(2657, 8, 17, 9, 1, -17),
        Glyph::new(2674, 11, 14, 15, 2, -14),
        Glyph::new(2702, 13, 14, 13, 0, -14),
        Glyph::new(2730, 18, 14, 19, 1, -14),
        Glyph::new(2772, 12, 14, 14, 1, -14),
        Glyph::new(2800, 12, 18, 13, -1, -14),
        Glyph::new(2836, 11, 14, 13, 1, -14),
        Glyph::new(2864, 9, 24, 10, 0, -20),
        Glyph::new(2912, 3, 28, 7, 2, -24),
        Glyph::new(2940, 9, 24, 10, 0, -20),
        Glyph::new(2988, 13, 4, 15, 1, -10),
        Glyph::new(2996, 0, 0, 8, 0, 0),
        Glyph::new(2996, 4, 18, 8, 2, -14),
        Glyph::new(3014, 12, 18, 13, 1, -16),
        Glyph::new(3050, 14, 18, 17, 2, -18),
        Glyph::new(3086, 12, 13, 16, 2, -15),
        Glyph::new(3112, 15, 18, 16, 1, -18),
        Glyph::new(3148, 3, 28, 7, 2, -24),
        Glyph::new(3176, 13, 22, 15, 1, -18),
        Glyph::new(3220, 8, 3, 11, 1, -19),
        Glyph::new(3223, 19, 19, 22, 1, -19),
        Glyph::new(3280, 7, 8, 10, 1, -19),
        Glyph::new(3288, 13, 11, 16, 1, -12),
        Glyph::new(3310, 14, 9, 16, 1, -11),
        Glyph::new(3328, 12, 18, 14, 1, -18),
        Glyph::new(3364, 19, 19, 22, 1, -19),
        Glyph::new(3421, 8, 2, 10, 1, -18),
        Glyph::new(3423, 8, 8, 10, 1, -19),
        Glyph::new(3431, 13, 14, 16, 1, -14),
        Glyph::new(3459, 8, 10, 11, 1, -21),
        Glyph::new(3469, 7, 10, 11, 2, -21),
        Glyph::new(3479, 4, 4, 7, 2, -20),
        Glyph::new(3483, 12, 18, 14, 1, -18),
        Glyph::new(3519, 13, 22, 14, 1, -18),
        Glyph::new(3563, 4, 4, 7, 1, -9),
        Glyph::new(3567, 5, 5, 8, 1, 0),
        Glyph::new(3572, 4, 10, 7, 1, -21),
        Glyph::new(3582, 8, 8, 10, 1, -19),
        Glyph::new(3590, 13, 11, 16, 2, -12),
        Glyph::new(3612, 19, 18, 22, 1, -18),
        Glyph::new(3666, 19, 18, 22, 1, -18),
        Glyph::new(3720, 21, 19, 24, 2, -19),
        Glyph::new(3777, 12, 19, 13, 1, -14),
        Glyph::new(3815, 16, 24, 17, 1, -24),
        Glyph::new(3863, 16, 24, 17, 1, -24),
        Glyph::new(3911, 17, 24, 17, 0, -24),
        Glyph::new(3983, 17, 24, 17, -1, -25),
        Glyph::new(4055, 16, 23, 17, 1, -23),
        Glyph::new(4101, 16, 23, 17, 1, -23),
        Glyph::new(4147, 24, 18, 25, 0, -18),
        Glyph::new(4201, 16, 23, 18, 1, -18),
        Glyph::new(4247, 13, 24, 16, 2, -24),
        Glyph::new(4295, 13, 24, 16, 2, -24),
        Glyph::new(4343, 13, 24, 16, 2, -24),
        Glyph::new(4391, 13, 23, 16, 2, -23),
        Glyph::new(4437, 8, 24, 11, 1, -24),
        Glyph::new(4461, 8, 24, 11, 1, -24),
        Glyph::new(4485, 10, 24, 11, 0, -24),
        Glyph::new(4533, 8, 23, 11, 1, -23),
        Glyph::new(4556, 17, 18, 19, 1, -18),
        Glyph::new(4610, 15, 24, 19, 2, -25),
        Glyph::new(4658, 17, 24, 20, 1, -24),
        Glyph::new(4730, 17, 24, 20, 1, -24),
        Glyph::new(4802, 17, 25, 20, 1, -25),
        Glyph::new(4877, 17, 24, 20, 1, -25),
        Glyph::new(4949, 17, 24, 20, 1, -24),
        Glyph::new(5021, 11, 12, 14, 2, -13),
        Glyph::new(5045, 17, 18, 20, 1, -18),
        Glyph::new(5099, 15, 24, 19, 2, -24),
        Glyph::new(5147, 15, 24, 19, 2, -24),
        Glyph::new(5195, 15, 25, 19, 2, -25),
        Glyph::new(5245, 15, 24, 19, 2, -24),
        Glyph::new(5293, 15, 24, 16, 1, -24),
        Glyph::new(5341, 14, 18, 16, 2, -18),
        Glyph::new(5377, 13, 18, 16, 2, -18),
        Glyph::new(5413, 12, 20, 14, 1, -20),
        Glyph::new(5453, 12, 20, 14, 1, -20),
        Glyph::new(5493, 12, 20, 14, 1, -20),
        Glyph::new(5533, 12, 19, 14, 1, -20),
        Glyph::new(5571, 12, 20, 14, 1, -20),
        Glyph::new(5611, 12, 22, 14, 1, -22),
        Glyph::new(5655, 22, 14, 24, 1, -14),
        Glyph::new(5697, 12, 19, 13, 1, -14),
        Glyph::new(5735, 13, 20, 15, 1, -20),
        Glyph::new(5775, 13, 20, 15, 1, -20),
        Glyph::new(5815, 13, 20, 15, 1, -20),
        Glyph::new(5855, 13, 20, 15, 1, -20),
        Glyph::new(5895, 5, 20, 7, 1, -20),
        Glyph::new(5915, 7, 20, 7, 1, -20),
        Glyph::new(5935, 9, 20, 7, -1, -20),
        Glyph::new(5975, 8, 20, 8, 0, -20),
        Glyph::new(5995, 13, 20, 16, 1, -21),
        Glyph::new(6035, 12, 19, 15, 2, -20),
        Glyph::new(6073, 13, 20, 15, 1, -20),
        Glyph::new(6113, 13, 20, 15, 1, -20),
        Glyph::new(6153, 13, 20, 15, 1, -20),
        Glyph::new(6193, 13, 19, 15, 1, -20),
        Glyph::new(6231, 13, 20, 15, 1, -20),
        Glyph::new(6271, 14, 14, 16, 1, -14),
        Glyph::new(6299, 13, 14, 15, 1, -15),
        Glyph::new(6327, 11, 20, 15, 2, -20),
        Glyph::new(6367, 11, 20, 15, 2, -20),
        Glyph::new(6407, 11, 20, 15, 2, -20),
        Glyph::new(6447, 11, 20, 15, 2, -20),
        Glyph::new(6487, 12, 24, 13, -1, -20),
        Glyph::new(6535, 13, 24, 16, 2, -20),
        Glyph::new(6583, 12, 24, 13, -1, -20),
        Glyph::new(6631, 11, 2, 14, 1, -8),
        Glyph::new(6635, 20, 2, 22, 1, -8),
        Glyph::new(6641, 4, 7, 7, 1, -18),
        Glyph::new(6648, 4, 7, 7, 1, -18),
        Glyph::new(6655, 4, 7, 7, 1, -3),
        Glyph::new(6662, 9, 7, 12, 1, -18),
        Glyph::new(6676, 9, 7, 12, 1, -18),
        Glyph::new(6690, 9, 7, 12, 1, -3),
        Glyph::new(6704, 9, 9, 12, 1, -11),
        Glyph::new(6722, 18, 4, 19, 1, -4),
        Glyph::new(6734, 7, 11, 10, 1, -12),
        Glyph::new(6745, 7, 11, 10, 2, -12),
        Glyph::new(6756, 16, 18, 18, 1, -18),
        Glyph::new(6792, 21, 10, 24, 1, -18),
        Glyph::new(6822, 14, 2, 16, 1, -8),
    ],
    bitmap: &[
        0x70, 0x70, 0x70, 0x70, 0x70, 0x70, 0x70, 0x70, 0x70, 0x70, 0x70, 0x20, 0x00, 0x00, 0x60,
        0xF0, 0xF0, 0x60, 0xEE, 0xEE, 0xEE, 0xEE, 0xEE, 0xEE, 0x07, 0x1C, 0x00, 0x07, 0x1C, 0x00,
        0x07, 0x1C, 0x00, 0x06, 0x1C, 0x00, 0x7F, 0xFF, 0x80, 0x7F, 0xFF, 0x80, 0x7F, 0xFF, 0x80,
        0x0E, 0x38, 0x00, 0x0E, 0x38, 0x00, 0x0E, 0x38, 0x00, 0x0C, 0x38, 0x00, 0xFF, 0xFF, 0x00,
        0xFF, 0xFF, 0x00, 0xFF, 0xFF, 0x00, 0x1C, 0x70, 0x00, 0x1C, 0x70, 0x00, 0x1C, 0x70, 0x00,
        0x18, 0x70, 0x00, 0x03, 0x00, 0x03, 0x00, 0x0F, 0xE0, 0x3F, 0xF0, 0x7F, 0xF8, 0xF3, 0x38,
        0xE3, 0x00, 0xE3, 0x00, 0xF3, 0x00, 0x7F, 0x00, 0x7F, 0xC0, 0x1F, 0xF0, 0x03, 0xF8, 0x03,
        0x3C, 0x03, 0x1C, 0x03, 0x1C, 0xE3, 0x1C, 0xF3, 0x38, 0x7F, 0xF8, 0x3F, 0xF0, 0x0F, 0xC0,
        0x03, 0x00, 0x03, 0x00, 0x1E, 0x00, 0xE0, 0x7F, 0x80, 0xC0, 0x73, 0x81, 0xC0, 0xE1, 0xC3,
        0x80, 0xE1, 0xC3, 0x00, 0xE1, 0xC6, 0x00, 0xF3, 0x8E, 0x00, 0x7F, 0x8C, 0x00, 0x1E, 0x18,
        0xF8, 0x00, 0x31, 0xFC, 0x00, 0x73, 0x8E, 0x00, 0x67, 0x07, 0x00, 0xC7, 0x07, 0x01, 0xC7,
        0x07, 0x01, 0x87, 0x07, 0x03, 0x03, 0x8E, 0x06, 0x01, 0xFC, 0x06, 0x00, 0xF8, 0x07, 0xE0,
        0x00, 0x0F, 0xF0, 0x00, 0x1E, 0x78, 0x00, 0x1C, 0x38, 0x00, 0x1C, 0x38, 0x00, 0x1E, 0x30,
        0x00, 0x0E, 0x70, 0x00, 0x0F, 0xC0, 0x00, 0x3F, 0xC3, 0x00, 0x79, 0xE7, 0x00, 0x70, 0xE7,
        0x00, 0xE0, 0x77, 0x00, 0xE0, 0x7E, 0x00, 0xE0, 0x3E, 0x00, 0xE0, 0x3E, 0x00, 0x78, 0x7F,
        0x00, 0x3F, 0xF7, 0x80, 0x1F, 0xC3, 0xC0, 0xE0, 0xE0, 0xE0, 0xE0, 0xE0, 0xE0, 0x1C, 0x1C,
        0x38, 0x38, 0x70, 0x70, 0x70, 0xE0, 0xE0, 0xE0, 0xE0, 0xE0, 0xE0, 0xE0, 0xE0, 0xE0, 0xE0,
        0x70, 0x70, 0x70, 0x38, 0x38, 0x1C, 0x1C, 0xE0, 0xE0, 0x70, 0x70, 0x38, 0x38, 0x38, 0x38,
        0x1C, 0x1C, 0x1C, 0x1C, 0x1C, 0x1C, 0x1C, 0x1C, 0x18, 0x38, 0x38, 0x38, 0x70, 0x70, 0xE0,
        0xE0, 0x0C, 0x00, 0x0C, 0x00, 0x0C, 0x00, 0xFF, 0xC0, 0x7F, 0x80, 0x1E, 0x00, 0x1E, 0x00,
        0x33, 0x00, 0x33, 0x00, 0x07, 0x00, 0x07, 0x00, 0x07, 0x00, 0x07, 0x00, 0x07, 0x00, 0x07,
        0x00, 0xFF, 0xFC, 0xFF, 0xFC, 0x07, 0x00, 0x07, 0x00, 0x07, 0x00, 0x07, 0x00, 0x07, 0x00,
        0x07, 0x00, 0x60, 0xF0, 0xF0, 0x70, 0x60, 0x60, 0xC0, 0xFF, 0xFF, 0x60, 0xF0, 0xF0, 0x60,
        0x03, 0x80, 0x03, 0x80, 0x03, 0x80, 0x03, 0x00, 0x07, 0x00, 0x07, 0x00, 0x06, 0x00, 0x0E,
        0x00, 0x0E, 0x00, 0x0C, 0x00, 0x1C, 0x00, 0x1C, 0x00, 0x18, 0x00, 0x38, 0x00, 0x38, 0x00,
        0x30, 0x00, 0x70, 0x00, 0x70, 0x00, 0x70, 0x00, 0xE0, 0x00, 0xE0, 0x00, 0xE0, 0x00, 0x0F,
        0xE0, 0x1F, 0xF0, 0x3C, 0x38, 0x78, 0x1C, 0x7C, 0x1C, 0xEE, 0x0E, 0xEE, 0x0E, 0xE7, 0x0E,
        0xE3, 0x8E, 0xE1, 0x8E, 0xE1, 0xCE, 0xE0, 0xEE, 0xE0, 0x6E, 0x70, 0x3C, 0x70, 0x3C, 0x38,
        0x38, 0x1F, 0xF0, 0x0F, 0xE0, 0x03, 0x0F, 0xFF, 0xFF, 0x07, 0x07, 0x07, 0x07, 0x07, 0x07,
        0x07, 0x07, 0x07, 0x07, 0x07, 0x07, 0x07, 0x07, 0x0F, 0xC0, 0x3F, 0xF0, 0x78, 0x70, 0x70,
        0x38, 0x30, 0x38, 0x00, 0x38, 0x00, 0x38, 0x00, 0x78, 0x00, 0xF0, 0x00, 0xE0, 0x01, 0xE0,
        0x03, 0xC0, 0x07, 0x80, 0x1E, 0x00, 0x3C, 0x00, 0x78, 0x00, 0xFF, 0xF8, 0xFF, 0xF8, 0x0F,
        0xC0, 0x3F, 0xF0, 0x78, 0x78, 0x70, 0x38, 0x00, 0x38, 0x00, 0x38, 0x00, 0xF0, 0x07, 0xE0,
        0x07, 0xE0, 0x00, 0xF0, 0x00, 0x78, 0x00, 0x38, 0x00, 0x38, 0x60, 0x38, 0xF0, 0x78, 0x78,
        0xF0, 0x3F, 0xE0, 0x0F, 0x80, 0x00, 0x70, 0x00, 0xF0, 0x01, 0xF0, 0x03, 0xF0, 0x07, 0x70,
        0x07, 0x70, 0x0E, 0x70, 0x1C, 0x70, 0x38, 0x70, 0x70, 0x70, 0x70, 0x70, 0xFF, 0xFE, 0xFF,
        0xFE, 0x00, 0x70, 0x00, 0x70, 0x00, 0x70, 0x00, 0x70, 0x00, 0x70, 0x7F, 0xF0, 0x7F, 0xF0,
        0x70, 0x00, 0x70, 0x00, 0x60, 0x00, 0x6F, 0x80, 0xFF, 0xE0, 0xF0, 0xF0, 0x60, 0x70, 0x00,
        0x38, 0x00, 0x38, 0x00, 0x38, 0x00, 0x38, 0xE0, 0x38, 0xE0, 0x70, 0x70, 0xF0, 0x3F, 0xE0,
        0x1F, 0x80, 0x0F, 0xC0, 0x1F, 0xE0, 0x38, 0x70, 0x70, 0x40, 0x70, 0x00, 0x60, 0x00, 0xE7,
        0xC0, 0xFF, 0xE0, 0xF8, 0xF0, 0xF0, 0x78, 0xE0, 0x38, 0xE0, 0x38, 0xE0, 0x38, 0xE0, 0x38,
        0x70, 0x70, 0x78, 0xF0, 0x3F, 0xE0, 0x0F, 0x80, 0xFF, 0xF8, 0xFF, 0xF8, 0x00, 0x38, 0x00,
        0x70, 0x00, 0x70, 0x00, 0xE0, 0x00, 0xE0, 0x01, 0xC0, 0x01, 0xC0, 0x03, 0xC0, 0x03, 0x80,
        0x07, 0x80, 0x07, 0x00, 0x0F, 0x00, 0x0E, 0x00, 0x1E, 0x00, 0x1C, 0x00, 0x3C, 0x00, 0x07,
        0x80, 0x1F, 0xE0, 0x1C, 0xE0, 0x38, 0x70, 0x38, 0x70, 0x38, 0x70, 0x3C, 0xF0, 0x1F, 0xE0,
        0x3F, 0xF0, 0x78, 0x78, 0xF0, 0x3C, 0xE0, 0x1C, 0xE0, 0x1C, 0xE0, 0x1C, 0xF0, 0x3C, 0x78,
        0x78, 0x3F, 0xF0, 0x0F, 0xC0, 0x0F, 0x80, 0x3F, 0xE0, 0x7F, 0xF0, 0x78, 0xF0, 0xF0, 0x78,
        0xE0, 0x38, 0xE0, 0x38, 0xE0, 0x38, 0xF0, 0x78, 0x78, 0xF0, 0x3F, 0xF0, 0x1F, 0xE0, 0x07,
        0xE0, 0x01, 0xC0, 0x03, 0x80, 0x03, 0x80, 0x07, 0x00, 0x0F, 0x00, 0x60, 0xF0, 0xF0, 0x60,
        0x00, 0x00, 0x00, 0x00, 0x00, 0x00, 0x60, 0xF0, 0xF0, 0x60, 0x60, 0xF0, 0xF0, 0x60, 0x00,
        0x00, 0x00, 0x00, 0x00, 0x00, 0x60, 0xF0, 0xF0, 0x70, 0x60, 0x60, 0xC0, 0x00, 0x08, 0x00,
        0x38, 0x00, 0xF8, 0x03, 0xF0, 0x1F, 0xC0, 0x7E, 0x00, 0xF8, 0x00, 0xF0, 0x00, 0x7E, 0x00,
        0x1F, 0x80, 0x07, 0xE0, 0x01, 0xF8, 0x00, 0x78, 0x00, 0x08, 0xFF, 0xFC, 0xFF, 0xFC, 0x00,
        0x00, 0x00, 0x00, 0x00, 0x00, 0xFF, 0xFC, 0xFF, 0xFC, 0x80, 0x00, 0xE0, 0x00, 0xF8, 0x00,
        0x7E, 0x00, 0x1F, 0xC0, 0x03, 0xF0, 0x00, 0xF8, 0x00, 0x78, 0x03, 0xF0, 0x0F, 0xC0, 0x3F,
        0x00, 0xFC, 0x00, 0xF0, 0x00, 0x80, 0x00, 0x1F, 0x80, 0x7F, 0xE0, 0xF0, 0xF0, 0xE0, 0x70,
        0x00, 0x70, 0x00, 0x70, 0x00, 0xE0, 0x03, 0xE0, 0x07, 0xC0, 0x0F, 0x00, 0x0E, 0x00, 0x0E,
        0x00, 0x00, 0x00, 0x00, 0x00, 0x0C, 0x00, 0x1E, 0x00, 0x1E, 0x00, 0x0C, 0x00, 0x01, 0xF8,
        0x00, 0x0F, 0xFE, 0x00, 0x1E, 0x0F, 0x00, 0x38, 0x03, 0x80, 0x30, 0x01, 0xC0, 0x61, 0xF8,
        0xC0, 0x67, 0xF8, 0x60, 0xC7, 0x18, 0x60, 0xCE, 0x18, 0x60, 0xCE, 0x18, 0x60, 0xCE, 0x18,
        0x60, 0xCE, 0x18, 0x60, 0xCF, 0x38, 0xC0, 0x67, 0xEF, 0xC0, 0x63, 0xC7, 0x80, 0x70, 0x00,
        0x00, 0x38, 0x00, 0x00, 0x1E, 0x08, 0x00, 0x0F, 0xF8, 0x00, 0x03, 0xF0, 0x00, 0x01, 0xE0,
        0x00, 0x03, 0xE0, 0x00, 0x03, 0xE0, 0x00, 0x03, 0xF0, 0x00, 0x07, 0x70, 0x00, 0x07, 0x78,
        0x00, 0x07, 0x38, 0x00, 0x0E, 0x38, 0x00, 0x0E, 0x1C, 0x00, 0x1E, 0x1C, 0x00, 0x1C, 0x1C,
        0x00, 0x1C, 0x0E, 0x00, 0x3F, 0xFE, 0x00, 0x3F, 0xFF, 0x00, 0x38, 0x07, 0x00, 0x70, 0x07,
        0x00, 0x70, 0x07, 0x80, 0xF0, 0x03, 0x80, 0xFF, 0xC0, 0xFF, 0xF0, 0xE0, 0x78, 0xE0, 0x38,
        0xE0, 0x38, 0xE0, 0x38, 0xE0, 0x70, 0xFF, 0xE0, 0xFF, 0xF0, 0xE0, 0x38, 0xE0, 0x3C, 0xE0,
        0x1C, 0xE0, 0x1C, 0xE0, 0x1C, 0xE0, 0x3C, 0xE0, 0x38, 0xFF, 0xF0, 0xFF, 0xC0, 0x07, 0xF0,
        0x1F, 0xFC, 0x3C, 0x1E, 0x78, 0x0E, 0x70, 0x00, 0xF0, 0x00, 0xE0, 0x00, 0xE0, 0x00, 0xE0,
        0x00, 0xE0, 0x00, 0xE0, 0x00, 0xE0, 0x00, 0xF0, 0x00, 0x70, 0x00, 0x78, 0x0F, 0x3C, 0x1E,
        0x1F, 0xFC, 0x07, 0xF0, 0xFF, 0x80, 0xFF, 0xF0, 0xE0, 0x78, 0xE0, 0x3C, 0xE0, 0x1C, 0xE0,
        0x1E, 0xE0, 0x0E, 0xE0, 0x0E, 0xE0, 0x0E, 0xE0, 0x0E, 0xE0, 0x0E, 0xE0, 0x0E, 0xE0, 0x1E,
        0xE0, 0x1C, 0xE0, 0x3C, 0xE0, 0x78, 0xFF, 0xF0, 0xFF, 0x80, 0xFF, 0xF8, 0xFF, 0xF8, 0xFF,
        0xF8, 0xE0, 0x00, 0xE0, 0x00, 0xE0, 0x00, 0xE0, 0x00, 0xFF, 0xC0, 0xFF, 0xC0, 0xFF, 0xC0,
        0xE0, 0x00, 0xE0, 0x00, 0xE0, 0x00, 0xE0, 0x00, 0xE0, 0x00, 0xFF, 0xF8, 0xFF, 0xF8, 0xFF,
        0xF8, 0xFF, 0xF0, 0xFF, 0xF0, 0xFF, 0xF0, 0xE0, 0x00, 0xE0, 0x00, 0xE0, 0x00, 0xE0, 0x00,
        0xFF, 0xF0, 0xFF, 0xF0, 0xFF, 0xF0, 0xE0, 0x00, 0xE0, 0x00, 0xE0, 0x00, 0xE0, 0x00, 0xE0,
        0x00, 0xE0, 0x00, 0xE0, 0x00, 0xE0, 0x00, 0x07, 0xF0, 0x1F, 0xFC, 0x3C, 0x1E, 0x78, 0x0E,
        0x70, 0x00, 0x70, 0x00, 0xE0, 0x00, 0xE0, 0x00, 0xE0, 0xFF, 0xE0, 0xFF, 0xE0, 0x07, 0xE0,
        0x07, 0xF0, 0x07, 0x70, 0x0F, 0x78, 0x0F, 0x3C, 0x1F, 0x1F, 0xFB, 0x07, 0xE3, 0xE0, 0x0E,
        0xE0, 0x0E, 0xE0, 0x0E, 0xE0, 0x0E, 0xE0, 0x0E, 0xE0, 0x0E, 0xE0, 0x0E, 0xFF, 0xFE, 0xFF,
        0xFE, 0xFF, 0xFE, 0xE0, 0x0E, 0xE0, 0x0E, 0xE0, 0x0E, 0xE0, 0x0E, 0xE0, 0x0E, 0xE0, 0x0E,
        0xE0, 0x0E, 0xE0, 0x0E, 0xFF, 0xFF, 0x1C, 0x1C, 0x1C, 0x1C, 0x1C, 0x1C, 0x1C, 0x1C, 0x1C,
        0x1C, 0x1C, 0x1C, 0x1C, 0x1C, 0xFF, 0xFF, 0x00, 0x70, 0x00, 0x70, 0x00, 0x70, 0x00, 0x70,
        0x00, 0x70, 0x00, 0x70, 0x00, 0x70, 0x00, 0x70, 0x00, 0x70, 0x00, 0x70, 0x00, 0x70, 0x00,
        0x70, 0x20, 0x70, 0xE0, 0x70, 0xF0, 0x70, 0x70, 0xE0, 0x3F, 0xC0, 0x1F, 0x80, 0xE0, 0x3C,
        0xE0, 0x78, 0xE0, 0xF0, 0xE1, 0xE0, 0xE1, 0xC0, 0xE3, 0x80, 0xE7, 0x00, 0xEF, 0x00, 0xFF,
        0x00, 0xFF, 0x80, 0xFB, 0xC0, 0xF1, 0xC0, 0xE1, 0xE0, 0xE0, 0xF0, 0xE0, 0x78, 0xE0, 0x38,
        0xE0, 0x3C, 0xE0, 0x1E, 0xE0, 0x00, 0xE0, 0x00, 0xE0, 0x00, 0xE0, 0x00, 0xE0, 0x00, 0xE0,
        0x00, 0xE0, 0x00, 0xE0, 0x00, 0xE0, 0x00, 0xE0, 0x00, 0xE0, 0x00, 0xE0, 0x00, 0xE0, 0x00,
        0xE0, 0x00, 0xE0, 0x00, 0xFF, 0xF8, 0xFF, 0xF8, 0xFF, 0xF8, 0xF8, 0x03, 0xE0, 0xF8, 0x03,
        0xE0, 0xFC, 0x07, 0xE0, 0xFC, 0x07, 0xE0, 0xFC, 0x07, 0xE0, 0xEE, 0x0E, 0xE0, 0xEE, 0x0E,
        0xE0, 0xEE, 0x0E, 0xE0, 0xE7, 0x1C, 0xE0, 0xE7, 0x1C, 0xE0, 0xE3, 0x1C, 0xE0, 0xE3, 0xB8,
        0xE0, 0xE3, 0xB8, 0xE0, 0xE1, 0xB0, 0xE0, 0xE1, 0xF0, 0xE0, 0xE1, 0xF0, 0xE0, 0xE0, 0xE0,
        0xE0, 0xE0, 0xE0, 0xE0, 0xF8, 0x0E, 0xF8, 0x0E, 0xFC, 0x0E, 0xFC, 0x0E, 0xEE, 0x0E, 0xEE,
        0x0E, 0xE7, 0x0E, 0xE7, 0x0E, 0xE3, 0x8E, 0xE3, 0x8E, 0xE1, 0xCE, 0xE1, 0xCE, 0xE0, 0xEE,
        0xE0, 0xEE, 0xE0, 0x7E, 0xE0, 0x7E, 0xE0, 0x3E, 0xE0, 0x3E, 0x07, 0xF0, 0x00, 0x0F, 0xFC,
        0x00, 0x3C, 0x1E, 0x00, 0x38, 0x0E, 0x00, 0x70, 0x07, 0x00, 0x70, 0x07, 0x00, 0xE0, 0x03,
        0x80, 0xE0, 0x03, 0x80, 0xE0, 0x03, 0x80, 0xE0, 0x03, 0x80, 0xE0, 0x03, 0x80, 0xE0, 0x03,
        0x80, 0x70, 0x07, 0x00, 0x70, 0x07, 0x00, 0x38, 0x0E, 0x00, 0x3C, 0x1E, 0x00, 0x1F, 0xF8,
        0x00, 0x07, 0xF0, 0x00, 0xFF, 0xC0, 0xFF, 0xF0, 0xE0, 0x78, 0xE0, 0x1C, 0xE0, 0x1C, 0xE0,
        0x1C, 0xE0, 0x1C, 0xE0, 0x1C, 0xE0, 0x78, 0xFF, 0xF0, 0xFF, 0xC0, 0xE0, 0x00, 0xE0, 0x00,
        0xE0, 0x00, 0xE0, 0x00, 0xE0, 0x00, 0xE0, 0x00, 0xE0, 0x00, 0x07, 0xF0, 0x00, 0x0F, 0xF8,
        0x00, 0x3C, 0x1E, 0x00, 0x38, 0x0E, 0x00, 0x70, 0x07, 0x00, 0x70, 0x07, 0x00, 0xE0, 0x03,
        0x80, 0xE0, 0x03, 0x80, 0xE0, 0x43, 0x80, 0xE0, 0xE3, 0x80, 0xE0, 0xF3, 0x80, 0xE0, 0x7B,
        0x80, 0x70, 0x3F, 0x80, 0x70, 0x1F, 0x00, 0x38, 0x0F, 0x00, 0x3C, 0x1F, 0x80, 0x1F, 0xFF,
        0xC0, 0x07, 0xF1, 0xE0, 0x00, 0x00, 0xC0, 0xFF, 0xE0, 0xFF, 0xF8, 0xE0, 0x38, 0xE0, 0x1C,
        0xE0, 0x1C, 0xE0, 0x1C, 0xE0, 0x1C, 0xE0, 0x38, 0xFF, 0xF0, 0xFF, 0xE0, 0xE3, 0xC0, 0xE1,
        0xC0, 0xE1, 0xE0, 0xE0, 0xF0, 0xE0, 0x70, 0xE0, 0x78, 0xE0, 0x3C, 0xE0, 0x1C, 0x0F, 0xC0,
        0x3F, 0xF0, 0x70, 0x78, 0xE0, 0x30, 0xE0, 0x00, 0xE0, 0x00, 0xF8, 0x00, 0x7F, 0x80, 0x3F,
        0xF0, 0x1F, 0xF8, 0x01, 0xFC, 0x00, 0x3C, 0x00, 0x1C, 0x40, 0x1C, 0xE0, 0x1C, 0xF8, 0x78,
        0x7F, 0xF0, 0x1F, 0xC0, 0xFF, 0xFE, 0xFF, 0xFE, 0xFF, 0xFE, 0x03, 0x80, 0x03, 0x80, 0x03,
        0x80, 0x03, 0x80, 0x03, 0x80, 0x03, 0x80, 0x03, 0x80, 0x03, 0x80, 0x03, 0x80, 0x03, 0x80,
        0x03, 0x80, 0x03, 0x80, 0x03, 0x80, 0x03, 0x80, 0x03, 0x80, 0xE0, 0x0E, 0xE0, 0x0E, 0xE0,
        0x0E, 0xE0, 0x0E, 0xE0, 0x0E, 0xE0, 0x0E, 0xE0, 0x0E, 0xE0, 0x0E, 0xE0, 0x0E, 0xE0, 0x0E,
        0xE0, 0x0E, 0xE0, 0x0E, 0xE0, 0x0E, 0xE0, 0x0E, 0x70, 0x1C, 0x78, 0x3C, 0x3F, 0xF8, 0x0F,
        0xE0, 0xF0, 0x07, 0x70, 0x0F, 0x70, 0x0E, 0x78, 0x0E, 0x38, 0x1E, 0x38, 0x1C, 0x1C, 0x1C,
        0x1C, 0x3C, 0x1C, 0x38, 0x0E, 0x38, 0x0E, 0x38, 0x0E, 0x70, 0x07, 0x70, 0x07, 0x70, 0x07,
        0xE0, 0x03, 0xE0, 0x03, 0xE0, 0x03, 0xC0, 0xE0, 0x78, 0x1C, 0xE0, 0x78, 0x3C, 0xE0, 0xF8,
        0x38, 0xF0, 0xF8, 0x38, 0x70, 0xF8, 0x38, 0x70, 0xDC, 0x78, 0x70, 0xDC, 0x70, 0x71, 0xCC,
        0x70, 0x39, 0xCC, 0x70, 0x39, 0x8E, 0x70, 0x39, 0x8E, 0xE0, 0x3B, 0x8E, 0xE0, 0x1F, 0x86,
        0xE0, 0x1F, 0x86, 0xE0, 0x1F, 0x07, 0xC0, 0x1F, 0x07, 0xC0, 0x0F, 0x03, 0xC0, 0x0F, 0x03,
        0xC0, 0xF0, 0x0F, 0x70, 0x1E, 0x78, 0x3C, 0x3C, 0x38, 0x1E, 0x78, 0x0E, 0xF0, 0x0F, 0xE0,
        0x07, 0xE0, 0x03, 0xC0, 0x07, 0xC0, 0x07, 0xE0, 0x0F, 0xF0, 0x1E, 0x70, 0x3C, 0x78, 0x38,
        0x3C, 0x78, 0x1C, 0xF0, 0x1E, 0xE0, 0x0F, 0xE0, 0x0E, 0xF0, 0x1E, 0x70, 0x1C, 0x78, 0x3C,
        0x38, 0x38, 0x1C, 0x70, 0x1E, 0xF0, 0x0E, 0xE0, 0x0F, 0xE0, 0x07, 0xC0, 0x03, 0x80, 0x03,
        0x80, 0x03, 0x80, 0x03, 0x80, 0x03, 0x80, 0x03, 0x80, 0x03, 0x80, 0x03, 0x80, 0xFF, 0xFC,
        0xFF, 0xFC, 0xFF, 0xFC, 0x00, 0x38, 0x00, 0x78, 0x00, 0xF0, 0x01, 0xE0, 0x03, 0xC0, 0x07,
        0x80, 0x07, 0x00, 0x0E, 0x00, 0x1E, 0x00, 0x3C, 0x00, 0x78, 0x00, 0x70, 0x00, 0xFF, 0xFC,
        0xFF, 0xFC, 0xFF, 0xFC, 0xFC, 0xFC, 0xE0, 0xE0, 0xE0, 0xE0, 0xE0, 0xE0, 0xE0, 0xE0, 0xE0,
        0xE0, 0xE0, 0xE0, 0xE0, 0xE0, 0xE0, 0xE0, 0xE0, 0xE0, 0xE0, 0xE0, 0xFC, 0xFC, 0xE0, 0x00,
        0xE0, 0x00, 0xE0, 0x00, 0x60, 0x00, 0x70, 0x00, 0x70, 0x00, 0x30, 0x00, 0x38, 0x00, 0x38,
        0x00, 0x18, 0x00, 0x1C, 0x00, 0x1C, 0x00, 0x0C, 0x00, 0x0E, 0x00, 0x0E, 0x00, 0x06, 0x00,
        0x07, 0x00, 0x07, 0x00, 0x03, 0x00, 0x03, 0x80, 0x03, 0x80, 0x01, 0x80, 0xFE, 0xFE, 0x0E,
        0x0E, 0x0E, 0x0E, 0x0E, 0x0E, 0x0E, 0x0E, 0x0E, 0x0E, 0x0E, 0x0E, 0x0E, 0x0E, 0x0E, 0x0E,
        0x0E, 0x0E, 0x0E, 0x0E, 0xFE, 0xFE, 0x0E, 0x00, 0x0F, 0x00, 0x1F, 0x00, 0x1F, 0x80, 0x3B,
        0x80, 0x39, 0xC0, 0x71, 0xC0, 0x70, 0xE0, 0xE0, 0xE0, 0xE0, 0x70, 0xFF, 0xC0, 0xFF, 0xC0,
        0xC0, 0xE0, 0x70, 0x30, 0x0F, 0x80, 0x3F, 0xE0, 0x70, 0xE0, 0x30, 0x70, 0x00, 0x70, 0x01,
        0xF0, 0x1F, 0xF0, 0x7F, 0x70, 0xF0, 0x70, 0xE0, 0x70, 0xE0, 0xF0, 0xF1, 0xF0, 0x7F, 0xF0,
        0x3E, 0x70, 0xE0, 0x00, 0xE0, 0x00, 0xE0, 0x00, 0xE0, 0x00, 0xE0, 0x00, 0xE0, 0x00, 0xE7,
        0xC0, 0xFF, 0xE0, 0xF8, 0xF0, 0xF0, 0x70, 0xE0, 0x38, 0xE0, 0x38, 0xE0, 0x38, 0xE0, 0x38,
        0xE0, 0x38, 0xE0, 0x38, 0xF0, 0x70, 0xF8, 0xF0, 0xFF, 0xE0, 0xE7, 0x80, 0x0F, 0x80, 0x3F,
        0xE0, 0x78, 0xF0, 0x70, 0x40, 0xE0, 0x00, 0xE0, 0x00, 0xE0, 0x00, 0xE0, 0x00, 0xE0, 0x00,
        0xE0, 0x00, 0x70, 0x40, 0x78, 0xF0, 0x3F, 0xE0, 0x0F, 0x80, 0x00, 0x38, 0x00, 0x38, 0x00,
        0x38, 0x00, 0x38, 0x00, 0x38, 0x00, 0x38, 0x1F, 0x38, 0x3F, 0xF8, 0x78, 0xF8, 0x70, 0x78,
        0xE0, 0x38, 0xE0, 0x38, 0xE0, 0x38, 0xE0, 0x38, 0xE0, 0x38, 0xE0, 0x38, 0x70, 0x78, 0x78,
        0xF8, 0x3F, 0xF8, 0x1F, 0x38, 0x0F, 0x80, 0x3F, 0xE0, 0x78, 0xF0, 0x70, 0x70, 0xE0, 0x38,
        0xE0, 0x38, 0xFF, 0xF8, 0xFF, 0xF8, 0xE0, 0x00, 0xE0, 0x00, 0x70, 0x00, 0x78, 0x70, 0x3F,
        0xE0, 0x0F, 0xC0, 0x1F, 0x3F, 0x38, 0x38, 0x38, 0x38, 0xFF, 0xFF, 0x38, 0x38, 0x38, 0x38,
        0x38, 0x38, 0x38, 0x38, 0x38, 0x38, 0x38, 0x38, 0x1F, 0x38, 0x3F, 0xF8, 0x78, 0xF8, 0x70,
        0x78, 0xE0, 0x38, 0xE0, 0x38, 0xE0, 0x38, 0xE0, 0x38, 0xE0, 0x38, 0xE0, 0x38, 0x70, 0x78,
        0x78, 0xF8, 0x3F, 0xF8, 0x1F, 0x38, 0x00, 0x38, 0x00, 0x38, 0x30, 0x38, 0x78, 0x70, 0x3F,
        0xE0, 0x0F, 0xC0, 0xE0, 0x00, 0xE0, 0x00, 0xE0, 0x00, 0xE0, 0x00, 0xE0, 0x00, 0xE0, 0x00,
        0xE7, 0xC0, 0xFF, 0xE0, 0xF8, 0xF0, 0xF0, 0x70, 0xE0, 0x70, 0xE0, 0x70, 0xE0, 0x70, 0xE0,
        0x70, 0xE0, 0x70, 0xE0, 0x70, 0xE0, 0x70, 0xE0, 0x70, 0xE0, 0x70, 0xE0, 0x70, 0x3C, 0x3C,
        0x3C, 0x00, 0x00, 0x00, 0xFC, 0xFC, 0x1C, 0x1C, 0x1C, 0x1C, 0x1C, 0x1C, 0x1C, 0x1C, 0x1C,
        0x1C, 0x1C, 0x1C, 0x0F, 0x0F, 0x0F, 0x00, 0x00, 0x00, 0x0E, 0x0E, 0x0E, 0x0E, 0x0E, 0x0E,
        0x0E, 0x0E, 0x0E, 0x0E, 0x0E, 0x0E, 0x0E, 0x0E, 0x0E, 0x0E, 0xFC, 0xF8, 0xE0, 0x00, 0xE0,
        0x00, 0xE0, 0x00, 0xE0, 0x00, 0xE0, 0x00, 0xE0, 0x00, 0xE0, 0xE0, 0xE1, 0xC0, 0xE3, 0x80,
        0xE7, 0x00, 0xEF, 0x00, 0xFE, 0x00, 0xFE, 0x00, 0xFF, 0x00, 0xF7, 0x00, 0xE3, 0x80, 0xE3,
        0xC0, 0xE1, 0xC0, 0xE0, 0xE0, 0xE0, 0xF0, 0xE0, 0xE0, 0xE0, 0xE0, 0xE0, 0xE0, 0xE0, 0xE0,
        0xE0, 0xE0, 0xE0, 0xE0, 0xE0, 0xE0, 0xE0, 0xE0, 0xE0, 0xE0, 0xFC, 0x7C, 0xE7, 0x8F, 0x80,
        0xFF, 0xDF, 0xC0, 0xF1, 0xF1, 0xE0, 0xE0, 0xE0, 0xE0, 0xE0, 0xE0, 0xE0, 0xE0, 0xE0, 0xE0,
        0xE0, 0xE0, 0xE0, 0xE0, 0xE0, 0xE0, 0xE0, 0xE0, 0xE0, 0xE0, 0xE0, 0xE0, 0xE0, 0xE0, 0xE0,
        0xE0, 0xE0, 0xE0, 0xE0, 0xE0, 0xE0, 0xE0, 0xE0, 0xE0, 0xE7, 0xC0, 0xFF, 0xE0, 0xF8, 0xF0,
        0xF0, 0x70, 0xE0, 0x70, 0xE0, 0x70, 0xE0, 0x70, 0xE0, 0x70, 0xE0, 0x70, 0xE0, 0x70, 0xE0,
        0x70, 0xE0, 0x70, 0xE0, 0x70, 0xE0, 0x70, 0x0F, 0x80, 0x3F, 0xE0, 0x78, 0xF0, 0x70, 0x70,
        0xE0, 0x38, 0xE0, 0x38, 0xE0, 0x38, 0xE0, 0x38, 0xE0, 0x38, 0xE0, 0x38, 0x70, 0x70, 0x78,
        0xF0, 0x3F, 0xE0, 0x0F, 0x80, 0xE7, 0xC0, 0xFF, 0xE0, 0xF8, 0xF0, 0xF0, 0x70, 0xE0, 0x38,
        0xE0, 0x38, 0xE0, 0x38, 0xE0, 0x38, 0xE0, 0x38, 0xE0, 0x38, 0xF0, 0x70, 0xF8, 0xF0, 0xFF,
        0xE0, 0xE7, 0x80, 0xE0, 0x00, 0xE0, 0x00, 0xE0, 0x00, 0xE0, 0x00, 0x1F, 0x38, 0x00, 0x3F,
        0xF8, 0x00, 0x78, 0xF8, 0x00, 0x70, 0x78, 0x00, 0xE0, 0x38, 0x00, 0xE0, 0x38, 0x00, 0xE0,
        0x38, 0x00, 0xE0, 0x38, 0x00, 0xE0, 0x38, 0x00, 0xE0, 0x38, 0x00, 0x70, 0x78, 0x00, 0x78,
        0xF8, 0x00, 0x3F, 0xF8, 0x00, 0x1F, 0x38, 0x00, 0x00, 0x38, 0x00, 0x00, 0x38, 0x00, 0x00,
        0x3F, 0x80, 0x00, 0x0F, 0x80, 0xC7, 0xEF, 0xFF, 0xF8, 0xF0, 0xE0, 0xE0, 0xE0, 0xE0, 0xE0,
        0xE0, 0xE0, 0xE0, 0xE0, 0x1F, 0x00, 0x7F, 0xC0, 0xF1, 0xC0, 0xE0, 0x00, 0xE0, 0x00, 0xFC,
        0x00, 0x7F, 0x80, 0x1F, 0xC0, 0x03, 0xE0, 0x00, 0xE0, 0xE0, 0xE0, 0xF1, 0xE0, 0x7F, 0xC0,
        0x3F, 0x00, 0x38, 0x38, 0x38, 0xFF, 0xFF, 0x38, 0x38, 0x38, 0x38, 0x38, 0x38, 0x38, 0x38,
        0x38, 0x38, 0x3F, 0x1F, 0xE0, 0xE0, 0xE0, 0xE0, 0xE0, 0xE0, 0xE0, 0xE0, 0xE0, 0xE0, 0xE0,
        0xE0, 0xE0, 0xE0, 0xE0, 0xE0, 0xE0, 0xE0, 0xE0, 0xE0, 0xE0, 0xE0, 0xF1, 0xE0, 0x7F, 0xE0,
        0x3E, 0xE0, 0xE0, 0x38, 0x70, 0x70, 0x70, 0x70, 0x70, 0x70, 0x38, 0xE0, 0x38, 0xE0, 0x38,
        0xE0, 0x1C, 0xC0, 0x1D, 0xC0, 0x0D, 0xC0, 0x0F, 0x80, 0x0F, 0x80, 0x07, 0x80, 0x07, 0x00,
        0xC1, 0xC1, 0xC0, 0xE1, 0xC3, 0x80, 0xE1, 0xE3, 0x80, 0xE3, 0x63, 0x80, 0x63, 0x63, 0x80,
        0x73, 0x67, 0x00, 0x73, 0x67, 0x00, 0x77, 0x37, 0x00, 0x36, 0x36, 0x00, 0x3E, 0x3E, 0x00,
        0x3E, 0x3E, 0x00, 0x3E, 0x1E, 0x00, 0x1C, 0x1C, 0x00, 0x1C, 0x1C, 0x00, 0xE0, 0xF0, 0x70,
        0xE0, 0x79, 0xC0, 0x3B, 0xC0, 0x1F, 0x80, 0x1F, 0x00, 0x0F, 0x00, 0x0F, 0x00, 0x1F, 0x80,
        0x3F, 0x80, 0x39, 0xC0, 0x71, 0xE0, 0xF0, 0xE0, 0xE0, 0x70, 0xE0, 0x70, 0xE0, 0x70, 0x70,
        0xE0, 0x70, 0xE0, 0x70, 0xE0, 0x39, 0xC0, 0x39, 0xC0, 0x39, 0xC0, 0x1F, 0x80, 0x1F, 0x80,
        0x0F, 0x80, 0x0F, 0x00, 0x0F, 0x00, 0x06, 0x00, 0x06, 0x00, 0x0E, 0x00, 0x7C, 0x00, 0x78,
        0x00, 0xFF, 0xE0, 0xFF, 0xE0, 0x01, 0xE0, 0x03, 0xC0, 0x07, 0x80, 0x07, 0x00, 0x0F, 0x00,
        0x1E, 0x00, 0x1C, 0x00, 0x38, 0x00, 0x78, 0x00, 0xF0, 0x00, 0xFF, 0xE0, 0xFF, 0xE0, 0x0F,
        0x80, 0x1F, 0x80, 0x1C, 0x00, 0x1C, 0x00, 0x1C, 0x00, 0x1C, 0x00, 0x1C, 0x00, 0x1C, 0x00,
        0x1C, 0x00, 0x1C, 0x00, 0x3C, 0x00, 0xF8, 0x00, 0xF8, 0x00, 0x3C, 0x00, 0x1C, 0x00, 0x1C,
        0x00, 0x1C, 0x00, 0x1C, 0x00, 0x1C, 0x00, 0x1C, 0x00, 0x1C, 0x00, 0x1C, 0x00, 0x1F, 0x80,
        0x0F, 0x80, 0xE0, 0xE0, 0xE0, 0xE0, 0xE0, 0xE0, 0xE0, 0xE0, 0xE0, 0xE0, 0xE0, 0xE0, 0xE0,
        0xE0, 0xE0, 0xE0, 0xE0, 0xE0, 0xE0, 0xE0, 0xE0, 0xE0, 0xE0, 0xE0, 0xE0, 0xE0, 0xE0, 0xE0,
        0xF8, 0x00, 0xFC, 0x00, 0x1C, 0x00, 0x1C, 0x00, 0x1C, 0x00, 0x1C, 0x00, 0x1C, 0x00, 0x1C,
        0x00, 0x1C, 0x00, 0x1C, 0x00, 0x1E, 0x00, 0x0F, 0x80, 0x0F, 0x80, 0x1E, 0x00, 0x1C, 0x00,
        0x1C, 0x00, 0x1C, 0x00, 0x1C, 0x00, 0x1C, 0x00, 0x1C, 0x00, 0x1C, 0x00, 0x1C, 0x00, 0xFC,
        0x00, 0xF8, 0x00, 0x78, 0x38, 0xFE, 0x30, 0xC7, 0xF0, 0xC1, 0xE0, 0x60, 0xF0, 0xF0, 0x60,
        0x00, 0x00, 0x20, 0x70, 0x70, 0x70, 0x70, 0x70, 0x70, 0x70, 0x70, 0x70, 0x70, 0x70, 0x06,
        0x00, 0x06, 0x00, 0x1F, 0x80, 0x3F, 0xE0, 0x7E, 0xF0, 0x76, 0x60, 0xE6, 0x00, 0xE6, 0x00,
        0xE6, 0x00, 0xE6, 0x00, 0xE6, 0x00, 0xE6, 0x00, 0x76, 0x60, 0x7F, 0xE0, 0x3F, 0xE0, 0x0F,
        0x80, 0x06, 0x00, 0x06, 0x00, 0x0F, 0xE0, 0x3F, 0xF8, 0x78, 0x3C, 0x70, 0x18, 0x70, 0x00,
        0x70, 0x00, 0x38, 0x00, 0xFF, 0xE0, 0xFF, 0xE0, 0x1C, 0x00, 0x1C, 0x00, 0x1C, 0x00, 0x1C,
        0x00, 0x18, 0x00, 0x38, 0x00, 0x7F, 0x0C, 0xFF, 0xFC, 0x40, 0xF8, 0xCF, 0x30, 0x7F, 0xE0,
        0x79, 0xE0, 0x70, 0xE0, 0xE0, 0x70, 0xE0, 0x70, 0xE0, 0x70, 0xE0, 0x70, 0x70, 0xE0, 0x79,
        0xE0, 0x7F, 0xE0, 0xCF, 0x30, 0x80, 0x00, 0xE0, 0x0E, 0xF0, 0x1E, 0x70, 0x1C, 0x78, 0x3C,
        0x3C, 0x78, 0x1C, 0x70, 0x1E, 0xF0, 0x0E, 0xE0, 0x07, 0xC0, 0x07, 0xC0, 0x3F, 0xF8, 0x3F,
        0xF8, 0x03, 0x80, 0x03, 0x80, 0x3F, 0xF8, 0x3F, 0xF8, 0x03, 0x80, 0x03, 0x80, 0xE0, 0xE0,
        0xE0, 0xE0, 0xE0, 0xE0, 0xE0, 0xE0, 0xE0, 0xE0, 0xE0, 0x00, 0x00, 0x00, 0x00, 0x00, 0x00,
        0xE0, 0xE0, 0xE0, 0xE0, 0xE0, 0xE0, 0xE0, 0xE0, 0xE0, 0xE0, 0xE0, 0x0F, 0xC0, 0x3F, 0xE0,
        0x78, 0xF0, 0x70, 0x60, 0x70, 0x00, 0x3C, 0x00, 0x1F, 0x00, 0x3F, 0xC0, 0x77, 0xE0, 0xE1,
        0xF0, 0xE0, 0x78, 0xF0, 0x38, 0x78, 0x38, 0x3E, 0x70, 0x1F, 0xE0, 0x07, 0xC0, 0x01, 0xE0,
        0x00, 0x70, 0x30, 0x70, 0x78, 0xF0, 0x3F, 0xE0, 0x1F, 0x80, 0xE7, 0xE7, 0xE7, 0x03, 0xF8,
        0x00, 0x0F, 0xFE, 0x00, 0x1E, 0x0F, 0x00, 0x38, 0x03, 0x80, 0x71, 0xF1, 0xC0, 0x67, 0xF8,
        0xC0, 0xE7, 0x1C, 0xE0, 0xCE, 0x00, 0x60, 0xCE, 0x00, 0x60, 0xCE, 0x00, 0x60, 0xCE, 0x00,
        0x60, 0xCE, 0x00, 0x60, 0xE7, 0x18, 0xE0, 0x67, 0xF8, 0xC0, 0x71, 0xF1, 0xC0, 0x38, 0x03,
        0x80, 0x1E, 0x0F, 0x00, 0x0F, 0xFE, 0x00, 0x03, 0xF8, 0x00, 0x7C, 0x46, 0x06, 0x7E, 0xFE,
        0xC6, 0xCE, 0x7E, 0x0E, 0x38, 0x1E, 0x78, 0x1C, 0x70, 0x38, 0xE0, 0x71, 0xC0, 0xF3, 0xC0,
        0x71, 0xC0, 0x38, 0xE0, 0x1C, 0x70, 0x1E, 0x78, 0x0E, 0x38, 0xFF, 0xFC, 0xFF, 0xFC, 0x00,
        0x1C, 0x00, 0x1C, 0x00, 0x1C, 0x00, 0x1C, 0x00, 0x1C, 0x00, 0x1C, 0x00, 0x1C, 0x1F, 0x80,
        0x7F, 0xE0, 0xF0, 0xF0, 0xE0, 0x70, 0x00, 0x70, 0x00, 0x70, 0x00, 0xE0, 0x03, 0xE0, 0x07,
        0xC0, 0x0F, 0x00, 0x0E, 0x00, 0x0E, 0x00, 0x00, 0x00, 0x00, 0x00, 0x0C, 0x00, 0x1E, 0x00,
        0x1E, 0x00, 0x0C, 0x00, 0x03, 0xF8, 0x00, 0x0F, 0xFE, 0x00, 0x1E, 0x0F, 0x00, 0x38, 0x03,
        0x80, 0x73, 0xF1, 0xC0, 0x63, 0xF8, 0xC0, 0xE3, 0x18, 0xE0, 0xC3, 0x18, 0x60, 0xC3, 0xF8,
        0x60, 0xC3, 0xE0, 0x60, 0xC3, 0x60, 0x60, 0xC3, 0x30, 0x60, 0xE3, 0x38, 0xE0, 0x63, 0x18,
        0xC0, 0x70, 0x01, 0xC0, 0x38, 0x03, 0x80, 0x1E, 0x0F, 0x00, 0x0F, 0xFE, 0x00, 0x03, 0xF8,
        0x00, 0xFF, 0xFF, 0x3C, 0x7E, 0xE7, 0xC3, 0xC3, 0xE7, 0x7E, 0x3C, 0x07, 0x00, 0x07, 0x00,
        0x07, 0x00, 0x07, 0x00, 0xFF, 0xF8, 0xFF, 0xF8, 0x07, 0x00, 0x07, 0x00, 0x07, 0x00, 0x07,
        0x00, 0x00, 0x00, 0x00, 0x00, 0xFF, 0xF8, 0xFF, 0xF8, 0x7C, 0xE6, 0x06, 0x06, 0x0C, 0x1C,
        0x38, 0x60, 0xFF, 0xFF, 0x7C, 0xC6, 0x06, 0x0E, 0x3C, 0x0E, 0x06, 0x46, 0xCE, 0x7C, 0x30,
        0x70, 0xE0, 0xC0, 0x1F, 0x80, 0x7F, 0xE0, 0xF0, 0xF0, 0xE0, 0x70, 0x00, 0x70, 0x00, 0x70,
        0x00, 0xE0, 0x03, 0xE0, 0x07, 0xC0, 0x0F, 0x00, 0x0E, 0x00, 0x0E, 0x00, 0x00, 0x00, 0x00,
        0x00, 0x0C, 0x00, 0x1E, 0x00, 0x1E, 0x00, 0x0C, 0x00, 0x1F, 0xF8, 0x7F, 0xF8, 0x7E, 0xE0,
        0xFE, 0xE0, 0xFE, 0xE0, 0xFE, 0xE0, 0xFE, 0xE0, 0x7E, 0xE0, 0x7E, 0xE0, 0x1E, 0xE0, 0x0E,
        0xE0, 0x0E, 0xE0, 0x0E, 0xE0, 0x0E, 0xE0, 0x0E, 0xE0, 0x0E, 0xE0, 0x0E, 0xE0, 0x0E, 0xE0,
        0x0E, 0xE0, 0x0E, 0xE0, 0x0E, 0xE0, 0x0E, 0xE0, 0x60, 0xF0, 0xF0, 0x60, 0x40, 0xF0, 0x18,
        0x18, 0xF0, 0x30, 0xF0, 0x30, 0x30, 0x30, 0x30, 0x30, 0x30, 0x30, 0x30, 0x3C, 0x66, 0xC3,
        0xC3, 0xC3, 0xC3, 0x66, 0x3C, 0xE3, 0x80, 0x73, 0xC0, 0x79, 0xE0, 0x38, 0xE0, 0x1C, 0x70,
        0x1E, 0x78, 0x1C, 0x70, 0x38, 0xE0, 0x79, 0xE0, 0x73, 0xC0, 0xE3, 0x80, 0x30, 0x03, 0x80,
        0xF0, 0x07, 0x00, 0xF0, 0x0E, 0x00, 0x30, 0x0E, 0x00, 0x30, 0x1C, 0x00, 0x30, 0x38, 0x00,
        0x30, 0x30, 0x00, 0x30, 0x70, 0x00, 0x30, 0xE1, 0xC0, 0x31, 0xC1, 0xC0, 0x01, 0xC3, 0xC0,
        0x03, 0x86, 0xC0, 0x07, 0x0C, 0xC0, 0x06, 0x18, 0xC0, 0x0E, 0x3F, 0xE0, 0x1C, 0x3F, 0xE0,
        0x18, 0x00, 0xC0, 0x30, 0x00, 0xC0, 0x30, 0x07, 0x00, 0xF0, 0x07, 0x00, 0xF0, 0x0E, 0x00,
        0x30, 0x1C, 0x00, 0x30, 0x18, 0x00, 0x30, 0x38, 0x00, 0x30, 0x70, 0x00, 0x30, 0x67, 0xC0,
        0x30, 0xEF, 0xE0, 0x31, 0xDC, 0x60, 0x03, 0x84, 0x60, 0x03, 0x80, 0x60, 0x07, 0x00, 0xC0,
        0x0E, 0x01, 0x80, 0x0C, 0x07, 0x00, 0x1C, 0x0E, 0x00, 0x38, 0x1F, 0xE0, 0x30, 0x1F, 0xE0,
        0x7C, 0x01, 0xC0, 0xFE, 0x01, 0x80, 0xC6, 0x03, 0x80, 0x06, 0x07, 0x00, 0x3C, 0x06, 0x00,
        0x3C, 0x0E, 0x00, 0x06, 0x1C, 0x00, 0x06, 0x18, 0x00, 0x46, 0x38, 0x00, 0xFC, 0x70, 0x60,
        0x78, 0x60, 0xE0, 0x00, 0xE1, 0xE0, 0x01, 0xC3, 0x60, 0x01, 0x86, 0x60, 0x03, 0x86, 0x60,
        0x07, 0x0F, 0xF8, 0x06, 0x0F, 0xF8, 0x0C, 0x00, 0x60, 0x1C, 0x00, 0x60, 0x03, 0x00, 0x07,
        0x80, 0x07, 0x80, 0x03, 0x00, 0x00, 0x00, 0x00, 0x00, 0x03, 0x80, 0x03, 0x80, 0x07, 0x80,
        0x1F, 0x00, 0x3E, 0x00, 0x7C, 0x00, 0xF0, 0x00, 0xE0, 0x00, 0xE0, 0x00, 0xE0, 0x70, 0xF0,
        0xF0, 0x7F, 0xE0, 0x1F, 0x80, 0x0C, 0x00, 0x0E, 0x00, 0x07, 0x00, 0x01, 0x80, 0x00, 0x00,
        0x00, 0x00, 0x03, 0xC0, 0x03, 0xC0, 0x07, 0xE0, 0x07, 0xE0, 0x0E, 0xE0, 0x0E, 0x70, 0x0E,
        0x70, 0x1C, 0x70, 0x1C, 0x38, 0x1C, 0x38, 0x38, 0x3C, 0x38, 0x1C, 0x7F, 0xFC, 0x7F, 0xFE,
        0x70, 0x0E, 0xF0, 0x0E, 0xE0, 0x07, 0xE0, 0x07, 0x00, 0x30, 0x00, 0x70, 0x00, 0xE0, 0x01,
        0x80, 0x00, 0x00, 0x00, 0x00, 0x03, 0xC0, 0x03, 0xC0, 0x07, 0xE0, 0x07, 0xE0, 0x07, 0xF0,
        0x0E, 0x70, 0x0E, 0x70, 0x0E, 0x38, 0x1C, 0x38, 0x1C, 0x38, 0x3C, 0x1C, 0x38, 0x1C, 0x3F,
        0xFE, 0x7F, 0xFE, 0x70, 0x0E, 0x70, 0x0F, 0xE0, 0x07, 0xE0, 0x07, 0x01, 0xC0, 0x00, 0x03,
        0xE0, 0x00, 0x07, 0x70, 0x00, 0x0E, 0x18, 0x00, 0x00, 0x00, 0x00, 0x00, 0x00, 0x00, 0x01,
        0xE0, 0x00, 0x03, 0xE0, 0x00, 0x03, 0xE0, 0x00, 0x03, 0xF0, 0x00, 0x07, 0x70, 0x00, 0x07,
        0x78, 0x00, 0x07, 0x38, 0x00, 0x0E, 0x38, 0x00, 0x0E, 0x1C, 0x00, 0x1E, 0x1C, 0x00, 0x1C,
        0x1C, 0x00, 0x1C, 0x0E, 0x00, 0x3F, 0xFE, 0x00, 0x3F, 0xFF, 0x00, 0x38, 0x07, 0x00, 0x70,
        0x07, 0x00, 0x70, 0x07, 0x80, 0xF0, 0x03, 0x80, 0x07, 0x98, 0x00, 0x0F, 0xF8, 0x00, 0x0C,
        0xF0, 0x00, 0x00, 0x00, 0x00, 0x00, 0x00, 0x00, 0x00, 0x00, 0x00, 0x03, 0xC0, 0x00, 0x03,
        0xE0, 0x00, 0x03, 0xE0, 0x00, 0x07, 0xE0, 0x00, 0x07, 0x70, 0x00, 0x07, 0x70, 0x00, 0x0E,
        0x78, 0x00, 0x0E, 0x38, 0x00, 0x1E, 0x38, 0x00, 0x1C, 0x1C, 0x00, 0x1C, 0x1C, 0x00, 0x3C,
        0x1C, 0x00, 0x3F, 0xFE, 0x00, 0x3F, 0xFE, 0x00, 0x70, 0x0F, 0x00, 0x70, 0x07, 0x00, 0xF0,
        0x07, 0x00, 0xE0, 0x07, 0x80, 0x0E, 0x70, 0x0E, 0x70, 0x0E, 0x70, 0x00, 0x00, 0x00, 0x00,
        0x03, 0xC0, 0x03, 0xC0, 0x07, 0xE0, 0x07, 0xE0, 0x07, 0xE0, 0x0E, 0x70, 0x0E, 0x70, 0x0E,
        0x78, 0x1C, 0x38, 0x1C, 0x38, 0x3C, 0x3C, 0x38, 0x1C, 0x3F, 0xFC, 0x7F, 0xFE, 0x70, 0x0E,
        0x70, 0x0E, 0xF0, 0x07, 0xE0, 0x07, 0x03, 0xC0, 0x07, 0xE0, 0x06, 0x60, 0x06, 0x60, 0x06,
        0x60, 0x03, 0xC0, 0x03, 0xC0, 0x07, 0xE0, 0x07, 0xE0, 0x07, 0xE0, 0x0E, 0x70, 0x0E, 0x70,
        0x0E, 0x70, 0x1C, 0x38, 0x1C, 0x38, 0x3C, 0x3C, 0x38, 0x1C, 0x3F, 0xFC, 0x7F, 0xFE, 0x70,
        0x0E, 0x70, 0x0E, 0xE0, 0x07, 0xE0, 0x07, 0x00, 0x3F, 0xFF, 0x00, 0x7F, 0xFF, 0x00, 0x7F,
        0xFF, 0x00, 0xFE, 0x00, 0x00, 0xEE, 0x00, 0x01, 0xEE, 0x00, 0x01, 0xCE, 0x00, 0x03, 0x8F,
        0xF8, 0x07, 0x8F, 0xF8, 0x07, 0x0F, 0xF8, 0x0F, 0x0E, 0x00, 0x0E, 0x0E, 0x00, 0x1F, 0xFE,
        0x00, 0x1F, 0xFE, 0x00, 0x38, 0x0E, 0x00, 0x78, 0x0F, 0xFF, 0x70, 0x0F, 0xFF, 0xF0, 0x0F,
        0xFF, 0x07, 0xF0, 0x1F, 0xFC, 0x3C, 0x1E, 0x38, 0x0E, 0x70, 0x00, 0x70, 0x00, 0xE0, 0x00,
        0xE0, 0x00, 0xE0, 0x00, 0xE0, 0x00, 0xE0, 0x00, 0xE0, 0x00, 0xF0, 0x00, 0x70, 0x00, 0x78,
        0x0F, 0x3C, 0x1E, 0x1F, 0xFC, 0x07, 0xF0, 0x01, 0x00, 0x01, 0xC0, 0x00, 0x60, 0x00, 0x60,
        0x03, 0xC0, 0x18, 0x00, 0x3C, 0x00, 0x1E, 0x00, 0x07, 0x00, 0x00, 0x00, 0x00, 0x00, 0xFF,
        0xF8, 0xFF, 0xF8, 0xFF, 0xF8, 0xE0, 0x00, 0xE0, 0x00, 0xE0, 0x00, 0xE0, 0x00, 0xFF, 0xC0,
        0xFF, 0xC0, 0xFF, 0xC0, 0xE0, 0x00, 0xE0, 0x00, 0xE0, 0x00, 0xE0, 0x00, 0xE0, 0x00, 0xFF,
        0xF8, 0xFF, 0xF8, 0xFF, 0xF8, 0x00, 0xC0, 0x01, 0xC0, 0x03, 0x80, 0x07, 0x00, 0x00, 0x00,
        0x00, 0x00, 0xFF, 0xF8, 0xFF, 0xF8, 0xFF, 0xF8, 0xE0, 0x00, 0xE0, 0x00, 0xE0, 0x00, 0xE0,
        0x00, 0xFF, 0xC0, 0xFF, 0xC0, 0xFF, 0xC0, 0xE0, 0x00, 0xE0, 0x00, 0xE0, 0x00, 0xE0, 0x00,
        0xE0, 0x00, 0xFF, 0xF8, 0xFF, 0xF8, 0xFF, 0xF8, 0x07, 0x00, 0x0F, 0x80, 0x1D, 0xC0, 0x38,
        0xE0, 0x00, 0x00, 0x00, 0x00, 0xFF, 0xF8, 0xFF, 0xF8, 0xFF, 0xF8, 0xE0, 0x00, 0xE0, 0x00,
        0xE0, 0x00, 0xE0, 0x00, 0xFF, 0xC0, 0xFF, 0xC0, 0xFF, 0xC0, 0xE0, 0x00, 0xE0, 0x00, 0xE0,
        0x00, 0xE0, 0x00, 0xE0, 0x00, 0xFF, 0xF8, 0xFF, 0xF8, 0xFF, 0xF8, 0x39, 0xC0, 0x39, 0xC0,
        0x39, 0xC0, 0x00, 0x00, 0x00, 0x00, 0xFF, 0xF8, 0xFF, 0xF8, 0xFF, 0xF8, 0xE0, 0x00, 0xE0,
        0x00, 0xE0, 0x00, 0xE0, 0x00, 0xFF, 0x80, 0xFF, 0x80, 0xFF, 0x80, 0xE0, 0x00, 0xE0, 0x00,
        0xE0, 0x00, 0xE0, 0x00, 0xE0, 0x00, 0xFF, 0xF8, 0xFF, 0xF8, 0xFF, 0xF8, 0xC0, 0xF0, 0x78,
        0x1C, 0x00, 0x00, 0xFF, 0xFF, 0x1C, 0x1C, 0x1C, 0x1C, 0x1C, 0x1C, 0x1C, 0x1C, 0x1C, 0x1C,
        0x1C, 0x1C, 0x1C, 0x1C, 0xFF, 0xFF, 0x03, 0x07, 0x0E, 0x1C, 0x00, 0x00, 0xFF, 0xFF, 0x1C,
        0x1C, 0x1C, 0x1C, 0x1C, 0x1C, 0x1C, 0x1C, 0x1C, 0x1C, 0x1C, 0x1C, 0x1C, 0x1C, 0xFF, 0xFF,
        0x0C, 0x00, 0x1E, 0x00, 0x7B, 0x00, 0xF1, 0xC0, 0x00, 0x00, 0x00, 0x00, 0x7F, 0x80, 0x7F,
        0x80, 0x0E, 0x00, 0x0E, 0x00, 0x0E, 0x00, 0x0E, 0x00, 0x0E, 0x00, 0x0E, 0x00, 0x0E, 0x00,
        0x0E, 0x00, 0x0E, 0x00, 0x0E, 0x00, 0x0E, 0x00, 0x0E, 0x00, 0x0E, 0x00, 0x0E, 0x00, 0x7F,
        0x80, 0x7F, 0x80, 0xE7, 0xE7, 0xE7, 0x00, 0x00, 0xFF, 0xFF, 0x1C, 0x1C, 0x1C, 0x1C, 0x1C,
        0x1C, 0x1C, 0x1C, 0x1C, 0x1C, 0x1C, 0x1C, 0x1C, 0x1C, 0xFF, 0xFF, 0x3F, 0xE0, 0x00, 0x3F,
        0xFC, 0x00, 0x38, 0x1E, 0x00, 0x38, 0x0F, 0x00, 0x38, 0x07, 0x00, 0x38, 0x07, 0x80, 0x38,
        0x03, 0x80, 0xFF, 0xC3, 0x80, 0xFF, 0xC3, 0x80, 0x38, 0x03, 0x80, 0x38, 0x03, 0x80, 0x38,
        0x03, 0x80, 0x38, 0x07, 0x80, 0x38, 0x07, 0x00, 0x38, 0x0F, 0x00, 0x38, 0x1E, 0x00, 0x3F,
        0xFC, 0x00, 0x3F, 0xE0, 0x00, 0x0F, 0x30, 0x1F, 0xF0, 0x18, 0xE0, 0x00, 0x00, 0x00, 0x00,
        0x00, 0x00, 0xF8, 0x0E, 0xF8, 0x0E, 0xFC, 0x0E, 0xFC, 0x0E, 0xEE, 0x0E, 0xEE, 0x0E, 0xE7,
        0x0E, 0xE7, 0x0E, 0xE3, 0x8E, 0xE3, 0x8E, 0xE1, 0xCE, 0xE1, 0xCE, 0xE0, 0xEE, 0xE0, 0xEE,
        0xE0, 0x7E, 0xE0, 0x7E, 0xE0, 0x3E, 0xE0, 0x3E, 0x06, 0x00, 0x00, 0x07, 0x00, 0x00, 0x03,
        0x80, 0x00, 0x00, 0x00, 0x00, 0x00, 0x00, 0x00, 0x00, 0x00, 0x00, 0x07, 0xF0, 0x00, 0x0F,
        0xFC, 0x00, 0x3C, 0x1E, 0x00, 0x38, 0x0E, 0x00, 0x70, 0x07, 0x00, 0x70, 0x07, 0x00, 0xE0,
        0x03, 0x80, 0xE0, 0x03, 0x80, 0xE0, 0x03, 0x80, 0xE0, 0x03, 0x80, 0xE0, 0x03, 0x80, 0xE0,
        0x03, 0x80, 0x70, 0x07, 0x00, 0x70, 0x07, 0x00, 0x38, 0x0E, 0x00, 0x3C, 0x1E, 0x00, 0x1F,
        0xF8, 0x00, 0x07, 0xF0, 0x00, 0x00, 0x30, 0x00, 0x00, 0x70, 0x00, 0x00, 0xE0, 0x00, 0x00,
        0x00, 0x00, 0x00, 0x00, 0x00, 0x00, 0x00, 0x00, 0x07, 0xF0, 0x00, 0x0F, 0xFC, 0x00, 0x3C,
        0x1E, 0x00, 0x38, 0x0E, 0x00, 0x70, 0x07, 0x00, 0x70, 0x07, 0x00, 0xE0, 0x03, 0x80, 0xE0,
        0x03, 0x80, 0xE0, 0x03, 0x80, 0xE0, 0x03, 0x80, 0xE0, 0x03, 0x80, 0xE0, 0x03, 0x80, 0x70,
        0x07, 0x00, 0x70, 0x07, 0x00, 0x38, 0x0E, 0x00, 0x3C, 0x1E, 0x00, 0x1F, 0xF8, 0x00, 0x07,
        0xF0, 0x00, 0x00, 0x80, 0x00, 0x01, 0xC0, 0x00, 0x03, 0x70, 0x00, 0x0E, 0x38, 0x00, 0x00,
        0x00, 0x00, 0x00, 0x00, 0x00, 0x00, 0x00, 0x00, 0x07, 0xF0, 0x00, 0x0F, 0xFC, 0x00, 0x3C,
        0x1E, 0x00, 0x38, 0x0E, 0x00, 0x70, 0x07, 0x00, 0x70, 0x07, 0x00, 0xE0, 0x03, 0x80, 0xE0,
        0x03, 0x80, 0xE0, 0x03, 0x80, 0xE0, 0x03, 0x80, 0xE0, 0x03, 0x80, 0xE0, 0x03, 0x80, 0x70,
        0x07, 0x00, 0x70, 0x07, 0x00, 0x38, 0x0E, 0x00, 0x3C, 0x1E, 0x00, 0x1F, 0xF8, 0x00, 0x07,
        0xF0, 0x00, 0x07, 0x98, 0x00, 0x0F, 0xF8, 0x00, 0x0C, 0x70, 0x00, 0x00, 0x00, 0x00, 0x00,
        0x00, 0x00, 0x00, 0x00, 0x00, 0x07, 0xF0, 0x00, 0x0F, 0xFC, 0x00, 0x3C, 0x1E, 0x00, 0x38,
        0x0E, 0x00, 0x70, 0x07, 0x00, 0x70, 0x07, 0x00, 0xE0, 0x03, 0x80, 0xE0, 0x03, 0x80, 0xE0,
        0x03, 0x80, 0xE0, 0x03, 0x80, 0xE0, 0x03, 0x80, 0xE0, 0x03, 0x80, 0x70, 0x07, 0x00, 0x70,
        0x07, 0x00, 0x38, 0x0E, 0x00, 0x3C, 0x1E, 0x00, 0x1F, 0xF8, 0x00, 0x07, 0xF0, 0x00, 0x07,
        0x38, 0x00, 0x07, 0x38, 0x00, 0x07, 0x38, 0x00, 0x00, 0x00, 0x00, 0x00, 0x00, 0x00, 0x00,
        0x00, 0x00, 0x07, 0xF0, 0x00, 0x0F, 0xFC, 0x00, 0x3C, 0x1E, 0x00, 0x38, 0x0E, 0x00, 0x70,
        0x07, 0x00, 0x70, 0x07, 0x00, 0xE0, 0x03, 0x80, 0xE0, 0x03, 0x80, 0xE0, 0x03, 0x80, 0xE0,
        0x03, 0x80, 0xE0, 0x03, 0x80, 0xE0, 0x03, 0x80, 0x70, 0x07, 0x00, 0x70, 0x07, 0x00, 0x38,
        0x0E, 0x00, 0x3C, 0x1E, 0x00, 0x1F, 0xF8, 0x00, 0x07, 0xF0, 0x00, 0x40, 0x40, 0xE0, 0xE0,
        0xF1, 0xE0, 0x7B, 0xC0, 0x3F, 0x80, 0x1F, 0x00, 0x1E, 0x00, 0x3F, 0x00, 0x7B, 0x80, 0xF1,
        0xC0, 0xE0, 0xE0, 0x40, 0x40, 0x07, 0xF1, 0x00, 0x0F, 0xFF, 0x00, 0x3C, 0x1E, 0x00, 0x38,
        0x0F, 0x00, 0x70, 0x1F, 0x00, 0x70, 0x37, 0x80, 0xE0, 0x33, 0x80, 0xE0, 0x63, 0x80, 0xE0,
        0xC3, 0x80, 0xE1, 0x83, 0x80, 0xE3, 0x03, 0x80, 0xE6, 0x03, 0x80, 0xF6, 0x07, 0x00, 0x7C,
        0x07, 0x00, 0x78, 0x0E, 0x00, 0x3C, 0x1E, 0x00, 0x7F, 0xF8, 0x00, 0x47, 0xE0, 0x00, 0x1C,
        0x00, 0x0E, 0x00, 0x07, 0x00, 0x00, 0x00, 0x00, 0x00, 0x00, 0x00, 0xE0, 0x0E, 0xE0, 0x0E,
        0xE0, 0x0E, 0xE0, 0x0E, 0xE0, 0x0E, 0xE0, 0x0E, 0xE0, 0x0E, 0xE0, 0x0E, 0xE0, 0x0E, 0xE0,
        0x0E, 0xE0, 0x0E, 0xE0, 0x0E, 0xE0, 0x0E, 0xE0, 0x0E, 0x70, 0x1C, 0x78, 0x3C, 0x3F, 0xF8,
        0x0F, 0xE0, 0x00, 0x70, 0x00, 0xE0, 0x01, 0xC0, 0x00, 0x00, 0x00, 0x00, 0x00, 0x00, 0xE0,
        0x0E, 0xE0, 0x0E, 0xE0, 0x0E, 0xE0, 0x0E, 0xE0, 0x0E, 0xE0, 0x0E, 0xE0, 0x0E, 0xE0, 0x0E,
        0xE0, 0x0E, 0xE0, 0x0E, 0xE0, 0x0E, 0xE0, 0x0E, 0xE0, 0x0E, 0xE0, 0x0E, 0x70, 0x1C, 0x78,
        0x3C, 0x3F, 0xF8, 0x0F, 0xE0, 0x01, 0x00, 0x03, 0x80, 0x0E, 0xE0, 0x1C, 0x70, 0x00, 0x00,
        0x00, 0x00, 0x00, 0x00, 0xE0, 0x0E, 0xE0, 0x0E, 0xE0, 0x0E, 0xE0, 0x0E, 0xE0, 0x0E, 0xE0,
        0x0E, 0xE0, 0x0E, 0xE0, 0x0E, 0xE0, 0x0E, 0xE0, 0x0E, 0xE0, 0x0E, 0xE0, 0x0E, 0xE0, 0x0E,
        0xE0, 0x0E, 0x70, 0x1C, 0x78, 0x3C, 0x3F, 0xF8, 0x0F, 0xE0, 0x1C, 0xE0, 0x1C, 0xE0, 0x1C,
        0xE0, 0x00, 0x00, 0x00, 0x00, 0x00, 0x00, 0xE0, 0x0E, 0xE0, 0x0E, 0xE0, 0x0E, 0xE0, 0x0E,
        0xE0, 0x0E, 0xE0, 0x0E, 0xE0, 0x0E, 0xE0, 0x0E, 0xE0, 0x0E, 0xE0, 0x0E, 0xE0, 0x0E, 0xE0,
        0x0E, 0xE0, 0x0E, 0xE0, 0x0E, 0x70, 0x1C, 0x78, 0x3C, 0x3F, 0xF8, 0x0F, 0xE0, 0x00, 0x60,
        0x00, 0xE0, 0x01, 0xC0, 0x03, 0x80, 0x00, 0x00, 0x00, 0x00, 0xE0, 0x0E, 0xF0, 0x1E, 0x70,
        0x1C, 0x78, 0x3C, 0x38, 0x38, 0x1C, 0x70, 0x1E, 0xF0, 0x0E, 0xE0, 0x0F, 0xE0, 0x07, 0xC0,
        0x03, 0x80, 0x03, 0x80, 0x03, 0x80, 0x03, 0x80, 0x03, 0x80, 0x03, 0x80, 0x03, 0x80, 0x03,
        0x80, 0xE0, 0x00, 0xE0, 0x00, 0xE0, 0x00, 0xFF, 0xC0, 0xFF, 0xF0, 0xE0, 0x78, 0xE0, 0x1C,
        0xE0, 0x1C, 0xE0, 0x1C, 0xE0, 0x1C, 0xE0, 0x1C, 0xE0, 0x78, 0xFF, 0xF0, 0xFF, 0xC0, 0xE0,
        0x00, 0xE0, 0x00, 0xE0, 0x00, 0xE0, 0x00, 0x1F, 0x80, 0x7F, 0xC0, 0x71, 0xE0, 0xE0, 0xE0,
        0xE0, 0xE0, 0xE1, 0xC0, 0xE7, 0x80, 0xE7, 0xC0, 0xE0, 0xF0, 0xE0, 0x70, 0xE0, 0x38, 0xE0,
        0x38, 0xE0, 0x38, 0xE0, 0x38, 0xE0, 0x78, 0xE0, 0xF0, 0xE7, 0xE0, 0xE7, 0xC0, 0x18, 0x00,
        0x18, 0x00, 0x1C, 0x00, 0x0E, 0x00, 0x00, 0x00, 0x00, 0x00, 0x0F, 0x80, 0x3F, 0xE0, 0x70,
        0xE0, 0x30, 0x70, 0x00, 0x70, 0x01, 0xF0, 0x1F, 0xF0, 0x7F, 0x70, 0xF0, 0x70, 0xE0, 0x70,
        0xE0, 0xF0, 0xF1, 0xF0, 0x7F, 0xF0, 0x3E, 0x70, 0x00, 0xC0, 0x01, 0xC0, 0x03, 0x80, 0x03,
        0x00, 0x00, 0x00, 0x00, 0x00, 0x0F, 0x80, 0x3F, 0xE0, 0x70, 0xE0, 0x30, 0x70, 0x00, 0x70,
        0x01, 0xF0, 0x1F, 0xF0, 0x7F, 0x70, 0xF0, 0x70, 0xE0, 0x70, 0xE0, 0xF0, 0xF1, 0xF0, 0x7F,
        0xF0, 0x3E, 0x70, 0x07, 0x00, 0x0F, 0x80, 0x1D, 0xC0, 0x38, 0xE0, 0x00, 0x00, 0x00, 0x00,
        0x0F, 0x80, 0x3F, 0xE0, 0x70, 0xE0, 0x30, 0x70, 0x00, 0x70, 0x01, 0xF0, 0x1F, 0xF0, 0x7F,
        0x70, 0xF0, 0x70, 0xE0, 0x70, 0xE0, 0xF0, 0xF1, 0xF0, 0x7F, 0xF0, 0x3E, 0x70, 0x1E, 0x60,
        0x3F, 0xE0, 0x33, 0xC0, 0x00, 0x00, 0x00, 0x00, 0x0F, 0x80, 0x3F, 0xE0, 0x70, 0xE0, 0x30,
        0x70, 0x00, 0x70, 0x01, 0xF0, 0x1F, 0xF0, 0x7F, 0x70, 0xF0, 0x70, 0xE0, 0x70, 0xE0, 0xF0,
        0xF1, 0xF0, 0x7F, 0xF0, 0x3E, 0x70, 0x39, 0xC0, 0x39, 0xC0, 0x39, 0xC0, 0x00, 0x00, 0x00,
        0x00, 0x00, 0x00, 0x0F, 0x80, 0x3F, 0xE0, 0x70, 0xE0, 0x30, 0x70, 0x00, 0x70, 0x01, 0xF0,
        0x1F, 0xF0, 0x7F, 0x70, 0xF0, 0x70, 0xE0, 0x70, 0xE0, 0xF0, 0xF1, 0xF0, 0x7F, 0xF0, 0x3E,
        0x70, 0x07, 0x00, 0x0F, 0x80, 0x18, 0xC0, 0x18, 0xC0, 0x18, 0xC0, 0x0F, 0x80, 0x07, 0x00,
        0x00, 0x00, 0x0F, 0x80, 0x3F, 0xE0, 0x70, 0xE0, 0x20, 0x70, 0x00, 0x70, 0x01, 0xF0, 0x1F,
        0xF0, 0x7F, 0x70, 0xF0, 0x70, 0xE0, 0x70, 0xE0, 0xF0, 0xF1, 0xF0, 0x7F, 0xF0, 0x3E, 0x30,
        0x0F, 0x87, 0xC0, 0x3F, 0xDF, 0xF0, 0x78, 0xFC, 0x70, 0x30, 0x78, 0x38, 0x00, 0x70, 0x18,
        0x00, 0x70, 0x1C, 0x0F, 0xFF, 0xFC, 0x7F, 0xFF, 0xFC, 0xF8, 0x70, 0x00, 0xE0, 0x70, 0x00,
        0xE0, 0x78, 0x00, 0xF0, 0xFC, 0x38, 0x7F, 0xDF, 0xF0, 0x3F, 0x07, 0xC0, 0x0F, 0x80, 0x3F,
        0xE0, 0x78, 0xF0, 0x70, 0x40, 0xE0, 0x00, 0xE0, 0x00, 0xE0, 0x00, 0xE0, 0x00, 0xE0, 0x00,
        0xE0, 0x00, 0x70, 0x40, 0x78, 0xF0, 0x3F, 0xE0, 0x1F, 0x80, 0x06, 0x00, 0x07, 0x00, 0x01,
        0x80, 0x01, 0x80, 0x0F, 0x00, 0x18, 0x00, 0x1C, 0x00, 0x0E, 0x00, 0x06, 0x00, 0x00, 0x00,
        0x00, 0x00, 0x0F, 0x80, 0x3F, 0xE0, 0x78, 0xF0, 0x70, 0x70, 0xE0, 0x38, 0xE0, 0x38, 0xFF,
        0xF8, 0xFF, 0xF8, 0xE0, 0x00, 0xE0, 0x00, 0x70, 0x00, 0x78, 0x70, 0x3F, 0xE0, 0x0F, 0xC0,
        0x00, 0xC0, 0x00, 0xC0, 0x01, 0xC0, 0x03, 0x80, 0x00, 0x00, 0x00, 0x00, 0x0F, 0x80, 0x3F,
        0xE0, 0x78, 0xF0, 0x70, 0x70, 0xE0, 0x38, 0xE0, 0x38, 0xFF, 0xF8, 0xFF, 0xF8, 0xE0, 0x00,
        0xE0, 0x00, 0x70, 0x00, 0x78, 0x70, 0x3F, 0xE0, 0x0F, 0xC0, 0x07, 0x00, 0x0F, 0x80, 0x0D,
        0xC0, 0x18, 0xE0, 0x00, 0x00, 0x00, 0x00, 0x0F, 0x80, 0x3F, 0xE0, 0x78, 0xF0, 0x70, 0x70,
        0xE0, 0x38, 0xE0, 0x38, 0xFF, 0xF8, 0xFF, 0xF8, 0xE0, 0x00, 0xE0, 0x00, 0x70, 0x00, 0x78,
        0x70, 0x3F, 0xE0, 0x0F, 0xC0, 0x1C, 0xE0, 0x1C, 0xE0, 0x1C, 0xE0, 0x00, 0x00, 0x00, 0x00,
        0x00, 0x00, 0x0F, 0x80, 0x3F, 0xE0, 0x78, 0x70, 0x70, 0x30, 0xF0, 0x38, 0xE0, 0x38, 0xFF,
        0xF8, 0xFF, 0xF8, 0xE0, 0x00, 0xF0, 0x00, 0x70, 0x00, 0x78, 0x70, 0x3F, 0xE0, 0x0F, 0xC0,
        0xC0, 0xC0, 0xE0, 0x30, 0x00, 0x00, 0xF8, 0xF8, 0x38, 0x38, 0x38, 0x38, 0x38, 0x38, 0x38,
        0x38, 0x38, 0x38, 0x38, 0x38, 0x06, 0x0E, 0x1C, 0x38, 0x00, 0x00, 0xF8, 0xF8, 0x38, 0x38,
        0x38, 0x38, 0x38, 0x38, 0x38, 0x38, 0x38, 0x38, 0x38, 0x38, 0x1C, 0x00, 0x3E, 0x00, 0x77,
        0x00, 0xE3, 0x80, 0x00, 0x00, 0x00, 0x00, 0x7C, 0x00, 0x7C, 0x00, 0x1C, 0x00, 0x1C, 0x00,
        0x1C, 0x00, 0x1C, 0x00, 0x1C, 0x00, 0x1C, 0x00, 0x1C, 0x00, 0x1C, 0x00, 0x1C, 0x00, 0x1C,
        0x00, 0x1C, 0x00, 0x1C, 0x00, 0xE7, 0xE7, 0xE7, 0x00, 0x00, 0x00, 0x7C, 0x7C, 0x1C, 0x1C,
        0x1C, 0x1C, 0x1C, 0x1C, 0x1C, 0x1C, 0x1C, 0x1C, 0x1C, 0x1C, 0x0F, 0x60, 0x0F, 0xC0, 0x01,
        0xE0, 0x03, 0xE0, 0x06, 0x70, 0x02, 0x70, 0x00, 0x38, 0x1F, 0x38, 0x3F, 0xF8, 0x78, 0xF8,
        0x70, 0x78, 0xE0, 0x38, 0xE0, 0x38, 0xE0, 0x38, 0xE0, 0x38, 0xE0, 0x30, 0x70, 0x70, 0x78,
        0xE0, 0x3F, 0xE0, 0x0F, 0x80, 0x3C, 0x60, 0x3F, 0xE0, 0x63, 0xC0, 0x00, 0x00, 0x00, 0x00,
        0xE7, 0xC0, 0xFF, 0xE0, 0xF8, 0xF0, 0xF0, 0x70, 0xE0, 0x70, 0xE0, 0x70, 0xE0, 0x70, 0xE0,
        0x70, 0xE0, 0x70, 0xE0, 0x70, 0xE0, 0x70, 0xE0, 0x70, 0xE0, 0x70, 0xE0, 0x70, 0x18, 0x00,
        0x1C, 0x00, 0x0C, 0x00, 0x06, 0x00, 0x00, 0x00, 0x00, 0x00, 0x0F, 0x80, 0x3F, 0xE0, 0x78,
        0xF0, 0x70, 0x70, 0xE0, 0x38, 0xE0, 0x38, 0xE0, 0x38, 0xE0, 0x38, 0xE0, 0x38, 0xE0, 0x38,
        0x70, 0x70, 0x78, 0xF0, 0x3F, 0xE0, 0x0F, 0x80, 0x00, 0xC0, 0x01, 0xC0, 0x01, 0x80, 0x03,
        0x00, 0x00, 0x00, 0x00, 0x00, 0x0F, 0x80, 0x3F, 0xE0, 0x78, 0xF0, 0x70, 0x70, 0xE0, 0x38,
        0xE0, 0x38, 0xE0, 0x38, 0xE0, 0x38, 0xE0, 0x38, 0xE0, 0x38, 0x70, 0x70, 0x78, 0xF0, 0x3F,
        0xE0, 0x0F, 0x80, 0x07, 0x00, 0x0F, 0x80, 0x1D, 0xC0, 0x38, 0xE0, 0x00, 0x00, 0x00, 0x00,
        0x0F, 0x80, 0x3F, 0xE0, 0x78, 0xF0, 0x70, 0x70, 0xE0, 0x38, 0xE0, 0x38, 0xE0, 0x38, 0xE0,
        0x38, 0xE0, 0x38, 0xE0, 0x38, 0x70, 0x70, 0x78, 0xF0, 0x3F, 0xE0, 0x0F, 0x80, 0x1E, 0x60,
        0x3F, 0xE0, 0x31, 0xC0, 0x00, 0x00, 0x00, 0x00, 0x0F, 0x80, 0x3F, 0xE0, 0x78, 0xF0, 0x70,
        0x70, 0xE0, 0x38, 0xE0, 0x38, 0xE0, 0x38, 0xE0, 0x38, 0xE0, 0x38, 0xE0, 0x38, 0x70, 0x70,
        0x78, 0xF0, 0x3F, 0xE0, 0x0F, 0x80, 0x1C, 0xE0, 0x1C, 0xE0, 0x1C, 0xE0, 0x00, 0x00, 0x00,
        0x00, 0x00, 0x00, 0x0F, 0x80, 0x3F, 0xE0, 0x78, 0xF0, 0x70, 0x70, 0xE0, 0x38, 0xE0, 0x38,
        0xE0, 0x38, 0xE0, 0x38, 0xE0, 0x38, 0xE0, 0x38, 0x70, 0x70, 0x78, 0xF0, 0x3F, 0xE0, 0x0F,
        0x80, 0x03, 0x00, 0x07, 0x80, 0x07, 0x80, 0x03, 0x00, 0x00, 0x00, 0x00, 0x00, 0xFF, 0xFC,
        0xFF, 0xFC, 0x00, 0x00, 0x00, 0x00, 0x03, 0x00, 0x07, 0x80, 0x07, 0x80, 0x03, 0x00, 0x0F,
        0x90, 0x3F, 0xF0, 0x78, 0xF0, 0x70, 0xF0, 0xE1, 0xB8, 0xE1, 0xB8, 0xE3, 0x38, 0xE6, 0x38,
        0xEC, 0x38, 0xEC, 0x38, 0x78, 0x70, 0x78, 0xF0, 0x7F, 0xE0, 0x4F, 0x80, 0x30, 0x00, 0x38,
        0x00, 0x18, 0x00, 0x0C, 0x00, 0x00, 0x00, 0x00, 0x00, 0xE0, 0xE0, 0xE0, 0xE0, 0xE0, 0xE0,
        0xE0, 0xE0, 0xE0, 0xE0, 0xE0, 0xE0, 0xE0, 0xE0, 0xE0, 0xE0, 0xE0, 0xE0, 0xE0, 0xE0, 0xE0,
        0xE0, 0xF1, 0xE0, 0x7F, 0xE0, 0x3E, 0xE0, 0x01, 0x80, 0x03, 0x80, 0x03, 0x00, 0x06, 0x00,
        0x00, 0x00, 0x00, 0x00, 0xE0, 0xE0, 0xE0, 0xE0, 0xE0, 0xE0, 0xE0, 0xE0, 0xE0, 0xE0, 0xE0,
        0xE0, 0xE0, 0xE0, 0xE0, 0xE0, 0xE0, 0xE0, 0xE0, 0xE0, 0xE0, 0xE0, 0xF1, 0xE0, 0x7F, 0xE0,
        0x3E, 0xE0, 0x0E, 0x00, 0x1F, 0x00, 0x3B, 0x80, 0x71, 0xC0, 0x00, 0x00, 0x00, 0x00, 0xE0,
        0xE0, 0xE0, 0xE0, 0xE0, 0xE0, 0xE0, 0xE0, 0xE0, 0xE0, 0xE0, 0xE0, 0xE0, 0xE0, 0xE0, 0xE0,
        0xE0, 0xE0, 0xE0, 0xE0, 0xE0, 0xE0, 0xF1, 0xE0, 0x7F, 0xE0, 0x3E, 0xE0, 0x39, 0xC0, 0x39,
        0xC0, 0x39, 0xC0, 0x00, 0x00, 0x00, 0x00, 0x00, 0x00, 0xE0, 0xE0, 0xE0, 0xE0, 0xE0, 0xE0,
        0xE0, 0xE0, 0xE0, 0xE0, 0xE0, 0xE0, 0xE0, 0xE0, 0xE0, 0xE0, 0xE0, 0xE0, 0xE0, 0xE0, 0xE0,
        0xE0, 0xF1, 0xE0, 0x7F, 0xE0, 0x3E, 0x60, 0x01, 0x80, 0x01, 0x80, 0x03, 0x80, 0x07, 0x00,
        0x00, 0x00, 0x00, 0x00, 0xE0, 0x70, 0xE0, 0xE0, 0x70, 0xE0, 0x70, 0xE0, 0x70, 0xC0, 0x39,
        0xC0, 0x39, 0xC0, 0x39, 0x80, 0x1B, 0x80, 0x1F, 0x80, 0x1F, 0x00, 0x0F, 0x00, 0x0F, 0x00,
        0x0E, 0x00, 0x0E, 0x00, 0x0E, 0x00, 0x7C, 0x00, 0x78, 0x00, 0xE0, 0x00, 0xE0, 0x00, 0xE0,
        0x00, 0xE0, 0x00, 0xE0, 0x00, 0xE0, 0x00, 0xE7, 0xC0, 0xFF, 0xE0, 0xF8, 0xF0, 0xF0, 0x70,
        0xE0, 0x38, 0xE0, 0x38, 0xE0, 0x38, 0xE0, 0x38, 0xE0, 0x38, 0xE0, 0x38, 0xF0, 0x70, 0xF8,
        0xF0, 0xFF, 0xE0, 0xE7, 0x80, 0xE0, 0x00, 0xE0, 0x00, 0xE0, 0x00, 0xE0, 0x00, 0x39, 0xC0,
        0x39, 0xC0, 0x39, 0xC0, 0x00, 0x00, 0x00, 0x00, 0x00, 0x00, 0xE0, 0x70, 0xE0, 0x70, 0x70,
        0xE0, 0x70, 0xE0, 0x70, 0xC0, 0x39, 0xC0, 0x39, 0xC0, 0x39, 0x80, 0x1D, 0x80, 0x1F, 0x80,
        0x0F, 0x00, 0x0F, 0x00, 0x0F, 0x00, 0x06, 0x00, 0x0E, 0x00, 0x0E, 0x00, 0x7C, 0x00, 0x78,
        0x00, 0xFF, 0xE0, 0xFF, 0xE0, 0xFF, 0xFF, 0xF0, 0xFF, 0xFF, 0xF0, 0x30, 0x60, 0x60, 0xE0,
        0xF0, 0xF0, 0x60, 0x60, 0xF0, 0xF0, 0x70, 0x60, 0x60, 0xC0, 0x60, 0xF0, 0xF0, 0x70, 0x60,
        0x60, 0xC0, 0x31, 0x80, 0x63, 0x00, 0x63, 0x00, 0xE7, 0x00, 0xF7, 0x80, 0xF7, 0x80, 0x63,
        0x00, 0x63, 0x00, 0xF7, 0x80, 0xF7, 0x80, 0x73, 0x80, 0x63, 0x00, 0x63, 0x00, 0xC6, 0x00,
        0x63, 0x00, 0xF7, 0x80, 0xF7, 0x80, 0x73, 0x80, 0x63, 0x00, 0x63, 0x00, 0xC6, 0x00, 0x3E,
        0x00, 0x7F, 0x00, 0xFF, 0x80, 0xFF, 0x80, 0xFF, 0x80, 0xFF, 0x80, 0xFF, 0x80, 0x7F, 0x00,
        0x3E, 0x00, 0x60, 0xC1, 0x80, 0xF1, 0xE3, 0xC0, 0xF1, 0xE3, 0xC0, 0x60, 0xC1, 0x80, 0x0E,
        0x1E, 0x3C, 0x38, 0x70, 0xF0, 0x70, 0x38, 0x3C, 0x1E, 0x0E, 0xE0, 0xF0, 0x78, 0x38, 0x1C,
        0x1E, 0x1C, 0x38, 0x78, 0xF0, 0xE0, 0x01, 0xF8, 0x07, 0xFE, 0x0F, 0x0F, 0x1C, 0x07, 0x1C,
        0x00, 0x38, 0x00, 0xFF, 0xE0, 0xFF, 0xE0, 0x38, 0x00, 0xFF, 0x80, 0xFF, 0x80, 0x38, 0x00,
        0x1C, 0x00, 0x1C, 0x02, 0x1E, 0x07, 0x0F, 0x0F, 0x07, 0xFE, 0x01, 0xF8, 0xFF, 0x38, 0x38,
        0xFF, 0x3C, 0x78, 0x18, 0x3C, 0x78, 0x18, 0x3C, 0x78, 0x18, 0x36, 0xD8, 0x18, 0x36, 0xD8,
        0x18, 0x36, 0xD8, 0x18, 0x33, 0x98, 0x18, 0x33, 0x98, 0x18, 0x33, 0x98, 0xFF, 0xFC, 0xFF,
        0xFC,
    ],
    line_height: 33,
};
